cell_id,cell_family,chemistry_type,temperature_deg_c,direction,smoothing_window_segments,capacity_window,window_lower_fraction,window_upper_fraction,window_width_fraction,n_points,ocv_slope_penalty_v,mean_abs_dv_dcapacity_fraction_v,median_abs_dv_dcapacity_fraction_v,max_abs_dv_dcapacity_fraction_v,mean_dv_dcapacity_fraction_v,voltage_span_v,mean_smoothed_ocv_v,ocv_slope_penalty_vs_25c
TC23LFP09,LFP,lithium-ion,5.0,charge,1,central_20_80,0.2,0.8,0.6000000000000001,49,0.07403883204436551,0.1061959831175427,0.09430119974703643,0.5232559559980743,0.1061959831175427,0.06923490111282993,3.263907697798118,1.0591742391080559
TC23LFP09,LFP,lithium-ion,15.0,charge,1,central_20_80,0.2,0.8,0.6000000000000001,54,0.06470510431792158,0.11300249391960114,0.06016422824700385,0.498467989234058,0.11300249391960114,0.06465738698967005,3.3236107965035986,0.925649118712125
TC23LFP09,LFP,lithium-ion,25.0,charge,1,central_20_80,0.2,0.8,0.6000000000000001,60,0.06990241011404748,0.11960074064456118,0.056653634339653536,0.49099724458554306,0.11960074064456118,0.06980709037821997,3.3233674394641803,1.0
TC23LFP09,LFP,lithium-ion,35.0,charge,1,central_20_80,0.2,0.8,0.6000000000000001,60,0.07238189205486595,0.12440592611673792,0.042734542555422195,0.4938268675424524,0.12440592611673698,0.0720958474398099,3.320125033626941,1.0354706216391272
TC23LFP09,LFP,lithium-ion,45.0,charge,1,central_20_80,0.2,0.8,0.6000000000000001,60,0.07357400347290653,0.12643219928190205,0.03797518495778718,0.5411969620618606,0.1264321992819011,0.0732402259706002,3.3189361514866187,1.0525245603530518
TC23LFP09,LFP,lithium-ion,5.0,charge,1,early_0_20,0.0,0.2,0.2,4,0.21957530032154737,1.7805116413412918,1.7945023998460776,2.4980016425685534,1.7805116413412918,0.2248703813003501,3.0810961468373073,0.5982795126091476
TC23LFP09,LFP,lithium-ion,15.0,charge,1,early_0_20,0.0,0.2,0.2,18,0.35580465734286826,2.056705159506,0.5199858571547935,9.417752819562253,2.056705159506,0.3557109933207401,3.1984956091696635,0.9694653117514901
TC23LFP09,LFP,lithium-ion,25.0,charge,1,early_0_20,0.0,0.2,0.2,19,0.367011230860908,2.200919920109035,0.585419217460128,10.458471382631158,2.200919920109035,0.36715477862864976,3.193990594661024,1.0
TC23LFP09,LFP,lithium-ion,35.0,charge,1,early_0_20,0.0,0.2,0.2,19,0.37249505218230367,2.247177037287345,0.6457605494823326,10.617032572922843,2.247177037287345,0.3726859415274699,3.1877165895580064,1.0149418351818067
TC23LFP09,LFP,lithium-ion,45.0,charge,1,early_0_20,0.0,0.2,0.2,19,0.38069900343657653,2.293444475502695,0.6550919659967178,10.747173705184975,2.293444475502695,0.38088732099814004,3.18335992041447,1.037295241738409
TC23LFP09,LFP,lithium-ion,5.0,charge,1,full,0.0,1.0,1.0,105,0.3434084011962032,0.16043543025262855,0.09084176726707938,2.4980016425685534,0.16043543025262855,0.3438857485025699,3.271002585192755,0.6516369464206441
TC23LFP09,LFP,lithium-ion,15.0,charge,1,full,0.0,1.0,1.0,105,0.4361990889383711,0.4298044970605449,0.06876724348146013,9.417752819562253,0.4298044970605449,0.43619894998634035,3.3110522008227083,0.8277125468018683
TC23LFP09,LFP,lithium-ion,25.0,charge,1,full,0.0,1.0,1.0,105,0.526993447935235,0.7768328323710166,0.11330695309283101,10.458471382631158,0.7768328323710166,0.5245068266123498,3.3106053482535414,1.0
TC23LFP09,LFP,lithium-ion,35.0,charge,1,full,0.0,1.0,1.0,105,0.6946914850134424,2.9418565449981986,0.09496576753198838,54.354817615917575,2.941856544998198,0.6564918171635403,3.3125671400206116,1.3182165503864418
TC23LFP09,LFP,lithium-ion,45.0,charge,1,full,0.0,1.0,1.0,105,0.7695073200353346,3.470426404856126,0.0759508060811811,54.00701765251142,3.4704264048561257,0.6915860921077801,3.3130049102204846,1.460183846782671
TC23LFP09,LFP,lithium-ion,5.0,charge,1,late_80_100,0.8,1.0,0.19999999999999996,52,0.01741378413829953,0.08692443150771609,0.08648096648047954,0.14540130030712817,0.08692443150771609,0.01754713747211989,3.29229633972658,0.20549814351208462
TC23LFP09,LFP,lithium-ion,15.0,charge,1,late_80_100,0.8,1.0,0.19999999999999996,33,0.009726857072189628,0.06080741359365922,0.05144161534246905,0.1268335601307058,0.06080741359365922,0.00972721751172001,3.3518962760647306,0.1147855661163346
TC23LFP09,LFP,lithium-ion,25.0,charge,1,late_80_100,0.8,1.0,0.19999999999999996,26,0.08473937448138302,1.2528432491619772,0.1510755627335243,8.920766830557024,1.2528432491619772,0.08220452446178994,3.3663728423158323,1.0
TC23LFP09,LFP,lithium-ion,35.0,charge,1,late_80_100,0.8,1.0,0.19999999999999996,26,0.24423568125258144,9.951316074974887,0.05697865038051475,54.354817615917575,9.951316074974887,0.20598813554231032,3.3863627878056044,2.882198302115615
TC23LFP09,LFP,lithium-ion,45.0,charge,1,late_80_100,0.8,1.0,0.19999999999999996,26,0.30951241026363524,12.047438289170305,0.037975705122946124,54.00701765251142,12.047438289170305,0.2315459227299601,3.394057999849189,3.652521772291748
TC23LFP09,LFP,lithium-ion,5.0,charge,5,central_20_80,0.2,0.8,0.6000000000000001,49,0.08994382478022422,0.11711887059460863,0.0961463931067783,0.6856275155207427,0.11711887059460863,0.08678203858495381,3.263264666052245,1.2825058047039588
TC23LFP09,LFP,lithium-ion,15.0,charge,5,central_20_80,0.2,0.8,0.6000000000000001,54,0.06491492054081693,0.11300256811145723,0.0678981978706048,0.4675287413719502,0.11300256811145723,0.06480997079377149,3.3235154316260327,0.925619547633456
TC23LFP09,LFP,lithium-ion,25.0,charge,5,central_20_80,0.2,0.8,0.6000000000000001,60,0.07013131983522365,0.12019889002309678,0.05854199676437588,0.5136587242116093,0.12019889002309678,0.07003596608438212,3.3232873329670247,1.0
TC23LFP09,LFP,lithium-ion,35.0,charge,5,central_20_80,0.2,0.8,0.6000000000000001,60,0.07294457992292323,0.1256089578343264,0.047482868358912356,0.5337133112440142,0.1256089578343264,0.07285876646033618,3.3200366621737287,1.0401141757250463
TC23LFP09,LFP,lithium-ion,45.0,charge,5,central_20_80,0.2,0.8,0.6000000000000001,60,0.07424160676089184,0.12779272341949385,0.04367381331340425,0.5449565737403645,0.12779272341949385,0.07415572879523147,3.318843965438305,1.058608435365618
TC23LFP09,LFP,lithium-ion,5.0,charge,5,early_0_20,0.0,0.2,0.2,4,0.10853631196592327,0.8977315280043281,0.89431928835329,1.073643330601314,0.8977315280043281,0.11330618986527785,3.0993386532083482,0.3982303320185089
TC23LFP09,LFP,lithium-ion,15.0,charge,5,early_0_20,0.0,0.2,0.2,18,0.2625841351428268,1.4129503598226656,0.529421841980394,4.474144665273059,1.4129503598226656,0.26264758813345246,3.201123264749854,0.9634468449006452
TC23LFP09,LFP,lithium-ion,25.0,charge,5,early_0_20,0.0,0.2,0.2,19,0.27254657227084034,1.522888845617588,0.5910803918291094,5.086219848081356,1.522888845617588,0.2726291119853479,3.196472591079778,1.0
TC23LFP09,LFP,lithium-ion,35.0,charge,5,early_0_20,0.0,0.2,0.2,19,0.27691724583181304,1.5560558601993906,0.6134729499137279,5.219324612362925,1.5560558601993906,0.2770031810363651,3.190239408836631,1.0160364282865733
TC23LFP09,LFP,lithium-ion,45.0,charge,5,early_0_20,0.0,0.2,0.2,19,0.28389004201157075,1.5935613134090223,0.6227636317656788,5.335058805184815,1.5935613134090223,0.2839966053912,3.185921220257726,1.041620298674892
TC23LFP09,LFP,lithium-ion,5.0,charge,5,full,0.0,1.0,1.0,105,0.2522661038719907,0.13147913363974034,0.09156508221849435,1.073643330601314,0.13147913363974034,0.2522718894542795,3.271392551855588,0.6040259683406125
TC23LFP09,LFP,lithium-ion,15.0,charge,5,full,0.0,1.0,1.0,105,0.34268385443169724,0.31833529933581395,0.07399455163397306,4.474144665273059,0.31833529933581395,0.34267779338674087,3.3114477077308098,0.820522233588837
TC23LFP09,LFP,lithium-ion,25.0,charge,5,full,0.0,1.0,1.0,105,0.4176411563314393,0.5478778243263724,0.12841461147399968,5.086219848081356,0.5478778243263724,0.416553785207773,3.3109426674490465,1.0
TC23LFP09,LFP,lithium-ion,35.0,charge,5,full,0.0,1.0,1.0,105,0.5837326196401749,2.6173434038180172,0.10066567687667316,48.691572191723935,2.6173434038180172,0.5500010372149671,3.3129083646349122,1.3976894058231313
TC23LFP09,LFP,lithium-ion,45.0,charge,5,full,0.0,1.0,1.0,105,0.660039155601966,3.5514698075497586,0.09683534231101021,76.80226003776988,3.5514698075497586,0.5878926819011432,3.3133732608444038,1.5803977783218284
TC23LFP09,LFP,lithium-ion,5.0,charge,5,late_80_100,0.8,1.0,0.19999999999999996,52,0.01729536925617282,0.08606842809653079,0.08753791481623807,0.11935825665875655,0.08606842809653079,0.017280115814935382,3.292286436450833,0.24933731617453064
TC23LFP09,LFP,lithium-ion,15.0,charge,5,late_80_100,0.8,1.0,0.19999999999999996,33,0.00943242942533611,0.05727155380102409,0.05373896089798791,0.1196949536433749,0.05727155380102409,0.00942204990351092,3.351877492073695,0.13598186908207144
TC23LFP09,LFP,lithium-ion,25.0,charge,5,late_80_100,0.8,1.0,0.19999999999999996,26,0.06936534619658151,0.8223211571595817,0.14257758042494117,3.7267677219770405,0.8223211571595817,0.0682812523371692,3.366106187446638,1.0
TC23LFP09,LFP,lithium-ion,35.0,charge,5,late_80_100,0.8,1.0,0.19999999999999996,26,0.22821564132473504,9.143056099501685,0.05982755789278826,48.691572191723935,9.143056099501685,0.19449348896636565,3.386101145705616,3.290052653640213
TC23LFP09,LFP,lithium-ion,45.0,charge,5,late_80_100,0.8,1.0,0.19999999999999996,26,0.2961665115682214,12.883042362799369,0.03892512721616015,76.80226003776988,12.883042362799369,0.22401845506075935,3.3938865875948983,4.269660973490783
TC23LFP09,LFP,lithium-ion,5.0,charge,11,central_20_80,0.2,0.8,0.6000000000000001,49,0.11057783643519734,0.12642063690246413,0.09694109207327983,0.534470090727936,0.12642063690246413,0.11098217669744503,3.2608143725653993,1.5448144048850438
TC23LFP09,LFP,lithium-ion,15.0,charge,11,central_20_80,0.2,0.8,0.6000000000000001,54,0.06647367607481709,0.11515848438342699,0.08047639382051841,0.42580735021769556,0.11515848438342699,0.06639129385450104,3.3231493846212348,0.928662520958434
TC23LFP09,LFP,lithium-ion,25.0,charge,11,central_20_80,0.2,0.8,0.6000000000000001,60,0.0715800138097663,0.12244802267657348,0.07425059337690243,0.4927140802929557,0.12244802267657348,0.07150631910576255,3.322948122987368,1.0
TC23LFP09,LFP,lithium-ion,35.0,charge,11,central_20_80,0.2,0.8,0.6000000000000001,60,0.07429356007369604,0.12780184987325593,0.06992953570764371,0.526633982114106,0.12780184987325593,0.07421121381490536,3.3196750847955143,1.0379092727076216
TC23LFP09,LFP,lithium-ion,45.0,charge,11,central_20_80,0.2,0.8,0.6000000000000001,60,0.07562863755327447,0.13004127317894026,0.07163497987750134,0.538569754628611,0.13004127317894026,0.07554632210082746,3.3184703085089335,1.0565608125512234
TC23LFP09,LFP,lithium-ion,5.0,charge,11,early_0_20,0.0,0.2,0.2,4,0.03600280800991332,0.2917983843362755,0.2945277945756537,0.3631704968511995,0.2917983843362755,0.03641878713265978,3.146439725748589,0.19540919901613107
TC23LFP09,LFP,lithium-ion,15.0,charge,11,early_0_20,0.0,0.2,0.2,18,0.1755942366452714,0.9366005737653905,0.7587420604101851,2.223416853289848,0.9366005737653905,0.17566499432113147,3.2066490994018078,0.9530570261423359
TC23LFP09,LFP,lithium-ion,25.0,charge,11,early_0_20,0.0,0.2,0.2,19,0.18424315841416083,1.023710916662088,0.8532422905940962,2.4890941388631234,1.023710916662088,0.184299850508006,3.201889567085725,1.0
TC23LFP09,LFP,lithium-ion,35.0,charge,11,early_0_20,0.0,0.2,0.2,19,0.18769639651649894,1.0507846631824804,0.8779979480362954,2.547596602151401,1.0507846631824804,0.1877185368765022,3.1958034033416074,1.0187428294871907
TC23LFP09,LFP,lithium-ion,45.0,charge,11,early_0_20,0.0,0.2,0.2,19,0.19334850724109248,1.0825091113379457,0.9165773615871444,2.615832703009943,1.0825091113379457,0.1933566240319906,3.1916331338938075,1.049420281899769
TC23LFP09,LFP,lithium-ion,5.0,charge,11,full,0.0,1.0,1.0,105,0.1720835678816906,0.1120632836288862,0.09307520809434777,0.534470090727936,0.1120632836288862,0.17276936985685643,3.272022797381685,0.547977810512699
TC23LFP09,LFP,lithium-ion,15.0,charge,11,full,0.0,1.0,1.0,105,0.2561848879693029,0.23614897237872315,0.07188440135379892,2.223416853289848,0.23614897237872315,0.2561818494344825,3.3121839004708153,0.8157875602182716
TC23LFP09,LFP,lithium-ion,25.0,charge,11,full,0.0,1.0,1.0,105,0.3140338250570507,0.3872723359506154,0.1381998744006978,2.5236379849610198,0.3872723359506154,0.31324183451139964,3.311555666368421,1.0
TC23LFP09,LFP,lithium-ion,35.0,charge,11,full,0.0,1.0,1.0,105,0.44126514769309444,2.7457068284695594,0.15194716579225087,93.10643287032876,2.7457068284695594,0.42497768272609404,3.3131127170920998,1.4051516508227404
TC23LFP09,LFP,lithium-ion,45.0,charge,11,full,0.0,1.0,1.0,105,0.5011548233978218,5.245372496280836,0.16485787633368432,176.65890624849914,5.245372496280836,0.4726601215090347,3.3136083049602743,1.5958625581393238
TC23LFP09,LFP,lithium-ion,5.0,charge,11,late_80_100,0.8,1.0,0.19999999999999996,52,0.016981234356569546,0.08470846222052321,0.08810914201995956,0.10490432368283109,0.08470846222052321,0.016951829448528688,3.2922448185841913,0.32145068605984156
TC23LFP09,LFP,lithium-ion,15.0,charge,11,late_80_100,0.8,1.0,0.19999999999999996,33,0.008909127626932465,0.05206889743284378,0.05049787974667197,0.09769369454761545,0.05206889743284378,0.00890650159569839,3.3518048178986755,0.16864764526167622
TC23LFP09,LFP,lithium-ion,25.0,charge,11,late_80_100,0.8,1.0,0.19999999999999996,26,0.05282687234149596,0.5333156345246362,0.1523631477854508,2.5236379849610198,0.5333156345246362,0.05204321454799654,3.365405992877439,1.0
TC23LFP09,LFP,lithium-ion,35.0,charge,11,late_80_100,0.8,1.0,0.19999999999999996,26,0.17375268266112576,10.025622976786202,0.170502183059412,93.10643287032876,10.025622976786202,0.1574647519299206,3.3836948285941926,3.2890965328765365
TC23LFP09,LFP,lithium-ion,45.0,charge,11,late_80_100,0.8,1.0,0.19999999999999996,26,0.22659880048494227,20.09207548474348,0.16743961564418441,176.65890624849914,20.09207548474348,0.19810463899685837,3.3915239987042516,4.289460845232493
TC23LFP09,LFP,lithium-ion,5.0,discharge,1,central_20_80,0.2,0.8,0.6000000000000001,59,0.10394777694595063,0.1763569060291631,0.16843047198671002,0.31815517835445917,-0.1763569060291631,-0.10394771654681989,3.2531901501742286,1.1054781686876116
TC23LFP09,LFP,lithium-ion,15.0,discharge,1,central_20_80,0.2,0.8,0.6000000000000001,60,0.10571196442363877,0.1792894952107403,0.1614150762770521,0.42727177054288745,-0.1792894952107403,-0.10585501409813025,3.2716892123112284,1.124240193228746
TC23LFP09,LFP,lithium-ion,25.0,discharge,1,central_20_80,0.2,0.8,0.6000000000000001,60,0.09402969673236887,0.15989828476825588,0.13271811758747276,0.45504720332493775,-0.15989828476825588,-0.09383903952482964,3.280758412167744,1.0
TC23LFP09,LFP,lithium-ion,35.0,discharge,1,central_20_80,0.2,0.8,0.6000000000000001,60,0.08897544281414822,0.15219244913004434,0.10927490979538845,0.5131158803230562,-0.15219244913004434,-0.08888006589139996,3.287166931940171,0.9462483226697384
TC23LFP09,LFP,lithium-ion,45.0,discharge,1,central_20_80,0.2,0.8,0.6000000000000001,60,0.0891185945925576,0.15256587013919803,0.09495446065525925,0.5412565814974357,-0.15256587013919803,-0.08888006589139996,3.290126421973965,0.9477707329654647
TC23LFP09,LFP,lithium-ion,5.0,discharge,1,early_0_20,0.0,0.2,0.2,19,0.02312586787058092,0.14429973182676048,0.08421674032896931,0.8421500760636853,-0.14429973182676048,-0.023269030126079837,3.308990598597314,1.5953095738311756
TC23LFP09,LFP,lithium-ion,15.0,discharge,1,early_0_20,0.0,0.2,0.2,19,0.01301613980427995,0.09543909771607473,0.018988191964666612,0.9684007314820526,-0.0914412053262311,-0.012206704328430185,3.3186174320273847,0.897902407827397
TC23LFP09,LFP,lithium-ion,25.0,discharge,1,early_0_20,0.0,0.2,0.2,19,0.014496163158504449,0.1097811112109254,0.009480329884866023,1.2514959945735105,-0.10578931999260205,-0.013732542369490286,3.3220104139870976,1.0
TC23LFP09,LFP,lithium-ion,35.0,discharge,1,early_0_20,0.0,0.2,0.2,19,0.01659345858092437,0.12552739408639416,0.009502748131495764,1.444314930517512,-0.11752547736733386,-0.015067650655410159,3.3252628582325037,1.1446793471822578
TC23LFP09,LFP,lithium-ion,45.0,discharge,1,early_0_20,0.0,0.2,0.2,19,0.015353374567562868,0.11594832136659566,0.009496672961148533,1.3294234146896615,-0.11394912772918704,-0.0148769209002797,3.326658196967414,1.0591336755585232
TC23LFP09,LFP,lithium-ion,5.0,discharge,1,full,0.0,1.0,1.0,105,0.6736286337423186,1.454280474208892,0.1871424525793941,17.25793281241999,-1.454280474208892,-0.6692707107573597,3.1934046384358603,0.8352968577932074
TC23LFP09,LFP,lithium-ion,15.0,discharge,1,full,0.0,1.0,1.0,104,0.7692006745820967,1.6506831143656746,0.1851455309158183,24.135553488151913,-1.6499527301790686,-0.7474699103613802,3.217882392185941,0.9538058127389799
TC23LFP09,LFP,lithium-ion,25.0,discharge,1,full,0.0,1.0,1.0,105,0.8064541695056722,1.6155354948358633,0.18003777716563718,25.045605517731474,-1.6148131707106428,-0.7871416994288003,3.216324905581123,1.0
TC23LFP09,LFP,lithium-ion,35.0,discharge,1,full,0.0,1.0,1.0,105,0.858733209210383,1.659254001930365,0.1330316869058663,28.46726409046653,-1.6578060360478684,-0.8323446513950201,3.21975259175192,1.064825803723919
TC23LFP09,LFP,lithium-ion,45.0,discharge,1,full,0.0,1.0,1.0,104,0.8445246083289348,1.595251030514541,0.1091883663247728,22.267097935580978,-1.5948857932153993,-0.8611448444199197,3.2258471934026454,1.04720719448521
TC23LFP09,LFP,lithium-ion,5.0,discharge,1,late_80_100,0.8,1.0,0.19999999999999996,27,0.542072872128283,5.168618423389058,2.740941049203286,17.25793281241999,-5.168618423389058,-0.5378579094715699,2.9814239556347015,0.7825694290987282
TC23LFP09,LFP,lithium-ion,15.0,discharge,1,late_80_100,0.8,1.0,0.19999999999999996,25,0.6460859559951495,6.364013252991213,1.8707618702185584,24.135553488151913,-6.364013252991213,-0.6250214075667899,3.012187393605753,0.9327290549455439
TC23LFP09,LFP,lithium-ion,25.0,discharge,1,late_80_100,0.8,1.0,0.19999999999999996,26,0.692683424590939,6.075057259948566,2.042180065043894,25.045605517731474,-6.075057259948566,-0.6742296843907902,2.990400480392248,1.0
TC23LFP09,LFP,lithium-ion,35.0,discharge,1,late_80_100,0.8,1.0,0.19999999999999996,26,0.7476808278171563,6.257888567970929,1.9431645380487765,28.46726409046653,-6.257888567970929,-0.7228657719493903,2.9870773811970674,1.0793976025320595
TC23LFP09,LFP,lithium-ion,45.0,discharge,1,late_80_100,0.8,1.0,0.19999999999999996,25,0.7343785296601582,6.181965474367804,1.6428428902316057,22.267097935580978,-6.181965474367804,-0.7512845054640196,2.994960682122252,1.0601935943448366
TC23LFP09,LFP,lithium-ion,5.0,discharge,5,central_20_80,0.2,0.8,0.6000000000000001,59,0.1041670666845312,0.17718154412104045,0.16466907809055442,0.3387416865558919,-0.17718154412104045,-0.10410030035092044,3.253147478432402,1.103556276180959
TC23LFP09,LFP,lithium-ion,15.0,discharge,5,central_20_80,0.2,0.8,0.6000000000000001,60,0.10523509284724253,0.17837151618441188,0.1652056785337095,0.40638297622803066,-0.17837151618441188,-0.10535911673478981,3.2716402583407445,1.1148710516901417
TC23LFP09,LFP,lithium-ion,25.0,discharge,5,central_20_80,0.2,0.8,0.6000000000000001,60,0.09439216552237713,0.16065684177715459,0.1384081823150467,0.47400749566361355,-0.16065684177715459,-0.09433493688817007,3.280683391797392,1.0
TC23LFP09,LFP,lithium-ion,35.0,discharge,5,central_20_80,0.2,0.8,0.6000000000000001,60,0.08937595039271544,0.1526358374215415,0.11117538148150174,0.4846094489237487,-0.1526358374215415,-0.0892996713526899,3.287081739316213,0.9468577174609633
TC23LFP09,LFP,lithium-ion,45.0,discharge,5,central_20_80,0.2,0.8,0.6000000000000001,60,0.08959536179296203,0.15285079518540906,0.10065291107392227,0.48428180810302024,-0.15285079518540906,-0.08949040110782613,3.290038050520755,0.9491821836815689
TC23LFP09,LFP,lithium-ion,5.0,discharge,5,early_0_20,0.0,0.2,0.2,19,0.01672695370875889,0.09251500126557201,0.09357299156104659,0.1586064730915666,-0.09251500126557201,-0.016707926549539565,3.308819443738104,2.9897664789087117
TC23LFP09,LFP,lithium-ion,15.0,discharge,5,early_0_20,0.0,0.2,0.2,19,0.0060175310204642115,0.035656825478113864,0.018987549367210477,0.1239331395562715,-0.03385812554864676,-0.00564560075189835,3.3184613347804217,1.0755701751811766
TC23LFP09,LFP,lithium-ion,25.0,discharge,5,early_0_20,0.0,0.2,0.2,19,0.005594735852033622,0.032856422643603785,0.011376051845815027,0.15499563371716363,-0.031259690153818076,-0.005289571875657817,3.3218426052639427,1.0
TC23LFP09,LFP,lithium-ion,35.0,discharge,5,early_0_20,0.0,0.2,0.2,19,0.005976170563116933,0.03475770412010943,0.01330298181278522,0.16628789487964468,-0.03175694754610774,-0.00540400972873778,3.3250885245440407,1.068177429850359
TC23LFP09,LFP,lithium-ion,45.0,discharge,5,early_0_20,0.0,0.2,0.2,19,0.006100129687119192,0.035109945074158044,0.013295124076364573,0.16285992745957856,-0.035109945074158044,-0.006090636847210895,3.326494403607525,1.0903338152956525
TC23LFP09,LFP,lithium-ion,5.0,discharge,5,full,0.0,1.0,1.0,105,0.6480332258225525,1.26958216268391,0.18340232152743852,12.623625897672014,-1.26958216268391,-0.6440943830799668,3.193475390092645,0.7460964878521169
TC23LFP09,LFP,lithium-ion,15.0,discharge,5,full,0.0,1.0,1.0,104,0.7661998073970002,1.7764873689431833,0.17660313946679196,30.309217235829237,-1.776158760302223,-0.7345002870124251,3.217828199260324,0.8821445606685677
TC23LFP09,LFP,lithium-ion,25.0,discharge,5,full,0.0,1.0,1.0,105,0.868564905979022,2.0162539251548357,0.16495736513786596,45.28704337505155,-2.015964992609065,-0.7713111297528603,3.216333200811744,1.0
TC23LFP09,LFP,lithium-ion,35.0,discharge,5,full,0.0,1.0,1.0,105,0.9353421122123031,2.1089346761806627,0.14633159704598597,50.04060666591977,-2.1083916821339383,-0.8136531353921108,3.2197644291065637,1.0768822292653095
TC23LFP09,LFP,lithium-ion,45.0,discharge,5,full,0.0,1.0,1.0,104,1.0296123441460405,2.3020033727364515,0.13673634588788275,56.70578674027024,-2.3020033727364515,-0.8459023581556404,3.225749138746482,1.1854178508231235
TC23LFP09,LFP,lithium-ion,5.0,discharge,5,late_80_100,0.8,1.0,0.19999999999999996,27,0.5222184104684421,4.484986331652715,2.9037074562912437,12.623625897672014,-4.484986331652715,-0.518403474448133,2.981912788933039,0.684154758911021
TC23LFP09,LFP,lithium-ion,15.0,discharge,5,late_80_100,0.8,1.0,0.19999999999999996,25,0.6506654767610718,6.9349966285976885,1.9562280389606315,30.309217235829237,-6.9349966285976885,-0.619223223010787,3.0121980744720407,0.8524323797506111
TC23LFP09,LFP,lithium-ion,25.0,discharge,5,late_80_100,0.8,1.0,0.19999999999999996,26,0.763304506278177,7.747806907861539,2.242126369054219,45.28704337505155,-7.747806907861539,-0.6664224797473963,2.9907297337451775,1.0
TC23LFP09,LFP,lithium-ion,35.0,discharge,5,late_80_100,0.8,1.0,0.19999999999999996,26,0.8347353873342961,8.139215168284423,2.1835717297286408,50.04060666591977,-8.139215168284423,-0.7137234590200734,2.9874491819569107,1.0935811074985151
TC23LFP09,LFP,lithium-ion,45.0,discharge,5,late_80_100,0.8,1.0,0.19999999999999996,25,0.9287004793649893,9.182808563882297,1.93527398021385,56.70578674027024,-9.182808563882297,-0.745095324909995,2.9948893491938327,1.2166841302867086
TC23LFP09,LFP,lithium-ion,5.0,discharge,11,central_20_80,0.2,0.8,0.6000000000000001,59,0.10562526985711868,0.17983159046455693,0.1641581498367657,0.36068928855436866,-0.17983159046455693,-0.10552557179381328,3.25298119970289,1.1102150416404315
TC23LFP09,LFP,lithium-ion,15.0,discharge,11,central_20_80,0.2,0.8,0.6000000000000001,60,0.10371361410283657,0.17559212516384454,0.16399854461526786,0.35733068716302796,-0.17559212516384454,-0.10377432586033075,3.2714531119931327,1.090121848262432
TC23LFP09,LFP,lithium-ion,25.0,discharge,11,central_20_80,0.2,0.8,0.6000000000000001,60,0.0951394692879038,0.16169393651129457,0.14090930127163404,0.44470520735890773,-0.16169393651129457,-0.09515680874210242,3.280380709455687,1.0
TC23LFP09,LFP,lithium-ion,35.0,discharge,11,central_20_80,0.2,0.8,0.6000000000000001,60,0.09091739976754985,0.15511506720142448,0.12612111542887305,0.471652024588451,-0.15511506720142448,-0.09087405878596089,3.286758596873503,0.9556223137257845
TC23LFP09,LFP,lithium-ion,45.0,discharge,11,central_20_80,0.2,0.8,0.6000000000000001,60,0.09135963062271768,0.1556740358198899,0.13077862474381163,0.47133208802043214,-0.1556740358198899,-0.0913248745708195,3.2897102843264054,0.9602705512919368
TC23LFP09,LFP,lithium-ion,5.0,discharge,11,early_0_20,0.0,0.2,0.2,19,0.014384196087592633,0.07889841537185577,0.08081396035709076,0.12675221515229396,-0.07889841537185577,-0.014371198064700774,3.308463209168646,4.117109506011073
TC23LFP09,LFP,lithium-ion,15.0,discharge,11,early_0_20,0.0,0.2,0.2,19,0.004417172367386043,0.025511151904401327,0.018989965511735818,0.06818652238240475,-0.025511151904401327,-0.004386784368028085,3.318287894119179,1.2643030053755444
TC23LFP09,LFP,lithium-ion,25.0,discharge,11,early_0_20,0.0,0.2,0.2,19,0.0034937608695108503,0.01998068826137079,0.016374353670187247,0.06239248581786683,-0.01988994626188479,-0.0034591441953453206,3.321743709198858,1.0
TC23LFP09,LFP,lithium-ion,35.0,discharge,11,early_0_20,0.0,0.2,0.2,19,0.003449031140482597,0.019394021096374694,0.01468497603951846,0.07005687256918236,-0.01912123554642178,-0.0033926777655266527,3.3250294406174272,0.9871972551359773
TC23LFP09,LFP,lithium-ion,45.0,discharge,11,early_0_20,0.0,0.2,0.2,19,0.00401975293509858,0.02229895927850817,0.013811499158236984,0.07234584402624478,-0.02229895927850817,-0.00401977408164278,3.3264317881312566,1.1505518223006979
TC23LFP09,LFP,lithium-ion,5.0,discharge,11,full,0.0,1.0,1.0,105,0.6123789549287033,1.168792006997693,0.18543325853067927,11.783504224353605,-1.168792006997693,-0.6084279188703299,3.193927173025326,0.7393566354417843
TC23LFP09,LFP,lithium-ion,15.0,discharge,11,full,0.0,1.0,1.0,104,0.7180988775233814,2.140316153790241,0.17651033811074512,42.75719768164663,-2.140316153790241,-0.6926759764228168,3.218237455795811,0.8669977400873015
TC23LFP09,LFP,lithium-ion,25.0,discharge,11,full,0.0,1.0,1.0,105,0.8282592264324393,2.779969920288381,0.15771809797047354,48.21638669502954,-2.7799535003075215,-0.7546540644713504,3.216830952787032,1.0
TC23LFP09,LFP,lithium-ion,35.0,discharge,11,full,0.0,1.0,1.0,105,0.8815945365776223,2.8756094636662484,0.15203349087423135,51.45909489634755,-2.875560102471495,-0.7960742096274651,3.220339923869464,1.0643944654560797
TC23LFP09,LFP,lithium-ion,45.0,discharge,11,full,0.0,1.0,1.0,104,0.9466784461770773,2.864096964879795,0.1592646490989722,51.27114163319061,-2.864096964879795,-0.8216955734001661,3.226130294055594,1.1429736198106781
TC23LFP09,LFP,lithium-ion,5.0,discharge,11,late_80_100,0.8,1.0,0.19999999999999996,27,0.4871157857447671,4.096815815010506,2.6822240963669515,11.783504224353605,-4.096815815010506,-0.4833120893486651,2.9842837559623865,0.6720798655131714
TC23LFP09,LFP,lithium-ion,15.0,discharge,11,late_80_100,0.8,1.0,0.19999999999999996,25,0.6058675946503939,8.462905623926831,2.612329005926455,42.75719768164663,-8.462905623926831,-0.5804228459934486,3.01448154779648,0.8359232516122573
TC23LFP09,LFP,lithium-ion,25.0,discharge,11,late_80_100,0.8,1.0,0.19999999999999996,26,0.7247885418689434,10.83906047548601,3.451139509137235,48.21638669502954,-10.83906047548601,-0.6511658332437191,2.9935106538661076,1.0
TC23LFP09,LFP,lithium-ion,35.0,discharge,11,late_80_100,0.8,1.0,0.19999999999999996,26,0.7822301179315827,11.240907817386132,3.4224695092863584,51.45909489634755,-11.240907817386132,-0.6967444650306609,2.9905621854674016,1.0792528754863042
TC23LFP09,LFP,lithium-ion,45.0,discharge,11,late_80_100,0.8,1.0,0.19999999999999996,25,0.846409534112287,11.524078478880547,2.9005655784769147,51.27114163319061,-11.524078478880547,-0.7213919511142777,2.9973091819081423,1.1678020349628198
TC23LTO09,LTO,lithium-ion,5.0,charge,1,central_20_80,0.2,0.8,0.6000000000000001,57,0.14449159743941214,0.2463023541671865,0.29135056114216695,0.47334779149797157,0.2463023541671865,0.14439583139981016,2.4105259184972847,0.8759780935977513
TC23LTO09,LTO,lithium-ion,15.0,charge,1,central_20_80,0.2,0.8,0.6000000000000001,58,0.1574620838403402,0.26798819119419365,0.32381280340589313,0.5181353326982503,0.26798819119419365,0.1573666590552798,2.409166799532426,0.9546114684919884
TC23LTO09,LTO,lithium-ion,25.0,charge,1,central_20_80,0.2,0.8,0.6000000000000001,58,0.1649488708627029,0.2815663970364818,0.3346063453877903,0.5019451419330494,0.2815663970364818,0.16480581021062024,2.4063614962894966,1.0
TC23LTO09,LTO,lithium-ion,35.0,charge,1,central_20_80,0.2,0.8,0.6000000000000001,59,0.17901618741063752,0.30125784933936617,0.3450454145912687,0.5222051485096131,0.30125784933936617,0.17892112265922,2.406528219161903,1.0852828908398149
TC23LTO09,LTO,lithium-ion,45.0,charge,1,central_20_80,0.2,0.8,0.6000000000000001,58,0.18378514520554992,0.31321382257964325,0.36223376252629436,0.547929124688423,0.31321382257964325,0.18368980929725032,2.4031089231274136,1.1141946243362018
TC23LTO09,LTO,lithium-ion,5.0,charge,1,early_0_20,0.0,0.2,0.2,19,0.03600363446748583,0.21947080451624595,0.0546281404333655,1.438545610905273,0.21947080451624595,0.03605127098356986,2.353181206757334,0.655383709317241
TC23LTO09,LTO,lithium-ion,15.0,charge,1,early_0_20,0.0,0.2,0.2,19,0.044253966966620484,0.2765909757363026,0.0462646375364244,1.9060278331403089,0.2765909757363026,0.0442534120010003,2.3465753208461124,0.8055667004612749
TC23LTO09,LTO,lithium-ion,25.0,charge,1,early_0_20,0.0,0.2,0.2,19,0.05493519896152641,0.34824239240899807,0.05576741778537553,2.509036484248637,0.34824239240899807,0.05493527007021015,2.339828884170825,1.0
TC23LTO09,LTO,lithium-ion,35.0,charge,1,early_0_20,0.0,0.2,0.2,19,0.05798749297560393,0.36959123087867446,0.055953518550850845,2.6858431719824627,0.36959123087867446,0.057987229518550176,2.333895634059075,1.0555617176560184
TC23LTO09,LTO,lithium-ion,45.0,charge,1,early_0_20,0.0,0.2,0.2,19,0.06757224912245345,0.4335830884548222,0.05572572086752814,3.287800287818115,0.4335830884548222,0.06752460279462014,2.3273198661687267,1.2300355764575883
TC23LTO09,LTO,lithium-ion,5.0,charge,1,full,0.0,1.0,1.0,105,0.3077762354621348,0.3353794658354563,0.33336644330273657,1.438545610905273,0.3353794658354563,0.3078664093517802,2.4496316348610847,0.8569740481173211
TC23LTO09,LTO,lithium-ion,15.0,charge,1,full,0.0,1.0,1.0,104,0.3353379492680423,0.39071035855597286,0.3654241775231455,1.9060278331403089,0.39071035855597286,0.3353340443868902,2.4459529162725953,0.9337170540152067
TC23LTO09,LTO,lithium-ion,25.0,charge,1,full,0.0,1.0,1.0,104,0.3591430057167842,0.436572324204966,0.3718482008095094,2.509036484248637,0.436572324204966,0.35917747757707996,2.4434787015515513,1.0
TC23LTO09,LTO,lithium-ion,35.0,charge,1,full,0.0,1.0,1.0,105,0.37203391953824855,0.4500616336305927,0.39165415440871243,2.6858431719824627,0.4447755922151107,0.37176681030150016,2.443814745483941,1.0358935399444476
TC23LTO09,LTO,lithium-ion,45.0,charge,1,full,0.0,1.0,1.0,104,0.3884666396545374,0.4769091803830213,0.39008231029183094,3.287800287818115,0.4769091803830213,0.3895063245950001,2.440507442954004,1.08164890717899
TC23LTO09,LTO,lithium-ion,5.0,charge,1,late_80_100,0.8,1.0,0.19999999999999996,29,0.12194057309889128,0.5864022220477451,0.6015574626109128,0.8154546051838204,0.5864022220477451,0.12207837793379017,2.5896862544027357,0.911859454671326
TC23LTO09,LTO,lithium-ion,15.0,charge,1,late_80_100,0.8,1.0,0.19999999999999996,27,0.12785166633484243,0.7346419874654889,0.6569155259394108,1.20197895512797,0.7346419874654889,0.12799154936495993,2.5949073267923355,0.9560620208694899
TC23LTO09,LTO,lithium-ion,25.0,charge,1,late_80_100,0.8,1.0,0.19999999999999996,27,0.13372737703623855,0.8317061197566502,0.6692434978195934,1.7185588427651055,0.8317061197566502,0.13390472079613014,2.5961507176786998,1.0
TC23LTO09,LTO,lithium-ion,35.0,charge,1,late_80_100,0.8,1.0,0.19999999999999996,27,0.12921206339759866,0.8318527790183265,0.662102936615085,1.8724394886935443,0.811295951291452,0.12913603415809005,2.602643196227376,0.9662349345458537
TC23LTO09,LTO,lithium-ion,45.0,charge,1,late_80_100,0.8,1.0,0.19999999999999996,27,0.13138683337777424,0.8590397914656772,0.6222296957948998,1.7614091056693724,0.8590397914656772,0.13256948853747996,2.6004955210600222,0.9824976477491961
TC23LTO09,LTO,lithium-ion,5.0,charge,5,central_20_80,0.2,0.8,0.6000000000000001,57,0.1449017840796903,0.24700546337604398,0.29499256165411225,0.4660687643043815,0.24700546337604398,0.1447773263308556,2.4106115875344316,0.8756300766781139
TC23LTO09,LTO,lithium-ion,15.0,charge,5,central_20_80,0.2,0.8,0.6000000000000001,58,0.15796745802087808,0.2688494552475157,0.32197634916111895,0.5144341856887849,0.2688494552475157,0.15782445297253211,2.409259542265662,0.9545849159689922
TC23LTO09,LTO,lithium-ion,25.0,charge,5,central_20_80,0.2,0.8,0.6000000000000001,58,0.16548287677532225,0.2825276513314823,0.335533732168777,0.5019442022308596,0.2825276513314823,0.16533990311407987,2.406451608023209,1.0
TC23LTO09,LTO,lithium-ion,35.0,charge,5,central_20_80,0.2,0.8,0.6000000000000001,59,0.17952176343874807,0.3021747862126998,0.35062314068336775,0.5315300403899954,0.3021747862126998,0.1794170660695702,2.406620036585985,1.0848358871745174
TC23LTO09,LTO,lithium-ion,45.0,charge,5,central_20_80,0.2,0.8,0.6000000000000001,58,0.18393775829458853,0.3136621934155062,0.36130701376420404,0.5405069525230459,0.3136621934155062,0.18391870625587803,2.4031983771112446,1.1115213965268602
TC23LTO09,LTO,lithium-ion,5.0,charge,5,early_0_20,0.0,0.2,0.2,19,0.023576313223919457,0.127632667720065,0.04916400719515934,0.4424749577522107,0.127632667720065,0.023576386738459743,2.3534618063184567,0.6925728573560677
TC23LTO09,LTO,lithium-ion,15.0,charge,5,early_0_20,0.0,0.2,0.2,19,0.02813780999396806,0.1553272967904292,0.05551736444222399,0.5605894448919315,0.1553272967904292,0.028128892915579407,2.3469320520711054,0.8265704345789511
TC23LTO09,LTO,lithium-ion,25.0,charge,5,early_0_20,0.0,0.2,0.2,19,0.03404163615929628,0.18896922898307214,0.05948285306175194,0.6969729366131929,0.18896922898307214,0.03404206434674517,2.340281491095593,1.0
TC23LTO09,LTO,lithium-ion,35.0,charge,5,early_0_20,0.0,0.2,0.2,19,0.035860139206869715,0.19963614365573945,0.06714372433181381,0.7366766018975852,0.19963614365573945,0.0358605235180498,2.334375012557952,1.0534199660399353
TC23LTO09,LTO,lithium-ion,45.0,charge,5,early_0_20,0.0,0.2,0.2,19,0.040677157603551284,0.22612991345712952,0.07058275418806659,0.8526311022744011,0.22612991345712952,0.040667359649191326,2.3278981321694663,1.1949236932444842
TC23LTO09,LTO,lithium-ion,5.0,charge,5,full,0.0,1.0,1.0,105,0.29409211117991085,0.31108997232248753,0.33689968996900177,0.7647870908927246,0.31108997232248753,0.2940690093457232,2.4496739020772544,0.8714636440997096
TC23LTO09,LTO,lithium-ion,15.0,charge,5,full,0.0,1.0,1.0,104,0.3183470125663829,0.36113735873932645,0.36484130445192164,1.1708624301273858,0.36113735873932645,0.3181985637342035,2.4460223067768796,0.9433365843997074
TC23LTO09,LTO,lithium-ion,25.0,charge,5,full,0.0,1.0,1.0,104,0.3374691683021741,0.4026494301768272,0.3755074877197089,1.51679682868712,0.4026494301768272,0.3368918153553109,2.4435623064102376,1.0
TC23LTO09,LTO,lithium-ion,35.0,charge,5,full,0.0,1.0,1.0,105,0.34966629346386213,0.4239166397178494,0.39352823013054206,1.6815363892135338,0.4239166397178494,0.34887711443891334,2.4438936786018175,1.0361429318804216
TC23LTO09,LTO,lithium-ion,45.0,charge,5,full,0.0,1.0,1.0,104,0.3626199731435071,0.44560516050167576,0.4002965325579737,1.7421321872066073,0.44560516050167576,0.3617048814952386,2.440614279875798,1.0745277115769363
TC23LTO09,LTO,lithium-ion,5.0,charge,5,late_80_100,0.8,1.0,0.19999999999999996,29,0.12017818824430797,0.5572453446463946,0.5956044454649714,0.7647870908927246,0.5572453446463946,0.12029806825559541,2.5894870658137386,0.9081237696239651
TC23LTO09,LTO,lithium-ion,15.0,charge,5,late_80_100,0.8,1.0,0.19999999999999996,27,0.12639521123183667,0.7042147505746625,0.6661023929630687,1.1708624301273858,0.7042147505746625,0.12640834540113222,2.594724350519854,0.9551025636443585
TC23LTO09,LTO,lithium-ion,25.0,charge,5,late_80_100,0.8,1.0,0.19999999999999996,27,0.13233679401880563,0.8110563559439143,0.6562309849075945,1.51679682868712,0.8110563559439143,0.13190187240815154,2.5959606766852725,1.0
TC23LTO09,LTO,lithium-ion,35.0,charge,5,late_80_100,0.8,1.0,0.19999999999999996,27,0.12843761171557028,0.8477721501616983,0.6453041217362454,1.6815363892135338,0.8477721501616983,0.1277626524063331,2.602412179852467,0.9705359168465176
TC23LTO09,LTO,lithium-ion,45.0,charge,5,late_80_100,0.8,1.0,0.19999999999999996,27,0.13218727475097447,0.8834837451255353,0.6055125745690191,1.7421321872066073,0.8834837451255353,0.13132009263831268,2.6003079527189255,0.9988701610240769
TC23LTO09,LTO,lithium-ion,5.0,charge,11,central_20_80,0.2,0.8,0.6000000000000001,57,0.14686740654982863,0.2505281783541895,0.29135072272991636,0.4907274340375949,0.2505281783541895,0.14675416370080674,2.410955784795183,0.8779908854024556
TC23LTO09,LTO,lithium-ion,15.0,charge,11,central_20_80,0.2,0.8,0.6000000000000001,58,0.16006741520209086,0.272512822812504,0.3204621649690296,0.5332756638049432,0.272512822812504,0.1599677608578456,2.4096296162669515,0.9569021125846947
TC23LTO09,LTO,lithium-ion,25.0,charge,11,central_20_80,0.2,0.8,0.6000000000000001,58,0.16727668702677612,0.285877892190821,0.3341817501230011,0.5382823691896022,0.285877892190821,0.16721616454766464,2.4068153437074615,1.0
TC23LTO09,LTO,lithium-ion,35.0,charge,11,central_20_80,0.2,0.8,0.6000000000000001,59,0.18087175895092522,0.30464921763968883,0.3492667975898627,0.5569641320229266,0.30464921763968883,0.18084593799311266,2.4069914210196255,1.0812729625735171
TC23LTO09,LTO,lithium-ion,45.0,charge,11,central_20_80,0.2,0.8,0.6000000000000001,58,0.18432273666208976,0.3145095195572449,0.358858307875515,0.5606007789917271,0.3145095195572449,0.184296733051184,2.4035726367935952,1.1019033192149787
TC23LTO09,LTO,lithium-ion,5.0,charge,11,early_0_20,0.0,0.2,0.2,19,0.01565427194624216,0.08330957595004299,0.06621482846891524,0.2309359261632551,0.08330957595004299,0.015649962512106708,2.3538491336281444,0.723017088639176
TC23LTO09,LTO,lithium-ion,15.0,charge,11,early_0_20,0.0,0.2,0.2,19,0.018213458443059053,0.09845467971790045,0.07570567933150585,0.28846171056892445,0.09845467971790045,0.0182134928441946,2.3473814429301534,0.841217128638955
TC23LTO09,LTO,lithium-ion,25.0,charge,11,early_0_20,0.0,0.2,0.2,19,0.021651316673172678,0.11754910859112004,0.08702634815848853,0.3556906354622953,0.11754910859112004,0.02165561756292389,2.340800502171935,1.0
TC23LTO09,LTO,lithium-ion,35.0,charge,11,early_0_20,0.0,0.2,0.2,19,0.022878231621428397,0.1245673348065518,0.09410307900684245,0.37641023889307235,0.1245673348065518,0.02288680574947355,2.3349211675187127,1.0566669901316414
TC23LTO09,LTO,lithium-ion,45.0,charge,11,early_0_20,0.0,0.2,0.2,19,0.025609580020171566,0.1390126930688674,0.0996269747520131,0.4322965261752927,0.1390126930688674,0.02560929230282394,2.328513389445046,1.1828185974437029
TC23LTO09,LTO,lithium-ion,5.0,charge,11,full,0.0,1.0,1.0,105,0.2844416324086503,0.30049483829731916,0.3012798522325397,0.6944400707037914,0.30049483829731916,0.28434088860412476,2.449711745716438,0.883501153389043
TC23LTO09,LTO,lithium-ion,15.0,charge,11,full,0.0,1.0,1.0,104,0.30536339022459247,0.34103009937907997,0.34692055565116675,0.9581515441877855,0.34103009937907997,0.30513236234597585,2.446079659046959,0.9484860046036326
TC23LTO09,LTO,lithium-ion,25.0,charge,11,full,0.0,1.0,1.0,104,0.32194822985522303,0.383181878673595,0.3574193505360057,1.4631607338878894,0.383181878673595,0.32135952173427196,2.4436313402158087,1.0
TC23LTO09,LTO,lithium-ion,35.0,charge,11,full,0.0,1.0,1.0,105,0.3340719015829265,0.41668642083830776,0.37641023889307235,1.8633295989716339,0.41668642083830776,0.3332676135104018,2.443939285176574,1.037657208841171
TC23LTO09,LTO,lithium-ion,45.0,charge,11,full,0.0,1.0,1.0,104,0.3450080261956083,0.4332481796862208,0.38416388604986196,1.8664004279551136,0.4332481796862208,0.34367697520029195,2.4407009577954644,1.071625790117731
TC23LTO09,LTO,lithium-ion,5.0,charge,11,late_80_100,0.8,1.0,0.19999999999999996,29,0.1162457289111198,0.5409989624820309,0.5858950559484981,0.6944400707037914,0.5409989624820309,0.11626636046161654,2.5886937940677863,0.9141127348841876
TC23LTO09,LTO,lithium-ion,15.0,charge,11,late_80_100,0.8,1.0,0.19999999999999996,27,0.12115621645337914,0.6589165813947767,0.6518717465767168,0.9581515441877855,0.6589165813947767,0.12102059653408404,2.5938340511750977,0.952726963887831
TC23LTO09,LTO,lithium-ion,25.0,charge,11,late_80_100,0.8,1.0,0.19999999999999996,27,0.12716782566851276,0.7791320211761104,0.6228025026880175,1.4631607338878894,0.7791320211761104,0.12664393090725046,2.5950799965238724,1.0
TC23LTO09,LTO,lithium-ion,35.0,charge,11,late_80_100,0.8,1.0,0.19999999999999996,27,0.1243433340334623,0.8670737402205998,0.5908864364515409,1.8633295989716339,0.8670737402205998,0.12356967630059623,2.6013936637232167,0.9777892590346474
TC23LTO09,LTO,lithium-ion,45.0,charge,11,late_80_100,0.8,1.0,0.19999999999999996,27,0.12904117033828158,0.895371014249566,0.5758081926373251,1.8664004279551136,0.895371014249566,0.12771905298564423,2.599404899157179,1.0147312786069964
TC23LTO09,LTO,lithium-ion,5.0,discharge,1,central_20_80,0.2,0.8,0.6000000000000001,60,0.16590245651612623,0.28136375209360953,0.32850700039325176,0.6188971959131635,-0.28136375209360953,-0.16575954753822986,2.4120144180177068,0.9279814154646857
TC23LTO09,LTO,lithium-ion,15.0,discharge,1,central_20_80,0.2,0.8,0.6000000000000001,60,0.17348488761282824,0.29432998548814904,0.33817322057490173,0.6477364128857772,-0.29432998548814904,-0.1733894461590899,2.4105361251599144,0.9703940191689414
TC23LTO09,LTO,lithium-ion,25.0,discharge,1,central_20_80,0.2,0.8,0.6000000000000001,60,0.1787777791143056,0.30288613041820417,0.3423685952558131,0.6751411623989441,-0.30288613041820417,-0.1785396277281701,2.4079387805043955,1.0
TC23LTO09,LTO,lithium-ion,35.0,discharge,1,central_20_80,0.2,0.8,0.6000000000000001,60,0.18607403049710938,0.31477198598726,0.35679360516956393,0.6374699358946856,-0.31477198598726,-0.1859787788835101,2.4062093368169997,1.040811847081615
TC23LTO09,LTO,lithium-ion,45.0,discharge,1,central_20_80,0.2,0.8,0.6000000000000001,60,0.19193973493937083,0.32199958445535964,0.363896326402525,0.5766262956079657,-0.32199958445535964,-0.1917012028491598,2.4027822406864634,1.0736218778993214
TC23LTO09,LTO,lithium-ion,5.0,discharge,1,early_0_20,0.0,0.2,0.2,19,0.13495385250295483,0.7667307649541205,0.6950686941120239,1.52355436951384,-0.7667307649541205,-0.13504920558926026,2.588282477682789,1.0049783338986922
TC23LTO09,LTO,lithium-ion,15.0,discharge,1,early_0_20,0.0,0.2,0.2,19,0.1341431245758674,0.765503219837877,0.6953165550191898,1.6000519089711425,-0.765503219837877,-0.13428621572717026,2.590250188379748,0.9989409812311082
TC23LTO09,LTO,lithium-ion,25.0,discharge,1,early_0_20,0.0,0.2,0.2,19,0.13428533526630135,0.7682738866162233,0.6465936802179897,1.6924364354068975,-0.7682738866162233,-0.13428621572717026,2.5890655462254557,1.0
TC23LTO09,LTO,lithium-ion,35.0,discharge,1,early_0_20,0.0,0.2,0.2,19,0.13228323511660903,0.7571532366766602,0.6184344224265885,1.6935384027989862,-0.7571532366766602,-0.1323787410719599,2.5894871985176615,0.9850907014848498
TC23LTO09,LTO,lithium-ion,45.0,discharge,1,early_0_20,0.0,0.2,0.2,19,0.13152079583155618,0.7481867800668268,0.6426718035252605,1.7204108300648688,-0.7481867800668268,-0.1316157512098699,2.587499409140121,0.9794129461026939
TC23LTO09,LTO,lithium-ion,5.0,discharge,1,full,0.0,1.0,1.0,105,0.4575467578193486,0.9807254722579007,0.3618177442909456,21.552795365117127,-0.9807254722579007,-0.4528344831481603,2.421708022551259,0.6383289972598337
TC23LTO09,LTO,lithium-ion,15.0,discharge,1,full,0.0,1.0,1.0,104,0.5676612936177055,1.8757019637120147,0.3714650882820649,64.82744088095819,-1.8757019637120147,-0.54401177166746,2.419747149086327,0.7919511135106262
TC23LTO09,LTO,lithium-ion,25.0,discharge,1,full,0.0,1.0,1.0,105,0.716788301617924,2.994306628426367,0.3709410515015321,65.8220097566021,-2.994306628426367,-0.6792517247222403,2.409204072025688,1.0
TC23LTO09,LTO,lithium-ion,35.0,discharge,1,full,0.0,1.0,1.0,104,0.6673355980735162,2.242971127112504,0.3805809830744451,54.07408849431863,-2.242971127112504,-0.6296573836866401,2.4109580927903727,0.9310079371652915
TC23LTO09,LTO,lithium-ion,45.0,discharge,1,full,0.0,1.0,1.0,104,0.6720173827156649,2.038057747347082,0.3875360310142355,38.82282917654152,-2.038057747347082,-0.6386225145661499,2.4047569660506767,0.9375395513553964
TC23LTO09,LTO,lithium-ion,5.0,discharge,1,late_80_100,0.8,1.0,0.19999999999999996,26,0.15001389235825066,2.7510178818205664,0.19518259110908787,21.552795365117127,-2.7510178818205664,-0.14534956872742022,2.3223503927248763,0.37832262480940243
TC23LTO09,LTO,lithium-ion,15.0,discharge,1,late_80_100,0.8,1.0,0.19999999999999996,25,0.2531186998337674,6.514745756793639,0.11430551481419116,64.82744088095819,-6.514745756793639,-0.22946920102242974,2.3122712966467174,0.6383444186673513
TC23LTO09,LTO,lithium-ion,25.0,discharge,1,late_80_100,0.8,1.0,0.19999999999999996,26,0.39652371420775356,10.831993242844923,0.1283883454875152,65.8220097566021,-10.831993242844923,-0.3589867301115599,2.2806867443903807,1.0
TC23LTO09,LTO,lithium-ion,35.0,discharge,1,late_80_100,0.8,1.0,0.19999999999999996,25,0.34220662532539503,7.999870662544331,0.11416726974154301,54.07408849431863,-7.999870662544331,-0.30462370243792014,2.286672986773725,0.8630167958784433
TC23LTO09,LTO,lithium-ion,45.0,discharge,1,late_80_100,0.8,1.0,0.19999999999999996,25,0.3422148120467324,7.136899273420209,0.15122654954028292,38.82282917654152,-7.136899273420209,-0.30882014667938984,2.2706120501768114,0.8630374421123103
TC23LTO09,LTO,lithium-ion,5.0,discharge,5,central_20_80,0.2,0.8,0.6000000000000001,60,0.16640789276934762,0.28222063110090995,0.3304233637716578,0.6150895655906794,-0.28222063110090995,-0.16629364044168726,2.412118057473973,0.9276414046843809
TC23LTO09,LTO,lithium-ion,15.0,discharge,5,central_20_80,0.2,0.8,0.6000000000000001,60,0.17394257154105325,0.2950599902926027,0.33910126472302693,0.642021132957936,-0.2950599902926027,-0.17384724007633956,2.410644851215262,0.9696434989559458
TC23LTO09,LTO,lithium-ion,25.0,discharge,5,central_20_80,0.2,0.8,0.6000000000000001,60,0.17938816867059307,0.3036786109394285,0.3423683587585984,0.6466176684525919,-0.3036786109394285,-0.17926446809715202,2.408053228983709,1.0
TC23LTO09,LTO,lithium-ion,35.0,discharge,5,central_20_80,0.2,0.8,0.6000000000000001,60,0.18663676308591312,0.3156283495390667,0.35489314966486774,0.6184411576372781,-0.3156283495390667,-0.18651287178697018,2.4063180628723484,1.040407315984314
TC23LTO09,LTO,lithium-ion,45.0,discharge,5,central_20_80,0.2,0.8,0.6000000000000001,60,0.19245472179086348,0.32291334053010345,0.3629758414511315,0.5841866063086343,-0.32291334053010345,-0.1923878937250354,2.40288206519342,1.0728395479874944
TC23LTO09,LTO,lithium-ion,5.0,discharge,5,early_0_20,0.0,0.2,0.2,19,0.1205400816931317,0.664697644018602,0.6665345794794462,0.8245915622384246,-0.664697644018602,-0.12061598069812751,2.5876031489897913,1.019828436221756
TC23LTO09,LTO,lithium-ion,15.0,discharge,5,early_0_20,0.0,0.2,0.2,19,0.11908687476384378,0.6587841632577447,0.6534372977632756,0.8915101496229738,-0.6587841632577447,-0.11915358346245908,2.589539068442497,1.0075335901474418
TC23LTO09,LTO,lithium-ion,25.0,discharge,5,early_0_20,0.0,0.2,0.2,19,0.11819643129358763,0.6550195942916853,0.6066574127634965,0.9796213207597475,-0.6550195942916853,-0.11826342862335792,2.5883055681654565,1.0
TC23LTO09,LTO,lithium-ion,35.0,discharge,5,early_0_20,0.0,0.2,0.2,19,0.11625412935629145,0.644081234346804,0.603219076648756,1.0009502374088015,-0.644081234346804,-0.11633052097274099,2.5887549959658003,0.9835671693634158
TC23LTO09,LTO,lithium-ion,45.0,discharge,5,early_0_20,0.0,0.2,0.2,19,0.1150240773734823,0.6327415966797219,0.6105378992634058,1.0358126668188277,-0.6327415966797219,-0.11510973719340534,2.5867817636316808,0.9731603240014453
TC23LTO09,LTO,lithium-ion,5.0,discharge,5,full,0.0,1.0,1.0,105,0.41866456686043957,0.7045849939127358,0.36562683647538563,7.7507113071357026,-0.7045849939127358,-0.41417633013579724,2.421751228366068,0.6385838683112841
TC23LTO09,LTO,lithium-ion,15.0,discharge,5,full,0.0,1.0,1.0,104,0.5281732311126204,1.377796803094282,0.38193530950611887,26.937296230256493,-1.377796803094282,-0.5082784131264231,2.4193377145425456,0.8056160749204246
TC23LTO09,LTO,lithium-ion,25.0,discharge,5,full,0.0,1.0,1.0,105,0.6556140667436299,2.2096362385773696,0.38041371608879615,38.12850588893184,-2.2096362385773696,-0.6124901117896968,2.4093722022917268,1.0
TC23LTO09,LTO,lithium-ion,35.0,discharge,5,full,0.0,1.0,1.0,104,0.6362723365004013,1.8463567787261614,0.38438411088561963,35.126065428145466,-1.8463567787261614,-0.591062813162778,2.4106577878061923,0.9704982988859634
TC23LTO09,LTO,lithium-ion,45.0,discharge,5,full,0.0,1.0,1.0,104,0.6391853387422659,1.7708449017206254,0.39131179088057166,28.6708502722571,-1.7708449017206254,-0.6060364892062182,2.404518562287279,0.9749414650558615
TC23LTO09,LTO,lithium-ion,5.0,discharge,5,late_80_100,0.8,1.0,0.19999999999999996,26,0.1251067949863072,1.7084204330165087,0.22469832734311268,7.7507113071357026,-1.7084204330165087,-0.12062869719583036,2.3227821422766435,0.3562847395584948
TC23LTO09,LTO,lithium-ion,15.0,discharge,5,late_80_100,0.8,1.0,0.19999999999999996,25,0.22834364968164106,4.5228147600940805,0.14097681734554612,26.937296230256493,-4.5228147600940805,-0.20844883032195138,2.310847557564065,0.6502872826816793
TC23LTO09,LTO,lithium-ion,25.0,discharge,5,late_80_100,0.8,1.0,0.19999999999999996,26,0.3511427268575649,7.744066003950617,0.1578693175963295,38.12850588893184,-7.744066003950617,-0.30801900732420107,2.2816569887101967,1.0
TC23LTO09,LTO,lithium-ion,35.0,discharge,5,late_80_100,0.8,1.0,0.19999999999999996,25,0.32679095284029147,6.433834422503501,0.1370007236898374,35.126065428145466,-6.433834422503501,-0.2815814086029156,2.2857192494461174,0.930649926213191
TC23LTO09,LTO,lithium-ion,45.0,discharge,5,late_80_100,0.8,1.0,0.19999999999999996,25,0.3254598729492517,6.110839160408965,0.18713989726082048,28.6708502722571,-6.110839160408965,-0.2923204909117749,2.269926122290796,0.9268592172244222
TC23LTO09,LTO,lithium-ion,5.0,discharge,11,central_20_80,0.2,0.8,0.6000000000000001,60,0.1679356068578861,0.28458081083289033,0.33025021570527,0.5912003856834502,-0.28458081083289033,-0.16787511033764924,2.412520765835273,0.9280563529607438
TC23LTO09,LTO,lithium-ion,15.0,discharge,11,central_20_80,0.2,0.8,0.6000000000000001,60,0.1753272520904563,0.29702857665077054,0.3398803403570838,0.6001088876958249,-0.29702857665077054,-0.17526223945693653,2.411064726848459,0.9689045295045298
TC23LTO09,LTO,lithium-ion,25.0,discharge,11,central_20_80,0.2,0.8,0.6000000000000001,60,0.18095410512748214,0.3058111756931697,0.34323307960285376,0.591294302410688,-0.3058111756931697,-0.18091530070784723,2.4084774975888377,1.0
TC23LTO09,LTO,lithium-ion,35.0,discharge,11,central_20_80,0.2,0.8,0.6000000000000001,60,0.1881289366813189,0.317842667453935,0.3546336056799504,0.5847091846385553,-0.317842667453935,-0.18811168236161535,2.406726956075711,1.0396500071041885
TC23LTO09,LTO,lithium-ion,45.0,discharge,11,central_20_80,0.2,0.8,0.6000000000000001,60,0.19334431771203484,0.3244487571743714,0.36134314949683244,0.5877950108690726,-0.3244487571743714,-0.19334856732411643,2.4032712478253457,1.06847157502077
TC23LTO09,LTO,lithium-ion,5.0,discharge,11,early_0_20,0.0,0.2,0.2,19,0.10578793626634692,0.5808030802826933,0.6517536147192402,0.7590663279669627,-0.5808030802826933,-0.10583594223332016,2.585523066131625,1.0484149252346362
TC23LTO09,LTO,lithium-ion,15.0,discharge,11,early_0_20,0.0,0.2,0.2,19,0.10332182031592556,0.5688748763457189,0.632068161189693,0.7533493362504373,-0.5688748763457189,-0.10335622518153809,2.5873546387384723,1.0239743995846102
TC23LTO09,LTO,lithium-ion,25.0,discharge,11,early_0_20,0.0,0.2,0.2,19,0.1009027377616467,0.5557475759972469,0.6034387426114165,0.7668506683615988,-0.5557475759972469,-0.10092853016581049,2.586026113135792,1.0
TC23LTO09,LTO,lithium-ion,35.0,discharge,11,early_0_20,0.0,0.2,0.2,19,0.09890416404902401,0.5458378124997418,0.5907608379417013,0.7533764105531304,-0.5458378124997418,-0.09891701143849385,2.586510406275641,0.9801930675325804
TC23LTO09,LTO,lithium-ion,45.0,discharge,11,early_0_20,0.0,0.2,0.2,19,0.09741714940726155,0.5350487386000635,0.5696565109302867,0.7553029526162902,-0.5350487386000635,-0.09739970205366344,2.584555015862881,0.9654559585626028
TC23LTO09,LTO,lithium-ion,5.0,discharge,11,full,0.0,1.0,1.0,105,0.38101463079458825,0.548098522962037,0.3592281705735161,4.7635570708454615,-0.548098522962037,-0.3774892342671481,2.4218524729605773,0.6826626954909748
TC23LTO09,LTO,lithium-ion,15.0,discharge,11,full,0.0,1.0,1.0,104,0.45536424870324854,0.8523235301613818,0.3636550521164954,14.632893215041577,-0.8523235301613818,-0.44045406431454603,2.419185756391415,0.8158746681241553
TC23LTO09,LTO,lithium-ion,25.0,discharge,11,full,0.0,1.0,1.0,105,0.5581301473058528,1.5093483062179154,0.37609782359058386,26.502936203583207,-1.5093483062179154,-0.527162412213058,2.410024838263553,1.0
TC23LTO09,LTO,lithium-ion,35.0,discharge,11,full,0.0,1.0,1.0,104,0.5441639948723767,1.2390421881459839,0.3818773668574025,23.57720364958709,-1.2390421881459839,-0.5118208660575401,2.4106545779809316,0.9749768893493891
TC23LTO09,LTO,lithium-ion,45.0,discharge,11,full,0.0,1.0,1.0,104,0.5633977459860218,1.3483894376310361,0.3883840197606503,19.84468998886655,-1.3483894376310361,-0.5401196150495564,2.404523202281838,1.009437939709217
TC23LTO09,LTO,lithium-ion,5.0,discharge,11,late_80_100,0.8,1.0,0.19999999999999996,26,0.1009873702045533,1.1323168359872802,0.3704575488226922,4.7635570708454615,-1.1323168359872802,-0.09746617465528384,2.323781748240129,0.37392573613528635
TC23LTO09,LTO,lithium-ion,15.0,discharge,11,late_80_100,0.8,1.0,0.19999999999999996,25,0.17037717162924054,2.4004523954867527,0.271042089184661,14.632893215041577,-2.4004523954867527,-0.15547157059912475,2.3108678767107493,0.6308552167767938
TC23LTO09,LTO,lithium-ion,25.0,discharge,11,late_80_100,0.8,1.0,0.19999999999999996,26,0.2700733339414115,4.983603756436279,0.449162977877684,26.502936203583207,-4.983603756436279,-0.23911061837060732,2.2849793081831824,1.0
TC23LTO09,LTO,lithium-ion,35.0,discharge,11,late_80_100,0.8,1.0,0.19999999999999996,25,0.25102248362819246,3.976756363298045,0.2983937404516155,23.57720364958709,-3.976756363298045,-0.21868825336074194,2.286430441049482,0.929460454184078
TC23LTO09,LTO,lithium-ion,45.0,discharge,11,late_80_100,0.8,1.0,0.19999999999999996,25,0.2664979704782007,4.423986001990571,0.5919871949478619,19.84468998886655,-4.423986001990571,-0.2432154047390358,2.270703714655827,0.9867615087686279
TC23NMC09,NMC,lithium-ion,5.0,charge,1,central_20_80,0.2,0.8,0.6000000000000001,54,0.4155511823983525,0.7044797392766244,0.6331871529115887,1.0181930637639027,0.7044797392766244,0.41574196777420047,3.83645218709301,0.9547593532085423
TC23NMC09,NMC,lithium-ion,15.0,charge,1,central_20_80,0.2,0.8,0.6000000000000001,57,0.4357179407355001,0.7326444845199406,0.7014952231608618,1.1153142492876782,0.7326444845199406,0.4357662368642403,3.850367502057801,1.0010939612227978
TC23NMC09,NMC,lithium-ion,25.0,charge,1,central_20_80,0.2,0.8,0.6000000000000001,58,0.43524180308038957,0.739887443353237,0.684916991020188,1.2032713112444071,0.739887443353237,0.43519411489022986,3.8577165409129917,1.0
TC23NMC09,NMC,lithium-ion,35.0,charge,1,central_20_80,0.2,0.8,0.6000000000000001,58,0.43710120462425406,0.743052322979433,0.6895860601405985,1.231065941018585,0.743052322979433,0.4371011881369,3.8573153979197263,1.0042721115727045
TC23NMC09,NMC,lithium-ion,45.0,charge,1,central_20_80,0.2,0.8,0.6000000000000001,59,0.44039088405132526,0.7468808778536308,0.6763981247803486,1.3150244819031514,0.7468808778536308,0.4403432126562401,3.857579278452249,1.011830391599551
TC23NMC09,NMC,lithium-ion,5.0,charge,1,early_0_20,0.0,0.2,0.2,17,0.3878994245355938,2.3138508239612325,0.9412046860093142,8.095256837076667,2.3138508239612325,0.3878986983727999,3.4873526654073213,0.8111614779844204
TC23NMC09,NMC,lithium-ion,15.0,charge,1,early_0_20,0.0,0.2,0.2,18,0.4543116328660884,2.69505805505575,1.0162094881463588,10.289076742448518,2.69505805505575,0.45426484735693995,3.4750794649345473,0.950040325587944
TC23NMC09,NMC,lithium-ion,25.0,charge,1,early_0_20,0.0,0.2,0.2,19,0.478202472705495,2.7629860601453773,1.0459845566089143,11.09089841845759,2.7629860601453773,0.47810326294033034,3.475721289878092,1.0
TC23NMC09,NMC,lithium-ion,35.0,charge,1,early_0_20,0.0,0.2,0.2,19,0.5004156093727121,2.893768541497909,1.073717792730264,11.736695210942514,2.893768541497909,0.5004160199263699,3.4681632574847074,1.046451321218695
TC23NMC09,NMC,lithium-ion,45.0,charge,1,early_0_20,0.0,0.2,0.2,19,0.49917669051213986,2.9274505220241656,1.070925296994801,11.798939640518732,2.9274505220241656,0.4990810686536902,3.4652524614766325,1.043860538169074
TC23NMC09,NMC,lithium-ion,5.0,charge,1,full,0.0,1.0,1.0,105,0.8830035933551269,0.8517358641159862,0.5904360504172246,8.095256837076667,0.8517358641159862,0.8829749132084896,3.8547834998374095,0.8347367772965345
TC23NMC09,NMC,lithium-ion,15.0,charge,1,full,0.0,1.0,1.0,104,1.005155874672208,1.056506306346932,0.7753915781908063,10.289076742448518,1.056506306346932,1.0050276009954104,3.85529159863813,0.9502119604252985
TC23NMC09,NMC,lithium-ion,25.0,charge,1,full,0.0,1.0,1.0,105,1.057822798002161,1.1302766616186897,0.8146007507491788,11.09089841845759,1.1302766616186897,1.05785352992819,3.857698597514464,1.0
TC23NMC09,NMC,lithium-ion,35.0,charge,1,full,0.0,1.0,1.0,105,1.0948026350927396,1.1761395629227378,0.8145626290648522,11.736695210942514,1.1761395629227378,1.0948507509136003,3.857791226786444,1.0349584421515776
TC23NMC09,NMC,lithium-ion,45.0,charge,1,full,0.0,1.0,1.0,104,1.1069951179172994,1.1824045610992067,0.7984984141065326,11.798939640518732,1.1824045610992067,1.1072467270169501,3.8518625342426747,1.046484458463182
TC23NMC09,NMC,lithium-ion,5.0,charge,1,late_80_100,0.8,1.0,0.19999999999999996,34,0.06310429897481808,0.3545557589382314,0.35062209932311816,0.5686867974742285,0.3545557589382314,0.06293341714012968,4.067613354940618,0.48247912574945934
TC23NMC09,NMC,lithium-ion,15.0,charge,1,late_80_100,0.8,1.0,0.19999999999999996,29,0.10106125283204985,0.6760301810841656,0.7740639174605803,1.0960476626814852,0.6760301810841656,0.10088417474887024,4.100963733525825,0.7726881639713684
TC23NMC09,NMC,lithium-ion,25.0,charge,1,late_80_100,0.8,1.0,0.19999999999999996,28,0.13079177026942868,0.8310300933111607,0.8980113579352604,1.318376805384105,0.8310300933111607,0.1308252247216002,4.116860316370767,1.0
TC23NMC09,NMC,lithium-ion,35.0,charge,1,late_80_100,0.8,1.0,0.19999999999999996,28,0.1435549232960668,0.9077148959150029,0.9996861602831757,1.469485659532893,0.9077148959150029,0.14360261547430042,4.12316728003654,1.0975837623448805
TC23NMC09,NMC,lithium-ion,45.0,charge,1,late_80_100,0.8,1.0,0.19999999999999996,26,0.15364896520236238,0.895482409326697,0.9204504049143907,1.6187499094994564,0.895482409326697,0.15390081100632003,4.12141266786536,1.1747601923718005
TC23NMC09,NMC,lithium-ion,5.0,charge,5,central_20_80,0.2,0.8,0.6000000000000001,54,0.4150362544430414,0.7034339369689585,0.6348883314232694,0.9942368945369253,0.7034339369689585,0.41516984580019267,3.8363596587243753,0.9537009814932025
TC23NMC09,NMC,lithium-ion,15.0,charge,5,central_20_80,0.2,0.8,0.6000000000000001,57,0.4354224692592162,0.7321711575449299,0.7049847709592427,1.0916930521760548,0.7321711575449299,0.4354992466097025,3.8502289883167267,1.0005459326775463
TC23NMC09,NMC,lithium-ion,25.0,charge,5,central_20_80,0.2,0.8,0.6000000000000001,58,0.4351848876082965,0.7397289429549957,0.6859990259624311,1.1718013882205014,0.7397289429549957,0.43519411489022986,3.8575738392252235,1.0
TC23NMC09,NMC,lithium-ion,35.0,charge,5,central_20_80,0.2,0.8,0.6000000000000001,58,0.4371298088386277,0.7430842450321521,0.6932852089663584,1.1903389084170328,0.7430842450321521,0.43713932960183355,3.857170723397565,1.0044691837554842
TC23NMC09,NMC,lithium-ion,45.0,charge,5,central_20_80,0.2,0.8,0.6000000000000001,59,0.44047669351082713,0.7468172496015474,0.6857624996020775,1.2511613733829563,0.7468172496015474,0.440457637051042,3.8574357631096188,1.0121599027291905
TC23NMC09,NMC,lithium-ion,5.0,charge,5,early_0_20,0.0,0.2,0.2,17,0.30572153307144323,1.7257313485474508,0.9428963798627308,4.500840498005147,1.7257313485474508,0.30569112761965167,3.4902028050712666,0.8135530096921225
TC23NMC09,NMC,lithium-ion,15.0,charge,5,early_0_20,0.0,0.2,0.2,18,0.3561456542732217,1.990640654513725,1.0170674769706238,5.509139764282281,1.990640654513725,0.3561268580832717,3.4781588584853527,0.9477362160650957
TC23NMC09,NMC,lithium-ion,25.0,charge,5,early_0_20,0.0,0.2,0.2,19,0.3757856334243532,2.044278392014243,1.0348740910675076,5.86860589329973,2.044278392014243,0.37578242634562553,3.478729279706898,1.0
TC23NMC09,NMC,lithium-ion,35.0,charge,5,early_0_20,0.0,0.2,0.2,19,0.3923931106572438,2.1336281971252062,1.0663262987062865,6.109105297522007,2.1336281971252062,0.39241210505658985,3.471298720104212,1.0441940184928165
TC23NMC09,NMC,lithium-ion,45.0,charge,5,early_0_20,0.0,0.2,0.2,19,0.3922269800758285,2.163634601203067,1.0728086836794546,6.1638941747058595,2.163634601203067,0.39222139773191955,3.4683713626705726,1.0437519297947961
TC23NMC09,NMC,lithium-ion,5.0,charge,5,full,0.0,1.0,1.0,105,0.7996089562903688,0.7496766752483269,0.5972614986895621,4.500840498005147,0.7496766752483269,0.7995722432207626,3.855138033835267,0.8367139129738498
TC23NMC09,NMC,lithium-ion,15.0,charge,5,full,0.0,1.0,1.0,104,0.9064954860187902,0.9296077506565079,0.7769477227031842,5.509139764282281,0.9296077506565079,0.9062412068178767,3.8557244492533957,0.9485603922181198
TC23NMC09,NMC,lithium-ion,25.0,charge,5,full,0.0,1.0,1.0,105,0.95565395040271,0.9991626552426875,0.7958188326382323,5.86860589329973,0.9991626552426875,0.9545537290668635,3.8581343183448222,1.0
TC23NMC09,NMC,lithium-ion,35.0,charge,5,full,0.0,1.0,1.0,105,0.9873068224132617,1.03844601401076,0.8164139244804005,6.109105297522007,1.03844601401076,0.9860204376369262,3.85824919680468,1.0331216880307075
TC23NMC09,NMC,lithium-ion,45.0,charge,5,full,0.0,1.0,1.0,104,1.00145143831005,1.0559834308079272,0.8039651335389095,6.1638941747058595,1.0559834308079272,0.9997195804588412,3.8523279945879754,1.0479226689619616
TC23NMC09,NMC,lithium-ion,5.0,charge,5,late_80_100,0.8,1.0,0.19999999999999996,34,0.0626122637185244,0.3350936876307027,0.33224244993587604,0.4912217505400349,0.3350936876307027,0.06242486427435079,4.067430126334564,0.47739531790552536
TC23NMC09,NMC,lithium-ion,15.0,charge,5,late_80_100,0.8,1.0,0.19999999999999996,29,0.10084325390772167,0.6591006312747851,0.6330088990992238,1.0420679863364057,0.6591006312747851,0.10054090156447515,4.1008769288125295,0.7688924565054678
TC23NMC09,NMC,lithium-ion,25.0,charge,5,late_80_100,0.8,1.0,0.19999999999999996,28,0.13115391242885024,0.8273753807436367,0.7829569402032843,1.5641087266826617,0.8273753807436367,0.13003696777964624,4.116748729882583,1.0
TC23NMC09,NMC,lithium-ion,35.0,charge,5,late_80_100,0.8,1.0,0.19999999999999996,28,0.14406254125265214,0.9071074826387875,0.7907048741334393,1.9667794367359193,0.9071074826387875,0.14277621706740629,4.123056715194738,1.0984235131438012
TC23NMC09,NMC,lithium-ion,45.0,charge,5,late_80_100,0.8,1.0,0.19999999999999996,26,0.15515989673421804,0.9481154482567258,0.8433496883917115,2.247671101135211,0.9481154482567258,0.1534240426946516,4.121320981651578,1.1830367379882076
TC23NMC09,NMC,lithium-ion,5.0,charge,11,central_20_80,0.2,0.8,0.6000000000000001,54,0.4126775510302082,0.6991068130420817,0.6288436558005657,0.9878677066778039,0.6991068130420817,0.41282934681564143,3.8359991769328996,0.9503802464054362
TC23NMC09,NMC,lithium-ion,15.0,charge,11,central_20_80,0.2,0.8,0.6000000000000001,57,0.4338067001441217,0.7297325783269069,0.7071133780838181,1.0750104538123821,0.7297325783269069,0.43396318579465376,3.849701090975911,0.9990398497472918
TC23NMC09,NMC,lithium-ion,25.0,charge,11,central_20_80,0.2,0.8,0.6000000000000001,58,0.43422362006265675,0.7384965961370721,0.7144781778376057,1.148697997703664,0.7384965961370721,0.43436193747350194,3.857029934761329,1.0
TC23NMC09,NMC,lithium-ion,35.0,charge,11,central_20_80,0.2,0.8,0.6000000000000001,58,0.43644239930056933,0.7423413903582814,0.7139914440013229,1.152832390537128,0.7423413903582814,0.43656374022193,3.8566144438815693,1.0051097617342706
TC23NMC09,NMC,lithium-ion,45.0,charge,11,central_20_80,0.2,0.8,0.6000000000000001,59,0.4398274730883442,0.7459835577564421,0.7122366223508436,1.1896214138107268,0.7459835577564421,0.4399444609773928,3.8568907926869263,1.0129054541640983
TC23NMC09,NMC,lithium-ion,5.0,charge,11,early_0_20,0.0,0.2,0.2,17,0.2224196795317708,1.2526491493978202,1.071936684221555,2.4347961817071564,1.2526491493978202,0.2223358455126001,3.4975762327973765,0.801851565249462
TC23NMC09,NMC,lithium-ion,15.0,charge,11,early_0_20,0.0,0.2,0.2,18,0.26062774437470065,1.4549652885820008,1.247085699998948,2.9611419002243338,1.4549652885820008,0.260549548068993,3.485918003237394,0.9395965555486678
TC23NMC09,NMC,lithium-ion,25.0,charge,11,early_0_20,0.0,0.2,0.2,19,0.27738260941421794,1.5070453022120223,1.2497380036919878,3.176178267250691,1.5070453022120223,0.27728267105607163,3.4862470245080734,1.0
TC23NMC09,NMC,lithium-ion,35.0,charge,11,early_0_20,0.0,0.2,0.2,19,0.28986631355535986,1.5738919919035603,1.3201744005379794,3.3288822917367042,1.5738919919035603,0.2897624428020853,3.479064472416138,1.045005359807903
TC23NMC09,NMC,lithium-ion,45.0,charge,11,early_0_20,0.0,0.2,0.2,19,0.2905562369798126,1.599903302428677,1.366318823784468,3.396416554740739,1.599903302428677,0.29043858695317537,3.476111125732427,1.047492622531077
TC23NMC09,NMC,lithium-ion,5.0,charge,11,full,0.0,1.0,1.0,105,0.7142325967141991,0.6672483819720539,0.5880943485771866,2.4347961817071564,0.6672483819720539,0.71419893087814,3.855914174316494,0.8349656390401001
TC23NMC09,NMC,lithium-ion,15.0,charge,11,full,0.0,1.0,1.0,104,0.8085727427930307,0.8326864533177616,0.7472523707971135,2.9611419002243338,0.8326864533177616,0.8081767760837164,3.8566421626970517,0.945252933011602
TC23NMC09,NMC,lithium-ion,25.0,charge,11,full,0.0,1.0,1.0,105,0.8554035798830009,0.9218385698539179,0.7951933262757791,3.176178267250691,0.9218385698539179,0.8538602616426543,3.8590564527328945,1.0
TC23NMC09,NMC,lithium-ion,35.0,charge,11,full,0.0,1.0,1.0,105,0.8838468909377919,0.9766712617742848,0.8322223597691334,3.3288822917367042,0.9766712617742848,0.8817035310440446,3.8592131134994063,1.0332513350700279
TC23NMC09,NMC,lithium-ion,45.0,charge,11,full,0.0,1.0,1.0,104,0.898430439707284,1.0129441789653235,0.8330603823138176,3.396416554740739,1.0129441789653235,0.895520730781231,3.8533071111357424,1.0503000698572809
TC23NMC09,NMC,lithium-ion,5.0,charge,11,late_80_100,0.8,1.0,0.19999999999999996,34,0.06341051078999423,0.3239493136185381,0.31560036172155037,0.472928750873848,0.3239493136185381,0.06327437872059338,4.066712846802938,0.48756855201491156
TC23NMC09,NMC,lithium-ion,15.0,charge,11,late_80_100,0.8,1.0,0.19999999999999996,29,0.09992157432840576,0.648802033997845,0.562739133029595,1.0839699391983686,0.648802033997845,0.09946501504713012,4.100389609537703,0.7683050759786443
TC23NMC09,NMC,lithium-ion,25.0,charge,11,late_80_100,0.8,1.0,0.19999999999999996,28,0.13005455443741357,0.904513804167242,0.7699902705617632,2.2163356628934707,0.904513804167242,0.12848472573705205,4.116232066255122,1.0
TC23NMC09,NMC,lithium-ion,35.0,charge,11,late_80_100,0.8,1.0,0.19999999999999996,28,0.14357323160059915,1.0568119285482829,0.8667078858370587,2.9331373150093896,1.0568119285482829,0.1414210392603037,4.122554078442859,1.1039462033580008
TC23NMC09,NMC,lithium-ion,45.0,charge,11,late_80_100,0.8,1.0,0.19999999999999996,26,0.1544111908524662,1.1898077676391807,0.9063803244930426,3.250542093864169,1.1898077676391807,0.15149344062221104,4.120818130795094,1.1872801496296221
TC23NMC09,NMC,lithium-ion,5.0,discharge,1,central_20_80,0.2,0.8,0.6000000000000001,60,0.449306821583657,0.7600502057985058,0.7102999856412708,1.296728196652623,-0.7600502057985058,-0.44930645691559024,3.8369932308363253,0.9900205766692041
TC23NMC09,NMC,lithium-ion,15.0,discharge,1,central_20_80,0.2,0.8,0.6000000000000001,60,0.45288271846194755,0.7609829440665943,0.7295813665280519,1.2980280543471565,-0.7609829440665943,-0.45292989608427003,3.8399333020916093,0.9978998505183674
TC23NMC09,NMC,lithium-ion,25.0,discharge,1,central_20_80,0.2,0.8,0.6000000000000001,60,0.45383584156936574,0.7687812987451579,0.7260492232875606,1.3660662474042624,-0.7687812987451579,-0.45388343270761,3.8412046842560557,1.0
TC23NMC09,NMC,lithium-ion,35.0,discharge,1,central_20_80,0.2,0.8,0.6000000000000001,60,0.45278688926523714,0.7629548830817873,0.7123183172577541,1.3391500863391173,-0.7629548830817873,-0.45273918875959973,3.846124933232466,0.9976886966430387
TC23NMC09,NMC,lithium-ion,45.0,discharge,1,central_20_80,0.2,0.8,0.6000000000000001,60,0.4560282816945404,0.7738933164664824,0.7226800571380636,1.4166481450475032,-0.7738933164664824,-0.45617192060360967,3.8430926867702597,1.0048309100435815
TC23NMC09,NMC,lithium-ion,5.0,discharge,1,early_0_20,0.0,0.2,0.2,19,0.1547590395480721,0.8787043049087253,0.6865118574771429,2.1167665560638924,-0.8787043049087253,-0.1546636403049897,4.088483998488584,0.883025675847773
TC23NMC09,NMC,lithium-ion,15.0,discharge,1,early_0_20,0.0,0.2,0.2,19,0.16896671280822886,0.9474766020638952,0.7770150251087387,2.1032563788671053,-0.9474766020638952,-0.16896668965502037,4.0976178756173764,0.9640919600493962
TC23NMC09,NMC,lithium-ion,25.0,discharge,1,early_0_20,0.0,0.2,0.2,20,0.17525995424707377,0.9386896100061651,0.7547394536570096,2.1212873556550074,-0.9386896100061651,-0.17526003136903068,4.098624609547067,1.0
TC23NMC09,NMC,lithium-ion,35.0,discharge,1,early_0_20,0.0,0.2,0.2,19,0.1754507139523937,0.9822318834819805,0.8262657183478552,2.0704049318889974,-0.9822318834819805,-0.17545073869370054,4.102736861700545,1.0010884386347094
TC23NMC09,NMC,lithium-ion,45.0,discharge,1,early_0_20,0.0,0.2,0.2,20,0.1776914464388009,0.950457353543456,0.7801287392643843,2.0673035021163475,-0.950457353543456,-0.17773922658970065,4.099683035198966,1.0138736324688258
TC23NMC09,NMC,lithium-ion,5.0,discharge,1,full,0.0,1.0,1.0,104,1.1672758296057537,1.6713374758969413,0.8008694366330644,14.37333575869684,-1.6713374758969413,-1.1615983145470703,3.7738889105937052,0.7868695736225911
TC23NMC09,NMC,lithium-ion,15.0,discharge,1,full,0.0,1.0,1.0,104,1.3831196107272452,2.2467870620963053,0.8432773079703537,22.25883271085104,-2.2467870620963053,-1.36489232264215,3.761192203709141,0.9323715190175536
TC23NMC09,NMC,lithium-ion,25.0,discharge,1,full,0.0,1.0,1.0,104,1.4834425789675,2.1732058354541195,0.8407465856378451,26.343511747809544,-2.1732058354541195,-1.4709255951570404,3.766487999417203,1.0
TC23NMC09,NMC,lithium-ion,35.0,discharge,1,full,0.0,1.0,1.0,105,1.5334382537495976,2.5077155510340545,0.9022288030412824,26.1007919205872,-2.5077155510340545,-1.5332868903231702,3.745940472739096,1.0337024671469894
TC23NMC09,NMC,lithium-ion,45.0,discharge,1,full,0.0,1.0,1.0,104,1.5429998356796748,2.2817484296358,0.8662242924312551,25.44173247576282,-2.2817484296358,-1.5401523540111803,3.763867607427306,1.040148002731341
TC23NMC09,NMC,lithium-ion,5.0,discharge,1,late_80_100,0.8,1.0,0.19999999999999996,25,0.5498610486048443,4.460828134084231,1.5635953071346194,14.37333575869684,-4.460828134084231,-0.5440879972751302,3.383346275211309,0.653450442110637
TC23NMC09,NMC,lithium-ion,15.0,discharge,1,late_80_100,0.8,1.0,0.19999999999999996,25,0.7481129382393114,6.800192894992245,2.1123216333140533,22.25883271085104,-6.800192894992245,-0.7298369315008397,3.316530056940957,0.8890513912224385
TC23NMC09,NMC,lithium-ion,25.0,discharge,1,late_80_100,0.8,1.0,0.19999999999999996,24,0.8414732214868503,6.713030698433152,2.235786215157688,26.343511747809544,-6.713030698433152,-0.82881403300305,3.3029157788785177,1.0
TC23NMC09,NMC,lithium-ion,35.0,discharge,1,late_80_100,0.8,1.0,0.19999999999999996,26,0.8918035954908696,7.648862849519647,3.3003655053130814,26.1007919205872,-7.648862849519647,-0.89136603549384,3.254009741205645,1.0598122111540134
TC23NMC09,NMC,lithium-ion,45.0,discharge,1,late_80_100,0.8,1.0,0.19999999999999996,24,0.8964534103348983,7.160795442636048,2.6803856881549137,25.44173247576282,-7.160795442636048,-0.89346381606518,3.2859587192602047,1.065338013669526
TC23NMC09,NMC,lithium-ion,5.0,discharge,5,central_20_80,0.2,0.8,0.6000000000000001,60,0.44893491126586643,0.7594780441586214,0.7093496263476169,1.2814462368087902,-0.7594780441586214,-0.4490394666610582,3.8368819848969364,0.989971118563931
TC23NMC09,NMC,lithium-ion,15.0,discharge,5,central_20_80,0.2,0.8,0.6000000000000001,60,0.4526539084342432,0.7607934578126868,0.7220122320928226,1.2790798043082816,-0.7607934578126868,-0.45266290582973223,3.839822056152221,0.9981720842146814
TC23NMC09,NMC,lithium-ion,25.0,discharge,5,central_20_80,0.2,0.8,0.6000000000000001,60,0.45348283687012914,0.7683034578433899,0.7336918384680047,1.3412250428817174,-0.7683034578433899,-0.45350201805827073,3.8410902598612555,1.0
TC23NMC09,NMC,lithium-ion,35.0,discharge,5,central_20_80,0.2,0.8,0.6000000000000001,60,0.45271060603136265,0.7625116869436188,0.7218226725648265,1.3295554940619922,-0.7625116869436188,-0.45270104729466887,3.846000973471433,0.9982971112113166
TC23NMC09,NMC,lithium-ion,45.0,discharge,5,central_20_80,0.2,0.8,0.6000000000000001,60,0.45579937297564527,0.7734462189672348,0.7312944319255763,1.3842065472636307,-0.7734462189672348,-0.45579050595427306,3.8429693627003085,1.0051083214560104
TC23NMC09,NMC,lithium-ion,5.0,discharge,5,early_0_20,0.0,0.2,0.2,19,0.13474771307672428,0.7406272602074445,0.699860730553695,1.4836156874063704,-0.7406272602074445,-0.1347283679664555,4.087805649189001,0.8707836817781037
TC23NMC09,NMC,lithium-ion,15.0,discharge,5,early_0_20,0.0,0.2,0.2,19,0.14847506283696793,0.8092489712109533,0.7845953037030711,1.6088078407246655,-0.8092489712109533,-0.14848472298577864,4.09692932180305,0.9594942943172158
TC23NMC09,NMC,lithium-ion,25.0,discharge,5,early_0_20,0.0,0.2,0.2,20,0.1547430388240339,0.8062601367843534,0.761426899533646,1.6604870576702524,-0.8062601367843534,-0.15475263705649933,4.097978747407526,1.0
TC23NMC09,NMC,lithium-ion,35.0,discharge,5,early_0_20,0.0,0.2,0.2,19,0.1550098609774566,0.8452941626971539,0.8357629708293928,1.6658338070372736,-0.8452941626971539,-0.15505776877597022,4.102058512400961,1.0017242918030458
TC23NMC09,NMC,lithium-ion,45.0,discharge,5,early_0_20,0.0,0.2,0.2,20,0.15745461378266545,0.8208464148095673,0.7906572425701057,1.6807411125210479,-0.8208464148095673,-0.15747339488841217,4.099055449178042,1.0175230820025127
TC23NMC09,NMC,lithium-ion,5.0,discharge,5,full,0.0,1.0,1.0,104,1.1355489828984797,1.5661285628155213,0.8008784670020646,12.960452974381838,-1.5661285628155213,-1.1280179331286053,3.7736992423794615,0.7381733712130963
TC23NMC09,NMC,lithium-ion,15.0,discharge,5,full,0.0,1.0,1.0,104,1.3687282139717982,2.333986896528466,0.8517765456005009,28.653231471667823,-2.333986896528466,-1.3377165288770962,3.761054124271184,0.8897535334874855
TC23NMC09,NMC,lithium-ion,25.0,discharge,5,full,0.0,1.0,1.0,104,1.5383228753325873,2.675934888064788,0.8455179007091544,50.46257097030775,-2.675934888064788,-1.444735122569433,3.76635242606909,1.0
TC23NMC09,NMC,lithium-ion,35.0,discharge,5,full,0.0,1.0,1.0,105,1.6621733788539617,3.032533299355886,0.8889330486912286,55.50668101414885,-3.032533299355886,-1.50271014926822,3.7458980025206023,1.0805100837459742
TC23NMC09,NMC,lithium-ion,45.0,discharge,5,full,0.0,1.0,1.0,104,1.606852641090806,2.694195590677964,0.8863389819034069,48.16110353434692,-2.694195590677964,-1.5107993182895076,3.7637191368851215,1.0445483629328483
TC23NMC09,NMC,lithium-ion,5.0,discharge,5,late_80_100,0.8,1.0,0.19999999999999996,25,0.5384793053642585,4.129470797574219,1.7371166996211684,12.960452974381838,-4.129470797574219,-0.5308624443094625,3.38333979116227,0.587295241394466
TC23NMC09,NMC,lithium-ion,15.0,discharge,5,late_80_100,0.8,1.0,0.19999999999999996,25,0.7540987947914713,7.268451972687647,2.4003247208049174,28.653231471667823,-7.268451972687647,-0.7231049629400919,3.316745937632481,0.8224617535166823
TC23NMC09,NMC,lithium-ion,25.0,discharge,5,late_80_100,0.8,1.0,0.19999999999999996,24,0.9168800756595616,9.003075756351981,2.4498654892229723,50.46257097030775,-9.003075756351981,-0.8233216620526358,3.303152573806645,1.0
TC23NMC09,NMC,lithium-ion,35.0,discharge,5,late_80_100,0.8,1.0,0.19999999999999996,26,1.0411035497432781,9.869411774019422,3.2158402489992852,55.50668101414885,-9.869411774019422,-0.8816781034007559,3.254620004644579,1.1354849749509015
TC23NMC09,NMC,lithium-ion,45.0,discharge,5,late_80_100,0.8,1.0,0.19999999999999996,24,0.9805430717983807,9.057193333178452,2.7042927003691375,48.16110353434692,-9.057193333178452,-0.8845291779045259,3.286146645436387,1.0694343762383787
TC23NMC09,NMC,lithium-ion,5.0,discharge,11,central_20_80,0.2,0.8,0.6000000000000001,60,0.4470096324851764,0.7564816951069896,0.7107582956842577,1.2152183328157946,-0.7564816951069896,-0.4471740022852275,3.836460117178733,0.9868819650560645
TC23NMC09,NMC,lithium-ion,15.0,discharge,11,central_20_80,0.2,0.8,0.6000000000000001,60,0.45215895051603183,0.76046592018552,0.7265758328341008,1.20316420907983,-0.76046592018552,-0.45225375193317374,3.8393736049887606,0.9982503310322894
TC23NMC09,NMC,lithium-ion,25.0,discharge,11,central_20_80,0.2,0.8,0.6000000000000001,60,0.45295146563934,0.7677390658080238,0.7339477102118792,1.2420770301862092,-0.7677390658080238,-0.45308592934990566,3.8406273611732002,1.0
TC23NMC09,NMC,lithium-ion,35.0,discharge,11,central_20_80,0.2,0.8,0.6000000000000001,60,0.45297324632992025,0.7633722507373605,0.7343428733365585,1.251847701133272,-0.7633722507373605,-0.45305125529087453,3.8455244941102573,1.000048086146602
TC23NMC09,NMC,lithium-ion,45.0,discharge,11,central_20_80,0.2,0.8,0.6000000000000001,60,0.4555124720983698,0.7731672051915003,0.7404874507595309,1.2957846752538273,-0.7731672051915003,-0.4556344726886379,3.8424792448759146,1.0056540416651814
TC23NMC09,NMC,lithium-ion,5.0,discharge,11,early_0_20,0.0,0.2,0.2,19,0.1114598474181841,0.6142536018169985,0.5878074882010083,1.0800378713919372,-0.6142536018169985,-0.11144242572362373,4.085641610604237,0.8671041896506031
TC23NMC09,NMC,lithium-ion,15.0,discharge,11,early_0_20,0.0,0.2,0.2,19,0.12272727024194469,0.6710514907442938,0.6522625515203231,1.1878213135217948,-0.6710514907442938,-0.12273172144293376,4.0946292212112745,0.9547593386872929
TC23NMC09,NMC,lithium-ion,25.0,discharge,11,early_0_20,0.0,0.2,0.2,20,0.12854262353765872,0.6717370778093316,0.6513791196526455,1.228110248859963,-0.6717370778093316,-0.12854251583543785,4.095801457292496,1.0
TC23NMC09,NMC,lithium-ion,35.0,discharge,11,early_0_20,0.0,0.2,0.2,19,0.12807422563585621,0.700820626070134,0.6899917056541653,1.2458821853523716,-0.700820626070134,-0.128109090097559,4.099748553817778,0.9963560888294358
TC23NMC09,NMC,lithium-ion,45.0,discharge,11,early_0_20,0.0,0.2,0.2,20,0.13078211086377525,0.6839551177337768,0.6714928951559642,1.2557639818913344,-0.6839551177337768,-0.13079055066257173,4.096912800787105,1.0174221379996997
TC23NMC09,NMC,lithium-ion,5.0,discharge,11,full,0.0,1.0,1.0,104,1.0665661725460391,1.4460637009702828,0.7809551325673283,11.3911505657411,-1.4460637009702828,-1.0594609202360927,3.773672163458201,0.7554699440921718
TC23NMC09,NMC,lithium-ion,15.0,discharge,11,full,0.0,1.0,1.0,104,1.3048278882796083,2.674577215115175,0.8126755743900276,37.40993675937534,-2.674577215115175,-1.2772441443552904,3.7611293813209623,0.9242354362836792
TC23NMC09,NMC,lithium-ion,25.0,discharge,11,full,0.0,1.0,1.0,104,1.4117916680692086,3.2233262191041367,0.8168672281024811,58.524476656519255,-3.2233262191041367,-1.3629216802872626,3.766751305552965,1.0
TC23NMC09,NMC,lithium-ion,35.0,discharge,11,full,0.0,1.0,1.0,105,1.5701366051924164,3.857336274150735,0.827987667194634,61.38682349374176,-3.857336274150735,-1.4551922408720066,3.746257516884864,1.1121588550949328
TC23NMC09,NMC,lithium-ion,45.0,discharge,11,full,0.0,1.0,1.0,104,1.465911009050207,3.1191143548716105,0.8236009523890715,58.742043879683024,-3.1191143548716105,-1.417854471092547,3.7641766839692745,1.0383338010876724
TC23NMC09,NMC,lithium-ion,5.0,discharge,11,late_80_100,0.8,1.0,0.19999999999999996,25,0.4945310634235899,3.733236190398683,2.309857948712562,11.3911505657411,-3.733236190398683,-0.4873216092053956,3.385884294697935,0.6053274618202494
TC23NMC09,NMC,lithium-ion,15.0,discharge,11,late_80_100,0.8,1.0,0.19999999999999996,25,0.716056325657547,8.791123873468218,3.3171031898099272,37.40993675937534,-8.791123873468218,-0.6883717103375178,3.31988336620161,0.8764839869307606
TC23NMC09,NMC,lithium-ion,25.0,discharge,11,late_80_100,0.8,1.0,0.19999999999999996,24,0.8169645268306689,11.488618386756755,3.335517124896782,58.524476656519255,-11.488618386756755,-0.7679783964342537,3.3078527067194323,1.0
TC23NMC09,NMC,lithium-ion,35.0,discharge,11,late_80_100,0.8,1.0,0.19999999999999996,26,0.9754796988699949,13.303937763317425,4.3878244044504555,61.38682349374176,-13.303937763317425,-0.8604223273141507,3.258859503990674,1.1940294429358758
TC23NMC09,NMC,lithium-ion,45.0,discharge,11,late_80_100,0.8,1.0,0.19999999999999996,24,0.8666077373066647,11.013281593353417,3.497080359766059,58.742043879683024,-11.013281593353417,-0.8184440126344614,3.2911401843544836,1.0607654418834827
TC23SIB09,SIB,sodium-ion,5.0,charge,1,central_20_80,0.2,0.8,0.6000000000000001,63,0.6316333240579072,1.0684563945188297,1.172000936064336,1.2519748339580872,1.0684563945188297,0.6315382693829901,3.1396534534106952,0.7268640651703999
TC23SIB09,SIB,sodium-ion,15.0,charge,1,central_20_80,0.2,0.8,0.6000000000000001,56,0.8612103002076533,1.45730233197947,1.5845912863299247,1.7753822729557385,1.45730233197947,0.8606855387271004,3.196906956974298,0.99105413842631
TC23SIB09,SIB,sodium-ion,25.0,charge,1,central_20_80,0.2,0.8,0.6000000000000001,48,0.8689841117813856,1.5029602945368958,1.640427843132315,1.9188439113661104,1.5029602945368958,0.8681266240763197,3.1557714514963338,1.0
TC23SIB09,SIB,sodium-ion,35.0,charge,1,central_20_80,0.2,0.8,0.6000000000000001,52,0.8940275368678638,1.5238273834223912,1.706410868048465,1.9171127607804692,1.5238273834223912,0.8933118360275403,3.131970435525383,1.0288191978966568
TC23SIB09,SIB,sodium-ion,45.0,charge,1,central_20_80,0.2,0.8,0.6000000000000001,54,0.9369566667772935,1.594382410032557,1.7326033702514962,2.293131804619833,1.594382410032557,0.9358595804602898,3.1305522317357606,1.0782207109133062
TC23SIB09,SIB,sodium-ion,5.0,charge,1,early_0_20,0.0,0.2,0.2,21,0.5329916147432779,2.8172003802296035,2.5743014477552038,5.449497275236239,2.8172003802296035,0.5330869863009298,2.6493988928704875,0.814906808116136
TC23SIB09,SIB,sodium-ion,15.0,charge,1,early_0_20,0.0,0.2,0.2,18,0.6147004830939587,3.365796967987249,3.5606948337390847,5.415573048915167,3.365796967987249,0.6151297222026502,2.542169430755163,0.9398339387887386
TC23SIB09,SIB,sodium-ion,25.0,charge,1,early_0_20,0.0,0.2,0.2,16,0.6540522295738618,3.5367062369030897,3.4543221965958466,5.245694987062936,3.5367062369030897,0.6548155107318601,2.462534182759345,1.0
TC23SIB09,SIB,sodium-ion,35.0,charge,1,early_0_20,0.0,0.2,0.2,17,0.7078095716614068,3.8406458332344413,3.5864202348634535,5.9171129858386315,3.8406458332344413,0.7086202817185603,2.406983478379518,1.0821912068437864
TC23SIB09,SIB,sodium-ion,45.0,charge,1,early_0_20,0.0,0.2,0.2,17,0.7333759665020877,4.134564832885539,3.8074334023092007,6.3828607242695465,4.134564832885539,0.73437788485049,2.3558498662361202,1.1212804319616922
TC23SIB09,SIB,sodium-ion,5.0,charge,1,full,0.0,1.0,1.0,105,1.4036940046363886,1.434801921671328,1.172025859709862,5.449497275236239,1.434801921671328,1.40369397216033,3.133999803378162,0.5212831108515946
TC23SIB09,SIB,sodium-ion,15.0,charge,1,full,0.0,1.0,1.0,104,2.1198595215865765,5.768016329735152,1.677806685150287,57.32897681742179,-2.511625450408988,1.7746034572601799,3.2821002031247852,0.787242064389435
TC23SIB09,SIB,sodium-ion,25.0,charge,1,full,0.0,1.0,1.0,105,2.6927670883931816,7.135054761676602,1.9033070835197066,121.88601586726145,-4.1223499647109545,1.89976632877537,3.354335882769053,1.0
TC23SIB09,SIB,sodium-ion,35.0,charge,1,full,0.0,1.0,1.0,105,2.0179689345747502,1.760325306118065,1.7435594499496005,5.9171129858386315,1.7465483816142915,2.0192052884834397,3.289564823605892,0.7494034457242663
TC23SIB09,SIB,sodium-ion,45.0,charge,1,full,0.0,1.0,1.0,105,2.098017173279535,1.8944040978661947,1.7881057737242543,6.3828607242695465,1.8944040978661947,2.09953085084303,3.26728881254456,0.7791305762472968
TC23SIB09,SIB,sodium-ion,5.0,charge,1,late_80_100,0.8,1.0,0.19999999999999996,21,0.21998857703711733,1.1514400445705482,1.1117896868262847,1.3222757468580824,1.1514400445705482,0.2199890104527502,3.6016397637882367,0.19520846233048497
TC23SIB09,SIB,sodium-ion,15.0,charge,1,late_80_100,0.8,1.0,0.19999999999999996,30,0.6113691911831188,15.256014075927832,1.8021963366315674,57.32897681742179,-13.44674409523852,0.2661618990299899,3.8850860593608023,0.5425028941705126
TC23SIB09,SIB,sodium-ion,25.0,charge,1,late_80_100,0.8,1.0,0.19999999999999996,41,1.126941805753687,15.132959903605432,4.627573764155386,121.88601586726145,-13.696979029826117,0.3340856524742102,3.934821734018952,1.0
TC23SIB09,SIB,sodium-ion,35.0,charge,1,late_80_100,0.8,1.0,0.19999999999999996,36,0.37296407610784943,1.1195598344290834,0.8436783874460048,2.379864359019308,1.0793771379597432,0.3743438321841195,3.933975686079082,0.33095238299231866
TC23SIB09,SIB,sodium-ion,45.0,charge,1,late_80_100,0.8,1.0,0.19999999999999996,34,0.3794127097696598,1.2508287639746527,0.967940712485813,2.429779014250556,1.2508287639746527,0.38102172929238964,3.940178149336282,0.3366746249296453
TC23SIB09,SIB,sodium-ion,5.0,charge,5,central_20_80,0.2,0.8,0.6000000000000001,63,0.6318718098086702,1.0690287529904476,1.1679943810538873,1.2441270092824368,1.0690287529904476,0.6318053852673247,3.1396776816088203,0.7244664047803748
TC23SIB09,SIB,sodium-ion,15.0,charge,5,central_20_80,0.2,0.8,0.6000000000000001,56,0.8630323933470815,1.4605997157185324,1.5846123932374923,1.7701037047072532,1.4605997157185324,0.8625935093294581,3.197000992668272,0.9895012968001903
TC23SIB09,SIB,sodium-ion,25.0,charge,5,central_20_80,0.2,0.8,0.6000000000000001,48,0.8721892494107093,1.5089231623772985,1.6469328938464045,1.9109675161186601,1.5089231623772985,0.8713701741003397,3.1557770164105903,1.0
TC23SIB09,SIB,sodium-ion,35.0,charge,5,central_20_80,0.2,0.8,0.6000000000000001,52,0.8971852539378703,1.5295799065014775,1.7138286194896466,1.9071966602937493,1.5295799065014775,0.8963645889913279,3.1319484204799712,1.0286589229849479
TC23SIB09,SIB,sodium-ion,45.0,charge,5,central_20_80,0.2,0.8,0.6000000000000001,54,0.9409061753567538,1.6013546607065905,1.7445546819670739,2.334201475846882,1.6013546607065905,0.9399807969614042,3.130427153662938,1.0787867151452197
TC23SIB09,SIB,sodium-ion,5.0,charge,5,early_0_20,0.0,0.2,0.2,21,0.48222928093786604,2.4918222515982276,2.3841445401951518,4.573777768471743,2.4918222515982276,0.4823349682780065,2.6509825084704506,0.820285047313082
TC23SIB09,SIB,sodium-ion,15.0,charge,5,early_0_20,0.0,0.2,0.2,18,0.556637422889519,2.9835663939341086,3.030884360542963,4.570009924734734,2.9835663939341086,0.557038377262626,2.54445175225627,0.9468553089168241
TC23SIB09,SIB,sodium-ion,25.0,charge,5,early_0_20,0.0,0.2,0.2,16,0.5878801308367765,3.1131209204296244,3.1334310930966396,4.466159605966723,3.1131209204296244,0.5886598100458325,2.465784092685375,1.0
TC23SIB09,SIB,sodium-ion,35.0,charge,5,early_0_20,0.0,0.2,0.2,17,0.6378549178820885,3.3909216505512916,3.2359524837289797,4.999354109345262,3.3909216505512916,0.638686799239855,2.410198221788562,1.0850084641815994
TC23SIB09,SIB,sodium-ion,45.0,charge,5,early_0_20,0.0,0.2,0.2,17,0.6603760825561054,3.6459692085693156,3.3095850108799425,5.372974483191271,3.6459692085693156,0.6611499731317045,2.3594615423528333,1.1233175743091361
TC23SIB09,SIB,sodium-ion,5.0,charge,5,full,0.0,1.0,1.0,105,1.3431470059793846,1.3571671136057593,1.1820070176208333,4.573777768471743,1.3571671136057593,1.34314770504526,3.1341851793790685,0.5765285300217365
TC23SIB09,SIB,sodium-ion,15.0,charge,5,full,0.0,1.0,1.0,104,1.926286346387019,4.8019974127770295,1.6840012301743883,47.22588715146412,-0.7940051944126336,1.7187158183658946,3.2823593691316066,0.8268335712617412
TC23SIB09,SIB,sodium-ion,25.0,charge,5,full,0.0,1.0,1.0,105,2.32971472535582,5.793902587485441,1.9002119873165952,75.08523005536699,-0.8011339387465671,1.8369940959575404,3.3546296496713217,1.0
TC23SIB09,SIB,sodium-ion,35.0,charge,5,full,0.0,1.0,1.0,105,1.9529314915635614,1.698991451119477,1.7600983582754282,4.999354109345262,1.698991451119477,1.9526807134809667,3.2898748234009054,0.8382706561917309
TC23SIB09,SIB,sodium-ion,45.0,charge,5,full,0.0,1.0,1.0,105,2.0305994132747394,1.830634028123651,1.801774081350203,5.372974483191271,1.830634028123651,2.0299535228767707,3.267610684156654,0.8716086099187975
TC23SIB09,SIB,sodium-ion,5.0,charge,5,late_80_100,0.8,1.0,0.19999999999999996,21,0.2097841623904478,1.086927057459226,1.1198068551838105,1.290220561924059,1.086927057459226,0.209775007828084,3.6009103435984273,0.25391215594714817
TC23SIB09,SIB,sodium-ion,15.0,charge,5,late_80_100,0.8,1.0,0.19999999999999996,30,0.4737698658513525,12.13033172525864,1.7827038027452176,47.22588715146412,-7.269143979665523,0.2663049968251703,3.8844395753217005,0.5734271199997201
TC23SIB09,SIB,sodium-ion,25.0,charge,5,late_80_100,0.8,1.0,0.19999999999999996,41,0.8262076370778971,11.856622564999682,4.812886871150113,75.08523005536699,-5.03310512413107,0.33365317913767,3.934299291336938,1.0
TC23SIB09,SIB,sodium-ion,35.0,charge,5,late_80_100,0.8,1.0,0.19999999999999996,36,0.3740176230178124,1.1447299769471193,1.1097747275542815,2.341860787242325,1.1447299769471193,0.37389863904356613,3.9333935783814167,0.4526920428145945
TC23SIB09,SIB,sodium-ion,45.0,charge,5,late_80_100,0.8,1.0,0.19999999999999996,34,0.380911789562398,1.2871160214455626,1.4074391945150069,2.390382270498037,1.2871160214455626,0.38039845889562196,3.939564979960345,0.46103639384113393
TC23SIB09,SIB,sodium-ion,5.0,charge,11,central_20_80,0.2,0.8,0.6000000000000001,63,0.6332984494322422,1.07162189488389,1.1638054007154892,1.2412039805651602,1.07162189488389,0.6331687169886515,3.139771565876557,0.715509250751824
TC23SIB09,SIB,sodium-ion,15.0,charge,11,central_20_80,0.2,0.8,0.6000000000000001,56,0.8698307950070431,1.4728818781923028,1.593062352214119,1.7591799642260355,1.4728818781923028,0.8694448583106791,3.1973238609403345,0.9827467301938209
TC23SIB09,SIB,sodium-ion,25.0,charge,11,central_20_80,0.2,0.8,0.6000000000000001,48,0.885101693327936,1.5324684252669167,1.67465345322465,1.8898675870756563,1.5324684252669167,0.8843964097583088,3.1557501313702843,1.0
TC23SIB09,SIB,sodium-ion,35.0,charge,11,central_20_80,0.2,0.8,0.6000000000000001,52,0.9099243988701607,1.5522001443873885,1.7424500520260722,1.9584416809996696,1.5522001443873885,0.9092520631509435,3.131806323368676,1.0280450322593924
TC23SIB09,SIB,sodium-ion,45.0,charge,11,central_20_80,0.2,0.8,0.6000000000000001,54,0.9542238227719041,1.6234236464553802,1.7640221622967402,2.3024621063175914,1.6234236464553802,0.9536557426241798,3.1299332655150947,1.0780951273339818
TC23SIB09,SIB,sodium-ion,5.0,charge,11,early_0_20,0.0,0.2,0.2,21,0.41342973496075,2.1428035890646333,2.0889614452585477,3.8018854641061637,2.1428035890646333,0.4135902093018675,2.656664660723073,0.8415147225365986
TC23SIB09,SIB,sodium-ion,15.0,charge,11,early_0_20,0.0,0.2,0.2,18,0.4747125334996624,2.5570708885120634,2.2664190956009587,3.9886654925822995,2.5570708885120634,0.47514827900909795,2.552865242226052,0.9662526715707559
TC23SIB09,SIB,sodium-ion,25.0,charge,11,early_0_20,0.0,0.2,0.2,16,0.4912923373634373,2.618152521642411,2.4653303878023607,3.833947665201052,2.618152521642411,0.4918806030189331,2.477897697461798,1.0
TC23SIB09,SIB,sodium-ion,35.0,charge,11,early_0_20,0.0,0.2,0.2,17,0.5370071743055518,2.8690625971818107,2.703626115472005,4.188097036462665,2.8690625971818107,0.5375100090609592,2.4220985673303104,1.0930501729122157
TC23SIB09,SIB,sodium-ion,45.0,charge,11,early_0_20,0.0,0.2,0.2,17,0.5574047706148897,3.087910374453357,2.9839718535371844,4.44349299245593,3.087910374453357,0.5578472411634472,2.37266645611338,1.1345684192964427
TC23SIB09,SIB,sodium-ion,5.0,charge,11,full,0.0,1.0,1.0,105,1.2614547836316643,1.2744786120231066,1.1856496904426308,3.8018854641061637,1.2744786120231066,1.2614547637539748,3.1347856145680026,0.46898193885025535
TC23SIB09,SIB,sodium-ion,15.0,charge,11,full,0.0,1.0,1.0,104,1.957562857865186,4.597492970285609,1.6761317267342264,55.98008709804708,1.573926390566844,1.6451158523796447,3.2832763843917765,0.7277800492062101
TC23SIB09,SIB,sodium-ion,25.0,charge,11,full,0.0,1.0,1.0,105,2.689772631168305,7.18023381446975,1.8786890614546223,148.92811612063088,2.940450831736143,1.7526935948430205,3.355642968099128,1.0
TC23SIB09,SIB,sodium-ion,35.0,charge,11,full,0.0,1.0,1.0,105,1.865613194688717,1.6860364683339097,1.7856423792638338,4.188097036462665,1.6860364683339097,1.863578486350494,3.29092573814492,0.6935951288486367
TC23SIB09,SIB,sodium-ion,45.0,charge,11,full,0.0,1.0,1.0,105,1.9390193135201064,1.7916886865062205,1.835447749282423,4.44349299245593,1.7916886865062205,1.9370035550315317,3.268695836700906,0.7208859555827557
TC23SIB09,SIB,sodium-ion,5.0,charge,11,late_80_100,0.8,1.0,0.19999999999999996,21,0.19507803721783684,1.0147237863992298,1.1264724139109603,1.225687789140693,1.0147237863992298,0.1950784306336799,3.5979487144872726,0.15382485464444015
TC23SIB09,SIB,sodium-ion,15.0,charge,11,late_80_100,0.8,1.0,0.19999999999999996,30,0.5790870919435145,11.654353591257241,1.7197535175732526,55.98008709804708,1.1726561148988546,0.26666490946152654,3.8819677801339045,0.45662745542806743
TC23SIB09,SIB,sodium-ion,25.0,charge,11,late_80_100,0.8,1.0,0.19999999999999996,41,1.268182815246286,15.572576238054467,2.5001491213224654,148.92811612063088,4.714595428614743,0.3312844047261869,3.9321985898840497,1.0
TC23SIB09,SIB,sodium-ion,35.0,charge,11,late_80_100,0.8,1.0,0.19999999999999996,36,0.37361023959444706,1.3207043754118202,1.7018529479018554,2.968541249434452,1.3207043754118202,0.37170158198629366,3.931044390150837,0.29460282468966476
TC23SIB09,SIB,sodium-ion,45.0,charge,11,late_80_100,0.8,1.0,0.19999999999999996,34,0.37973470337259546,1.410822317907516,1.8256524483974488,2.447149302697653,1.410822317907516,0.37785334174664964,3.9370981400544904,0.2994321471694517
TC23SIB09,SIB,sodium-ion,5.0,discharge,1,central_20_80,0.2,0.8,0.6000000000000001,53,0.909100171141507,1.543910051843797,1.623194930817931,1.7415660721665347,-1.543910051843797,-0.9087663979067102,3.16086289804833,0.9684452370332056
TC23SIB09,SIB,sodium-ion,15.0,discharge,1,central_20_80,0.2,0.8,0.6000000000000001,54,0.8882545014961714,1.5071969494956332,1.6856131292936283,1.852874098091462,-1.5071969494956332,-0.8875879242204499,3.1248389197653443,0.9462387848493455
TC23SIB09,SIB,sodium-ion,25.0,discharge,1,central_20_80,0.2,0.8,0.6000000000000001,54,0.9387212992306101,1.578620692481678,1.7585477719665477,2.0516299069554123,-1.578620692481678,-0.9375767540024298,3.1395974257025308,1.0
TC23SIB09,SIB,sodium-ion,35.0,discharge,1,central_20_80,0.2,0.8,0.6000000000000001,57,0.9320916125266157,1.5835468772718753,1.8319464852089027,2.174820351853782,-1.5835468772718753,-0.93108965395438,3.1150431829768253,0.9929375345915468
TC23SIB09,SIB,sodium-ion,45.0,discharge,1,central_20_80,0.2,0.8,0.6000000000000001,59,0.955273715320841,1.6319557218780285,1.8191479689470214,2.5602695888441076,-1.6319557218780285,-0.9539853011827599,3.1137433460909847,1.0176329397274757
TC23SIB09,SIB,sodium-ion,5.0,discharge,1,early_0_20,0.0,0.2,0.2,17,0.3583645958197687,1.9941196743092613,1.8514341904021308,2.5364169692739167,-1.9941196743092613,-0.3585076761844803,3.829106201887396,1.2716644146141476
TC23SIB09,SIB,sodium-ion,15.0,discharge,1,early_0_20,0.0,0.2,0.2,17,0.3444358707351787,1.9427164252767573,1.9729907713591217,2.1958203342987663,-1.9427164252767573,-0.34457949078720995,3.8173890177175744,1.222238036457292
TC23SIB09,SIB,sodium-ion,25.0,discharge,1,early_0_20,0.0,0.2,0.2,17,0.2818075206802927,1.5996207203441044,1.6952421475299388,2.187252538199221,-1.5996207203441044,-0.2819980550296304,3.838208343996328,1.0
TC23SIB09,SIB,sodium-ion,35.0,discharge,1,early_0_20,0.0,0.2,0.2,18,0.3687629287804009,2.081123885574017,2.2380633001843933,2.905738045220653,-2.081123885574017,-0.3690015144975005,3.858531348510545,1.3085631209919273
TC23SIB09,SIB,sodium-ion,45.0,discharge,1,early_0_20,0.0,0.2,0.2,19,0.37024060216614696,2.0576453287517777,2.269258458415294,3.1320226099681228,-2.0576453287517777,-0.3703370939191504,3.8590312144929193,1.313806676530044
TC23SIB09,SIB,sodium-ion,5.0,discharge,1,full,0.0,1.0,1.0,105,1.777006587179823,1.863616302712573,1.7331054585551158,3.8297194917339823,-1.863616302712573,-1.78051816612752,3.0132906803833617,0.904711800588577
TC23SIB09,SIB,sodium-ion,15.0,discharge,1,full,0.0,1.0,1.0,105,1.8866919403590638,2.033591200942177,1.7929518416395922,4.588946837341879,-2.033591200942177,-1.88927249046235,2.970486722755436,0.9605549438210805
TC23SIB09,SIB,sodium-ion,25.0,discharge,1,full,0.0,1.0,1.0,104,1.964168684462564,2.0712394667001046,1.813682971606596,4.901032127684047,-2.0712394667001046,-1.9678808792798201,2.95839097538806,1.0
TC23SIB09,SIB,sodium-ion,35.0,discharge,1,full,0.0,1.0,1.0,104,2.1308684619104,2.2244210631888626,1.8770874599255762,4.990351637393914,-2.2244210631888626,-2.1336835246253805,2.9852016315255314,1.0848703977242404
TC23SIB09,SIB,sodium-ion,45.0,discharge,1,full,0.0,1.0,1.0,105,2.2026430505866297,2.312495342907111,1.8661672606288278,5.1003415349497345,-2.312495342907111,-2.20485082809361,3.003694496810893,1.1214123654503314
TC23SIB09,SIB,sodium-ion,5.0,discharge,1,late_80_100,0.8,1.0,0.19999999999999996,35,0.4801587732745918,2.284355559252614,2.2150002007713994,3.8297194917339823,-2.284355559252614,-0.4840521418201398,2.3935709260458795,0.6860848291280608
TC23SIB09,SIB,sodium-ion,15.0,discharge,1,late_80_100,0.8,1.0,0.19999999999999996,34,0.6188928978302223,2.915066517542928,2.710261151814052,4.588946837341879,-2.915066517542928,-0.6219984163711603,2.301887968258629,0.8843179624952766
TC23SIB09,SIB,sodium-ion,25.0,discharge,1,late_80_100,0.8,1.0,0.19999999999999996,33,0.699853360530973,3.1202980271803185,2.739353530671565,4.901032127684047,-3.1202980271803185,-0.7046135434536,2.208632078923756,1.0
TC23SIB09,SIB,sodium-ion,35.0,discharge,1,late_80_100,0.8,1.0,0.19999999999999996,29,0.7836510137760783,3.5730134009245686,3.4874595815221596,4.990351637393914,-3.5730134009245686,-0.78741946759625,2.187929102613324,1.1197360161013281
TC23SIB09,SIB,sodium-ion,45.0,discharge,1,late_80_100,0.8,1.0,0.19999999999999996,27,0.8263302957485618,3.9789393395614514,4.070031340478394,5.1003415349497345,-3.9789393395614514,-0.8293948208483,2.161313765570748,1.1807191939774808
TC23SIB09,SIB,sodium-ion,5.0,discharge,5,central_20_80,0.2,0.8,0.6000000000000001,53,0.9106742132951421,1.5468131923584045,1.6298802550236644,1.7364934762731252,-1.5468131923584045,-0.9102927743885982,3.1610464952195008,0.9655297412494462
TC23SIB09,SIB,sodium-ion,15.0,discharge,5,central_20_80,0.2,0.8,0.6000000000000001,54,0.8908592015296345,1.5116463549668064,1.692464985918761,1.8648832767485999,-1.5116463549668064,-0.8902209236517118,3.1249647044939444,0.9445211490399678
TC23SIB09,SIB,sodium-ion,25.0,discharge,5,central_20_80,0.2,0.8,0.6000000000000001,54,0.943186081577023,1.5862814315675522,1.7562106787693352,2.0533254839111805,-1.5862814315675522,-0.9421177240360556,3.1396560781321594,1.0
TC23SIB09,SIB,sodium-ion,35.0,discharge,5,central_20_80,0.2,0.8,0.6000000000000001,57,0.9362318791442201,1.5907980650636255,1.8337514172961846,2.180234831788624,-1.5907980650636255,-0.9352108704554922,3.115049877610517,0.9926269030378657
TC23SIB09,SIB,sodium-ion,45.0,discharge,5,central_20_80,0.2,0.8,0.6000000000000001,59,0.9597287752395546,1.6392665136697608,1.8173592874088627,2.552761515025793,-1.6392665136697608,-0.9586789088645844,3.113654738642672,1.0175391621925463
TC23SIB09,SIB,sodium-ion,5.0,discharge,5,early_0_20,0.0,0.2,0.2,17,0.32997991327166404,1.80590678719937,1.831063531249697,2.2384889318782086,-1.80590678719937,-0.3300661944052208,3.827150906131855,1.274959970291976
TC23SIB09,SIB,sodium-ion,15.0,discharge,5,early_0_20,0.0,0.2,0.2,17,0.3202019536225367,1.778058128487162,1.914713688928117,2.077601642617111,-1.778058128487162,-0.32033554433315414,3.81548647173751,1.2371803763155869
TC23SIB09,SIB,sodium-ion,25.0,discharge,5,early_0_20,0.0,0.2,0.2,17,0.25881590086008427,1.436631996820666,1.3104156522384471,2.112662724533976,-1.436631996820666,-0.2589116107410012,3.8362223710663947,1.0
TC23SIB09,SIB,sodium-ion,35.0,discharge,5,early_0_20,0.0,0.2,0.2,18,0.33932605910514835,1.8766760039795893,1.8933803619157743,2.4383507630413135,-1.8766760039795893,-0.339517008788941,3.8564884066544574,1.3110711435329772
TC23SIB09,SIB,sodium-ion,45.0,discharge,5,early_0_20,0.0,0.2,0.2,19,0.3399788160172353,1.84908989363186,1.809704276553532,2.475796320920381,-1.84908989363186,-0.3401529989897307,3.857108683062273,1.3135932332110756
TC23SIB09,SIB,sodium-ion,5.0,discharge,5,full,0.0,1.0,1.0,105,1.7589634613728564,1.8748749964172446,1.7161949716821994,5.776410848910359,-1.8748749964172446,-1.7515806119916437,3.0131648148941017,0.901426456961242
TC23SIB09,SIB,sodium-ion,15.0,discharge,5,full,0.0,1.0,1.0,105,1.87078905033816,2.047255869277929,1.7807580973472739,6.375510571096015,-2.047255869277929,-1.864532471651677,2.9703837529134027,0.9587343810155154
TC23SIB09,SIB,sodium-ion,25.0,discharge,5,full,0.0,1.0,1.0,104,1.9513111111719736,2.0887834260026636,1.791036337607622,6.332918646565702,-2.0887834260026636,-1.9446990364610732,2.9582848445233028,1.0
TC23SIB09,SIB,sodium-ion,35.0,discharge,5,full,0.0,1.0,1.0,104,2.1067981656486845,2.2169344134336155,1.8716390362538533,5.623538272482335,-2.2169344134336155,-2.1038555842083997,2.9850641597975147,1.079683374725071
TC23SIB09,SIB,sodium-ion,45.0,discharge,5,full,0.0,1.0,1.0,105,2.1771127604909095,2.2941015599907324,1.858672961595147,6.430551539863757,-2.2941015599907324,-2.1725425258935562,3.0035776260401867,1.115717912959209
TC23SIB09,SIB,sodium-ion,5.0,discharge,5,late_80_100,0.8,1.0,0.19999999999999996,35,0.48864963582733584,2.4051531441835987,2.192079206800372,5.776410848910359,-2.4051531441835987,-0.4816099394491107,2.3938650260858725,0.6927658502648398
TC23SIB09,SIB,sodium-ion,15.0,discharge,5,late_80_100,0.8,1.0,0.19999999999999996,34,0.624504745001094,3.032528674167448,2.742194763887028,6.375510571096015,-3.032528674167448,-0.6187930257591905,2.3023214704028425,0.8853696574082407
TC23SIB09,SIB,sodium-ion,25.0,discharge,5,late_80_100,0.8,1.0,0.19999999999999996,33,0.7053604556871969,3.247016213747814,2.8970569137318307,6.332918646565702,-3.247016213747814,-0.6997482184175619,2.2092247061563093,1.0
TC23SIB09,SIB,sodium-ion,35.0,discharge,5,late_80_100,0.8,1.0,0.19999999999999996,29,0.7845052724338784,3.6588110764426456,3.678246519491836,5.623538272482335,-3.6588110764426456,-0.7824587440301065,2.1886909750124754,1.1122047828291914
TC23SIB09,SIB,sodium-ion,45.0,discharge,5,late_80_100,0.8,1.0,0.19999999999999996,27,0.8269692080628361,4.038193759759469,4.216035680587211,6.430551539863757,-4.038193759759469,-0.823187556488602,2.1624057843006943,1.1724065354034656
TC23SIB09,SIB,sodium-ion,5.0,discharge,11,central_20_80,0.2,0.8,0.6000000000000001,53,0.9160425736485056,1.5572077021213904,1.63154099541228,1.7284858369115454,-1.5572077021213904,-0.9158605795100474,3.1617514298125537,0.9551085529292004
TC23SIB09,SIB,sodium-ion,15.0,discharge,11,central_20_80,0.2,0.8,0.6000000000000001,54,0.9008083923663717,1.5288902009962764,1.7117828988570238,1.880947599203438,-1.5288902009962764,-0.9002325657579422,3.125466237372485,0.9392246876395254
TC23SIB09,SIB,sodium-ion,25.0,discharge,11,central_20_80,0.2,0.8,0.6000000000000001,54,0.9590978646763405,1.6130281901041017,1.7622324092007489,2.0061580545819027,-1.6130281901041017,-0.9583215980063282,3.1398431491892,1.0
TC23SIB09,SIB,sodium-ion,35.0,discharge,11,central_20_80,0.2,0.8,0.6000000000000001,57,0.9522597178083898,1.6177736199855592,1.8221018259337143,2.1863056350204886,-1.6177736199855592,-0.9513835230886336,3.1150523120227698,0.9928702303281028
TC23SIB09,SIB,sodium-ion,45.0,discharge,11,central_20_80,0.2,0.8,0.6000000000000001,59,0.9756195913336583,1.6651004342033986,1.808152234288002,2.4707416972438807,-1.6651004342033986,-0.9747474903739626,3.1133376451000347,1.0172263199260623
TC23SIB09,SIB,sodium-ion,5.0,discharge,11,early_0_20,0.0,0.2,0.2,17,0.29002025263226683,1.5947220585607393,1.7776086874196153,2.0296752304291488,-1.5947220585607393,-0.2900809123087389,3.819664504253966,1.2302775657922633
TC23SIB09,SIB,sodium-ion,15.0,discharge,11,early_0_20,0.0,0.2,0.2,17,0.2877200088815863,1.603898670606709,1.90601397291951,1.9932242350569709,-1.603898670606709,-0.2878202562313903,3.8082591484117176,1.2205198393692593
TC23SIB09,SIB,sodium-ion,25.0,discharge,11,early_0_20,0.0,0.2,0.2,17,0.2357356264116725,1.306684141146692,1.3877963427477198,2.008479051811463,-1.306684141146692,-0.23571820446406422,3.8293237896502017,1.0
TC23SIB09,SIB,sodium-ion,35.0,discharge,11,early_0_20,0.0,0.2,0.2,18,0.305130692813485,1.688014443436116,1.8862162686252049,2.302028415503827,-1.688014443436116,-0.30526084205574167,3.849331298271761,1.2943766602364366
TC23SIB09,SIB,sodium-ion,45.0,discharge,11,early_0_20,0.0,0.2,0.2,19,0.30708152692763596,1.6681242474009508,1.7996122521348923,2.3376179705302036,-1.6681242474009508,-0.30721217562634395,3.850618854806094,1.3026521769406627
TC23SIB09,SIB,sodium-ion,5.0,discharge,11,full,0.0,1.0,1.0,105,1.723426722491129,2.009698849665942,1.6784879630147884,9.46470121872494,-2.009698849665942,-1.7113542317917685,3.0127192321095837,0.8923764441377526
TC23SIB09,SIB,sodium-ion,15.0,discharge,11,full,0.0,1.0,1.0,105,1.8436069378570787,2.2005509612438736,1.767200118278538,10.580038252692134,-2.2005509612438736,-1.8322877684717032,2.9700409264009244,0.9546047894711455
TC23SIB09,SIB,sodium-ion,25.0,discharge,11,full,0.0,1.0,1.0,104,1.9312776954308428,2.204120995251563,1.7856531139571246,9.014286169015008,-2.204120995251563,-1.9202679271764986,2.9580604366622536,1.0
TC23SIB09,SIB,sodium-ion,35.0,discharge,11,full,0.0,1.0,1.0,104,2.0754152139474575,2.2958543038029435,1.8688843561219102,8.052078721112196,-2.2958543038029435,-2.0688352380806947,2.9847427066460055,1.0746332435038346
TC23SIB09,SIB,sodium-ion,45.0,discharge,11,full,0.0,1.0,1.0,105,2.144115002424269,2.3838371118694686,1.86275684285215,8.67735559709547,-2.3838371118694686,-2.1366090795490065,3.003374252801427,1.1102054393819036
TC23SIB09,SIB,sodium-ion,5.0,discharge,11,late_80_100,0.8,1.0,0.19999999999999996,35,0.4863113861285734,2.8964598859130755,2.2724469350223444,9.46470121872494,-2.8964598859130755,-0.47450361621466053,2.395097057689244,0.702305863490568
TC23SIB09,SIB,sodium-ion,15.0,discharge,11,late_80_100,0.8,1.0,0.19999999999999996,34,0.6191719155918651,3.5656324316615815,2.9184734785350415,10.580038252692134,-3.5656324316615815,-0.6083650991578984,2.304079850911285,0.8941761991027836
TC23SIB09,SIB,sodium-ion,25.0,discharge,11,late_80_100,0.8,1.0,0.19999999999999996,33,0.6924495599560156,3.6336797224559785,3.2195501427941338,9.014286169015008,-3.6336797224559785,-0.6822060393533445,2.2117651797758846,1.0
TC23SIB09,SIB,sodium-ion,35.0,discharge,11,late_80_100,0.8,1.0,0.19999999999999996,29,0.7712109150513469,4.005913492223419,3.8115534919772074,8.052078721112196,-4.005913492223419,-0.7653588672418923,2.191975735758449,1.113743093576858
TC23SIB09,SIB,sodium-ion,45.0,discharge,11,late_80_100,0.8,1.0,0.19999999999999996,27,0.8120723027793841,4.458059645469468,4.166935165624054,8.67735559709547,-4.458059645469468,-0.805250320134727,2.1668747126641454,1.1727530057654552
