member_path,file_name,cell_id,cell_family,chemistry_type,temperature_deg_c,voltage_v,ambient_temperature_from_file_deg_c,direction,segment_index,segment_capacity_ah,cumulative_capacity_ah,soc_fraction_by_capacity,ocv_voltage_v,ocv_temperature_mean_deg_c
raw_CU_diffT/TC23LFP09/TC23LFP09_05deg.parquet,TC23LFP09_05deg.parquet,TC23LFP09,LFP,lithium-ion,5.0,,5.0,discharge,0,0.0175072449127312,0.0175072449127312,0.010191469500680648,3.323465983171,5.6317053867403315
raw_CU_diffT/TC23LFP09/TC23LFP09_05deg.parquet,TC23LFP09_05deg.parquet,TC23LFP09,LFP,lithium-ion,5.0,,5.0,discharge,1,0.017507432914085,0.0350146778268162,0.020383048442342604,3.31488314419007,5.672753259668507
raw_CU_diffT/TC23LFP09/TC23LFP09_05deg.parquet,TC23LFP09_05deg.parquet,TC23LFP09,LFP,lithium-ion,5.0,,5.0,discharge,2,0.0175067738746427,0.0525214517014589,0.03057424373823909,3.31316657639388,5.688881906077349
raw_CU_diffT/TC23LFP09/TC23LFP09_05deg.parquet,TC23LFP09_05deg.parquet,TC23LFP09,LFP,lithium-ion,5.0,,5.0,discharge,3,0.017507269272518,0.0700287209739769,0.04076572741945045,3.31240365737336,5.688601519337017
raw_CU_diffT/TC23LFP09/TC23LFP09_05deg.parquet,TC23LFP09_05deg.parquet,TC23LFP09,LFP,lithium-ion,5.0,,5.0,discharge,4,0.0175068259740707,0.0875355469480476,0.05095695304391857,3.31183146810796,5.697014143646409
raw_CU_diffT/TC23LFP09/TC23LFP09_05deg.parquet,TC23LFP09_05deg.parquet,TC23LFP09,LFP,lithium-ion,5.0,,5.0,discharge,5,0.0175072049145047,0.1050427518625523,0.06114839926048412,3.3114500085977,5.693671104972376
raw_CU_diffT/TC23LFP09/TC23LFP09_05deg.parquet,TC23LFP09_05deg.parquet,TC23LFP09,LFP,lithium-ion,5.0,,5.0,discharge,6,0.0175072077117116,0.1225499595742639,0.07133984710538406,3.31106854908743,5.709284944751382
raw_CU_diffT/TC23LFP09/TC23LFP09_05deg.parquet,TC23LFP09_05deg.parquet,TC23LFP09,LFP,lithium-ion,5.0,,5.0,discharge,7,0.0175067577325343,0.1400567173067982,0.08153103300449617,3.31049635982204,5.694998121546962
raw_CU_diffT/TC23LFP09/TC23LFP09_05deg.parquet,TC23LFP09_05deg.parquet,TC23LFP09,LFP,lithium-ion,5.0,,5.0,discharge,8,0.0175067779365435,0.1575634952433417,0.09172223066494163,3.30992417055664,5.704060497237569
raw_CU_diffT/TC23LFP09/TC23LFP09_05deg.parquet,TC23LFP09_05deg.parquet,TC23LFP09,LFP,lithium-ion,5.0,,5.0,discharge,9,0.0175072645888689,0.1750707598322106,0.10191371161966649,3.30916125153612,5.701656657458564
raw_CU_diffT/TC23LFP09/TC23LFP09_05deg.parquet,TC23LFP09_05deg.parquet,TC23LFP09,LFP,lithium-ion,5.0,,5.0,discharge,10,0.0175071921727816,0.1925779520049922,0.1121051504189095,3.30858906227072,5.7090327900552476
raw_CU_diffT/TC23LFP09/TC23LFP09_05deg.parquet,TC23LFP09_05deg.parquet,TC23LFP09,LFP,lithium-ion,5.0,,5.0,discharge,11,0.0175072614963514,0.2100852135013436,0.12229662957339121,3.30782614325019,5.708596685082872
raw_CU_diffT/TC23LFP09/TC23LFP09_05deg.parquet,TC23LFP09_05deg.parquet,TC23LFP09,LFP,lithium-ion,5.0,,5.0,discharge,12,0.0175069525716122,0.2275921660729558,0.13248792889391997,3.30687249447453,5.717940662983425
raw_CU_diffT/TC23LFP09/TC23LFP09_05deg.parquet,TC23LFP09_05deg.parquet,TC23LFP09,LFP,lithium-ion,5.0,,5.0,discharge,13,0.01750729221315,0.2450994582861058,0.14267942592953134,3.30591884569888,5.709062099447514
raw_CU_diffT/TC23LFP09/TC23LFP09_05deg.parquet,TC23LFP09_05deg.parquet,TC23LFP09,LFP,lithium-ion,5.0,,5.0,discharge,14,0.0175072891381594,0.2626067474242652,0.15287092117510245,3.30515592667835,5.711883535911602
raw_CU_diffT/TC23LFP09/TC23LFP09_05deg.parquet,TC23LFP09_05deg.parquet,TC23LFP09,LFP,lithium-ion,5.0,,5.0,discharge,15,0.0175072168346422,0.2801139642589074,0.163062374330722,3.30401154814756,5.722428729281767
raw_CU_diffT/TC23LFP09/TC23LFP09_05deg.parquet,TC23LFP09_05deg.parquet,TC23LFP09,LFP,lithium-ion,5.0,,5.0,discharge,16,0.0175068077333747,0.2976207719922821,0.1732535893367577,3.30286716961677,5.70949825966851
raw_CU_diffT/TC23LFP09/TC23LFP09_05deg.parquet,TC23LFP09_05deg.parquet,TC23LFP09,LFP,lithium-ion,5.0,,5.0,discharge,17,0.0175070209512346,0.31512779294351667,0.1834449284630263,3.30153206133085,5.710002430939227
raw_CU_diffT/TC23LFP09/TC23LFP09_05deg.parquet,TC23LFP09_05deg.parquet,TC23LFP09,LFP,lithium-ion,5.0,,5.0,discharge,18,0.01750689196402,0.33263468490753667,0.19363619250213698,3.30019695304492,5.760899088397791
raw_CU_diffT/TC23LFP09/TC23LFP09_05deg.parquet,TC23LFP09_05deg.parquet,TC23LFP09,LFP,lithium-ion,5.0,,5.0,discharge,19,0.0175067700779308,0.35014145498546745,0.20382738558785854,3.2994340340244,6.250033591160221
raw_CU_diffT/TC23LFP09/TC23LFP09_05deg.parquet,TC23LFP09_05deg.parquet,TC23LFP09,LFP,lithium-ion,5.0,,5.0,discharge,20,0.0175072145302474,0.36764866951571484,0.21401883740202376,3.29828965549361,6.123291602209944
raw_CU_diffT/TC23LFP09/TC23LFP09_05deg.parquet,TC23LFP09_05deg.parquet,TC23LFP09,LFP,lithium-ion,5.0,,5.0,discharge,21,0.0175072586507006,0.3851559281664154,0.22421031489997048,3.29676381745255,5.695793038674034
raw_CU_diffT/TC23LFP09/TC23LFP09_05deg.parquet,TC23LFP09_05deg.parquet,TC23LFP09,LFP,lithium-ion,5.0,,5.0,discharge,22,0.0175071904481047,0.40266311861452014,0.23440175269522961,3.2946657901461,5.471658977900552
raw_CU_diffT/TC23LFP09/TC23LFP09_05deg.parquet,TC23LFP09_05deg.parquet,TC23LFP09,LFP,lithium-ion,5.0,,5.0,discharge,23,0.0175073034535289,0.42017042206804905,0.244593256274188,3.29294922234992,5.5116210773480665
raw_CU_diffT/TC23LFP09/TC23LFP09_05deg.parquet,TC23LFP09_05deg.parquet,TC23LFP09,LFP,lithium-ion,5.0,,5.0,discharge,24,0.0175073875513005,0.43767780961934954,0.2547848088088717,3.29142338430886,5.576165138121547
raw_CU_diffT/TC23LFP09/TC23LFP09_05deg.parquet,TC23LFP09_05deg.parquet,TC23LFP09,LFP,lithium-ion,5.0,,5.0,discharge,25,0.0175073514813883,0.45518516110073787,0.26497634034622486,3.29008827602294,5.6075311325966855
raw_CU_diffT/TC23LFP09/TC23LFP09_05deg.parquet,TC23LFP09_05deg.parquet,TC23LFP09,LFP,lithium-ion,5.0,,5.0,discharge,26,0.0175073387755309,0.47269249987626877,0.27516786448713393,3.28875316773702,5.6379572099447515
raw_CU_diffT/TC23LFP09/TC23LFP09_05deg.parquet,TC23LFP09_05deg.parquet,TC23LFP09,LFP,lithium-ion,5.0,,5.0,discharge,27,0.017507438355887,0.4901999382321558,0.28535944659662493,3.28741805945109,5.702238867403315
raw_CU_diffT/TC23LFP09/TC23LFP09_05deg.parquet,TC23LFP09_05deg.parquet,TC23LFP09,LFP,lithium-ion,5.0,,5.0,discharge,28,0.0175072351201104,0.5077071733522662,0.29555091039674014,3.28608295116517,5.687845414364641
raw_CU_diffT/TC23LFP09/TC23LFP09_05deg.parquet,TC23LFP09_05deg.parquet,TC23LFP09,LFP,lithium-ion,5.0,,5.0,discharge,29,0.0175072675127174,0.5252144408649836,0.305742393053521,3.28455711312412,5.687787486187845
raw_CU_diffT/TC23LFP09/TC23LFP09_05deg.parquet,TC23LFP09_05deg.parquet,TC23LFP09,LFP,lithium-ion,5.0,,5.0,discharge,30,0.0175067825112108,0.5427212233761944,0.3159335933770116,3.28341273459333,5.701899834254143
raw_CU_diffT/TC23LFP09/TC23LFP09_05deg.parquet,TC23LFP09_05deg.parquet,TC23LFP09,LFP,lithium-ion,5.0,,5.0,discharge,31,0.0175073248448706,0.560228548221065,0.32612510940848366,3.28188689655227,5.708151519337017
raw_CU_diffT/TC23LFP09/TC23LFP09_05deg.parquet,TC23LFP09_05deg.parquet,TC23LFP09,LFP,lithium-ion,5.0,,5.0,discharge,32,0.0175072849825421,0.5777358332036071,0.3363166022349507,3.28055178826635,5.709440027624309
raw_CU_diffT/TC23LFP09/TC23LFP09_05deg.parquet,TC23LFP09_05deg.parquet,TC23LFP09,LFP,lithium-ion,5.0,,5.0,discharge,33,0.0175069314086529,0.59524276461226,0.34650788923591375,3.27921667998043,5.711699254143645
raw_CU_diffT/TC23LFP09/TC23LFP09_05deg.parquet,TC23LFP09_05deg.parquet,TC23LFP09,LFP,lithium-ion,5.0,,5.0,discharge,34,0.0175068133132706,0.6127495779255306,0.3566991074901669,3.27788157169451,5.7194240883977905
raw_CU_diffT/TC23LFP09/TC23LFP09_05deg.parquet,TC23LFP09_05deg.parquet,TC23LFP09,LFP,lithium-ion,5.0,,5.0,discharge,35,0.0175073796687121,0.6302569575942427,0.36689065543616983,3.27654646340858,5.723019944751381
raw_CU_diffT/TC23LFP09/TC23LFP09_05deg.parquet,TC23LFP09_05deg.parquet,TC23LFP09,LFP,lithium-ion,5.0,,5.0,discharge,36,0.0175109793846511,0.6477679369788938,0.37708429888008727,3.27521135512266,5.726277044198896
raw_CU_diffT/TC23LFP09/TC23LFP09_05deg.parquet,TC23LFP09_05deg.parquet,TC23LFP09,LFP,lithium-ion,5.0,,5.0,discharge,37,0.0175142418700197,0.6652821788489135,0.3872798415103299,3.27387624683674,5.74782359116022
raw_CU_diffT/TC23LFP09/TC23LFP09_05deg.parquet,TC23LFP09_05deg.parquet,TC23LFP09,LFP,lithium-ion,5.0,,5.0,discharge,38,0.0175069280839266,0.6827891069328401,0.3974711265758744,3.27235040879569,5.726742900552487
raw_CU_diffT/TC23LFP09/TC23LFP09_05deg.parquet,TC23LFP09_05deg.parquet,TC23LFP09,LFP,lithium-ion,5.0,,5.0,discharge,39,0.017506806972696,0.7002959139055361,0.4076623411390973,3.27120603026489,5.717242928176796
raw_CU_diffT/TC23LFP09/TC23LFP09_05deg.parquet,TC23LFP09_05deg.parquet,TC23LFP09,LFP,lithium-ion,5.0,,5.0,discharge,40,0.0175072067835201,0.7178031206890563,0.4178537884436703,3.26968019222384,5.717214337016575
raw_CU_diffT/TC23LFP09/TC23LFP09_05deg.parquet,TC23LFP09_05deg.parquet,TC23LFP09,LFP,lithium-ion,5.0,,5.0,discharge,41,0.0175073920000869,0.7353105126891432,0.42804534356812024,3.26834508393792,5.728496685082873
raw_CU_diffT/TC23LFP09/TC23LFP09_05deg.parquet,TC23LFP09_05deg.parquet,TC23LFP09,LFP,lithium-ion,5.0,,5.0,discharge,42,0.0175071969192101,0.7528177096083533,0.43823678513039543,3.267009975652,5.725705193370166
raw_CU_diffT/TC23LFP09/TC23LFP09_05deg.parquet,TC23LFP09_05deg.parquet,TC23LFP09,LFP,lithium-ion,5.0,,5.0,discharge,43,0.0175073500486559,0.7703250596570091,0.44842831583371395,3.26567486736607,5.732839088397789
raw_CU_diffT/TC23LFP09/TC23LFP09_05deg.parquet,TC23LFP09_05deg.parquet,TC23LFP09,LFP,lithium-ion,5.0,,5.0,discharge,44,0.0175073606508022,0.7878324203078113,0.4586198527088459,3.26414902932502,5.71565361878453
raw_CU_diffT/TC23LFP09/TC23LFP09_05deg.parquet,TC23LFP09_05deg.parquet,TC23LFP09,LFP,lithium-ion,5.0,,5.0,discharge,45,0.0175072940642288,0.8053397143720401,0.46881135082202335,3.2628139210391,5.732218066298342
raw_CU_diffT/TC23LFP09/TC23LFP09_05deg.parquet,TC23LFP09_05deg.parquet,TC23LFP09,LFP,lithium-ion,5.0,,5.0,discharge,46,0.0175071996596333,0.8228469140316734,0.4790027939795775,3.26109735324291,5.722439309392264
raw_CU_diffT/TC23LFP09/TC23LFP09_05deg.parquet,TC23LFP09_05deg.parquet,TC23LFP09,LFP,lithium-ion,5.0,,5.0,discharge,47,0.0175068941332997,0.8403538081649731,0.4891940592814881,3.25957151520186,5.72376682320442
raw_CU_diffT/TC23LFP09/TC23LFP09_05deg.parquet,TC23LFP09_05deg.parquet,TC23LFP09,LFP,lithium-ion,5.0,,5.0,discharge,48,0.0175073272722153,0.8578611354371883,0.4993855767259871,3.25785494740567,5.722709309392265
raw_CU_diffT/TC23LFP09/TC23LFP09_05deg.parquet,TC23LFP09_05deg.parquet,TC23LFP09,LFP,lithium-ion,5.0,,5.0,discharge,49,0.0175113771569191,0.8753725125941074,0.5095794517245528,3.25632910936462,5.7238337292817665
raw_CU_diffT/TC23LFP09/TC23LFP09_05deg.parquet,TC23LFP09_05deg.parquet,TC23LFP09,LFP,lithium-ion,5.0,,5.0,discharge,50,0.0175117933690746,0.892884305963182,0.5197735690121542,3.2544218118133,5.721382872928176
raw_CU_diffT/TC23LFP09/TC23LFP09_05deg.parquet,TC23LFP09_05deg.parquet,TC23LFP09,LFP,lithium-ion,5.0,,5.0,discharge,51,0.0175087788503996,0.9103930848135816,0.5299659314619563,3.25270524401711,5.725395000000001
raw_CU_diffT/TC23LFP09/TC23LFP09_05deg.parquet,TC23LFP09_05deg.parquet,TC23LFP09,LFP,lithium-ion,5.0,,5.0,discharge,52,0.0175091435568253,0.9279022283704069,0.5401585062178312,3.2507979464658,5.721003701657458
raw_CU_diffT/TC23LFP09/TC23LFP09_05deg.parquet,TC23LFP09_05deg.parquet,TC23LFP09,LFP,lithium-ion,5.0,,5.0,discharge,53,0.0175076448131384,0.9454098731835453,0.550350208512011,3.24889064891448,5.734456767955801
raw_CU_diffT/TC23LFP09/TC23LFP09_05deg.parquet,TC23LFP09_05deg.parquet,TC23LFP09,LFP,lithium-ion,5.0,,5.0,discharge,54,0.0175075968612148,0.9629174700447601,0.5605418828920005,3.24698335136316,5.7348455801104965
raw_CU_diffT/TC23LFP09/TC23LFP09_05deg.parquet,TC23LFP09_05deg.parquet,TC23LFP09,LFP,lithium-ion,5.0,,5.0,discharge,55,0.0175086438041467,0.9804261138489069,0.5707341667275047,3.24488532405671,5.736832569060773
raw_CU_diffT/TC23LFP09/TC23LFP09_05deg.parquet,TC23LFP09_05deg.parquet,TC23LFP09,LFP,lithium-ion,5.0,,5.0,discharge,56,0.0175090387032564,0.9979351525521633,0.5809266804451091,3.24278729675026,5.731075303867404
raw_CU_diffT/TC23LFP09/TC23LFP09_05deg.parquet,TC23LFP09_05deg.parquet,TC23LFP09,LFP,lithium-ion,5.0,,5.0,discharge,57,0.0175073366688637,1.015442489221027,0.5911182033596667,3.24068926944381,5.727352292817679
raw_CU_diffT/TC23LFP09/TC23LFP09_05deg.parquet,TC23LFP09_05deg.parquet,TC23LFP09,LFP,lithium-ion,5.0,,5.0,discharge,58,0.0175067889890488,1.0329492782100758,0.6013094074540926,3.23840051238223,5.743007127071823
raw_CU_diffT/TC23LFP09/TC23LFP09_05deg.parquet,TC23LFP09_05deg.parquet,TC23LFP09,LFP,lithium-ion,5.0,,5.0,discharge,59,0.0175073566566037,1.0504566348666795,0.6115009420040871,3.23611175532065,5.7376077900552485
raw_CU_diffT/TC23LFP09/TC23LFP09_05deg.parquet,TC23LFP09_05deg.parquet,TC23LFP09,LFP,lithium-ion,5.0,,5.0,discharge,60,0.0175067679359551,1.0679634028026346,0.6216921338429031,3.23344153874881,5.75304864640884
raw_CU_diffT/TC23LFP09/TC23LFP09_05deg.parquet,TC23LFP09_05deg.parquet,TC23LFP09,LFP,lithium-ion,5.0,,5.0,discharge,61,0.0175080640020089,1.0854714668046435,0.6318840801589498,3.23115278168722,5.748947486187845
raw_CU_diffT/TC23LFP09/TC23LFP09_05deg.parquet,TC23LFP09_05deg.parquet,TC23LFP09,LFP,lithium-ion,5.0,,5.0,discharge,62,0.0175096660222137,1.102981132826857,0.6420769590569155,3.22867329487051,5.755054419889502
raw_CU_diffT/TC23LFP09/TC23LFP09_05deg.parquet,TC23LFP09_05deg.parquet,TC23LFP09,LFP,lithium-ion,5.0,,5.0,discharge,63,0.0175073781908888,1.1204885110177458,0.6522685061426351,3.22638453780893,5.756605635359116
raw_CU_diffT/TC23LFP09/TC23LFP09_05deg.parquet,TC23LFP09_05deg.parquet,TC23LFP09,LFP,lithium-ion,5.0,,5.0,discharge,64,0.0175068455379051,1.1379953565556509,0.6624597431557724,3.22390505099222,5.755364668508286
raw_CU_diffT/TC23LFP09/TC23LFP09_05deg.parquet,TC23LFP09_05deg.parquet,TC23LFP09,LFP,lithium-ion,5.0,,5.0,discharge,65,0.0175111991771143,1.155506555732765,0.6726535145471878,3.22180702368577,5.763913232044198
raw_CU_diffT/TC23LFP09/TC23LFP09_05deg.parquet,TC23LFP09_05deg.parquet,TC23LFP09,LFP,lithium-ion,5.0,,5.0,discharge,66,0.0175069400272369,1.173013495760002,0.6828448065652759,3.21970899637932,5.777211906077348
raw_CU_diffT/TC23LFP09/TC23LFP09_05deg.parquet,TC23LFP09_05deg.parquet,TC23LFP09,LFP,lithium-ion,5.0,,5.0,discharge,67,0.0175072324938501,1.1905207282538521,0.6930362688365697,3.21742023931774,5.777085662983426
raw_CU_diffT/TC23LFP09/TC23LFP09_05deg.parquet,TC23LFP09_05deg.parquet,TC23LFP09,LFP,lithium-ion,5.0,,5.0,discharge,68,0.0175069357213145,1.2080276639751666,0.7032275583480567,3.21551294176642,5.7858769337016565
raw_CU_diffT/TC23LFP09/TC23LFP09_05deg.parquet,TC23LFP09_05deg.parquet,TC23LFP09,LFP,lithium-ion,5.0,,5.0,discharge,69,0.0175069238255803,1.2255345878007469,0.7134188409346957,3.2136056442151,5.8023458839779
raw_CU_diffT/TC23LFP09/TC23LFP09_05deg.parquet,TC23LFP09_05deg.parquet,TC23LFP09,LFP,lithium-ion,5.0,,5.0,discharge,70,0.0175067973323971,1.2430413851331439,0.7236100498860238,3.21150761690865,5.805476243093923
raw_CU_diffT/TC23LFP09/TC23LFP09_05deg.parquet,TC23LFP09_05deg.parquet,TC23LFP09,LFP,lithium-ion,5.0,,5.0,discharge,71,0.0175072936913577,1.2605486788245015,0.7338015477821422,3.20960031935733,5.801909806629834
raw_CU_diffT/TC23LFP09/TC23LFP09_05deg.parquet,TC23LFP09_05deg.parquet,TC23LFP09,LFP,lithium-ion,5.0,,5.0,discharge,72,0.0175074290623336,1.278056107886835,0.7439931244815893,3.20769302180602,5.99937906077348
raw_CU_diffT/TC23LFP09/TC23LFP09_05deg.parquet,TC23LFP09_05deg.parquet,TC23LFP09,LFP,lithium-ion,5.0,,5.0,discharge,73,0.0175073168784101,1.2955634247652452,0.7541846358755561,3.20616718376496,6.333052348066298
raw_CU_diffT/TC23LFP09/TC23LFP09_05deg.parquet,TC23LFP09_05deg.parquet,TC23LFP09,LFP,lithium-ion,5.0,,5.0,discharge,74,0.0175069055703926,1.313070330335638,0.7643759078353266,3.20425988621365,6.028041049723756
raw_CU_diffT/TC23LFP09/TC23LFP09_05deg.parquet,TC23LFP09_05deg.parquet,TC23LFP09,LFP,lithium-ion,5.0,,5.0,discharge,75,0.017507349998,1.330577680333638,0.7745674385091569,3.2015896696418,5.680323370165746
raw_CU_diffT/TC23LFP09/TC23LFP09_05deg.parquet,TC23LFP09_05deg.parquet,TC23LFP09,LFP,lithium-ion,5.0,,5.0,discharge,76,0.0175073141862033,1.3480849945198412,0.7847589483359129,3.19853799355969,5.6524954696132585
raw_CU_diffT/TC23LFP09/TC23LFP09_05deg.parquet,TC23LFP09_05deg.parquet,TC23LFP09,LFP,lithium-ion,5.0,,5.0,discharge,77,0.017506855515324,1.3655918500351651,0.794950191157192,3.19548631747758,5.723621519337016
raw_CU_diffT/TC23LFP09/TC23LFP09_05deg.parquet,TC23LFP09_05deg.parquet,TC23LFP09,LFP,lithium-ion,5.0,,5.0,discharge,78,0.0175069440175954,1.3830987940527606,0.8051414854981822,3.19205318188521,5.743859447513812
raw_CU_diffT/TC23LFP09/TC23LFP09_05deg.parquet,TC23LFP09_05deg.parquet,TC23LFP09,LFP,lithium-ion,5.0,,5.0,discharge,79,0.0175073482072794,1.40060614226004,0.8153330151295827,3.18804785702745,5.779771187845305
raw_CU_diffT/TC23LFP09/TC23LFP09_05deg.parquet,TC23LFP09_05deg.parquet,TC23LFP09,LFP,lithium-ion,5.0,,5.0,discharge,80,0.0175140490988091,1.418120191358849,0.8255284455421734,3.18327961314915,5.809218038674032
raw_CU_diffT/TC23LFP09/TC23LFP09_05deg.parquet,TC23LFP09_05deg.parquet,TC23LFP09,LFP,lithium-ion,5.0,,5.0,discharge,81,0.0175139285858644,1.4356341199447133,0.8357238058007219,3.17774845025033,5.84446347107438
raw_CU_diffT/TC23LFP09/TC23LFP09_05deg.parquet,TC23LFP09_05deg.parquet,TC23LFP09,LFP,lithium-ion,5.0,,5.0,discharge,82,0.0175107225734248,1.4531448425181381,0.8459172997474573,3.17164509808611,5.86155861878453
raw_CU_diffT/TC23LFP09/TC23LFP09_05deg.parquet,TC23LFP09_05deg.parquet,TC23LFP09,LFP,lithium-ion,5.0,,5.0,discharge,83,0.0175147646791349,1.470659607197273,0.8561131467198839,3.16477882690137,5.870958815426997
raw_CU_diffT/TC23LFP09/TC23LFP09_05deg.parquet,TC23LFP09_05deg.parquet,TC23LFP09,LFP,lithium-ion,5.0,,5.0,discharge,84,0.0175100226400786,1.4881696298373517,0.8663062332153393,3.15676817718584,5.881358622589532
raw_CU_diffT/TC23LFP09/TC23LFP09_05deg.parquet,TC23LFP09_05deg.parquet,TC23LFP09,LFP,lithium-ion,5.0,,5.0,discharge,85,0.0175107944078782,1.50568042424523,0.8764997689789708,3.14761314893951,5.894232569060774
raw_CU_diffT/TC23LFP09/TC23LFP09_05deg.parquet,TC23LFP09_05deg.parquet,TC23LFP09,LFP,lithium-ion,5.0,,5.0,discharge,86,0.0175107306657302,1.5231911549109602,0.8866932676364693,3.13712301240726,5.913764005524863
raw_CU_diffT/TC23LFP09/TC23LFP09_05deg.parquet,TC23LFP09_05deg.parquet,TC23LFP09,LFP,lithium-ion,5.0,,5.0,discharge,87,0.0175147777227669,1.5407059326337271,0.8968891222019683,3.1247255783237,5.922545138121547
raw_CU_diffT/TC23LFP09/TC23LFP09_05deg.parquet,TC23LFP09_05deg.parquet,TC23LFP09,LFP,lithium-ion,5.0,,5.0,discharge,88,0.0175142421246766,1.5582201747584037,0.907084664980454,3.11023011693369,5.942851325966851
raw_CU_diffT/TC23LFP09/TC23LFP09_05deg.parquet,TC23LFP09_05deg.parquet,TC23LFP09,LFP,lithium-ion,5.0,,5.0,discharge,89,0.0175108719601404,1.5757310467185441,0.917278245889482,3.09306443897183,5.960821602209945
raw_CU_diffT/TC23LFP09/TC23LFP09_05deg.parquet,TC23LFP09_05deg.parquet,TC23LFP09,LFP,lithium-ion,5.0,,5.0,discharge,90,0.0175099484676706,1.5932409951862148,0.9274712892070508,3.07265635517273,5.969777541436464
raw_CU_diffT/TC23LFP09/TC23LFP09_05deg.parquet,TC23LFP09_05deg.parquet,TC23LFP09,LFP,lithium-ion,5.0,,5.0,discharge,91,0.0175142361220572,1.610755231308272,0.9376668284912396,3.04767075725047,5.99152814917127
raw_CU_diffT/TC23LFP09/TC23LFP09_05deg.parquet,TC23LFP09_05deg.parquet,TC23LFP09,LFP,lithium-ion,5.0,,5.0,discharge,92,0.0175106540576123,1.6282658853658842,0.947860282552955,3.01677253691912,6.00414861878453
raw_CU_diffT/TC23LFP09/TC23LFP09_05deg.parquet,TC23LFP09_05deg.parquet,TC23LFP09,LFP,lithium-ion,5.0,,5.0,discharge,93,0.0175142627156674,1.6457801480815517,0.9580558373180472,2.97633782883119,6.019815619834711
raw_CU_diffT/TC23LFP09/TC23LFP09_05deg.parquet,TC23LFP09_05deg.parquet,TC23LFP09,LFP,lithium-ion,5.0,,5.0,discharge,94,0.0157830408739997,1.6615631889555513,0.9672435981848865,2.93094414710983,5.99697541436464
raw_CU_diffT/TC23LFP09/TC23LFP09_05deg.parquet,TC23LFP09_05deg.parquet,TC23LFP09,LFP,lithium-ion,5.0,,5.0,discharge,95,0.012030281000977,1.6735934699565282,0.9742467698727925,2.893561115104,5.929175110497238
raw_CU_diffT/TC23LFP09/TC23LFP09_05deg.parquet,TC23LFP09_05deg.parquet,TC23LFP09,LFP,lithium-ion,5.0,,5.0,discharge,96,0.0096631868489154,1.6832566568054437,0.979871988149055,2.85827611040462,5.858136436464089
raw_CU_diffT/TC23LFP09/TC23LFP09_05deg.parquet,TC23LFP09_05deg.parquet,TC23LFP09,LFP,lithium-ion,5.0,,5.0,discharge,97,0.0079148086477435,1.691171465453187,0.9844794253180262,2.82489840325657,5.786497955801106
raw_CU_diffT/TC23LFP09/TC23LFP09_05deg.parquet,TC23LFP09_05deg.parquet,TC23LFP09,LFP,lithium-ion,5.0,,5.0,discharge,98,0.006488049414508,1.6976595148676952,0.9882563050073475,2.79361872341496,5.739361464088397
raw_CU_diffT/TC23LFP09/TC23LFP09_05deg.parquet,TC23LFP09_05deg.parquet,TC23LFP09,LFP,lithium-ion,5.0,,5.0,discharge,99,0.0053238869186205,1.7029834017863157,0.9913554923110413,2.76481853039006,5.699892900552487
raw_CU_diffT/TC23LFP09/TC23LFP09_05deg.parquet,TC23LFP09_05deg.parquet,TC23LFP09,LFP,lithium-ion,5.0,,5.0,discharge,100,0.0043523872255438,1.7073357890118595,0.9938891417736146,2.73830709442674,5.668751602209946
raw_CU_diffT/TC23LFP09/TC23LFP09_05deg.parquet,TC23LFP09_05deg.parquet,TC23LFP09,LFP,lithium-ion,5.0,,5.0,discharge,101,0.0035364138817728,1.7108722028936323,0.9959477897446418,2.71427514528014,5.634768011049724
raw_CU_diffT/TC23LFP09/TC23LFP09_05deg.parquet,TC23LFP09_05deg.parquet,TC23LFP09,LFP,lithium-ion,5.0,,5.0,discharge,102,0.0028542848935887,1.713726487787221,0.9976093508631539,2.69253195319512,5.616971850828729
raw_CU_diffT/TC23LFP09/TC23LFP09_05deg.parquet,TC23LFP09_05deg.parquet,TC23LFP09,LFP,lithium-ion,5.0,,5.0,discharge,103,0.0022841762046123,1.7160106639918333,0.9989390353588886,2.67250532890629,5.604817762430939
raw_CU_diffT/TC23LFP09/TC23LFP09_05deg.parquet,TC23LFP09_05deg.parquet,TC23LFP09,LFP,lithium-ion,5.0,,5.0,discharge,104,0.0018225603103106,1.717833224302144,0.9999999999999998,2.65419527241364,5.591636270718232
raw_CU_diffT/TC23LFP09/TC23LFP09_05deg.parquet,TC23LFP09_05deg.parquet,TC23LFP09,LFP,lithium-ion,5.0,,5.0,charge,0,0.0175170961627017,0.0175170961627017,0.04100625259923538,2.95631120454235,5.6435489226519335
raw_CU_diffT/TC23LFP09/TC23LFP09_05deg.parquet,TC23LFP09_05deg.parquet,TC23LFP09,LFP,lithium-ion,5.0,,5.0,charge,1,0.0175150769137259,0.0350321730764276,0.08200777828295958,3.05873308304811,5.6758749723756905
raw_CU_diffT/TC23LFP09/TC23LFP09_05deg.parquet,TC23LFP09_05deg.parquet,TC23LFP09,LFP,lithium-ion,5.0,,5.0,charge,2,0.0175137206241423,0.052545893700569904,0.12300612899106304,3.12815871391607,5.697683784530387
raw_CU_diffT/TC23LFP09/TC23LFP09_05deg.parquet,TC23LFP09_05deg.parquet,TC23LFP09,LFP,lithium-ion,5.0,,5.0,charge,3,0.0175138178611237,0.0700597115616936,0.16400470732389288,3.1811815858427,5.691897458563536
raw_CU_diffT/TC23LFP09/TC23LFP09_05deg.parquet,TC23LFP09_05deg.parquet,TC23LFP09,LFP,lithium-ion,5.0,,5.0,charge,4,0.0175174379348817,0.0875771494965753,0.20501175998703236,3.21303345494971,5.698865386740332
raw_CU_diffT/TC23LFP09/TC23LFP09_05deg.parquet,TC23LFP09_05deg.parquet,TC23LFP09,LFP,lithium-ion,5.0,,5.0,charge,5,0.017512887343392,0.1050900368399673,0.24600816004528978,3.22409578074735,5.707133618784529
raw_CU_diffT/TC23LFP09/TC23LFP09_05deg.parquet,TC23LFP09_05deg.parquet,TC23LFP09,LFP,lithium-ion,5.0,,5.0,charge,6,0.0175156177971843,0.1226056546371516,0.28701095189799064,3.23115278168722,5.717349944751381
raw_CU_diffT/TC23LFP09/TC23LFP09_05deg.parquet,TC23LFP09_05deg.parquet,TC23LFP09,LFP,lithium-ion,5.0,,5.0,charge,7,0.0175206079108462,0.14012626254799782,0.3280254252451251,3.23687467434118,5.721711574585636
raw_CU_diffT/TC23LFP09/TC23LFP09_05deg.parquet,TC23LFP09_05deg.parquet,TC23LFP09,LFP,lithium-ion,5.0,,5.0,charge,8,0.01355788372604,0.15368414627403781,0.35976344846639585,3.24049853968868,5.698555773480663
raw_CU_diffT/TC23LFP09/TC23LFP09_05deg.parquet,TC23LFP09_05deg.parquet,TC23LFP09,LFP,lithium-ion,5.0,,5.0,charge,9,0.0112755146475937,0.1649596609216315,0.3861586110853064,3.24316875626053,5.676485607734806
raw_CU_diffT/TC23LFP09/TC23LFP09_05deg.parquet,TC23LFP09_05deg.parquet,TC23LFP09,LFP,lithium-ion,5.0,,5.0,charge,10,0.0097965551627712,0.1747562160844027,0.40909163673497445,3.24545751332211,5.652079226519337
raw_CU_diffT/TC23LFP09/TC23LFP09_05deg.parquet,TC23LFP09_05deg.parquet,TC23LFP09,LFP,lithium-ion,5.0,,5.0,charge,11,0.0087466227618994,0.18350283884630209,0.4295668467260207,3.24774627038369,5.635028370165746
raw_CU_diffT/TC23LFP09/TC23LFP09_05deg.parquet,TC23LFP09_05deg.parquet,TC23LFP09,LFP,lithium-ion,5.0,,5.0,charge,12,0.0079554283966528,0.1914582672429549,0.44818992804830543,3.24946283817987,5.626771160220994
raw_CU_diffT/TC23LFP09/TC23LFP09_05deg.parquet,TC23LFP09_05deg.parquet,TC23LFP09,LFP,lithium-ion,5.0,,5.0,charge,13,0.0073763518928108,0.1988346191357657,0.46545743324254507,3.25098867622093,5.918299668508286
raw_CU_diffT/TC23LFP09/TC23LFP09_05deg.parquet,TC23LFP09_05deg.parquet,TC23LFP09,LFP,lithium-ion,5.0,,5.0,charge,14,0.0084420541184616,0.2072766732542273,0.48521967011232664,3.25365889279277,5.9474164917127075
raw_CU_diffT/TC23LFP09/TC23LFP09_05deg.parquet,TC23LFP09_05deg.parquet,TC23LFP09,LFP,lithium-ion,5.0,,5.0,charge,15,0.0077347431109656,0.2150114163651929,0.5033261431745566,3.25594764985435,5.546903176795579
raw_CU_diffT/TC23LFP09/TC23LFP09_05deg.parquet,TC23LFP09_05deg.parquet,TC23LFP09,LFP,lithium-ion,5.0,,5.0,charge,16,0.0056917017992272,0.2207031181644201,0.5166500045914729,3.25671056887488,5.419617624309392
raw_CU_diffT/TC23LFP09/TC23LFP09_05deg.parquet,TC23LFP09_05deg.parquet,TC23LFP09,LFP,lithium-ion,5.0,,5.0,charge,17,0.0050181725566106,0.2257212907210307,0.5283971828641523,3.25728275814028,5.454783232044199
raw_CU_diffT/TC23LFP09/TC23LFP09_05deg.parquet,TC23LFP09_05deg.parquet,TC23LFP09,LFP,lithium-ion,5.0,,5.0,charge,18,0.0048882272383541,0.2306095179593848,0.5398401685643287,3.25823640691593,5.494775801104972
raw_CU_diffT/TC23LFP09/TC23LFP09_05deg.parquet,TC23LFP09_05deg.parquet,TC23LFP09,LFP,lithium-ion,5.0,,5.0,charge,19,0.0048505393966476,0.2354600573560324,0.5511949297584237,3.25938078544673,5.522650966850829
raw_CU_diffT/TC23LFP09/TC23LFP09_05deg.parquet,TC23LFP09_05deg.parquet,TC23LFP09,LFP,lithium-ion,5.0,,5.0,charge,20,0.0047558281909455,0.2402158855469779,0.5623279788839813,3.26033443422238,5.5343602209944756
raw_CU_diffT/TC23LFP09/TC23LFP09_05deg.parquet,TC23LFP09_05deg.parquet,TC23LFP09,LFP,lithium-ion,5.0,,5.0,charge,21,0.0046301883251308,0.2448460738721087,0.5731669141891729,3.26128808299804,5.540321187845304
raw_CU_diffT/TC23LFP09/TC23LFP09_05deg.parquet,TC23LFP09_05deg.parquet,TC23LFP09,LFP,lithium-ion,5.0,,5.0,charge,22,0.0044741990566129,0.24932027292872158,0.5836406899217845,3.2622417317737,5.5565472375690605
raw_CU_diffT/TC23LFP09/TC23LFP09_05deg.parquet,TC23LFP09_05deg.parquet,TC23LFP09,LFP,lithium-ion,5.0,,5.0,charge,23,0.0043764462263347,0.25369671915505626,0.593885633363162,3.26338611030449,5.559977983425414
raw_CU_diffT/TC23LFP09/TC23LFP09_05deg.parquet,TC23LFP09_05deg.parquet,TC23LFP09,LFP,lithium-ion,5.0,,5.0,charge,24,0.0042116850582056,0.2579084042132619,0.6037448828506964,3.26433975908015,5.561529475138122
raw_CU_diffT/TC23LFP09/TC23LFP09_05deg.parquet,TC23LFP09_05deg.parquet,TC23LFP09,LFP,lithium-ion,5.0,,5.0,charge,25,0.0040859082350331,0.26199431244829496,0.6133096979106155,3.26529340785581,5.552301629834254
raw_CU_diffT/TC23LFP09/TC23LFP09_05deg.parquet,TC23LFP09_05deg.parquet,TC23LFP09,LFP,lithium-ion,5.0,,5.0,charge,26,0.0039334114306176,0.26592772387891256,0.6225175290033089,3.26624705663147,5.5644072099447515
raw_CU_diffT/TC23LFP09/TC23LFP09_05deg.parquet,TC23LFP09_05deg.parquet,TC23LFP09,LFP,lithium-ion,5.0,,5.0,charge,27,0.0038207524213871,0.26974847630029963,0.6314616335201374,3.267009975652,5.554570276243094
raw_CU_diffT/TC23LFP09/TC23LFP09_05deg.parquet,TC23LFP09_05deg.parquet,TC23LFP09,LFP,lithium-ion,5.0,,5.0,charge,28,0.0036942331768646,0.27344270947716426,0.6401095656547763,3.26796362442765,5.562313453038675
raw_CU_diffT/TC23LFP09/TC23LFP09_05deg.parquet,TC23LFP09_05deg.parquet,TC23LFP09,LFP,lithium-ion,5.0,,5.0,charge,29,0.003591674556682,0.2770343840338463,0.6485174154923051,3.26872654344818,5.561170303867403
raw_CU_diffT/TC23LFP09/TC23LFP09_05deg.parquet,TC23LFP09_05deg.parquet,TC23LFP09,LFP,lithium-ion,5.0,,5.0,charge,30,0.0034920604000317,0.280526444433878,0.6566920758084589,3.26948946246871,5.562285331491713
raw_CU_diffT/TC23LFP09/TC23LFP09_05deg.parquet,TC23LFP09_05deg.parquet,TC23LFP09,LFP,lithium-ion,5.0,,5.0,charge,31,0.0034030228229491,0.28392946725682705,0.6646583056094884,3.27025238148924,5.56248814917127
raw_CU_diffT/TC23LFP09/TC23LFP09_05deg.parquet,TC23LFP09_05deg.parquet,TC23LFP09,LFP,lithium-ion,5.0,,5.0,charge,32,0.0033131213227529,0.28724258857957996,0.6724140825139958,3.27120603026489,5.563700082872928
raw_CU_diffT/TC23LFP09/TC23LFP09_05deg.parquet,TC23LFP09_05deg.parquet,TC23LFP09,LFP,lithium-ion,5.0,,5.0,charge,33,0.0032233553181984,0.29046594389777836,0.6799597237074587,3.27177821953029,5.561954806629835
raw_CU_diffT/TC23LFP09/TC23LFP09_05deg.parquet,TC23LFP09_05deg.parquet,TC23LFP09,LFP,lithium-ion,5.0,,5.0,charge,34,0.0031438146956777,0.29360975859345606,0.6873191660681534,3.27235040879569,5.563215745856354
raw_CU_diffT/TC23LFP09/TC23LFP09_05deg.parquet,TC23LFP09_05deg.parquet,TC23LFP09,LFP,lithium-ion,5.0,,5.0,charge,35,0.0030701821215236,0.29667994071497966,0.6945062399091315,3.27311332781621,5.548841243093923
raw_CU_diffT/TC23LFP09/TC23LFP09_05deg.parquet,TC23LFP09_05deg.parquet,TC23LFP09,LFP,lithium-ion,5.0,,5.0,charge,36,0.0029668471823526,0.29964678789733223,0.7014514141465101,3.27387624683674,5.563729585635359
raw_CU_diffT/TC23LFP09/TC23LFP09_05deg.parquet,TC23LFP09_05deg.parquet,TC23LFP09,LFP,lithium-ion,5.0,,5.0,charge,37,0.0029228303726096,0.30256961826994183,0.7082935482223135,3.27463916585727,5.554870055248618
raw_CU_diffT/TC23LFP09/TC23LFP09_05deg.parquet,TC23LFP09_05deg.parquet,TC23LFP09,LFP,lithium-ion,5.0,,5.0,charge,38,0.0028537565937473,0.30542337486368915,0.7149739855877888,3.27521135512266,5.559377044198895
raw_CU_diffT/TC23LFP09/TC23LFP09_05deg.parquet,TC23LFP09_05deg.parquet,TC23LFP09,LFP,lithium-ion,5.0,,5.0,charge,39,0.0027959755751498,0.30821935043883897,0.7215191617762948,3.27578354438806,5.563079419889504
raw_CU_diffT/TC23LFP09/TC23LFP09_05deg.parquet,TC23LFP09_05deg.parquet,TC23LFP09,LFP,lithium-ion,5.0,,5.0,charge,40,0.0027446754396642,0.3109640258785032,0.7279442480655072,3.27635573365345,5.549656132596685
raw_CU_diffT/TC23LFP09/TC23LFP09_05deg.parquet,TC23LFP09_05deg.parquet,TC23LFP09,LFP,lithium-ion,5.0,,5.0,charge,41,0.002668264429348,0.31363229030785117,0.7341904617173093,3.27692792291885,5.560830662983426
raw_CU_diffT/TC23LFP09/TC23LFP09_05deg.parquet,TC23LFP09_05deg.parquet,TC23LFP09,LFP,lithium-ion,5.0,,5.0,charge,42,0.0026279155465665,0.31626020585441766,0.7403422215587272,3.27750011218424,5.57176455801105
raw_CU_diffT/TC23LFP09/TC23LFP09_05deg.parquet,TC23LFP09_05deg.parquet,TC23LFP09,LFP,lithium-ion,5.0,,5.0,charge,43,0.0026085620300663,0.318868767884484,0.7464486762206268,3.27807230144964,5.562983038674033
raw_CU_diffT/TC23LFP09/TC23LFP09_05deg.parquet,TC23LFP09_05deg.parquet,TC23LFP09,LFP,lithium-ion,5.0,,5.0,charge,44,0.0025505023764373,0.32141927026092126,0.7524192174411419,3.2784537609599,5.5540755801104975
raw_CU_diffT/TC23LFP09/TC23LFP09_05deg.parquet,TC23LFP09_05deg.parquet,TC23LFP09,LFP,lithium-ion,5.0,,5.0,charge,45,0.0024918209969664,0.32391109125788764,0.758252389805135,3.2790259502253,5.554231436464089
raw_CU_diffT/TC23LFP09/TC23LFP09_05deg.parquet,TC23LFP09_05deg.parquet,TC23LFP09,LFP,lithium-ion,5.0,,5.0,charge,46,0.0024442870603436,0.32635537831823125,0.7639742886684243,3.27959813949069,5.553734392265193
raw_CU_diffT/TC23LFP09/TC23LFP09_05deg.parquet,TC23LFP09_05deg.parquet,TC23LFP09,LFP,lithium-ion,5.0,,5.0,charge,47,0.0024068270292034,0.32876220534743467,0.7696084963136578,3.27997959900096,5.556575359116023
raw_CU_diffT/TC23LFP09/TC23LFP09_05deg.parquet,TC23LFP09_05deg.parquet,TC23LFP09,LFP,lithium-ion,5.0,,5.0,charge,48,0.0023679073055834,0.33113011265301806,0.7751515957065284,3.28055178826635,5.559126049723757
raw_CU_diffT/TC23LFP09/TC23LFP09_05deg.parquet,TC23LFP09_05deg.parquet,TC23LFP09,LFP,lithium-ion,5.0,,5.0,charge,49,0.0023397298816694,0.3334698425346875,0.7806287337921206,3.28112397753175,5.576105690607735
raw_CU_diffT/TC23LFP09/TC23LFP09_05deg.parquet,TC23LFP09_05deg.parquet,TC23LFP09,LFP,lithium-ion,5.0,,5.0,charge,50,0.0023322374266693,0.3358020799613568,0.7860883325835588,3.28150543704201,5.564824585635359
raw_CU_diffT/TC23LFP09/TC23LFP09_05deg.parquet,TC23LFP09_05deg.parquet,TC23LFP09,LFP,lithium-ion,5.0,,5.0,charge,51,0.0022872792001245,0.3380893591614813,0.7914426874249161,3.28188689655227,5.567373121546962
raw_CU_diffT/TC23LFP09/TC23LFP09_05deg.parquet,TC23LFP09_05deg.parquet,TC23LFP09,LFP,lithium-ion,5.0,,5.0,charge,52,0.002246326833658,0.3403356859951393,0.7967011757443188,3.28226835606254,5.560831602209945
raw_CU_diffT/TC23LFP09/TC23LFP09_05deg.parquet,TC23LFP09_05deg.parquet,TC23LFP09,LFP,lithium-ion,5.0,,5.0,charge,53,0.0022082388760499,0.3425439248711892,0.8018705029153118,3.2826498155728,5.56051091160221
raw_CU_diffT/TC23LFP09/TC23LFP09_05deg.parquet,TC23LFP09_05deg.parquet,TC23LFP09,LFP,lithium-ion,5.0,,5.0,charge,54,0.0021773279138356,0.3447212527850248,0.8069674697639735,3.2832220048382,5.5625849999999994
raw_CU_diffT/TC23LFP09/TC23LFP09_05deg.parquet,TC23LFP09_05deg.parquet,TC23LFP09,LFP,lithium-ion,5.0,,5.0,charge,55,0.0021489117533369,0.3468701645383617,0.811997916440314,3.28360346434846,5.561005331491713
raw_CU_diffT/TC23LFP09/TC23LFP09_05deg.parquet,TC23LFP09_05deg.parquet,TC23LFP09,LFP,lithium-ion,5.0,,5.0,charge,56,0.0021201270571678,0.3489902915955295,0.8169609802290377,3.28398492385872,5.568438977900553
raw_CU_diffT/TC23LFP09/TC23LFP09_05deg.parquet,TC23LFP09_05deg.parquet,TC23LFP09,LFP,lithium-ion,5.0,,5.0,charge,57,0.0020960914347308,0.3510863830302603,0.8218677783675716,3.28455711312412,5.560598370165746
raw_CU_diffT/TC23LFP09/TC23LFP09_05deg.parquet,TC23LFP09_05deg.parquet,TC23LFP09,LFP,lithium-ion,5.0,,5.0,charge,58,0.0020611263171304,0.3531475093473907,0.8266927256998323,3.28474784287925,5.571725690607734
raw_CU_diffT/TC23LFP09/TC23LFP09_05deg.parquet,TC23LFP09_05deg.parquet,TC23LFP09,LFP,lithium-ion,5.0,,5.0,charge,59,0.0020522861262484,0.3551997954736391,0.831496978785914,3.28512930238951,5.5611802486187845
raw_CU_diffT/TC23LFP09/TC23LFP09_05deg.parquet,TC23LFP09_05deg.parquet,TC23LFP09,LFP,lithium-ion,5.0,,5.0,charge,60,0.0020185066154668,0.35721830208910593,0.8362221564853606,3.28570149165491,5.559610027624309
raw_CU_diffT/TC23LFP09/TC23LFP09_05deg.parquet,TC23LFP09_05deg.parquet,TC23LFP09,LFP,lithium-ion,5.0,,5.0,charge,61,0.0019834098970373,0.35920171198614326,0.8408651753105305,3.28608295116517,5.571715220994475
raw_CU_diffT/TC23LFP09/TC23LFP09_05deg.parquet,TC23LFP09_05deg.parquet,TC23LFP09,LFP,lithium-ion,5.0,,5.0,charge,62,0.0019699705869397,0.36117168257308296,0.84547673368475,3.28646441067544,5.574302928176796
raw_CU_diffT/TC23LFP09/TC23LFP09_05deg.parquet,TC23LFP09_05deg.parquet,TC23LFP09,LFP,lithium-ion,5.0,,5.0,charge,63,0.0019467069851321,0.36311838955821507,0.8500338336531222,3.2868458701857,5.5568179005524865
raw_CU_diffT/TC23LFP09/TC23LFP09_05deg.parquet,TC23LFP09_05deg.parquet,TC23LFP09,LFP,lithium-ion,5.0,,5.0,charge,64,0.0019136914341826,0.36503208099239765,0.8545136466094599,3.28722732969596,5.560656546961327
raw_CU_diffT/TC23LFP09/TC23LFP09_05deg.parquet,TC23LFP09_05deg.parquet,TC23LFP09,LFP,lithium-ion,5.0,,5.0,charge,65,0.0018891471979615,0.36692122819035916,0.8589360032876001,3.28760878920623,5.573664392265194
raw_CU_diffT/TC23LFP09/TC23LFP09_05deg.parquet,TC23LFP09_05deg.parquet,TC23LFP09,LFP,lithium-ion,5.0,,5.0,charge,66,0.0018850206732366,0.36880624886359575,0.8633487000704211,3.28799024871649,5.569069226519337
raw_CU_diffT/TC23LFP09/TC23LFP09_05deg.parquet,TC23LFP09_05deg.parquet,TC23LFP09,LFP,lithium-ion,5.0,,5.0,charge,67,0.0018576465562811,0.3706638954198769,0.8676973160293355,3.28837170822675,5.568226795580111
raw_CU_diffT/TC23LFP09/TC23LFP09_05deg.parquet,TC23LFP09_05deg.parquet,TC23LFP09,LFP,lithium-ion,5.0,,5.0,charge,68,0.0018338149358416,0.3724977103557185,0.8719901438919517,3.28875316773702,5.568343867403315
raw_CU_diffT/TC23LFP09/TC23LFP09_05deg.parquet,TC23LFP09_05deg.parquet,TC23LFP09,LFP,lithium-ion,5.0,,5.0,charge,69,0.0018165104785531,0.37431422083427157,0.8762424632741624,3.28913462724728,5.5554711878453045
raw_CU_diffT/TC23LFP09/TC23LFP09_05deg.parquet,TC23LFP09_05deg.parquet,TC23LFP09,LFP,lithium-ion,5.0,,5.0,charge,70,0.0017837299851416,0.37609795081941316,0.8804180458969997,3.28951608675754,5.551051077348066
raw_CU_diffT/TC23LFP09/TC23LFP09_05deg.parquet,TC23LFP09_05deg.parquet,TC23LFP09,LFP,lithium-ion,5.0,,5.0,charge,71,0.0017558492936683,0.37785380011308145,0.8845283618416971,3.28989754626781,5.5913344475138125
raw_CU_diffT/TC23LFP09/TC23LFP09_05deg.parquet,TC23LFP09_05deg.parquet,TC23LFP09,LFP,lithium-ion,5.0,,5.0,charge,72,0.0017892511270149,0.37964305124009634,0.8887168690575257,3.29027900577807,6.059765138121547
raw_CU_diffT/TC23LFP09/TC23LFP09_05deg.parquet,TC23LFP09_05deg.parquet,TC23LFP09,LFP,lithium-ion,5.0,,5.0,charge,73,0.0022666438162278,0.38190969505632416,0.8940229179606903,3.2910419247986,6.031501104972376
raw_CU_diffT/TC23LFP09/TC23LFP09_05deg.parquet,TC23LFP09_05deg.parquet,TC23LFP09,LFP,lithium-ion,5.0,,5.0,charge,74,0.0022172723567169,0.3841269674130411,0.899213391855241,3.29180484381913,5.674459419889502
raw_CU_diffT/TC23LFP09/TC23LFP09_05deg.parquet,TC23LFP09_05deg.parquet,TC23LFP09,LFP,lithium-ion,5.0,,5.0,charge,75,0.001800744537908,0.3859277119509491,0.9034288043130076,3.29199557357426,5.363370745856354
raw_CU_diffT/TC23LFP09/TC23LFP09_05deg.parquet,TC23LFP09_05deg.parquet,TC23LFP09,LFP,lithium-ion,5.0,,5.0,charge,76,0.001490561084595,0.3874182730355441,0.906918099786514,3.29218630332939,5.336880745856354
raw_CU_diffT/TC23LFP09/TC23LFP09_05deg.parquet,TC23LFP09_05deg.parquet,TC23LFP09,LFP,lithium-ion,5.0,,5.0,charge,77,0.0014382775912679,0.388856550626812,0.9102850033912869,3.29237703308452,5.385780524861879
raw_CU_diffT/TC23LFP09/TC23LFP09_05deg.parquet,TC23LFP09_05deg.parquet,TC23LFP09,LFP,lithium-ion,5.0,,5.0,charge,78,0.0014610324659708,0.3903175830927828,0.9137051745086235,3.29256776283965,5.428245718232043
raw_CU_diffT/TC23LFP09/TC23LFP09_05deg.parquet,TC23LFP09_05deg.parquet,TC23LFP09,LFP,lithium-ion,5.0,,5.0,charge,79,0.0014845121790168,0.3918020952717996,0.9171803099325542,3.29275849259478,5.469894640883979
raw_CU_diffT/TC23LFP09/TC23LFP09_05deg.parquet,TC23LFP09_05deg.parquet,TC23LFP09,LFP,lithium-ion,5.0,,5.0,charge,80,0.0015045470927764,0.393306642364576,0.9207023456376046,3.29313995210505,5.478617237569061
raw_CU_diffT/TC23LFP09/TC23LFP09_05deg.parquet,TC23LFP09_05deg.parquet,TC23LFP09,LFP,lithium-ion,5.0,,5.0,charge,81,0.0015078674923492,0.39481450985692523,0.9242321541574152,3.29333068186018,5.502808453038675
raw_CU_diffT/TC23LFP09/TC23LFP09_05deg.parquet,TC23LFP09_05deg.parquet,TC23LFP09,LFP,lithium-ion,5.0,,5.0,charge,82,0.0015136418866972,0.39632815174362246,0.9277754801159065,3.29371214137044,5.52455138121547
raw_CU_diffT/TC23LFP09/TC23LFP09_05deg.parquet,TC23LFP09_05deg.parquet,TC23LFP09,LFP,lithium-ion,5.0,,5.0,charge,83,0.0015171587973097,0.39784531054093214,0.9313270389072603,3.29409360088071,5.5374721823204425
raw_CU_diffT/TC23LFP09/TC23LFP09_05deg.parquet,TC23LFP09_05deg.parquet,TC23LFP09,LFP,lithium-ion,5.0,,5.0,charge,84,0.0015128946098526,0.39935820515078474,0.9348686155448158,3.29447506039097,5.546593011049724
raw_CU_diffT/TC23LFP09/TC23LFP09_05deg.parquet,TC23LFP09_05deg.parquet,TC23LFP09,LFP,lithium-ion,5.0,,5.0,charge,85,0.001503561550495,0.40086176670127976,0.9383883441668106,3.2946657901461,5.547688453038675
raw_CU_diffT/TC23LFP09/TC23LFP09_05deg.parquet,TC23LFP09_05deg.parquet,TC23LFP09,LFP,lithium-ion,5.0,,5.0,charge,86,0.0014953544546801,0.40235712115595984,0.941888860572296,3.29504724965637,5.590432872928178
raw_CU_diffT/TC23LFP09/TC23LFP09_05deg.parquet,TC23LFP09_05deg.parquet,TC23LFP09,LFP,lithium-ion,5.0,,5.0,charge,87,0.0015128415029568,0.4038699626589166,0.9454303128904573,3.29561943892176,5.5639912983425415
raw_CU_diffT/TC23LFP09/TC23LFP09_05deg.parquet,TC23LFP09_05deg.parquet,TC23LFP09,LFP,lithium-ion,5.0,,5.0,charge,88,0.0014794013727751,0.4053493640316917,0.9488934842873719,3.29581016867689,5.544616104972376
raw_CU_diffT/TC23LFP09/TC23LFP09_05deg.parquet,TC23LFP09_05deg.parquet,TC23LFP09,LFP,lithium-ion,5.0,,5.0,charge,89,0.0014516962993458,0.40680106033103747,0.9522918001152599,3.29619162818716,5.549316408839779
raw_CU_diffT/TC23LFP09/TC23LFP09_05deg.parquet,TC23LFP09_05deg.parquet,TC23LFP09,LFP,lithium-ion,5.0,,5.0,charge,90,0.0014361608751516,0.40823722120618905,0.9556537486410094,3.29638235794229,5.569332486187845
raw_CU_diffT/TC23LFP09/TC23LFP09_05deg.parquet,TC23LFP09_05deg.parquet,TC23LFP09,LFP,lithium-ion,5.0,,5.0,charge,91,0.0014352807366195,0.4096725019428086,0.9590136368262415,3.29676381745255,5.553310331491714
raw_CU_diffT/TC23LFP09/TC23LFP09_05deg.parquet,TC23LFP09_05deg.parquet,TC23LFP09,LFP,lithium-ion,5.0,,5.0,charge,92,0.0014119985127366,0.4110845004555452,0.9623190230126979,3.29695454720768,5.56927364640884
raw_CU_diffT/TC23LFP09/TC23LFP09_05deg.parquet,TC23LFP09_05deg.parquet,TC23LFP09,LFP,lithium-ion,5.0,,5.0,charge,93,0.0014108978968821,0.41249539835242727,0.9656218327372038,3.29733600671795,5.568109447513812
raw_CU_diffT/TC23LFP09/TC23LFP09_05deg.parquet,TC23LFP09_05deg.parquet,TC23LFP09,LFP,lithium-ion,5.0,,5.0,charge,94,0.0014022780943177,0.41389767644674497,0.96890446412861,3.29752673647308,5.584259005524862
raw_CU_diffT/TC23LFP09/TC23LFP09_05deg.parquet,TC23LFP09_05deg.parquet,TC23LFP09,LFP,lithium-ion,5.0,,5.0,charge,95,0.0013932032602987,0.41529087970704365,0.9721658519912587,3.29790819598334,5.553145497237569
raw_CU_diffT/TC23LFP09/TC23LFP09_05deg.parquet,TC23LFP09_05deg.parquet,TC23LFP09,LFP,lithium-ion,5.0,,5.0,charge,96,0.0013671621262173,0.41665804183326094,0.9753662794463037,3.29828965549361,5.555179889502763
raw_CU_diffT/TC23LFP09/TC23LFP09_05deg.parquet,TC23LFP09_05deg.parquet,TC23LFP09,LFP,lithium-ion,5.0,,5.0,charge,97,0.0013507615845116,0.4180088034177725,0.9785283144218132,3.29867111500387,5.549084723756906
raw_CU_diffT/TC23LFP09/TC23LFP09_05deg.parquet,TC23LFP09_05deg.parquet,TC23LFP09,LFP,lithium-ion,5.0,,5.0,charge,98,0.0013355640423502,0.4193443674601227,0.9816547730525353,3.298861844759,5.562653093922652
raw_CU_diffT/TC23LFP09/TC23LFP09_05deg.parquet,TC23LFP09_05deg.parquet,TC23LFP09,LFP,lithium-ion,5.0,,5.0,charge,99,0.0013336313957221,0.42067799885584484,0.984776707497566,3.29905257451413,5.55249591160221
raw_CU_diffT/TC23LFP09/TC23LFP09_05deg.parquet,TC23LFP09_05deg.parquet,TC23LFP09,LFP,lithium-ion,5.0,,5.0,charge,100,0.001316914420757,0.4219949132766018,0.9878595087157336,3.2994340340244,5.573501546961327
raw_CU_diffT/TC23LFP09/TC23LFP09_05deg.parquet,TC23LFP09_05deg.parquet,TC23LFP09,LFP,lithium-ion,5.0,,5.0,charge,101,0.001315132183337,0.42331004545993883,0.9909381378452653,3.29962476377953,5.567867651933702
raw_CU_diffT/TC23LFP09/TC23LFP09_05deg.parquet,TC23LFP09_05deg.parquet,TC23LFP09,LFP,lithium-ion,5.0,,5.0,charge,102,0.0013015978358039,0.42461164329574275,0.9939850840480977,3.29981549353466,5.5687404696132585
raw_CU_diffT/TC23LFP09/TC23LFP09_05deg.parquet,TC23LFP09_05deg.parquet,TC23LFP09,LFP,lithium-ion,5.0,,5.0,charge,103,0.0012927155642334,0.42590435885997613,0.9970112374969089,3.30000622328979,5.554899447513813
raw_CU_diffT/TC23LFP09/TC23LFP09_05deg.parquet,TC23LFP09_05deg.parquet,TC23LFP09,LFP,lithium-ion,5.0,,5.0,charge,104,0.0012767428588464,0.4271811017188225,1.0,3.30019695304492,5.573499806629835
raw_CU_diffT/TC23LFP09/TC23LFP09_15deg.parquet,TC23LFP09_15deg.parquet,TC23LFP09,LFP,lithium-ion,15.0,,15.0,discharge,0,0.0178699511594431,0.0178699511594431,0.010043375578486865,3.32842495680442,15.528703259668507
raw_CU_diffT/TC23LFP09/TC23LFP09_15deg.parquet,TC23LFP09_15deg.parquet,TC23LFP09,LFP,lithium-ion,15.0,,15.0,discharge,1,0.0178721656176176,0.0357421167770607,0.02008799573984645,3.3186977392927,15.547943839779006
raw_CU_diffT/TC23LFP09/TC23LFP09_15deg.parquet,TC23LFP09_15deg.parquet,TC23LFP09,LFP,lithium-ion,15.0,,15.0,discharge,2,0.0178676455062883,0.053609762283349,0.030130075481518723,3.31812555002731,15.558696988950274
raw_CU_diffT/TC23LFP09/TC23LFP09_15deg.parquet,TC23LFP09_15deg.parquet,TC23LFP09,LFP,lithium-ion,15.0,,15.0,discharge,3,0.0178671885330696,0.07147695081641861,0.04017189839240149,3.31812555002731,15.56014508287293
raw_CU_diffT/TC23LFP09/TC23LFP09_15deg.parquet,TC23LFP09_15deg.parquet,TC23LFP09,LFP,lithium-ion,15.0,,15.0,discharge,4,0.0178679143372415,0.08934486515366011,0.05021412922403512,3.31831627978244,15.564660607734805
raw_CU_diffT/TC23LFP09/TC23LFP09_15deg.parquet,TC23LFP09_15deg.parquet,TC23LFP09,LFP,lithium-ion,15.0,,15.0,discharge,5,0.0178728385583476,0.1072177037120077,0.060259127595521475,3.31850700953757,15.559558839779003
raw_CU_diffT/TC23LFP09/TC23LFP09_15deg.parquet,TC23LFP09_15deg.parquet,TC23LFP09,LFP,lithium-ion,15.0,,15.0,discharge,6,0.0178723417341885,0.1250900454461962,0.07030384673895725,3.31850700953757,15.576370055248619
raw_CU_diffT/TC23LFP09/TC23LFP09_15deg.parquet,TC23LFP09_15deg.parquet,TC23LFP09,LFP,lithium-ion,15.0,,15.0,discharge,7,0.0178732564479629,0.1429633018941591,0.0803490799752353,3.31850700953757,15.565314696132598
raw_CU_diffT/TC23LFP09/TC23LFP09_15deg.parquet,TC23LFP09_15deg.parquet,TC23LFP09,LFP,lithium-ion,15.0,,15.0,discharge,8,0.0178733566842521,0.1608366585784112,0.0903943695469051,3.31850700953757,15.571354613259668
raw_CU_diffT/TC23LFP09/TC23LFP09_15deg.parquet,TC23LFP09_15deg.parquet,TC23LFP09,LFP,lithium-ion,15.0,,15.0,discharge,9,0.0178703990258258,0.178707057604237,0.10043799683790368,3.31850700953757,15.583444198895027
raw_CU_diffT/TC23LFP09/TC23LFP09_15deg.parquet,TC23LFP09_15deg.parquet,TC23LFP09,LFP,lithium-ion,15.0,,15.0,discharge,10,0.0178703599913683,0.1965774175956053,0.11048160219052572,3.31850700953757,15.566452127071825
raw_CU_diffT/TC23LFP09/TC23LFP09_15deg.parquet,TC23LFP09_15deg.parquet,TC23LFP09,LFP,lithium-ion,15.0,,15.0,discharge,11,0.017870676672256,0.2144480942678613,0.12052538552601214,3.31850700953757,15.574465027624312
raw_CU_diffT/TC23LFP09/TC23LFP09_15deg.parquet,TC23LFP09_15deg.parquet,TC23LFP09,LFP,lithium-ion,15.0,,15.0,discharge,12,0.0178720788360378,0.2323201731038991,0.1305699569138753,3.31831627978244,15.575008314917127
raw_CU_diffT/TC23LFP09/TC23LFP09_15deg.parquet,TC23LFP09_15deg.parquet,TC23LFP09,LFP,lithium-ion,15.0,,15.0,discharge,13,0.0178723609684051,0.2501925340723042,0.14061468686743916,3.31812555002731,15.577187872928178
raw_CU_diffT/TC23LFP09/TC23LFP09_15deg.parquet,TC23LFP09_15deg.parquet,TC23LFP09,LFP,lithium-ion,15.0,,15.0,discharge,14,0.017873023531674,0.2680655576039782,0.1506597891987278,3.31793482027218,15.581625635359115
raw_CU_diffT/TC23LFP09/TC23LFP09_15deg.parquet,TC23LFP09_15deg.parquet,TC23LFP09,LFP,lithium-ion,15.0,,15.0,discharge,15,0.0178698952976474,0.2859354529016256,0.16070313338143802,3.31774409051705,15.577231381215467
raw_CU_diffT/TC23LFP09/TC23LFP09_15deg.parquet,TC23LFP09_15deg.parquet,TC23LFP09,LFP,lithium-ion,15.0,,15.0,discharge,16,0.0178720277889785,0.3038074806906041,0.17074767607953117,3.31736263100678,15.588148701657458
raw_CU_diffT/TC23LFP09/TC23LFP09_15deg.parquet,TC23LFP09_15deg.parquet,TC23LFP09,LFP,lithium-ion,15.0,,15.0,discharge,17,0.0178711197577886,0.3216786004483927,0.18079170844056766,3.31679044174139,15.58994035911602
raw_CU_diffT/TC23LFP09/TC23LFP09_15deg.parquet,TC23LFP09_15deg.parquet,TC23LFP09,LFP,lithium-ion,15.0,,15.0,discharge,18,0.0178727458322219,0.3395513462806146,0.19083665469756877,3.31621825247599,15.58098767955801
raw_CU_diffT/TC23LFP09/TC23LFP09_15deg.parquet,TC23LFP09_15deg.parquet,TC23LFP09,LFP,lithium-ion,15.0,,15.0,discharge,19,0.0178711171393501,0.3574224634199647,0.20088068558697497,3.31545533345546,15.59284455801105
raw_CU_diffT/TC23LFP09/TC23LFP09_15deg.parquet,TC23LFP09_15deg.parquet,TC23LFP09,LFP,lithium-ion,15.0,,15.0,discharge,20,0.0178725788205168,0.3752950422404815,0.21092553797907038,3.31469241443494,15.578377127071823
raw_CU_diffT/TC23LFP09/TC23LFP09_15deg.parquet,TC23LFP09_15deg.parquet,TC23LFP09,LFP,lithium-ion,15.0,,15.0,discharge,21,0.0178725803866574,0.3931676226271389,0.22097039125137738,3.31373876565928,15.591887762430938
raw_CU_diffT/TC23LFP09/TC23LFP09_15deg.parquet,TC23LFP09_15deg.parquet,TC23LFP09,LFP,lithium-ion,15.0,,15.0,discharge,22,0.0178732596467775,0.4110408822739164,0.23101562628547212,3.31259438712849,15.585054806629833
raw_CU_diffT/TC23LFP09/TC23LFP09_15deg.parquet,TC23LFP09_15deg.parquet,TC23LFP09,LFP,lithium-ion,15.0,,15.0,discharge,23,0.0178728274266238,0.4289137097005402,0.24106061840064127,3.3114500085977,15.577016049723758
raw_CU_diffT/TC23LFP09/TC23LFP09_15deg.parquet,TC23LFP09_15deg.parquet,TC23LFP09,LFP,lithium-ion,15.0,,15.0,discharge,24,0.0178698628668917,0.4467835725674319,0.2511039443564265,3.30992417055664,15.5888373480663
raw_CU_diffT/TC23LFP09/TC23LFP09_15deg.parquet,TC23LFP09_15deg.parquet,TC23LFP09,LFP,lithium-ion,15.0,,15.0,discharge,25,0.017871633678695,0.4646552062461269,0.2611482655543286,3.30820760276046,15.585718453038673
raw_CU_diffT/TC23LFP09/TC23LFP09_15deg.parquet,TC23LFP09_15deg.parquet,TC23LFP09,LFP,lithium-ion,15.0,,15.0,discharge,26,0.0178730626149227,0.4825282688610496,0.27119338985141567,3.30649103496427,15.582133784530386
raw_CU_diffT/TC23LFP09/TC23LFP09_15deg.parquet,TC23LFP09_15deg.parquet,TC23LFP09,LFP,lithium-ion,15.0,,15.0,discharge,27,0.0178724350439621,0.5004007039050117,0.2812381614373619,3.30458373741295,15.582719889502762
raw_CU_diffT/TC23LFP09/TC23LFP09_15deg.parquet,TC23LFP09_15deg.parquet,TC23LFP09,LFP,lithium-ion,15.0,,15.0,discharge,28,0.0178732076736217,0.5182739115786333,0.2912833672611964,3.3024857101065,15.59811784530387
raw_CU_diffT/TC23LFP09/TC23LFP09_15deg.parquet,TC23LFP09_15deg.parquet,TC23LFP09,LFP,lithium-ion,15.0,,15.0,discharge,29,0.017871736882515,0.5361456484611483,0.3013277464623194,3.30019695304492,15.580350386740331
raw_CU_diffT/TC23LFP09/TC23LFP09_15deg.parquet,TC23LFP09_15deg.parquet,TC23LFP09,LFP,lithium-ion,15.0,,15.0,discharge,30,0.017871544413092,0.5540171928742403,0.31137201749063964,3.29790819598334,15.593214558011052
raw_CU_diffT/TC23LFP09/TC23LFP09_15deg.parquet,TC23LFP09_15deg.parquet,TC23LFP09,LFP,lithium-ion,15.0,,15.0,discharge,31,0.0178733501188832,0.5718905429931236,0.32141730337240204,3.29561943892176,15.583013314917128
raw_CU_diffT/TC23LFP09/TC23LFP09_15deg.parquet,TC23LFP09_15deg.parquet,TC23LFP09,LFP,lithium-ion,15.0,,15.0,discharge,32,0.0178705356044748,0.5897610785975984,0.3314610074241402,3.29333068186018,15.575791906077349
raw_CU_diffT/TC23LFP09/TC23LFP09_15deg.parquet,TC23LFP09_15deg.parquet,TC23LFP09,LFP,lithium-ion,15.0,,15.0,discharge,33,0.0178731652972902,0.6076342438948886,0.34150618943137845,3.29085119504347,15.585641022099445
raw_CU_diffT/TC23LFP09/TC23LFP09_15deg.parquet,TC23LFP09_15deg.parquet,TC23LFP09,LFP,lithium-ion,15.0,,15.0,discharge,34,0.0178726124308946,0.6255068563257832,0.351551060713377,3.28875316773702,15.578557596685084
raw_CU_diffT/TC23LFP09/TC23LFP09_15deg.parquet,TC23LFP09_15deg.parquet,TC23LFP09,LFP,lithium-ion,15.0,,15.0,discharge,35,0.0178721036076778,0.643378959933461,0.36159564602354366,3.28665514043057,15.578230414364642
raw_CU_diffT/TC23LFP09/TC23LFP09_15deg.parquet,TC23LFP09_15deg.parquet,TC23LFP09,LFP,lithium-ion,15.0,,15.0,discharge,36,0.0178718136343527,0.6612507735678137,0.3716400683611882,3.28493857263438,15.573594861878453
raw_CU_diffT/TC23LFP09/TC23LFP09_15deg.parquet,TC23LFP09_15deg.parquet,TC23LFP09,LFP,lithium-ion,15.0,,15.0,discharge,37,0.0178726527874599,0.6791234263552736,0.3816849623246222,3.28341273459333,15.566796519337016
raw_CU_diffT/TC23LFP09/TC23LFP09_15deg.parquet,TC23LFP09_15deg.parquet,TC23LFP09,LFP,lithium-ion,15.0,,15.0,discharge,38,0.017871905036736,0.6969953313920095,0.3917294360327744,3.28188689655227,15.571182513812156
raw_CU_diffT/TC23LFP09/TC23LFP09_15deg.parquet,TC23LFP09_15deg.parquet,TC23LFP09,LFP,lithium-ion,15.0,,15.0,discharge,39,0.0178713735878856,0.7148667049798951,0.4017736110529023,3.28074251802148,15.567167403314917
raw_CU_diffT/TC23LFP09/TC23LFP09_15deg.parquet,TC23LFP09_15deg.parquet,TC23LFP09,LFP,lithium-ion,15.0,,15.0,discharge,40,0.0178713614791065,0.7327380664590016,0.41181777926758273,3.27978886924582,15.564651160220995
raw_CU_diffT/TC23LFP09/TC23LFP09_15deg.parquet,TC23LFP09_15deg.parquet,TC23LFP09,LFP,lithium-ion,15.0,,15.0,discharge,41,0.0178711434327663,0.7506092098917679,0.42186182493457014,3.27883522047017,15.56366914364641
raw_CU_diffT/TC23LFP09/TC23LFP09_15deg.parquet,TC23LFP09_15deg.parquet,TC23LFP09,LFP,lithium-ion,15.0,,15.0,discharge,42,0.0178702448411124,0.7684794547328804,0.4319053655697647,3.27826303120477,15.574680303867403
raw_CU_diffT/TC23LFP09/TC23LFP09_15deg.parquet,TC23LFP09_15deg.parquet,TC23LFP09,LFP,lithium-ion,15.0,,15.0,discharge,43,0.0178715716746218,0.7863510264075022,0.4419496519197711,3.27769084193937,15.572483453038672
raw_CU_diffT/TC23LFP09/TC23LFP09_15deg.parquet,TC23LFP09_15deg.parquet,TC23LFP09,LFP,lithium-ion,15.0,,15.0,discharge,44,0.01787316863234,0.8042241950398422,0.4519948358013937,3.27692792291885,15.569761132596685
raw_CU_diffT/TC23LFP09/TC23LFP09_15deg.parquet,TC23LFP09_15deg.parquet,TC23LFP09,LFP,lithium-ion,15.0,,15.0,discharge,45,0.0178723954765753,0.8220965905164175,0.4620395851494433,3.27635573365345,15.557620027624308
raw_CU_diffT/TC23LFP09/TC23LFP09_15deg.parquet,TC23LFP09_15deg.parquet,TC23LFP09,LFP,lithium-ion,15.0,,15.0,discharge,46,0.0178720371312018,0.8399686276476193,0.47208413309810804,3.27578354438806,15.562850441988951
raw_CU_diffT/TC23LFP09/TC23LFP09_15deg.parquet,TC23LFP09_15deg.parquet,TC23LFP09,LFP,lithium-ion,15.0,,15.0,discharge,47,0.0178728779549761,0.8578415056025953,0.48212915361152037,3.27521135512266,15.56069674033149
raw_CU_diffT/TC23LFP09/TC23LFP09_15deg.parquet,TC23LFP09_15deg.parquet,TC23LFP09,LFP,lithium-ion,15.0,,15.0,discharge,48,0.0178719733026321,0.8757134789052274,0.4921736656868751,3.27463916585727,15.550795718232044
raw_CU_diffT/TC23LFP09/TC23LFP09_15deg.parquet,TC23LFP09_15deg.parquet,TC23LFP09,LFP,lithium-ion,15.0,,15.0,discharge,49,0.0178708795879389,0.8935843584931663,0.502217563066233,3.27406697659187,15.571208812154696
raw_CU_diffT/TC23LFP09/TC23LFP09_15deg.parquet,TC23LFP09_15deg.parquet,TC23LFP09,LFP,lithium-ion,15.0,,15.0,discharge,50,0.0178686063904816,0.9114529648836479,0.5122601828497193,3.27349478732648,15.567779005524862
raw_CU_diffT/TC23LFP09/TC23LFP09_15deg.parquet,TC23LFP09_15deg.parquet,TC23LFP09,LFP,lithium-ion,15.0,,15.0,discharge,51,0.0178715578633924,0.9293245227470404,0.5223044614374569,3.27273186830595,15.567347928176797
raw_CU_diffT/TC23LFP09/TC23LFP09_15deg.parquet,TC23LFP09_15deg.parquet,TC23LFP09,LFP,lithium-ion,15.0,,15.0,discharge,52,0.0178713769823891,0.9471958997294294,0.5323486383653837,3.27196894928542,15.567830193370169
raw_CU_diffT/TC23LFP09/TC23LFP09_15deg.parquet,TC23LFP09_15deg.parquet,TC23LFP09,LFP,lithium-ion,15.0,,15.0,discharge,53,0.0178716859003999,0.9650675856298293,0.5423929889132371,3.27101530050976,15.565098839779003
raw_CU_diffT/TC23LFP09/TC23LFP09_15deg.parquet,TC23LFP09_15deg.parquet,TC23LFP09,LFP,lithium-ion,15.0,,15.0,discharge,54,0.0178695603556726,0.9829371459855019,0.5524361448498788,3.26987092197897,15.565943397790058
raw_CU_diffT/TC23LFP09/TC23LFP09_15deg.parquet,TC23LFP09_15deg.parquet,TC23LFP09,LFP,lithium-ion,15.0,,15.0,discharge,55,0.0178721624960846,1.0008093084815866,0.562480763256856,3.26891727320331,15.569364779005525
raw_CU_diffT/TC23LFP09/TC23LFP09_15deg.parquet,TC23LFP09_15deg.parquet,TC23LFP09,LFP,lithium-ion,15.0,,15.0,discharge,56,0.0178718516080717,1.0186811600896584,0.5725252069367146,3.26758216491739,15.57511129834254
raw_CU_diffT/TC23LFP09/TC23LFP09_15deg.parquet,TC23LFP09_15deg.parquet,TC23LFP09,LFP,lithium-ion,15.0,,15.0,discharge,57,0.0178700120951974,1.0365511721848557,0.5825686167626742,3.26624705663147,15.56795135359116
raw_CU_diffT/TC23LFP09/TC23LFP09_15deg.parquet,TC23LFP09_15deg.parquet,TC23LFP09,LFP,lithium-ion,15.0,,15.0,discharge,58,0.0178686078190014,1.054419780003857,0.5926112373490257,3.26510267810068,15.584391629834252
raw_CU_diffT/TC23LFP09/TC23LFP09_15deg.parquet,TC23LFP09_15deg.parquet,TC23LFP09,LFP,lithium-ion,15.0,,15.0,discharge,59,0.0178700420120242,1.0722898220158812,0.6026546639890171,3.26338611030449,15.58227099447514
raw_CU_diffT/TC23LFP09/TC23LFP09_15deg.parquet,TC23LFP09_15deg.parquet,TC23LFP09,LFP,lithium-ion,15.0,,15.0,discharge,60,0.0178700348075818,1.090159856823463,0.6126980865799253,3.26205100201857,15.583624751381214
raw_CU_diffT/TC23LFP09/TC23LFP09_15deg.parquet,TC23LFP09_15deg.parquet,TC23LFP09,LFP,lithium-ion,15.0,,15.0,discharge,61,0.0178702307408053,1.1080300875642684,0.622741619290382,3.26014370446725,15.591267044198895
raw_CU_diffT/TC23LFP09/TC23LFP09_15deg.parquet,TC23LFP09_15deg.parquet,TC23LFP09,LFP,lithium-ion,15.0,,15.0,discharge,62,0.017870502780445,1.1259005903447135,0.632785304894165,3.25842713667107,15.591870607734807
raw_CU_diffT/TC23LFP09/TC23LFP09_15deg.parquet,TC23LFP09_15deg.parquet,TC23LFP09,LFP,lithium-ion,15.0,,15.0,discharge,63,0.0178721807291943,1.1437727710739078,0.6428299335486223,3.25671056887488,15.594127872928178
raw_CU_diffT/TC23LFP09/TC23LFP09_15deg.parquet,TC23LFP09_15deg.parquet,TC23LFP09,LFP,lithium-ion,15.0,,15.0,discharge,64,0.0178710417284687,1.1616438128023765,0.6528739220551592,3.25461254156843,15.595592569060774
raw_CU_diffT/TC23LFP09/TC23LFP09_15deg.parquet,TC23LFP09_15deg.parquet,TC23LFP09,LFP,lithium-ion,15.0,,15.0,discharge,65,0.0178722872128545,1.179516100015231,0.6629186105561925,3.25251451426198,15.602012486187844
raw_CU_diffT/TC23LFP09/TC23LFP09_15deg.parquet,TC23LFP09_15deg.parquet,TC23LFP09,LFP,lithium-ion,15.0,,15.0,discharge,66,0.0178730615118087,1.1973891615270398,0.672963734233301,3.2502257572004,15.603631795580112
raw_CU_diffT/TC23LFP09/TC23LFP09_15deg.parquet,TC23LFP09_15deg.parquet,TC23LFP09,LFP,lithium-ion,15.0,,15.0,discharge,67,0.0178698970778603,1.2152590586049001,0.683007079416537,3.24774627038369,15.606871325966852
raw_CU_diffT/TC23LFP09/TC23LFP09_15deg.parquet,TC23LFP09_15deg.parquet,TC23LFP09,LFP,lithium-ion,15.0,,15.0,discharge,68,0.017870845401988,1.2331299040068882,0.6930509575825048,3.24507605381184,15.606862513812155
raw_CU_diffT/TC23LFP09/TC23LFP09_15deg.parquet,TC23LFP09_15deg.parquet,TC23LFP09,LFP,lithium-ion,15.0,,15.0,discharge,69,0.017871543714279,1.251001447721167,0.703095228218074,3.24240583724,15.604708425414364
raw_CU_diffT/TC23LFP09/TC23LFP09_15deg.parquet,TC23LFP09_15deg.parquet,TC23LFP09,LFP,lithium-ion,15.0,,15.0,discharge,70,0.0178705698413683,1.2688720175625354,0.7131389515118335,3.23954489091302,15.616565220994476
raw_CU_diffT/TC23LFP09/TC23LFP09_15deg.parquet,TC23LFP09_15deg.parquet,TC23LFP09,LFP,lithium-ion,15.0,,15.0,discharge,71,0.0178704903716636,1.286742507934199,0.7231826301415597,3.23649321483091,15.614221629834253
raw_CU_diffT/TC23LFP09/TC23LFP09_15deg.parquet,TC23LFP09_15deg.parquet,TC23LFP09,LFP,lithium-ion,15.0,,15.0,discharge,72,0.0178716674270199,1.3046141753612188,0.7332269703068948,3.23344153874881,15.623647845303866
raw_CU_diffT/TC23LFP09/TC23LFP09_15deg.parquet,TC23LFP09_15deg.parquet,TC23LFP09,LFP,lithium-ion,15.0,,15.0,discharge,73,0.0178700807483616,1.3224842561095804,0.7432704187177116,3.23000840315643,15.641527403314917
raw_CU_diffT/TC23LFP09/TC23LFP09_15deg.parquet,TC23LFP09_15deg.parquet,TC23LFP09,LFP,lithium-ion,15.0,,15.0,discharge,74,0.0178728514389634,1.3403571075485439,0.7533154243284378,3.22638453780893,15.632816408839782
raw_CU_diffT/TC23LFP09/TC23LFP09_15deg.parquet,TC23LFP09_15deg.parquet,TC23LFP09,LFP,lithium-ion,15.0,,15.0,discharge,75,0.0178729754638351,1.358230083012379,0.7633604996443555,3.22237921295116,15.636667679558013
raw_CU_diffT/TC23LFP09/TC23LFP09_15deg.parquet,TC23LFP09_15deg.parquet,TC23LFP09,LFP,lithium-ion,15.0,,15.0,discharge,76,0.0178706985534182,1.3761007815657973,0.7734042952776221,3.21799242858313,15.634117707182321
raw_CU_diffT/TC23LFP09/TC23LFP09_15deg.parquet,TC23LFP09_15deg.parquet,TC23LFP09,LFP,lithium-ion,15.0,,15.0,discharge,77,0.0178706039623351,1.3939713855281324,0.783448037748249,3.21379637397023,15.644111657458563
raw_CU_diffT/TC23LFP09/TC23LFP09_15deg.parquet,TC23LFP09_15deg.parquet,TC23LFP09,LFP,lithium-ion,15.0,,15.0,discharge,78,0.017867176950552,1.4118385624786844,0.7934898541494568,3.20960031935733,15.64871309392265
raw_CU_diffT/TC23LFP09/TC23LFP09_15deg.parquet,TC23LFP09_15deg.parquet,TC23LFP09,LFP,lithium-ion,15.0,,15.0,discharge,79,0.0178677443442104,1.4297063068228948,0.8035319894406022,3.20597645400983,15.659690939226518
raw_CU_diffT/TC23LFP09/TC23LFP09_15deg.parquet,TC23LFP09_15deg.parquet,TC23LFP09,LFP,lithium-ion,15.0,,15.0,discharge,80,0.0178719412303157,1.4475782480532104,0.8135764834904841,3.20273404817259,15.662990718232045
raw_CU_diffT/TC23LFP09/TC23LFP09_15deg.parquet,TC23LFP09_15deg.parquet,TC23LFP09,LFP,lithium-ion,15.0,,15.0,discharge,81,0.0178731488107749,1.4654513968639853,0.8236216562318734,3.20025456135588,15.660707486187846
raw_CU_diffT/TC23LFP09/TC23LFP09_15deg.parquet,TC23LFP09_15deg.parquet,TC23LFP09,LFP,lithium-ion,15.0,,15.0,discharge,82,0.0178677106615692,1.4833191075255545,0.8336637725925018,3.19777507453917,15.669866795580111
raw_CU_diffT/TC23LFP09/TC23LFP09_15deg.parquet,TC23LFP09_15deg.parquet,TC23LFP09,LFP,lithium-ion,15.0,,15.0,discharge,83,0.017870088104672,1.5011891956302266,0.8437072251377558,3.19548631747758,15.651384944751381
raw_CU_diffT/TC23LFP09/TC23LFP09_15deg.parquet,TC23LFP09_15deg.parquet,TC23LFP09,LFP,lithium-ion,15.0,,15.0,discharge,84,0.0178713272415573,1.519060522871784,0.8537513741100464,3.193197560416,15.66375803867403
raw_CU_diffT/TC23LFP09/TC23LFP09_15deg.parquet,TC23LFP09_15deg.parquet,TC23LFP09,LFP,lithium-ion,15.0,,15.0,discharge,85,0.0178699436187544,1.5369304664905383,0.8637947454504707,3.19052734384416,15.656923895027624
raw_CU_diffT/TC23LFP09/TC23LFP09_15deg.parquet,TC23LFP09_15deg.parquet,TC23LFP09,LFP,lithium-ion,15.0,,15.0,discharge,86,0.0178723568887812,1.5548028233793196,0.8738394731111804,3.18747566776205,15.684342403314918
raw_CU_diffT/TC23LFP09/TC23LFP09_15deg.parquet,TC23LFP09_15deg.parquet,TC23LFP09,LFP,lithium-ion,15.0,,15.0,discharge,87,0.0178723372385026,1.5726751606178222,0.8838841897279242,3.18327961314915,15.683015662983427
raw_CU_diffT/TC23LFP09/TC23LFP09_15deg.parquet,TC23LFP09_15deg.parquet,TC23LFP09,LFP,lithium-ion,15.0,,15.0,discharge,88,0.0178734624291239,1.590548623046946,0.8939295387309519,3.17774845025033,15.696930276243098
raw_CU_diffT/TC23LFP09/TC23LFP09_15deg.parquet,TC23LFP09_15deg.parquet,TC23LFP09,LFP,lithium-ion,15.0,,15.0,discharge,89,0.0178705865409306,1.6084192095878767,0.903973271410298,3.16954707077966,15.711955674931128
raw_CU_diffT/TC23LFP09/TC23LFP09_15deg.parquet,TC23LFP09_15deg.parquet,TC23LFP09,LFP,lithium-ion,15.0,,15.0,discharge,90,0.0178726353830701,1.6262918449709467,0.9140181555920139,3.15791255571663,15.723280331491713
raw_CU_diffT/TC23LFP09/TC23LFP09_15deg.parquet,TC23LFP09_15deg.parquet,TC23LFP09,LFP,lithium-ion,15.0,,15.0,discharge,91,0.0178673711057769,1.6441592160767236,0.9240600811134888,3.14170052653043,15.734136629834254
raw_CU_diffT/TC23LFP09/TC23LFP09_15deg.parquet,TC23LFP09_15deg.parquet,TC23LFP09,LFP,lithium-ion,15.0,,15.0,discharge,92,0.0178686095963766,1.6620278256731003,0.9341027026987712,3.12033879395567,15.739633895027625
raw_CU_diffT/TC23LFP09/TC23LFP09_15deg.parquet,TC23LFP09_15deg.parquet,TC23LFP09,LFP,lithium-ion,15.0,,15.0,discharge,93,0.017873863302805,1.6799016889759053,0.9441482770031947,3.09306443897183,15.76949814917127
raw_CU_diffT/TC23LFP09/TC23LFP09_15deg.parquet,TC23LFP09_15deg.parquet,TC23LFP09,LFP,lithium-ion,15.0,,15.0,discharge,94,0.0178722762545597,1.697773965230465,0.9541929593453825,3.05777943427245,15.784620331491713
raw_CU_diffT/TC23LFP09/TC23LFP09_15deg.parquet,TC23LFP09_15deg.parquet,TC23LFP09,LFP,lithium-ion,15.0,,15.0,discharge,95,0.0178672503527844,1.7156412155832494,0.9642348170005468,3.01143210377543,15.800776187845303
raw_CU_diffT/TC23LFP09/TC23LFP09_15deg.parquet,TC23LFP09_15deg.parquet,TC23LFP09,LFP,lithium-ion,15.0,,15.0,discharge,96,0.0178671018909275,1.733508317474177,0.9742765912163007,2.94772836556142,15.821774751381218
raw_CU_diffT/TC23LFP09/TC23LFP09_15deg.parquet,TC23LFP09_15deg.parquet,TC23LFP09,LFP,lithium-ion,15.0,,15.0,discharge,97,0.0178706696629482,1.7513789871371253,0.9843203706123747,2.85312640701607,15.846684198895028
raw_CU_diffT/TC23LFP09/TC23LFP09_15deg.parquet,TC23LFP09_15deg.parquet,TC23LFP09,LFP,lithium-ion,15.0,,15.0,discharge,98,0.0135083063334547,1.76488729347058,0.9919123887844246,2.74116804075372,15.796261408839777
raw_CU_diffT/TC23LFP09/TC23LFP09_15deg.parquet,TC23LFP09_15deg.parquet,TC23LFP09,LFP,lithium-ion,15.0,,15.0,discharge,99,0.0059037035165509,1.770790996987131,0.9952304231311174,2.67307751817168,15.668918563535913
raw_CU_diffT/TC23LFP09/TC23LFP09_15deg.parquet,TC23LFP09_15deg.parquet,TC23LFP09,LFP,lithium-ion,15.0,,15.0,discharge,100,0.0030658358842521,1.773856832871383,0.9969535023366963,2.62825602571572,15.5745173480663
raw_CU_diffT/TC23LFP09/TC23LFP09_15deg.parquet,TC23LFP09_15deg.parquet,TC23LFP09,LFP,lithium-ion,15.0,,15.0,discharge,101,0.0018894643153184,1.7757462971867015,0.9980154302396645,2.60403334681398,15.529944005524861
raw_CU_diffT/TC23LFP09/TC23LFP09_15deg.parquet,TC23LFP09_15deg.parquet,TC23LFP09,LFP,lithium-ion,15.0,,15.0,discharge,102,0.0013967861960016,1.777143083382703,0.9988004602738332,2.59011007468936,15.505947237569059
raw_CU_diffT/TC23LFP09/TC23LFP09_15deg.parquet,TC23LFP09_15deg.parquet,TC23LFP09,LFP,lithium-ion,15.0,,15.0,discharge,103,0.0011435736066763,1.7782866569893794,0.9994431782718298,2.58095504644304,15.505621077348062
raw_CU_diffT/TC23LFP09/TC23LFP09_15deg.parquet,TC23LFP09_15deg.parquet,TC23LFP09,LFP,lithium-ion,15.0,,15.0,discharge,104,0.0009907403152623,1.7792773973046416,1.0000000000000004,2.57389804550316,15.50240552486188
raw_CU_diffT/TC23LFP09/TC23LFP09_15deg.parquet,TC23LFP09_15deg.parquet,TC23LFP09,LFP,lithium-ion,15.0,,15.0,charge,0,0.0178717067013347,0.0178717067013347,0.011097454260341477,2.92121692959811,15.521009143646408
raw_CU_diffT/TC23LFP09/TC23LFP09_15deg.parquet,TC23LFP09_15deg.parquet,TC23LFP09,LFP,lithium-ion,15.0,,15.0,charge,1,0.0178728737165502,0.0357445804178849,0.022195633179955376,3.02573683541031,15.544144060773482
raw_CU_diffT/TC23LFP09/TC23LFP09_15deg.parquet,TC23LFP09_15deg.parquet,TC23LFP09,LFP,lithium-ion,15.0,,15.0,charge,2,0.0178719027908284,0.0536164832087133,0.03329320920226529,3.09611611505393,15.551424558011052
raw_CU_diffT/TC23LFP09/TC23LFP09_15deg.parquet,TC23LFP09_15deg.parquet,TC23LFP09,LFP,lithium-ion,15.0,,15.0,charge,3,0.0178690264136743,0.0714855096223876,0.04438899913528689,3.1493297167357,15.535779421487602
raw_CU_diffT/TC23LFP09/TC23LFP09_15deg.parquet,TC23LFP09_15deg.parquet,TC23LFP09,LFP,lithium-ion,15.0,,15.0,charge,4,0.0178723126836345,0.0893578223060221,0.055486829680947224,3.19071807359929,15.542721519337016
raw_CU_diffT/TC23LFP09/TC23LFP09_15deg.parquet,TC23LFP09_15deg.parquet,TC23LFP09,LFP,lithium-ion,15.0,,15.0,charge,5,0.0178706095152474,0.1072284318212695,0.0665836026424837,3.217801698828,15.539146491712707
raw_CU_diffT/TC23LFP09/TC23LFP09_15deg.parquet,TC23LFP09_15deg.parquet,TC23LFP09,LFP,lithium-ion,15.0,,15.0,charge,6,0.0178716946711603,0.1251001264924298,0.07768104943267627,3.2256216187884,15.576628287292817
raw_CU_diffT/TC23LFP09/TC23LFP09_15deg.parquet,TC23LFP09_15deg.parquet,TC23LFP09,LFP,lithium-ion,15.0,,15.0,charge,7,0.0178699701759364,0.1429700966683662,0.08877742539582421,3.22829183536025,15.577377872928178
raw_CU_diffT/TC23LFP09/TC23LFP09_15deg.parquet,TC23LFP09_15deg.parquet,TC23LFP09,LFP,lithium-ion,15.0,,15.0,charge,8,0.0178690205269317,0.1608391171952979,0.09987321167346708,3.2303898626667,15.603149723756905
raw_CU_diffT/TC23LFP09/TC23LFP09_15deg.parquet,TC23LFP09_15deg.parquet,TC23LFP09,LFP,lithium-ion,15.0,,15.0,charge,9,0.017871725603289,0.1787108427985869,0.11097067767099611,3.23325080899367,15.603821712707182
raw_CU_diffT/TC23LFP09/TC23LFP09_15deg.parquet,TC23LFP09_15deg.parquet,TC23LFP09,LFP,lithium-ion,15.0,,15.0,charge,10,0.0178712117935881,0.196582054592175,0.12206782461787431,3.23744686360657,15.602658895027623
raw_CU_diffT/TC23LFP09/TC23LFP09_15deg.parquet,TC23LFP09_15deg.parquet,TC23LFP09,LFP,lithium-ion,15.0,,15.0,charge,11,0.0178696724564852,0.21445172704866022,0.13316401571182945,3.24221510748487,15.590888397790057
raw_CU_diffT/TC23LFP09/TC23LFP09_15deg.parquet,TC23LFP09_15deg.parquet,TC23LFP09,LFP,lithium-ion,15.0,,15.0,charge,12,0.0178668782537988,0.232318605302459,0.1442584717428147,3.24755554062856,15.602322458563538
raw_CU_diffT/TC23LFP09/TC23LFP09_15deg.parquet,TC23LFP09_15deg.parquet,TC23LFP09,LFP,lithium-ion,15.0,,15.0,charge,13,0.0178706015666292,0.2501892068690882,0.15535523976864868,3.25327743328251,15.601374613259667
raw_CU_diffT/TC23LFP09/TC23LFP09_15deg.parquet,TC23LFP09_15deg.parquet,TC23LFP09,LFP,lithium-ion,15.0,,15.0,charge,14,0.0178684917470851,0.2680576986161733,0.1664506976999137,3.25957151520186,15.59697135359116
raw_CU_diffT/TC23LFP09/TC23LFP09_15deg.parquet,TC23LFP09_15deg.parquet,TC23LFP09,LFP,lithium-ion,15.0,,15.0,charge,15,0.0178706431368328,0.2859283417530061,0.17754749153880744,3.26586559712121,15.591922596685084
raw_CU_diffT/TC23LFP09/TC23LFP09_15deg.parquet,TC23LFP09_15deg.parquet,TC23LFP09,LFP,lithium-ion,15.0,,15.0,charge,16,0.017867823891982,0.30379616564498807,0.18864253476477413,3.27158748977516,15.593429751381215
raw_CU_diffT/TC23LFP09/TC23LFP09_15deg.parquet,TC23LFP09_15deg.parquet,TC23LFP09,LFP,lithium-ion,15.0,,15.0,charge,17,0.0178683350773693,0.32166450072235736,0.19973789541182144,3.27692792291885,15.597307430939228
raw_CU_diffT/TC23LFP09/TC23LFP09_15deg.parquet,TC23LFP09_15deg.parquet,TC23LFP09,LFP,lithium-ion,15.0,,15.0,charge,18,0.0178696214097396,0.33953412213209694,0.21083405480824852,3.2826498155728,15.587485276243092
raw_CU_diffT/TC23LFP09/TC23LFP09_15deg.parquet,TC23LFP09_15deg.parquet,TC23LFP09,LFP,lithium-ion,15.0,,15.0,charge,19,0.0178701949385281,0.35740431707062503,0.22193057033795396,3.28799024871649,15.596377292817682
raw_CU_diffT/TC23LFP09/TC23LFP09_15deg.parquet,TC23LFP09_15deg.parquet,TC23LFP09,LFP,lithium-ion,15.0,,15.0,charge,20,0.0178693004975525,0.3752736175681775,0.23302653046363553,3.29294922234992,15.573810110497238
raw_CU_diffT/TC23LFP09/TC23LFP09_15deg.parquet,TC23LFP09_15deg.parquet,TC23LFP09,LFP,lithium-ion,15.0,,15.0,charge,21,0.0178708651699413,0.3931444827381188,0.24412346217421144,3.29638235794229,15.593119640883979
raw_CU_diffT/TC23LFP09/TC23LFP09_15deg.parquet,TC23LFP09_15deg.parquet,TC23LFP09,LFP,lithium-ion,15.0,,15.0,charge,22,0.0178700409559354,0.4110145236940542,0.255219882088271,3.29924330426926,15.591491602209945
raw_CU_diffT/TC23LFP09/TC23LFP09_15deg.parquet,TC23LFP09_15deg.parquet,TC23LFP09,LFP,lithium-ion,15.0,,15.0,charge,23,0.0178713241816405,0.4288858478756947,0.26631709882262344,3.30153206133085,15.596437071823203
raw_CU_diffT/TC23LFP09/TC23LFP09_15deg.parquet,TC23LFP09_15deg.parquet,TC23LFP09,LFP,lithium-ion,15.0,,15.0,charge,24,0.0178697271700917,0.44675557504578645,0.2774133238910476,3.30324862912703,15.592008895027623
raw_CU_diffT/TC23LFP09/TC23LFP09_15deg.parquet,TC23LFP09_15deg.parquet,TC23LFP09,LFP,lithium-ion,15.0,,15.0,charge,25,0.0178694721057927,0.46462504715157915,0.2885093905770386,3.30477446716809,15.612946325966849
raw_CU_diffT/TC23LFP09/TC23LFP09_15deg.parquet,TC23LFP09_15deg.parquet,TC23LFP09,LFP,lithium-ion,15.0,,15.0,charge,26,0.0178661305270913,0.48249117767867045,0.2996033823063724,3.30572811594374,15.612601187845303
raw_CU_diffT/TC23LFP09/TC23LFP09_15deg.parquet,TC23LFP09_15deg.parquet,TC23LFP09,LFP,lithium-ion,15.0,,15.0,charge,27,0.0178676098692744,0.5003587875479448,0.3106982926347234,3.30630030520914,15.608853867403315
raw_CU_diffT/TC23LFP09/TC23LFP09_15deg.parquet,TC23LFP09_15deg.parquet,TC23LFP09,LFP,lithium-ion,15.0,,15.0,charge,28,0.0178690963065955,0.5182278838545403,0.32179412596782475,3.30706322422967,15.601892071823205
raw_CU_diffT/TC23LFP09/TC23LFP09_15deg.parquet,TC23LFP09_15deg.parquet,TC23LFP09,LFP,lithium-ion,15.0,,15.0,charge,29,0.0178683560692298,0.5360962399237701,0.332889499649789,3.30763541349506,15.605320939226518
raw_CU_diffT/TC23LFP09/TC23LFP09_15deg.parquet,TC23LFP09_15deg.parquet,TC23LFP09,LFP,lithium-ion,15.0,,15.0,charge,30,0.0178692526144768,0.5539654925382469,0.3439854300424265,3.30820760276046,15.615755082872925
raw_CU_diffT/TC23LFP09/TC23LFP09_15deg.parquet,TC23LFP09_15deg.parquet,TC23LFP09,LFP,lithium-ion,15.0,,15.0,charge,31,0.0178689623381429,0.5718344548763898,0.3550811801876824,3.30858906227072,15.613204585635359
raw_CU_diffT/TC23LFP09/TC23LFP09_15deg.parquet,TC23LFP09_15deg.parquet,TC23LFP09,LFP,lithium-ion,15.0,,15.0,charge,32,0.0178685374673255,0.5897029923437154,0.36617666650897673,3.30897052178098,15.618547375690607
raw_CU_diffT/TC23LFP09/TC23LFP09_15deg.parquet,TC23LFP09_15deg.parquet,TC23LFP09,LFP,lithium-ion,15.0,,15.0,charge,33,0.0178684890262239,0.6075714813699393,0.3772721227507203,3.30954271104638,15.619512209944752
raw_CU_diffT/TC23LFP09/TC23LFP09_15deg.parquet,TC23LFP09_15deg.parquet,TC23LFP09,LFP,lithium-ion,15.0,,15.0,charge,34,0.0178708059943115,0.6254422873642508,0.3883690177161293,3.30992417055664,15.615393093922654
raw_CU_diffT/TC23LFP09/TC23LFP09_15deg.parquet,TC23LFP09_15deg.parquet,TC23LFP09,LFP,lithium-ion,15.0,,15.0,charge,35,0.0178690525035857,0.6433113398678365,0.39946482384970766,3.31049635982204,15.631256215469614
raw_CU_diffT/TC23LFP09/TC23LFP09_15deg.parquet,TC23LFP09_15deg.parquet,TC23LFP09,LFP,lithium-ion,15.0,,15.0,charge,36,0.0178686791946225,0.661180019062459,0.4105603981767097,3.31125927884257,15.63297917127072
raw_CU_diffT/TC23LFP09/TC23LFP09_15deg.parquet,TC23LFP09_15deg.parquet,TC23LFP09,LFP,lithium-ion,15.0,,15.0,charge,37,0.0178686196390074,0.6790486387014665,0.42165593552259256,3.31183146810796,15.62242455801105
raw_CU_diffT/TC23LFP09/TC23LFP09_15deg.parquet,TC23LFP09_15deg.parquet,TC23LFP09,LFP,lithium-ion,15.0,,15.0,charge,38,0.0178705396572169,0.6969191783586833,0.43275266510571464,3.31259438712849,15.638820994475141
raw_CU_diffT/TC23LFP09/TC23LFP09_15deg.parquet,TC23LFP09_15deg.parquet,TC23LFP09,LFP,lithium-ion,15.0,,15.0,charge,39,0.0178714592808907,0.7147906376395741,0.44384996573008245,3.31354803590415,15.62757737569061
raw_CU_diffT/TC23LFP09/TC23LFP09_15deg.parquet,TC23LFP09_15deg.parquet,TC23LFP09,LFP,lithium-ion,15.0,,15.0,charge,40,0.0178681325752864,0.7326587702148605,0.45494520063325766,3.31488314419007,15.637865690607736
raw_CU_diffT/TC23LFP09/TC23LFP09_15deg.parquet,TC23LFP09_15deg.parquet,TC23LFP09,LFP,lithium-ion,15.0,,15.0,charge,41,0.0178704760023203,0.7505292462171808,0.46604189068980767,3.31621825247599,15.627981906077347
raw_CU_diffT/TC23LFP09/TC23LFP09_15deg.parquet,TC23LFP09_15deg.parquet,TC23LFP09,LFP,lithium-ion,15.0,,15.0,charge,42,0.0178690624667045,0.7683983086838853,0.47713770300999464,3.31812555002731,15.642155662983424
raw_CU_diffT/TC23LFP09/TC23LFP09_15deg.parquet,TC23LFP09_15deg.parquet,TC23LFP09,LFP,lithium-ion,15.0,,15.0,charge,43,0.0178671620953296,0.7862654707792148,0.4882323352926641,3.32003284757863,15.644405911602211
raw_CU_diffT/TC23LFP09/TC23LFP09_15deg.parquet,TC23LFP09_15deg.parquet,TC23LFP09,LFP,lithium-ion,15.0,,15.0,charge,44,0.0178711290263398,0.8041365998055546,0.49932943084513615,3.32270306415047,15.627724419889503
raw_CU_diffT/TC23LFP09/TC23LFP09_15deg.parquet,TC23LFP09_15deg.parquet,TC23LFP09,LFP,lithium-ion,15.0,,15.0,charge,45,0.0178696030382897,0.8220062028438443,0.5104255788337929,3.32556401047745,15.635460939226519
raw_CU_diffT/TC23LFP09/TC23LFP09_15deg.parquet,TC23LFP09_15deg.parquet,TC23LFP09,LFP,lithium-ion,15.0,,15.0,charge,46,0.0178674951618105,0.8398736980056548,0.5215204179344288,3.32823422704929,15.636245276243093
raw_CU_diffT/TC23LFP09/TC23LFP09_15deg.parquet,TC23LFP09_15deg.parquet,TC23LFP09,LFP,lithium-ion,15.0,,15.0,charge,47,0.0178673749907022,0.857741072996357,0.5326151824146941,3.33052298411087,15.645887154696132
raw_CU_diffT/TC23LFP09/TC23LFP09_15deg.parquet,TC23LFP09_15deg.parquet,TC23LFP09,LFP,lithium-ion,15.0,,15.0,charge,48,0.017869056324916,0.875610129321273,0.5437109909211313,3.33262101141732,15.628869475138124
raw_CU_diffT/TC23LFP09/TC23LFP09_15deg.parquet,TC23LFP09_15deg.parquet,TC23LFP09,LFP,lithium-ion,15.0,,15.0,charge,49,0.0178706911738833,0.8934808204951563,0.5548078145886799,3.33414684945838,15.641441243093922
raw_CU_diffT/TC23LFP09/TC23LFP09_15deg.parquet,TC23LFP09_15deg.parquet,TC23LFP09,LFP,lithium-ion,15.0,,15.0,charge,50,0.0178666764272407,0.911347496922397,0.5659021452952608,3.3354819577443,15.63580546961326
raw_CU_diffT/TC23LFP09/TC23LFP09_15deg.parquet,TC23LFP09_15deg.parquet,TC23LFP09,LFP,lithium-ion,15.0,,15.0,charge,51,0.017868967257222,0.929216464179619,0.5769978984950238,3.33662633627509,15.627792790055251
raw_CU_diffT/TC23LFP09/TC23LFP09_15deg.parquet,TC23LFP09_15deg.parquet,TC23LFP09,LFP,lithium-ion,15.0,,15.0,charge,52,0.0178678040252665,0.9470842682048856,0.5880929293847336,3.33757998505075,15.629412154696134
raw_CU_diffT/TC23LFP09/TC23LFP09_15deg.parquet,TC23LFP09_15deg.parquet,TC23LFP09,LFP,lithium-ion,15.0,,15.0,charge,53,0.0178671583147409,0.9649514265196265,0.5991875593198426,3.33834290407128,15.622278342541437
raw_CU_diffT/TC23LFP09/TC23LFP09_15deg.parquet,TC23LFP09_15deg.parquet,TC23LFP09,LFP,lithium-ion,15.0,,15.0,charge,54,0.0178692436530937,0.9828206701727202,0.6102834841479003,3.3391058230918,15.631161740331493
raw_CU_diffT/TC23LFP09/TC23LFP09_15deg.parquet,TC23LFP09_15deg.parquet,TC23LFP09,LFP,lithium-ion,15.0,,15.0,charge,55,0.0178706424090649,1.0006913125817851,0.6213802775348859,3.33986874211233,15.63021359116022
raw_CU_diffT/TC23LFP09/TC23LFP09_15deg.parquet,TC23LFP09_15deg.parquet,TC23LFP09,LFP,lithium-ion,15.0,,15.0,charge,56,0.0178690528110164,1.0185603653928015,0.6324760838593636,3.34044093137773,15.62326859116022
raw_CU_diffT/TC23LFP09/TC23LFP09_15deg.parquet,TC23LFP09_15deg.parquet,TC23LFP09,LFP,lithium-ion,15.0,,15.0,charge,57,0.0178718414110845,1.036432206803886,0.6435736217678598,3.34101312064312,15.611326160220992
raw_CU_diffT/TC23LFP09/TC23LFP09_15deg.parquet,TC23LFP09_15deg.parquet,TC23LFP09,LFP,lithium-ion,15.0,,15.0,charge,58,0.0178692222678857,1.0543014290717718,0.6546695333167512,3.34158530990852,15.612438204419888
raw_CU_diffT/TC23LFP09/TC23LFP09_15deg.parquet,TC23LFP09_15deg.parquet,TC23LFP09,LFP,lithium-ion,15.0,,15.0,charge,59,0.0178687092024546,1.0721701382742264,0.6657651262771466,3.34215749917391,15.619908397790054
raw_CU_diffT/TC23LFP09/TC23LFP09_15deg.parquet,TC23LFP09_15deg.parquet,TC23LFP09,LFP,lithium-ion,15.0,,15.0,charge,60,0.0178700193673666,1.090040157641593,0.6768615327857627,3.34253895868417,15.630661574585636
raw_CU_diffT/TC23LFP09/TC23LFP09_15deg.parquet,TC23LFP09_15deg.parquet,TC23LFP09,LFP,lithium-ion,15.0,,15.0,charge,61,0.0178694290545122,1.1079095866961053,0.6879575727390178,3.34292041819444,15.63036011049724
raw_CU_diffT/TC23LFP09/TC23LFP09_15deg.parquet,TC23LFP09_15deg.parquet,TC23LFP09,LFP,lithium-ion,15.0,,15.0,charge,62,0.0178683119993135,1.1257778986954188,0.6990529190557231,3.34349260745983,15.621614696132596
raw_CU_diffT/TC23LFP09/TC23LFP09_15deg.parquet,TC23LFP09_15deg.parquet,TC23LFP09,LFP,lithium-ion,15.0,,15.0,charge,63,0.0178675369678475,1.1436454356632664,0.7101477841158598,3.3438740669701,15.617126187845304
raw_CU_diffT/TC23LFP09/TC23LFP09_15deg.parquet,TC23LFP09_15deg.parquet,TC23LFP09,LFP,lithium-ion,15.0,,15.0,charge,64,0.0178679028932034,1.1615133385564698,0.7212428763977144,3.34444625623549,15.627567955801103
raw_CU_diffT/TC23LFP09/TC23LFP09_15deg.parquet,TC23LFP09_15deg.parquet,TC23LFP09,LFP,lithium-ion,15.0,,15.0,charge,65,0.0178675132835364,1.1793808518400062,0.7323377267510542,3.34482771574576,15.616694723756906
raw_CU_diffT/TC23LFP09/TC23LFP09_15deg.parquet,TC23LFP09_15deg.parquet,TC23LFP09,LFP,lithium-ion,15.0,,15.0,charge,66,0.0178673969744687,1.197248248814475,0.7434325048821614,3.34520917525602,15.60487301104972
raw_CU_diffT/TC23LFP09/TC23LFP09_15deg.parquet,TC23LFP09_15deg.parquet,TC23LFP09,LFP,lithium-ion,15.0,,15.0,charge,67,0.0178691839774169,1.2151174327918919,0.7545283926545476,3.34559063476628,15.612963453038676
raw_CU_diffT/TC23LFP09/TC23LFP09_15deg.parquet,TC23LFP09_15deg.parquet,TC23LFP09,LFP,lithium-ion,15.0,,15.0,charge,68,0.0178667965240316,1.2329842293159234,0.7656227979353516,3.34597209427655,15.615617375690606
raw_CU_diffT/TC23LFP09/TC23LFP09_15deg.parquet,TC23LFP09_15deg.parquet,TC23LFP09,LFP,lithium-ion,15.0,,15.0,charge,69,0.0178695186696343,1.2508537479855577,0.776718893535207,3.34635355378681,15.614687872928181
raw_CU_diffT/TC23LFP09/TC23LFP09_15deg.parquet,TC23LFP09_15deg.parquet,TC23LFP09,LFP,lithium-ion,15.0,,15.0,charge,70,0.0178703066666959,1.2687240546522536,0.7878154784426306,3.34673501329707,15.606785856353591
raw_CU_diffT/TC23LFP09/TC23LFP09_15deg.parquet,TC23LFP09_15deg.parquet,TC23LFP09,LFP,lithium-ion,15.0,,15.0,charge,71,0.0178688847041909,1.2865929393564444,0.7989111803810058,3.34730720256247,15.607794226519335
raw_CU_diffT/TC23LFP09/TC23LFP09_15deg.parquet,TC23LFP09_15deg.parquet,TC23LFP09,LFP,lithium-ion,15.0,,15.0,charge,72,0.0178681721700669,1.3044611115265112,0.8100064398705997,3.34768866207273,15.621244309392267
raw_CU_diffT/TC23LFP09/TC23LFP09_15deg.parquet,TC23LFP09_15deg.parquet,TC23LFP09,LFP,lithium-ion,15.0,,15.0,charge,73,0.0174835710874202,1.3219446826139314,0.8208628809309034,3.348070121583,15.619528812154696
raw_CU_diffT/TC23LFP09/TC23LFP09_15deg.parquet,TC23LFP09_15deg.parquet,TC23LFP09,LFP,lithium-ion,15.0,,15.0,charge,74,0.0163875535960545,1.3383322362099859,0.8310387488270303,3.34826085133813,15.612188563535915
raw_CU_diffT/TC23LFP09/TC23LFP09_15deg.parquet,TC23LFP09_15deg.parquet,TC23LFP09,LFP,lithium-ion,15.0,,15.0,charge,75,0.0154119681436448,1.3537442043536307,0.8406088259547602,3.34845158109326,15.60078
raw_CU_diffT/TC23LFP09/TC23LFP09_15deg.parquet,TC23LFP09_15deg.parquet,TC23LFP09,LFP,lithium-ion,15.0,,15.0,charge,76,0.0144452026524764,1.3681894070061071,0.849578589077901,3.34864231084839,15.593766049723756
raw_CU_diffT/TC23LFP09/TC23LFP09_15deg.parquet,TC23LFP09_15deg.parquet,TC23LFP09,LFP,lithium-ion,15.0,,15.0,charge,77,0.0136661996106834,1.3818556066167906,0.8580646294783363,3.34864231084839,15.590025939226518
raw_CU_diffT/TC23LFP09/TC23LFP09_15deg.parquet,TC23LFP09_15deg.parquet,TC23LFP09,LFP,lithium-ion,15.0,,15.0,charge,78,0.0130510172661036,1.3949066238828942,0.8661686717828518,3.34902377035865,15.584433812154694
raw_CU_diffT/TC23LFP09/TC23LFP09_15deg.parquet,TC23LFP09_15deg.parquet,TC23LFP09,LFP,lithium-ion,15.0,,15.0,charge,79,0.0124329089022163,1.4073395327851106,0.8738888990768144,3.34921450011379,15.57357773480663
raw_CU_diffT/TC23LFP09/TC23LFP09_15deg.parquet,TC23LFP09_15deg.parquet,TC23LFP09,LFP,lithium-ion,15.0,,15.0,charge,80,0.0118270317590604,1.419166564544171,0.8812329063490453,3.34940522986892,15.568063701657458
raw_CU_diffT/TC23LFP09/TC23LFP09_15deg.parquet,TC23LFP09_15deg.parquet,TC23LFP09,LFP,lithium-ion,15.0,,15.0,charge,81,0.0113094904018861,1.430476054946057,0.8882555457947412,3.34959595962405,15.57200986187845
raw_CU_diffT/TC23LFP09/TC23LFP09_15deg.parquet,TC23LFP09_15deg.parquet,TC23LFP09,LFP,lithium-ion,15.0,,15.0,charge,82,0.0108611298052215,1.4413371847512784,0.8949997752767568,3.34978668937918,15.557775276243094
raw_CU_diffT/TC23LFP09/TC23LFP09_15deg.parquet,TC23LFP09_15deg.parquet,TC23LFP09,LFP,lithium-ion,15.0,,15.0,charge,83,0.0104154860087014,1.4517526707599797,0.9014672817948756,3.35016814888945,15.55713770718232
raw_CU_diffT/TC23LFP09/TC23LFP09_15deg.parquet,TC23LFP09_15deg.parquet,TC23LFP09,LFP,lithium-ion,15.0,,15.0,charge,84,0.0100266720920749,1.4617793428520547,0.9076933539202051,3.35035887864458,15.551054447513811
raw_CU_diffT/TC23LFP09/TC23LFP09_15deg.parquet,TC23LFP09_15deg.parquet,TC23LFP09,LFP,lithium-ion,15.0,,15.0,charge,85,0.0096687073128171,1.4714480501648717,0.9136971474556373,3.35074033815484,15.551295994475137
raw_CU_diffT/TC23LFP09/TC23LFP09_15deg.parquet,TC23LFP09_15deg.parquet,TC23LFP09,LFP,lithium-ion,15.0,,15.0,charge,86,0.0093224240006736,1.4807704741655452,0.9194859160199322,3.35093106790997,15.542429171270719
raw_CU_diffT/TC23LFP09/TC23LFP09_15deg.parquet,TC23LFP09_15deg.parquet,TC23LFP09,LFP,lithium-ion,15.0,,15.0,charge,87,0.0090082339724342,1.4897787081379794,0.9250795879700251,3.35131252742024,15.530762430939225
raw_CU_diffT/TC23LFP09/TC23LFP09_15deg.parquet,TC23LFP09_15deg.parquet,TC23LFP09,LFP,lithium-ion,15.0,,15.0,charge,88,0.0087200160854475,1.498498724223427,0.9304942907331624,3.35150325717537,15.532218950276242
raw_CU_diffT/TC23LFP09/TC23LFP09_15deg.parquet,TC23LFP09_15deg.parquet,TC23LFP09,LFP,lithium-ion,15.0,,15.0,charge,89,0.00846806994169,1.5069667941651168,0.9357525472848021,3.3516939869305,15.530478232044196
raw_CU_diffT/TC23LFP09/TC23LFP09_15deg.parquet,TC23LFP09_15deg.parquet,TC23LFP09,LFP,lithium-ion,15.0,,15.0,charge,90,0.0082052515644767,1.5151720457295934,0.9408476065006393,3.35207544644076,15.530555801104972
raw_CU_diffT/TC23LFP09/TC23LFP09_15deg.parquet,TC23LFP09_15deg.parquet,TC23LFP09,LFP,lithium-ion,15.0,,15.0,charge,91,0.0079777307990635,1.523149776528657,0.945801386468241,3.35245690595103,15.520870994475137
raw_CU_diffT/TC23LFP09/TC23LFP09_15deg.parquet,TC23LFP09_15deg.parquet,TC23LFP09,LFP,lithium-ion,15.0,,15.0,charge,92,0.0077445014704678,1.5308942779991248,0.9506103424495544,3.35264763570616,15.536320580110496
raw_CU_diffT/TC23LFP09/TC23LFP09_15deg.parquet,TC23LFP09_15deg.parquet,TC23LFP09,LFP,lithium-ion,15.0,,15.0,charge,93,0.0075838422300574,1.5384781202291822,0.9553195369138651,3.35302909521642,15.523912569060771
raw_CU_diffT/TC23LFP09/TC23LFP09_15deg.parquet,TC23LFP09_15deg.parquet,TC23LFP09,LFP,lithium-ion,15.0,,15.0,charge,94,0.0073663800185416,1.5458445002477237,0.9598936979991045,3.35360128448182,15.515236381215468
raw_CU_diffT/TC23LFP09/TC23LFP09_15deg.parquet,TC23LFP09_15deg.parquet,TC23LFP09,LFP,lithium-ion,15.0,,15.0,charge,95,0.007163834949879,1.5530083351976027,0.9643420885201386,3.35379201423695,15.510669198895028
raw_CU_diffT/TC23LFP09/TC23LFP09_15deg.parquet,TC23LFP09_15deg.parquet,TC23LFP09,LFP,lithium-ion,15.0,,15.0,charge,96,0.0069700547991676,1.5599783899967703,0.968670151061589,3.35417347374721,15.519069668508285
raw_CU_diffT/TC23LFP09/TC23LFP09_15deg.parquet,TC23LFP09_15deg.parquet,TC23LFP09,LFP,lithium-ion,15.0,,15.0,charge,97,0.0068088446349117,1.566787234631682,0.9728981099893204,3.35455493325748,15.517432513812153
raw_CU_diffT/TC23LFP09/TC23LFP09_15deg.parquet,TC23LFP09_15deg.parquet,TC23LFP09,LFP,lithium-ion,15.0,,15.0,charge,98,0.0066573432051405,1.5734445778368225,0.9770319939517806,3.35474566301261,15.503026657458564
raw_CU_diffT/TC23LFP09/TC23LFP09_15deg.parquet,TC23LFP09_15deg.parquet,TC23LFP09,LFP,lithium-ion,15.0,,15.0,charge,99,0.0064946807581627,1.5799392585949852,0.9810648725041042,3.35512712252287,15.512082016574587
raw_CU_diffT/TC23LFP09/TC23LFP09_15deg.parquet,TC23LFP09_15deg.parquet,TC23LFP09,LFP,lithium-ion,15.0,,15.0,charge,100,0.0063580244639114,1.5862972830588966,0.9850128941929964,3.35569931178827,15.515382513812153
raw_CU_diffT/TC23LFP09/TC23LFP09_15deg.parquet,TC23LFP09_15deg.parquet,TC23LFP09,LFP,lithium-ion,15.0,,15.0,charge,101,0.0062302667836169,1.5925275498425135,0.9888815846217482,3.35608077129853,15.507636243093923
raw_CU_diffT/TC23LFP09/TC23LFP09_15deg.parquet,TC23LFP09_15deg.parquet,TC23LFP09,LFP,lithium-ion,15.0,,15.0,charge,102,0.0060905149462731,1.5986180647887867,0.9926634960064703,3.35665296056393,15.518251546961327
raw_CU_diffT/TC23LFP09/TC23LFP09_15deg.parquet,TC23LFP09_15deg.parquet,TC23LFP09,LFP,lithium-ion,15.0,,15.0,charge,103,0.0059734427502233,1.60459150753901,0.9963727112932466,3.35703442007419,15.509506132596684
raw_CU_diffT/TC23LFP09/TC23LFP09_15deg.parquet,TC23LFP09_15deg.parquet,TC23LFP09,LFP,lithium-ion,15.0,,15.0,charge,104,0.0058415054811108,1.6104330130201208,1.0,3.35741587958445,15.492514337016575
raw_CU_diffT/TC23LFP09/TC23LFP09_25deg.parquet,TC23LFP09_25deg.parquet,TC23LFP09,LFP,lithium-ion,25.0,,25.0,discharge,0,0.0180701269630248,0.0180701269630248,0.010059829908776904,3.33414684945838,25.499066878453036
raw_CU_diffT/TC23LFP09/TC23LFP09_25deg.parquet,TC23LFP09_25deg.parquet,TC23LFP09,LFP,lithium-ion,25.0,,25.0,discharge,1,0.0180677257174227,0.0361378526804475,0.020118323018848642,3.32155868561968,25.513748701657455
raw_CU_diffT/TC23LFP09/TC23LFP09_25deg.parquet,TC23LFP09_25deg.parquet,TC23LFP09,LFP,lithium-ion,25.0,,25.0,discharge,2,0.0180697378013765,0.054207590481824,0.030177936277239137,3.32117722610942,25.53002287292818
raw_CU_diffT/TC23LFP09/TC23LFP09_25deg.parquet,TC23LFP09_25deg.parquet,TC23LFP09,LFP,lithium-ion,25.0,,25.0,discharge,3,0.0180699417488189,0.0722775322306429,0.04023766307531782,3.32136795586455,25.542580193370167
raw_CU_diffT/TC23LFP09/TC23LFP09_25deg.parquet,TC23LFP09_25deg.parquet,TC23LFP09,LFP,lithium-ion,25.0,,25.0,discharge,4,0.0180695717997318,0.0903471040303747,0.050297183918845176,3.32155868561968,25.541702569060774
raw_CU_diffT/TC23LFP09/TC23LFP09_25deg.parquet,TC23LFP09_25deg.parquet,TC23LFP09,LFP,lithium-ion,25.0,,25.0,discharge,5,0.0180676156137516,0.1084147196441263,0.06035561573304413,3.32155868561968,25.547034502762433
raw_CU_diffT/TC23LFP09/TC23LFP09_25deg.parquet,TC23LFP09_25deg.parquet,TC23LFP09,LFP,lithium-ion,25.0,,25.0,discharge,6,0.0180698722923653,0.12648459193649159,0.0704153038639839,3.32155868561968,25.547413480662982
raw_CU_diffT/TC23LFP09/TC23LFP09_25deg.parquet,TC23LFP09_25deg.parquet,TC23LFP09,LFP,lithium-ion,25.0,,25.0,discharge,7,0.0180694883458043,0.14455408028229588,0.08047477824783128,3.32155868561968,25.5410367679558
raw_CU_diffT/TC23LFP09/TC23LFP09_25deg.parquet,TC23LFP09_25deg.parquet,TC23LFP09,LFP,lithium-ion,25.0,,25.0,discharge,8,0.0180682130773792,0.1626222933596751,0.09053354267632135,3.32174941537481,25.54124425414365
raw_CU_diffT/TC23LFP09/TC23LFP09_25deg.parquet,TC23LFP09_25deg.parquet,TC23LFP09,LFP,lithium-ion,25.0,,25.0,discharge,9,0.0180695756661059,0.180691869025781,0.10059306567229988,3.32155868561968,25.54576715469613
raw_CU_diffT/TC23LFP09/TC23LFP09_25deg.parquet,TC23LFP09_25deg.parquet,TC23LFP09,LFP,lithium-ion,25.0,,25.0,discharge,10,0.0180678019029734,0.1987596709287544,0.11065160119566972,3.32155868561968,25.546468453038674
raw_CU_diffT/TC23LFP09/TC23LFP09_25deg.parquet,TC23LFP09_25deg.parquet,TC23LFP09,LFP,lithium-ion,25.0,,25.0,discharge,11,0.0180695490142079,0.2168292199429623,0.12071110935425605,3.32155868561968,25.541364613259663
raw_CU_diffT/TC23LFP09/TC23LFP09_25deg.parquet,TC23LFP09_25deg.parquet,TC23LFP09,LFP,lithium-ion,25.0,,25.0,discharge,12,0.0180701031943903,0.23489932313735262,0.1307709260307839,3.32155868561968,25.542967486187845
raw_CU_diffT/TC23LFP09/TC23LFP09_25deg.parquet,TC23LFP09_25deg.parquet,TC23LFP09,LFP,lithium-ion,25.0,,25.0,discharge,13,0.0180694080586843,0.2529687311960369,0.1408303557179464,3.32136795586455,25.545901988950273
raw_CU_diffT/TC23LFP09/TC23LFP09_25deg.parquet,TC23LFP09_25deg.parquet,TC23LFP09,LFP,lithium-ion,25.0,,25.0,discharge,14,0.0180696466930661,0.271038377889103,0.15088991825538137,3.32117722610942,25.543120552486183
raw_CU_diffT/TC23LFP09/TC23LFP09_25deg.parquet,TC23LFP09_25deg.parquet,TC23LFP09,LFP,lithium-ion,25.0,,25.0,discharge,15,0.0180701067190574,0.2891084846081604,0.1609497368941285,3.32117722610942,25.553182651933703
raw_CU_diffT/TC23LFP09/TC23LFP09_25deg.parquet,TC23LFP09_25deg.parquet,TC23LFP09,LFP,lithium-ion,25.0,,25.0,discharge,16,0.0180700120498467,0.3071784966580071,0.17100950282952945,3.32079576659915,25.551058397790054
raw_CU_diffT/TC23LFP09/TC23LFP09_25deg.parquet,TC23LFP09_25deg.parquet,TC23LFP09,LFP,lithium-ion,25.0,,25.0,discharge,17,0.018069957036341,0.3252484536943481,0.18106923813833262,3.32079576659915,25.56011933701657
raw_CU_diffT/TC23LFP09/TC23LFP09_25deg.parquet,TC23LFP09_25deg.parquet,TC23LFP09,LFP,lithium-ion,25.0,,25.0,discharge,18,0.0180698153260602,0.34331826902040835,0.19112889455553067,3.32041430708889,25.557208287292816
raw_CU_diffT/TC23LFP09/TC23LFP09_25deg.parquet,TC23LFP09_25deg.parquet,TC23LFP09,LFP,lithium-ion,25.0,,25.0,discharge,19,0.0180680330985852,0.36138630211899353,0.20118755878793143,3.32003284757863,25.555944861878455
raw_CU_diffT/TC23LFP09/TC23LFP09_25deg.parquet,TC23LFP09_25deg.parquet,TC23LFP09,LFP,lithium-ion,25.0,,25.0,discharge,20,0.0180695151023773,0.37945581722137084,0.21124704806744468,3.31965138806836,25.54592903314917
raw_CU_diffT/TC23LFP09/TC23LFP09_25deg.parquet,TC23LFP09_25deg.parquet,TC23LFP09,LFP,lithium-ion,25.0,,25.0,discharge,21,0.01806778631587,0.3975236035372408,0.22130557491330993,3.3192699285581,25.55263781767956
raw_CU_diffT/TC23LFP09/TC23LFP09_25deg.parquet,TC23LFP09_25deg.parquet,TC23LFP09,LFP,lithium-ion,25.0,,25.0,discharge,22,0.0180695288223574,0.4155931323595982,0.23136507183088054,3.31850700953757,25.55756364640884
raw_CU_diffT/TC23LFP09/TC23LFP09_25deg.parquet,TC23LFP09_25deg.parquet,TC23LFP09,LFP,lithium-ion,25.0,,25.0,discharge,23,0.0180694052288918,0.43366253758849,0.24142449994266774,3.31793482027218,25.5571264917127
raw_CU_diffT/TC23LFP09/TC23LFP09_25deg.parquet,TC23LFP09_25deg.parquet,TC23LFP09,LFP,lithium-ion,25.0,,25.0,discharge,24,0.0180701154808709,0.4517326530693609,0.2514843234592087,3.31698117149652,25.552232265193375
raw_CU_diffT/TC23LFP09/TC23LFP09_25deg.parquet,TC23LFP09_25deg.parquet,TC23LFP09,LFP,lithium-ion,25.0,,25.0,discharge,25,0.0180697924962977,0.4698024455656586,0.2615439671668376,3.31602752272086,25.552552430939233
raw_CU_diffT/TC23LFP09/TC23LFP09_25deg.parquet,TC23LFP09_25deg.parquet,TC23LFP09,LFP,lithium-ion,25.0,,25.0,discharge,26,0.0180695554110397,0.4878720009766983,0.2716034788866075,3.31469241443494,25.560484530386745
raw_CU_diffT/TC23LFP09/TC23LFP09_25deg.parquet,TC23LFP09_25deg.parquet,TC23LFP09,LFP,lithium-ion,25.0,,25.0,discharge,27,0.0180695217542305,0.5059415227309288,0.2816629718692775,3.31316657639388,25.552034861878457
raw_CU_diffT/TC23LFP09/TC23LFP09_25deg.parquet,TC23LFP09_25deg.parquet,TC23LFP09,LFP,lithium-ion,25.0,,25.0,discharge,28,0.0180699617128313,0.5240114844437601,0.29172270978153203,3.31125927884257,25.555691243093918
raw_CU_diffT/TC23LFP09/TC23LFP09_25deg.parquet,TC23LFP09_25deg.parquet,TC23LFP09,LFP,lithium-ion,25.0,,25.0,discharge,29,0.0180696157267721,0.5420811001705322,0.3017822550797052,3.30916125153612,25.548983646408843
raw_CU_diffT/TC23LFP09/TC23LFP09_25deg.parquet,TC23LFP09_25deg.parquet,TC23LFP09,LFP,lithium-ion,25.0,,25.0,discharge,30,0.0180700476558686,0.5601511478264009,0.31184204083735334,3.30649103496427,25.55534475138122
raw_CU_diffT/TC23LFP09/TC23LFP09_25deg.parquet,TC23LFP09_25deg.parquet,TC23LFP09,LFP,lithium-ion,25.0,,25.0,discharge,31,0.0180700295815109,0.5782211774079118,0.3219018165328163,3.30382081839243,25.54874820441989
raw_CU_diffT/TC23LFP09/TC23LFP09_25deg.parquet,TC23LFP09_25deg.parquet,TC23LFP09,LFP,lithium-ion,25.0,,25.0,discharge,32,0.0180696198761863,0.5962907972840981,0.33196136414101196,3.30095987206545,25.54958102209945
raw_CU_diffT/TC23LFP09/TC23LFP09_25deg.parquet,TC23LFP09_25deg.parquet,TC23LFP09,LFP,lithium-ion,25.0,,25.0,discharge,33,0.0180697136303041,0.6143605109144021,0.342020963943112,3.29809892573847,25.551740359116025
raw_CU_diffT/TC23LFP09/TC23LFP09_25deg.parquet,TC23LFP09_25deg.parquet,TC23LFP09,LFP,lithium-ion,25.0,,25.0,discharge,34,0.0180680387588052,0.6324285496732074,0.35207963132661685,3.2952379794115,25.55502337016575
raw_CU_diffT/TC23LFP09/TC23LFP09_25deg.parquet,TC23LFP09_25deg.parquet,TC23LFP09,LFP,lithium-ion,25.0,,25.0,discharge,35,0.018070262297406,0.6504988119706134,0.3621395365774685,3.29256776283965,25.545507900552487
raw_CU_diffT/TC23LFP09/TC23LFP09_25deg.parquet,TC23LFP09_25deg.parquet,TC23LFP09,LFP,lithium-ion,25.0,,25.0,discharge,36,0.0180697069459584,0.6685685189165719,0.37219913265832294,3.29008827602294,25.543448977900553
raw_CU_diffT/TC23LFP09/TC23LFP09_25deg.parquet,TC23LFP09_25deg.parquet,TC23LFP09,LFP,lithium-ion,25.0,,25.0,discharge,37,0.0180696454521781,0.68663816436875,0.38225869450494254,3.28799024871649,25.53491629834254
raw_CU_diffT/TC23LFP09/TC23LFP09_25deg.parquet,TC23LFP09_25deg.parquet,TC23LFP09,LFP,lithium-ion,25.0,,25.0,discharge,38,0.0180702153895382,0.7047083797582883,0.39231857364169037,3.28646441067544,25.5339476519337
raw_CU_diffT/TC23LFP09/TC23LFP09_25deg.parquet,TC23LFP09_25deg.parquet,TC23LFP09,LFP,lithium-ion,25.0,,25.0,discharge,39,0.01806958411754,0.7227779638758283,0.4023781013426712,3.28532003214465,25.52678389502762
raw_CU_diffT/TC23LFP09/TC23LFP09_25deg.parquet,TC23LFP09_25deg.parquet,TC23LFP09,LFP,lithium-ion,25.0,,25.0,discharge,40,0.0180698443401718,0.740847808216,0.4124377739123306,3.28436638336899,25.52357011049724
raw_CU_diffT/TC23LFP09/TC23LFP09_25deg.parquet,TC23LFP09_25deg.parquet,TC23LFP09,LFP,lithium-ion,25.0,,25.0,discharge,41,0.0180677602738717,0.7589155684898717,0.4224962862603413,3.28360346434846,25.52484251381215
raw_CU_diffT/TC23LFP09/TC23LFP09_25deg.parquet,TC23LFP09_25deg.parquet,TC23LFP09,LFP,lithium-ion,25.0,,25.0,discharge,42,0.0180701004578993,0.776985668947771,0.43255610141343576,3.28303127508306,25.521349502762433
raw_CU_diffT/TC23LFP09/TC23LFP09_25deg.parquet,TC23LFP09_25deg.parquet,TC23LFP09,LFP,lithium-ion,25.0,,25.0,discharge,43,0.0180694660987038,0.7950551350464747,0.4426155634120881,3.28245908581767,25.523097872928172
raw_CU_diffT/TC23LFP09/TC23LFP09_25deg.parquet,TC23LFP09_25deg.parquet,TC23LFP09,LFP,lithium-ion,25.0,,25.0,discharge,44,0.0180694629516933,0.813124597998168,0.45267502365876655,3.28207762630741,25.51411091160221
raw_CU_diffT/TC23LFP09/TC23LFP09_25deg.parquet,TC23LFP09_25deg.parquet,TC23LFP09,LFP,lithium-ion,25.0,,25.0,discharge,45,0.0180695157214558,0.8311941137196238,0.46273451328292725,3.28169616679714,25.519588756906078
raw_CU_diffT/TC23LFP09/TC23LFP09_25deg.parquet,TC23LFP09_25deg.parquet,TC23LFP09,LFP,lithium-ion,25.0,,25.0,discharge,46,0.0180681282045566,0.8492622419241804,0.47279323046182353,3.28150543704201,25.517433314917128
raw_CU_diffT/TC23LFP09/TC23LFP09_25deg.parquet,TC23LFP09_25deg.parquet,TC23LFP09,LFP,lithium-ion,25.0,,25.0,discharge,47,0.0180697458442617,0.8673319877684421,0.4828528481977729,3.28112397753175,25.518236961325965
raw_CU_diffT/TC23LFP09/TC23LFP09_25deg.parquet,TC23LFP09_25deg.parquet,TC23LFP09,LFP,lithium-ion,25.0,,25.0,discharge,48,0.0180699172103781,0.8854019049788202,0.49291256133504324,3.28074251802148,25.512220966850826
raw_CU_diffT/TC23LFP09/TC23LFP09_25deg.parquet,TC23LFP09_25deg.parquet,TC23LFP09,LFP,lithium-ion,25.0,,25.0,discharge,49,0.0180695019447655,0.9034714069235857,0.5029720432895755,3.28036105851122,25.516295082872926
raw_CU_diffT/TC23LFP09/TC23LFP09_25deg.parquet,TC23LFP09_25deg.parquet,TC23LFP09,LFP,lithium-ion,25.0,,25.0,discharge,50,0.0180701619997799,0.9215415689233657,0.5130318927036829,3.27978886924582,25.516517651933704
raw_CU_diffT/TC23LFP09/TC23LFP09_25deg.parquet,TC23LFP09_25deg.parquet,TC23LFP09,LFP,lithium-ion,25.0,,25.0,discharge,51,0.0180697585111309,0.9396113274344966,0.5230915174914116,3.27940740973556,25.51542712707182
raw_CU_diffT/TC23LFP09/TC23LFP09_25deg.parquet,TC23LFP09_25deg.parquet,TC23LFP09,LFP,lithium-ion,25.0,,25.0,discharge,52,0.0180696734769517,0.9576810009114483,0.5331510949397177,3.27883522047017,25.519483839779006
raw_CU_diffT/TC23LFP09/TC23LFP09_25deg.parquet,TC23LFP09_25deg.parquet,TC23LFP09,LFP,lithium-ion,25.0,,25.0,discharge,53,0.01806985408563,0.9757508549970783,0.5432107729347763,3.2784537609599,25.524969033149173
raw_CU_diffT/TC23LFP09/TC23LFP09_25deg.parquet,TC23LFP09_25deg.parquet,TC23LFP09,LFP,lithium-ion,25.0,,25.0,discharge,54,0.0180700317603931,0.9938208867574714,0.5532705498432459,3.27788157169451,25.524370359116016
raw_CU_diffT/TC23LFP09/TC23LFP09_25deg.parquet,TC23LFP09_25deg.parquet,TC23LFP09,LFP,lithium-ion,25.0,,25.0,discharge,55,0.0180695639961599,1.0118904507536313,0.5633300663424425,3.27730938242911,25.524860248618786
raw_CU_diffT/TC23LFP09/TC23LFP09_25deg.parquet,TC23LFP09_25deg.parquet,TC23LFP09,LFP,lithium-ion,25.0,,25.0,discharge,56,0.0180701483607936,1.029960599114425,0.5733899081635827,3.27654646340858,25.524261602209943
raw_CU_diffT/TC23LFP09/TC23LFP09_25deg.parquet,TC23LFP09_25deg.parquet,TC23LFP09,LFP,lithium-ion,25.0,,25.0,discharge,57,0.0180698584815196,1.0480304575959445,0.5834495886058793,3.27578354438806,25.530901850828727
raw_CU_diffT/TC23LFP09/TC23LFP09_25deg.parquet,TC23LFP09_25deg.parquet,TC23LFP09,LFP,lithium-ion,25.0,,25.0,discharge,58,0.0180681414066345,1.066098599002579,0.5935083131345112,3.2748298956124,25.523283342541436
raw_CU_diffT/TC23LFP09/TC23LFP09_25deg.parquet,TC23LFP09_25deg.parquet,TC23LFP09,LFP,lithium-ion,25.0,,25.0,discharge,59,0.0180696726761731,1.0841682716787522,0.6035678901370155,3.27368551708161,25.52756127071823
raw_CU_diffT/TC23LFP09/TC23LFP09_25deg.parquet,TC23LFP09_25deg.parquet,TC23LFP09,LFP,lithium-ion,25.0,,25.0,discharge,60,0.0180677440134618,1.102236015692214,0.6136263934326848,3.27273186830595,25.534807375690605
raw_CU_diffT/TC23LFP09/TC23LFP09_25deg.parquet,TC23LFP09_25deg.parquet,TC23LFP09,LFP,lithium-ion,25.0,,25.0,discharge,61,0.0180695743602087,1.1203055900524226,0.6236859157016565,3.27177821953029,25.510972403314916
raw_CU_diffT/TC23LFP09/TC23LFP09_25deg.parquet,TC23LFP09_25deg.parquet,TC23LFP09,LFP,lithium-ion,25.0,,25.0,discharge,62,0.0180699903460128,1.1383755803984354,0.6337456695543047,3.2700616517341,25.319786850828727
raw_CU_diffT/TC23LFP09/TC23LFP09_25deg.parquet,TC23LFP09_25deg.parquet,TC23LFP09,LFP,lithium-ion,25.0,,25.0,discharge,63,0.0180683007247548,1.1564438811231903,0.6438044827770115,3.26853581369305,25.319289254143648
raw_CU_diffT/TC23LFP09/TC23LFP09_25deg.parquet,TC23LFP09_25deg.parquet,TC23LFP09,LFP,lithium-ion,25.0,,25.0,discharge,64,0.0180697373863087,1.174513618509499,0.6538640958043294,3.26662851614173,25.344897651933703
raw_CU_diffT/TC23LFP09/TC23LFP09_25deg.parquet,TC23LFP09_25deg.parquet,TC23LFP09,LFP,lithium-ion,25.0,,25.0,discharge,65,0.0180694085452325,1.1925830270547315,0.6639235257623584,3.26491194834555,25.376850883977898
raw_CU_diffT/TC23LFP09/TC23LFP09_25deg.parquet,TC23LFP09_25deg.parquet,TC23LFP09,LFP,lithium-ion,25.0,,25.0,discharge,66,0.0180676614742335,1.210650688528965,0.6739819831075703,3.26300465079423,25.38837602209945
raw_CU_diffT/TC23LFP09/TC23LFP09_25deg.parquet,TC23LFP09_25deg.parquet,TC23LFP09,LFP,lithium-ion,25.0,,25.0,discharge,67,0.0180701188534826,1.2287208073824476,0.6840418085016797,3.26090662348778,25.40378256906077
raw_CU_diffT/TC23LFP09/TC23LFP09_25deg.parquet,TC23LFP09_25deg.parquet,TC23LFP09,LFP,lithium-ion,25.0,,25.0,discharge,68,0.0180695480513041,1.2467903554337516,0.6941013161242073,3.25899932593646,25.421011519337018
raw_CU_diffT/TC23LFP09/TC23LFP09_25deg.parquet,TC23LFP09_25deg.parquet,TC23LFP09,LFP,lithium-ion,25.0,,25.0,discharge,69,0.0180693572915712,1.2648597127253227,0.7041607175487834,3.25671056887488,25.40617002762431
raw_CU_diffT/TC23LFP09/TC23LFP09_25deg.parquet,TC23LFP09_25deg.parquet,TC23LFP09,LFP,lithium-ion,25.0,,25.0,discharge,70,0.0180695372430542,1.2829292499683769,0.7142202191542446,3.2544218118133,25.441895138121545
raw_CU_diffT/TC23LFP09/TC23LFP09_25deg.parquet,TC23LFP09_25deg.parquet,TC23LFP09,LFP,lithium-ion,25.0,,25.0,discharge,71,0.0180693909507184,1.3009986409190952,0.7242796393172223,3.25175159524145,25.446079917127076
raw_CU_diffT/TC23LFP09/TC23LFP09_25deg.parquet,TC23LFP09_25deg.parquet,TC23LFP09,LFP,lithium-ion,25.0,,25.0,discharge,72,0.0180693911398614,1.3190680320589567,0.734339059585498,3.24908137866961,25.43305229281768
raw_CU_diffT/TC23LFP09/TC23LFP09_25deg.parquet,TC23LFP09_25deg.parquet,TC23LFP09,LFP,lithium-ion,25.0,,25.0,discharge,73,0.018069444706009,1.3371374767649657,0.744398509674612,3.2460297025875,25.424817182320442
raw_CU_diffT/TC23LFP09/TC23LFP09_25deg.parquet,TC23LFP09_25deg.parquet,TC23LFP09,LFP,lithium-ion,25.0,,25.0,discharge,74,0.018069478163158,1.3552069549281238,0.754457978389673,3.24259656699513,25.42645392265193
raw_CU_diffT/TC23LFP09/TC23LFP09_25deg.parquet,TC23LFP09_25deg.parquet,TC23LFP09,LFP,lithium-ion,25.0,,25.0,discharge,75,0.0180677023616753,1.3732746572897991,0.7645164584973543,3.23878197189249,25.408625331491713
raw_CU_diffT/TC23LFP09/TC23LFP09_25deg.parquet,TC23LFP09_25deg.parquet,TC23LFP09,LFP,lithium-ion,25.0,,25.0,discharge,76,0.0180696516277227,1.391344308917522,0.7745760237819646,3.23477664703473,25.44802917127072
raw_CU_diffT/TC23LFP09/TC23LFP09_25deg.parquet,TC23LFP09_25deg.parquet,TC23LFP09,LFP,lithium-ion,25.0,,25.0,discharge,77,0.0180695289289389,1.409413837846461,0.7846355207588702,3.2303898626667,25.4084226519337
raw_CU_diffT/TC23LFP09/TC23LFP09_25deg.parquet,TC23LFP09_25deg.parquet,TC23LFP09,LFP,lithium-ion,25.0,,25.0,discharge,78,0.0180694072333351,1.427483245079796,0.7946949499865522,3.2261938080538,25.436688729281766
raw_CU_diffT/TC23LFP09/TC23LFP09_25deg.parquet,TC23LFP09_25deg.parquet,TC23LFP09,LFP,lithium-ion,25.0,,25.0,discharge,79,0.0180694003720084,1.4455526454518044,0.8047543753944613,3.22123483442037,25.441388149171274
raw_CU_diffT/TC23LFP09/TC23LFP09_25deg.parquet,TC23LFP09_25deg.parquet,TC23LFP09,LFP,lithium-ion,25.0,,25.0,discharge,80,0.0180715654039936,1.463624210855798,0.8148150060984682,3.21589440127668,25.397673397790058
raw_CU_diffT/TC23LFP09/TC23LFP09_25deg.parquet,TC23LFP09_25deg.parquet,TC23LFP09,LFP,lithium-ion,25.0,,25.0,discharge,81,0.0180755923092457,1.4816998031650437,0.8248778786230213,3.2099817788676,25.417619696132594
raw_CU_diffT/TC23LFP09/TC23LFP09_25deg.parquet,TC23LFP09_25deg.parquet,TC23LFP09,LFP,lithium-ion,25.0,,25.0,discharge,82,0.0180786797849062,1.4997784829499499,0.8349424699777771,3.20425988621365,25.46514022099448
raw_CU_diffT/TC23LFP09/TC23LFP09_25deg.parquet,TC23LFP09_25deg.parquet,TC23LFP09,LFP,lithium-ion,25.0,,25.0,discharge,83,0.0180751374770521,1.517853620427002,0.8450050892924599,3.19987310184561,25.435878839779008
raw_CU_diffT/TC23LFP09/TC23LFP09_25deg.parquet,TC23LFP09_25deg.parquet,TC23LFP09,LFP,lithium-ion,25.0,,25.0,discharge,84,0.0180796855179928,1.5359333059449947,0.8550702405494126,3.19682142576351,25.471316408839776
raw_CU_diffT/TC23LFP09/TC23LFP09_25deg.parquet,TC23LFP09_25deg.parquet,TC23LFP09,LFP,lithium-ion,25.0,,25.0,discharge,85,0.0180774503752102,1.5540107563202048,0.8651341474788483,3.19491412821219,25.4885873480663
raw_CU_diffT/TC23LFP09/TC23LFP09_25deg.parquet,TC23LFP09_25deg.parquet,TC23LFP09,LFP,lithium-ion,25.0,,25.0,discharge,86,0.0180769999930639,1.5720877563132687,0.875197803675802,3.19300683066087,25.49518643646409
raw_CU_diffT/TC23LFP09/TC23LFP09_25deg.parquet,TC23LFP09_25deg.parquet,TC23LFP09,LFP,lithium-ion,25.0,,25.0,discharge,87,0.018079105159745,1.5901668614730138,0.8852626318412087,3.19129026286469,25.503369640883978
raw_CU_diffT/TC23LFP09/TC23LFP09_25deg.parquet,TC23LFP09_25deg.parquet,TC23LFP09,LFP,lithium-ion,25.0,,25.0,discharge,88,0.0180759562102056,1.6082428176832193,0.895325706953257,3.18938296531337,25.503951625344357
raw_CU_diffT/TC23LFP09/TC23LFP09_25deg.parquet,TC23LFP09_25deg.parquet,TC23LFP09,LFP,lithium-ion,25.0,,25.0,discharge,89,0.0180775560649073,1.6263203737481267,0.9053896727212597,3.18633128923126,25.51368953038674
raw_CU_diffT/TC23LFP09/TC23LFP09_25deg.parquet,TC23LFP09_25deg.parquet,TC23LFP09,LFP,lithium-ion,25.0,,25.0,discharge,90,0.0180760566006116,1.6443964303487382,0.9154528037217039,3.18099085608757,25.53021834254144
raw_CU_diffT/TC23LFP09/TC23LFP09_25deg.parquet,TC23LFP09_25deg.parquet,TC23LFP09,LFP,lithium-ion,25.0,,25.0,discharge,91,0.018078184399128,1.6624746147478662,0.9255171192899819,3.17050071955532,25.543112837465568
raw_CU_diffT/TC23LFP09/TC23LFP09_25deg.parquet,TC23LFP09_25deg.parquet,TC23LFP09,LFP,lithium-ion,25.0,,25.0,discharge,92,0.0180753634291769,1.680549978177043,0.9355798643945912,3.15028336551136,25.566237127071822
raw_CU_diffT/TC23LFP09/TC23LFP09_25deg.parquet,TC23LFP09_25deg.parquet,TC23LFP09,LFP,lithium-ion,25.0,,25.0,discharge,93,0.0180772771924892,1.6986272553695323,0.9456436749113831,3.11900368566975,25.5869685359116
raw_CU_diffT/TC23LFP09/TC23LFP09_25deg.parquet,TC23LFP09_25deg.parquet,TC23LFP09,LFP,lithium-ion,25.0,,25.0,discharge,94,0.0180769003090477,1.71670415567858,0.9557072756131956,3.07647095027536,25.609901519337022
raw_CU_diffT/TC23LFP09/TC23LFP09_25deg.parquet,TC23LFP09_25deg.parquet,TC23LFP09,LFP,lithium-ion,25.0,,25.0,discharge,95,0.0180766920862429,1.734780847764823,0.9657707603951806,3.01982421300123,25.638934889502764
raw_CU_diffT/TC23LFP09/TC23LFP09_25deg.parquet,TC23LFP09_25deg.parquet,TC23LFP09,LFP,lithium-ion,25.0,,25.0,discharge,96,0.0180794232432359,1.752860271008059,0.9758357656410152,2.94257866217286,25.647178701657456
raw_CU_diffT/TC23LFP09/TC23LFP09_25deg.parquet,TC23LFP09_25deg.parquet,TC23LFP09,LFP,lithium-ion,25.0,,25.0,discharge,97,0.0180764793429031,1.770936750350962,0.9858991319865433,2.82718716031815,25.67789063535912
raw_CU_diffT/TC23LFP09/TC23LFP09_25deg.parquet,TC23LFP09_25deg.parquet,TC23LFP09,LFP,lithium-ion,25.0,,25.0,discharge,98,0.0149138902790512,1.7858506406300132,0.9942018517069089,2.64713827147376,25.681299640883978
raw_CU_diffT/TC23LFP09/TC23LFP09_25deg.parquet,TC23LFP09_25deg.parquet,TC23LFP09,LFP,lithium-ion,25.0,,25.0,discharge,99,0.0032947657410339,1.789145406371047,0.9960360824797134,2.59983729220108,25.53614129834254
raw_CU_diffT/TC23LFP09/TC23LFP09_25deg.parquet,TC23LFP09_25deg.parquet,TC23LFP09,LFP,lithium-ion,25.0,,25.0,discharge,100,0.0019848554550724,1.7911302618261193,0.9971410724065908,2.58076431668791,25.469129613259668
raw_CU_diffT/TC23LFP09/TC23LFP09_25deg.parquet,TC23LFP09_25deg.parquet,TC23LFP09,LFP,lithium-ion,25.0,,25.0,discharge,101,0.0015530003002679,1.7926832621263873,0.998005644022548,2.5698927206454,25.442468760330573
raw_CU_diffT/TC23LFP09/TC23LFP09_25deg.parquet,TC23LFP09_25deg.parquet,TC23LFP09,LFP,lithium-ion,25.0,,25.0,discharge,102,0.0013311456379846,1.7940144077643718,0.998746706812496,2.5615006114196,25.43388715469613
raw_CU_diffT/TC23LFP09/TC23LFP09_25deg.parquet,TC23LFP09_25deg.parquet,TC23LFP09,LFP,lithium-ion,25.0,,25.0,discharge,103,0.001183513150278,1.7951979209146498,0.9994055810423761,2.55444361047972,25.423103425414364
raw_CU_diffT/TC23LFP09/TC23LFP09_25deg.parquet,TC23LFP09_25deg.parquet,TC23LFP09,LFP,lithium-ion,25.0,,25.0,discharge,104,0.0010677343584232,1.796265655273073,1.0,2.54700515002958,25.437016969696966
raw_CU_diffT/TC23LFP09/TC23LFP09_25deg.parquet,TC23LFP09_25deg.parquet,TC23LFP09,LFP,lithium-ion,25.0,,25.0,charge,0,0.0180776547111821,0.0180776547111821,0.010104525037463338,2.90672146820809,25.410311404958676
raw_CU_diffT/TC23LFP09/TC23LFP09_25deg.parquet,TC23LFP09_25deg.parquet,TC23LFP09,LFP,lithium-ion,25.0,,25.0,charge,1,0.0180753279711941,0.0361529826823762,0.020207749541044373,3.01238575255109,25.424850138121545
raw_CU_diffT/TC23LFP09/TC23LFP09_25deg.parquet,TC23LFP09_25deg.parquet,TC23LFP09,LFP,lithium-ion,25.0,,25.0,charge,2,0.0180780908297034,0.0542310735120796,0.03031251834743616,3.08314649170497,25.406869972375688
raw_CU_diffT/TC23LFP09/TC23LFP09_25deg.parquet,TC23LFP09_25deg.parquet,TC23LFP09,LFP,lithium-ion,25.0,,25.0,charge,3,0.0180734630416236,0.0723045365537032,0.04041470044657706,3.136741552897,25.423365110497237
raw_CU_diffT/TC23LFP09/TC23LFP09_25deg.parquet,TC23LFP09_25deg.parquet,TC23LFP09,LFP,lithium-ion,25.0,,25.0,charge,4,0.0180742115877595,0.0903787481414627,0.05051730094640614,3.17832063951573,25.45290649171271
raw_CU_diffT/TC23LFP09/TC23LFP09_25deg.parquet,TC23LFP09_25deg.parquet,TC23LFP09,LFP,lithium-ion,25.0,,25.0,charge,5,0.0180714759997488,0.1084502241412115,0.060618372386299746,3.21036323837786,25.417561740331497
raw_CU_diffT/TC23LFP09/TC23LFP09_25deg.parquet,TC23LFP09_25deg.parquet,TC23LFP09,LFP,lithium-ion,25.0,,25.0,charge,6,0.0180710391351347,0.1265212632763462,0.0707191996402355,3.22256994270629,25.45808593922652
raw_CU_diffT/TC23LFP09/TC23LFP09_25deg.parquet,TC23LFP09_25deg.parquet,TC23LFP09,LFP,lithium-ion,25.0,,25.0,charge,7,0.0180704492410554,0.1445917125174016,0.08081969717222509,3.22524015927814,25.489322154696133
raw_CU_diffT/TC23LFP09/TC23LFP09_25deg.parquet,TC23LFP09_25deg.parquet,TC23LFP09,LFP,lithium-ion,25.0,,25.0,charge,8,0.0180684589280341,0.1626601714454357,0.09091908221655644,3.22657526756406,25.495877596685084
raw_CU_diffT/TC23LFP09/TC23LFP09_25deg.parquet,TC23LFP09_25deg.parquet,TC23LFP09,LFP,lithium-ion,25.0,,25.0,charge,9,0.0180688443866981,0.1807290158321338,0.10101868271343312,3.22829183536025,25.480208867403316
raw_CU_diffT/TC23LFP09/TC23LFP09_25deg.parquet,TC23LFP09_25deg.parquet,TC23LFP09,LFP,lithium-ion,25.0,,25.0,charge,10,0.0180695873481404,0.1987986031802742,0.11111869848942733,3.23058059242183,25.485585359116023
raw_CU_diffT/TC23LFP09/TC23LFP09_25deg.parquet,TC23LFP09_25deg.parquet,TC23LFP09,LFP,lithium-ion,25.0,,25.0,charge,11,0.0180675967117989,0.2168661998920731,0.12121760159704312,3.23382299825907,25.48471602209944
raw_CU_diffT/TC23LFP09/TC23LFP09_25deg.parquet,TC23LFP09_25deg.parquet,TC23LFP09,LFP,lithium-ion,25.0,,25.0,charge,12,0.0180691202190584,0.2349353201111315,0.1313173562707218,3.23840051238223,25.500551685082876
raw_CU_diffT/TC23LFP09/TC23LFP09_25deg.parquet,TC23LFP09_25deg.parquet,TC23LFP09,LFP,lithium-ion,25.0,,25.0,charge,13,0.0180692978806945,0.253004617991826,0.1414172102485679,3.24374094552592,25.489912486187848
raw_CU_diffT/TC23LFP09/TC23LFP09_25deg.parquet,TC23LFP09_25deg.parquet,TC23LFP09,LFP,lithium-ion,25.0,,25.0,charge,14,0.0180694509336496,0.2710740689254756,0.15151714977553205,3.24927210842474,25.483710718232043
raw_CU_diffT/TC23LFP09/TC23LFP09_25deg.parquet,TC23LFP09_25deg.parquet,TC23LFP09,LFP,lithium-ion,25.0,,25.0,charge,15,0.0180692813555997,0.2891433502810753,0.16161699451665817,3.25537546058896,25.494696685082875
raw_CU_diffT/TC23LFP09/TC23LFP09_25deg.parquet,TC23LFP09_25deg.parquet,TC23LFP09,LFP,lithium-ion,25.0,,25.0,charge,16,0.0180693796579883,0.30721272993906357,0.17171689420401282,3.26205100201857,25.501479475138122
raw_CU_diffT/TC23LFP09/TC23LFP09_25deg.parquet,TC23LFP09_25deg.parquet,TC23LFP09,LFP,lithium-ion,25.0,,25.0,charge,17,0.0180693097372705,0.32528203967633407,0.18181675480910514,3.26834508393792,25.508415773480664
raw_CU_diffT/TC23LFP09/TC23LFP09_25deg.parquet,TC23LFP09_25deg.parquet,TC23LFP09,LFP,lithium-ion,25.0,,25.0,charge,18,0.0180690986317084,0.3433511383080425,0.19191649741651073,3.27387624683674,25.516794116022098
raw_CU_diffT/TC23LFP09/TC23LFP09_25deg.parquet,TC23LFP09_25deg.parquet,TC23LFP09,LFP,lithium-ion,25.0,,25.0,charge,19,0.0180691592145445,0.361420297522587,0.20201627388675936,3.27883522047017,25.528361519337015
raw_CU_diffT/TC23LFP09/TC23LFP09_25deg.parquet,TC23LFP09_25deg.parquet,TC23LFP09,LFP,lithium-ion,25.0,,25.0,charge,20,0.0180692409483505,0.37948953847093747,0.212116096042209,3.28379419410359,25.546038232044197
raw_CU_diffT/TC23LFP09/TC23LFP09_25deg.parquet,TC23LFP09_25deg.parquet,TC23LFP09,LFP,lithium-ion,25.0,,25.0,charge,21,0.0180691806959831,0.3975587191669206,0.22221588451953142,3.28875316773702,25.558795828729284
raw_CU_diffT/TC23LFP09/TC23LFP09_25deg.parquet,TC23LFP09_25deg.parquet,TC23LFP09,LFP,lithium-ion,25.0,,25.0,charge,22,0.0180693265145922,0.4156280456815128,0.23231575450232622,3.29352141161531,25.559816243093923
raw_CU_diffT/TC23LFP09/TC23LFP09_25deg.parquet,TC23LFP09_25deg.parquet,TC23LFP09,LFP,lithium-ion,25.0,,25.0,charge,23,0.0180691433460913,0.43369718902760407,0.24241552210288542,3.29714527696281,25.5578255801105
raw_CU_diffT/TC23LFP09/TC23LFP09_25deg.parquet,TC23LFP09_25deg.parquet,TC23LFP09,LFP,lithium-ion,25.0,,25.0,charge,24,0.018069326386438,0.45176651541404206,0.25251539201404827,3.30000622328979,25.559993922651934
raw_CU_diffT/TC23LFP09/TC23LFP09_25deg.parquet,TC23LFP09_25deg.parquet,TC23LFP09,LFP,lithium-ion,25.0,,25.0,charge,25,0.0180692489385641,0.46983576435260616,0.26261521863563664,3.3024857101065,25.56071129834254
raw_CU_diffT/TC23LFP09/TC23LFP09_25deg.parquet,TC23LFP09_25deg.parquet,TC23LFP09,LFP,lithium-ion,25.0,,25.0,charge,26,0.0180691064940989,0.48790487084670503,0.272714965637734,3.30439300765782,25.56157961325967
raw_CU_diffT/TC23LFP09/TC23LFP09_25deg.parquet,TC23LFP09_25deg.parquet,TC23LFP09,LFP,lithium-ion,25.0,,25.0,charge,27,0.0180691916521654,0.5059740624988704,0.28281476023902663,3.30591884569888,25.562094917127073
raw_CU_diffT/TC23LFP09/TC23LFP09_25deg.parquet,TC23LFP09_25deg.parquet,TC23LFP09,LFP,lithium-ion,25.0,,25.0,charge,28,0.0180693411176957,0.5240434036165661,0.2929146383842422,3.3066817647194,25.551632513812155
raw_CU_diffT/TC23LFP09/TC23LFP09_25deg.parquet,TC23LFP09_25deg.parquet,TC23LFP09,LFP,lithium-ion,25.0,,25.0,charge,29,0.0180692960659674,0.5421126996825335,0.3030144913477446,3.30763541349506,25.542654696132594
raw_CU_diffT/TC23LFP09/TC23LFP09_25deg.parquet,TC23LFP09_25deg.parquet,TC23LFP09,LFP,lithium-ion,25.0,,25.0,charge,30,0.018069368563876,0.5601820682464095,0.3131143848340329,3.30820760276046,25.539499254143646
raw_CU_diffT/TC23LFP09/TC23LFP09_25deg.parquet,TC23LFP09_25deg.parquet,TC23LFP09,LFP,lithium-ion,25.0,,25.0,charge,31,0.0180693726893591,0.5782514409357686,0.32321428062626467,3.30858906227072,25.53085919889503
raw_CU_diffT/TC23LFP09/TC23LFP09_25deg.parquet,TC23LFP09_25deg.parquet,TC23LFP09,LFP,lithium-ion,25.0,,25.0,charge,32,0.0180692735070329,0.5963207144428015,0.33331412098042573,3.30897052178098,25.517410055248618
raw_CU_diffT/TC23LFP09/TC23LFP09_25deg.parquet,TC23LFP09_25deg.parquet,TC23LFP09,LFP,lithium-ion,25.0,,25.0,charge,33,0.0180692851831577,0.6143899996259592,0.3434139678609696,3.30916125153612,25.546789143646407
raw_CU_diffT/TC23LFP09/TC23LFP09_25deg.parquet,TC23LFP09_25deg.parquet,TC23LFP09,LFP,lithium-ion,25.0,,25.0,charge,34,0.0180691223834592,0.6324591220094183,0.35351372374444245,3.30935198129125,25.565554419889498
raw_CU_diffT/TC23LFP09/TC23LFP09_25deg.parquet,TC23LFP09_25deg.parquet,TC23LFP09,LFP,lithium-ion,25.0,,25.0,charge,35,0.0180693602479331,0.6505284822573515,0.3636136125825254,3.30973344080151,25.562778453038675
raw_CU_diffT/TC23LFP09/TC23LFP09_25deg.parquet,TC23LFP09_25deg.parquet,TC23LFP09,LFP,lithium-ion,25.0,,25.0,charge,36,0.0180693132401859,0.6685977954975374,0.3737134751455761,3.30992417055664,25.554433535911606
raw_CU_diffT/TC23LFP09/TC23LFP09_25deg.parquet,TC23LFP09_25deg.parquet,TC23LFP09,LFP,lithium-ion,25.0,,25.0,charge,37,0.0180697134785368,0.6866675089760742,0.3838135614222945,3.31030563006691,25.54843488950276
raw_CU_diffT/TC23LFP09/TC23LFP09_25deg.parquet,TC23LFP09_25deg.parquet,TC23LFP09,LFP,lithium-ion,25.0,,25.0,charge,38,0.0180692058727791,0.7047367148488533,0.3939133639722148,3.31068708957717,25.549700220994477
raw_CU_diffT/TC23LFP09/TC23LFP09_25deg.parquet,TC23LFP09_25deg.parquet,TC23LFP09,LFP,lithium-ion,25.0,,25.0,charge,39,0.0180694861035669,0.7228062009524201,0.404013323157443,3.31106854908743,25.557749337016574
raw_CU_diffT/TC23LFP09/TC23LFP09_25deg.parquet,TC23LFP09_25deg.parquet,TC23LFP09,LFP,lithium-ion,25.0,,25.0,charge,40,0.0180692224491956,0.7408754234016157,0.4141131349727696,3.3114500085977,25.561445635359114
raw_CU_diffT/TC23LFP09/TC23LFP09_25deg.parquet,TC23LFP09_25deg.parquet,TC23LFP09,LFP,lithium-ion,25.0,,25.0,charge,41,0.0180691581695013,0.758944581571117,0.4242129108588902,3.31183146810796,25.55932754143646
raw_CU_diffT/TC23LFP09/TC23LFP09_25deg.parquet,TC23LFP09_25deg.parquet,TC23LFP09,LFP,lithium-ion,25.0,,25.0,charge,42,0.0180693000601416,0.7770138816312586,0.4343127660549406,3.31240365737336,25.56059320441989
raw_CU_diffT/TC23LFP09/TC23LFP09_25deg.parquet,TC23LFP09_25deg.parquet,TC23LFP09,LFP,lithium-ion,25.0,,25.0,charge,43,0.0180692668169951,0.7950831484482537,0.4444126026696977,3.31278511688362,25.562795110497234
raw_CU_diffT/TC23LFP09/TC23LFP09_25deg.parquet,TC23LFP09_25deg.parquet,TC23LFP09,LFP,lithium-ion,25.0,,25.0,charge,44,0.0180692231278757,0.8131523715761294,0.45451241486437327,3.31354803590415,25.549211298342545
raw_CU_diffT/TC23LFP09/TC23LFP09_25deg.parquet,TC23LFP09_25deg.parquet,TC23LFP09,LFP,lithium-ion,25.0,,25.0,charge,45,0.0180691727089841,0.8312215442851135,0.46461219887735383,3.31431095492467,25.55531900552486
raw_CU_diffT/TC23LFP09/TC23LFP09_25deg.parquet,TC23LFP09_25deg.parquet,TC23LFP09,LFP,lithium-ion,25.0,,25.0,charge,46,0.018069411538266,0.8492909558233795,0.47471211638422484,3.3150738739452,25.56753729281768
raw_CU_diffT/TC23LFP09/TC23LFP09_25deg.parquet,TC23LFP09_25deg.parquet,TC23LFP09,LFP,lithium-ion,25.0,,25.0,charge,47,0.0180690684152278,0.8673600242386074,0.48481184210209527,3.31583679296573,25.56849052486188
raw_CU_diffT/TC23LFP09/TC23LFP09_25deg.parquet,TC23LFP09_25deg.parquet,TC23LFP09,LFP,lithium-ion,25.0,,25.0,charge,48,0.0180693417178934,0.8854293659565008,0.4949117205827921,3.31698117149652,25.573207044198895
raw_CU_diffT/TC23LFP09/TC23LFP09_25deg.parquet,TC23LFP09_25deg.parquet,TC23LFP09,LFP,lithium-ion,25.0,,25.0,charge,49,0.0180695274319697,0.9034988933884704,0.5050117028685766,3.31812555002731,25.55664392265193
raw_CU_diffT/TC23LFP09/TC23LFP09_25deg.parquet,TC23LFP09_25deg.parquet,TC23LFP09,LFP,lithium-ion,25.0,,25.0,charge,50,0.0180694489584587,0.9215683423469292,0.5151116412915057,3.31965138806836,25.577712679558015
raw_CU_diffT/TC23LFP09/TC23LFP09_25deg.parquet,TC23LFP09_25deg.parquet,TC23LFP09,LFP,lithium-ion,25.0,,25.0,charge,51,0.0180693021885473,0.9396376445354765,0.5252114976772307,3.32117722610942,25.561310027624312
raw_CU_diffT/TC23LFP09/TC23LFP09_25deg.parquet,TC23LFP09_25deg.parquet,TC23LFP09,LFP,lithium-ion,25.0,,25.0,charge,52,0.0180692779724505,0.957706922507927,0.535311340527342,3.32327525341587,25.56865022099447
raw_CU_diffT/TC23LFP09/TC23LFP09_25deg.parquet,TC23LFP09_25deg.parquet,TC23LFP09,LFP,lithium-ion,25.0,,25.0,charge,53,0.018069327949979,0.975776250457906,0.5454112113124477,3.32594546998771,25.578631823204418
raw_CU_diffT/TC23LFP09/TC23LFP09_25deg.parquet,TC23LFP09_25deg.parquet,TC23LFP09,LFP,lithium-ion,25.0,,25.0,charge,54,0.018069145280537,0.993845395738443,0.5555109799942676,3.32918787582495,25.573358232044196
raw_CU_diffT/TC23LFP09/TC23LFP09_25deg.parquet,TC23LFP09_25deg.parquet,TC23LFP09,LFP,lithium-ion,25.0,,25.0,charge,55,0.0180712078465658,1.011916603585009,0.5656119015496438,3.33300247092759,25.560635635359112
raw_CU_diffT/TC23LFP09/TC23LFP09_25deg.parquet,TC23LFP09_25deg.parquet,TC23LFP09,LFP,lithium-ion,25.0,,25.0,charge,56,0.0180694324555626,1.0299860360405715,0.5757118307482608,3.33643560651996,25.570659254143646
raw_CU_diffT/TC23LFP09/TC23LFP09_25deg.parquet,TC23LFP09_25deg.parquet,TC23LFP09,LFP,lithium-ion,25.0,,25.0,charge,57,0.0180692274448775,1.048055263485449,0.5858116453559293,3.3391058230918,25.570389254143652
raw_CU_diffT/TC23LFP09/TC23LFP09_25deg.parquet,TC23LFP09_25deg.parquet,TC23LFP09,LFP,lithium-ion,25.0,,25.0,charge,58,0.0180693300219599,1.0661245935074088,0.5959115172991712,3.34082239088799,25.553640745856352
raw_CU_diffT/TC23LFP09/TC23LFP09_25deg.parquet,TC23LFP09_25deg.parquet,TC23LFP09,LFP,lithium-ion,25.0,,25.0,charge,59,0.0180691966288091,1.084193790136218,0.6060113146821643,3.34215749917391,25.55789359116022
raw_CU_diffT/TC23LFP09/TC23LFP09_25deg.parquet,TC23LFP09_25deg.parquet,TC23LFP09,LFP,lithium-ion,25.0,,25.0,charge,60,0.0180692273392452,1.102263017475463,0.6161111292307895,3.34311114794957,25.54851080110497
raw_CU_diffT/TC23LFP09/TC23LFP09_25deg.parquet,TC23LFP09_25deg.parquet,TC23LFP09,LFP,lithium-ion,25.0,,25.0,charge,61,0.0180692672084864,1.1203322846839494,0.626210966064371,3.3438740669701,25.55623044198895
raw_CU_diffT/TC23LFP09/TC23LFP09_25deg.parquet,TC23LFP09_25deg.parquet,TC23LFP09,LFP,lithium-ion,25.0,,25.0,charge,62,0.0180690672137515,1.138401351897701,0.636310691110675,3.34463698599062,25.546391906077346
raw_CU_diffT/TC23LFP09/TC23LFP09_25deg.parquet,TC23LFP09_25deg.parquet,TC23LFP09,LFP,lithium-ion,25.0,,25.0,charge,63,0.0180692763123252,1.156470628210026,0.6464105330328572,3.34501844550089,25.54108599447514
raw_CU_diffT/TC23LFP09/TC23LFP09_25deg.parquet,TC23LFP09_25deg.parquet,TC23LFP09,LFP,lithium-ion,25.0,,25.0,charge,64,0.0180692567482069,1.174539884958233,0.6565103640196539,3.34539990501115,25.547836353591165
raw_CU_diffT/TC23LFP09/TC23LFP09_25deg.parquet,TC23LFP09_25deg.parquet,TC23LFP09,LFP,lithium-ion,25.0,,25.0,charge,65,0.0180693104947137,1.1926091954529465,0.66661022504812,3.34559063476628,25.544502900552484
raw_CU_diffT/TC23LFP09/TC23LFP09_25deg.parquet,TC23LFP09_25deg.parquet,TC23LFP09,LFP,lithium-ion,25.0,,25.0,charge,66,0.0180692484325857,1.2106784438855323,0.6767100513868911,3.34597209427655,25.530919171270714
raw_CU_diffT/TC23LFP09/TC23LFP09_25deg.parquet,TC23LFP09_25deg.parquet,TC23LFP09,LFP,lithium-ion,25.0,,25.0,charge,67,0.0180694338655584,1.2287478777510907,0.6868099813736269,3.34616282403168,25.53748273480663
raw_CU_diffT/TC23LFP09/TC23LFP09_25deg.parquet,TC23LFP09_25deg.parquet,TC23LFP09,LFP,lithium-ion,25.0,,25.0,charge,68,0.0180695030319848,1.2468173807830756,0.696909950021013,3.34635355378681,25.544789779005526
raw_CU_diffT/TC23LFP09/TC23LFP09_25deg.parquet,TC23LFP09_25deg.parquet,TC23LFP09,LFP,lithium-ion,25.0,,25.0,charge,69,0.018069352325727,1.2648867331088025,0.70700983443097,3.34673501329707,25.542545331491713
raw_CU_diffT/TC23LFP09/TC23LFP09_25deg.parquet,TC23LFP09_25deg.parquet,TC23LFP09,LFP,lithium-ion,25.0,,25.0,charge,70,0.0180691419468689,1.2829558750556713,0.7171096012494322,3.34692574305221,25.545187458563536
raw_CU_diffT/TC23LFP09/TC23LFP09_25deg.parquet,TC23LFP09_25deg.parquet,TC23LFP09,LFP,lithium-ion,25.0,,25.0,charge,71,0.0180695843371688,1.30102545939284,0.7272096153424406,3.34711647280734,25.534850580110497
raw_CU_diffT/TC23LFP09/TC23LFP09_25deg.parquet,TC23LFP09_25deg.parquet,TC23LFP09,LFP,lithium-ion,25.0,,25.0,charge,72,0.0180691788948023,1.3190946382876423,0.737309402812991,3.3474979323176,25.552669889502766
raw_CU_diffT/TC23LFP09/TC23LFP09_25deg.parquet,TC23LFP09_25deg.parquet,TC23LFP09,LFP,lithium-ion,25.0,,25.0,charge,73,0.0180691665649639,1.3371638048526062,0.7474091833917647,3.34768866207273,25.542097569060775
raw_CU_diffT/TC23LFP09/TC23LFP09_25deg.parquet,TC23LFP09_25deg.parquet,TC23LFP09,LFP,lithium-ion,25.0,,25.0,charge,74,0.018069492772723,1.3552332976253292,0.757509146304725,3.34787939182786,25.537406602209945
raw_CU_diffT/TC23LFP09/TC23LFP09_25deg.parquet,TC23LFP09_25deg.parquet,TC23LFP09,LFP,lithium-ion,25.0,,25.0,charge,75,0.0180692599058101,1.3733025575311393,0.7676089790564675,3.34826085133813,25.541676298342544
raw_CU_diffT/TC23LFP09/TC23LFP09_25deg.parquet,TC23LFP09_25deg.parquet,TC23LFP09,LFP,lithium-ion,25.0,,25.0,charge,76,0.0180692745238643,1.3913718320550035,0.7777088199789876,3.34826085133813,25.545025745856353
raw_CU_diffT/TC23LFP09/TC23LFP09_25deg.parquet,TC23LFP09_25deg.parquet,TC23LFP09,LFP,lithium-ion,25.0,,25.0,charge,77,0.0180693058296874,1.409441137884691,0.7878086783999321,3.34864231084839,25.531247569060774
raw_CU_diffT/TC23LFP09/TC23LFP09_25deg.parquet,TC23LFP09_25deg.parquet,TC23LFP09,LFP,lithium-ion,25.0,,25.0,charge,78,0.0180692447194063,1.4275103826040973,0.7979085026632176,3.34864231084839,25.54813895027624
raw_CU_diffT/TC23LFP09/TC23LFP09_25deg.parquet,TC23LFP09_25deg.parquet,TC23LFP09,LFP,lithium-ion,25.0,,25.0,charge,79,0.0180692596434309,1.4455796422475282,0.808008335268303,3.34902377035865,25.550544171270715
raw_CU_diffT/TC23LFP09/TC23LFP09_25deg.parquet,TC23LFP09_25deg.parquet,TC23LFP09,LFP,lithium-ion,25.0,,25.0,charge,80,0.0180691790821528,1.463648821329681,0.8181081228435731,3.34921450011379,25.54807171270718
raw_CU_diffT/TC23LFP09/TC23LFP09_25deg.parquet,TC23LFP09_25deg.parquet,TC23LFP09,LFP,lithium-ion,25.0,,25.0,charge,81,0.0180691252765758,1.4817179466062569,0.8282078803441568,3.34959595962405,25.53648685082873
raw_CU_diffT/TC23LFP09/TC23LFP09_25deg.parquet,TC23LFP09_25deg.parquet,TC23LFP09,LFP,lithium-ion,25.0,,25.0,charge,82,0.0180694385864455,1.4997873851927024,0.8383078129696376,3.34997741913431,25.548037513812158
raw_CU_diffT/TC23LFP09/TC23LFP09_25deg.parquet,TC23LFP09_25deg.parquet,TC23LFP09,LFP,lithium-ion,25.0,,25.0,charge,83,0.0180692475778245,1.517856632770527,0.8484076388306391,3.35035887864458,25.54725334254143
raw_CU_diffT/TC23LFP09/TC23LFP09_25deg.parquet,TC23LFP09_25deg.parquet,TC23LFP09,LFP,lithium-ion,25.0,,25.0,charge,84,0.0180691807794051,1.535925813549932,0.8585074273545903,3.35074033815484,25.55171685082873
raw_CU_diffT/TC23LFP09/TC23LFP09_25deg.parquet,TC23LFP09_25deg.parquet,TC23LFP09,LFP,lithium-ion,25.0,,25.0,charge,85,0.0180691777833677,1.5539949913332998,0.8686072142039032,3.35131252742024,25.555513895027627
raw_CU_diffT/TC23LFP09/TC23LFP09_25deg.parquet,TC23LFP09_25deg.parquet,TC23LFP09,LFP,lithium-ion,25.0,,25.0,charge,86,0.0180693118312916,1.5720643031645913,0.8787070759794509,3.3516939869305,25.555142099447515
raw_CU_diffT/TC23LFP09/TC23LFP09_25deg.parquet,TC23LFP09_25deg.parquet,TC23LFP09,LFP,lithium-ion,25.0,,25.0,charge,87,0.0180693843458068,1.5901336875103982,0.8888069782870669,3.35226617619589,25.555885303867402
raw_CU_diffT/TC23LFP09/TC23LFP09_25deg.parquet,TC23LFP09_25deg.parquet,TC23LFP09,LFP,lithium-ion,25.0,,25.0,charge,88,0.0180693058619491,1.6082029933723472,0.898906836726044,3.35283836546129,25.558331712707187
raw_CU_diffT/TC23LFP09/TC23LFP09_25deg.parquet,TC23LFP09_25deg.parquet,TC23LFP09,LFP,lithium-ion,25.0,,25.0,charge,89,0.0180693766093158,1.626272369981663,0.9090067347093398,3.35398274399208,25.55931044198895
raw_CU_diffT/TC23LFP09/TC23LFP09_25deg.parquet,TC23LFP09_25deg.parquet,TC23LFP09,LFP,lithium-ion,25.0,,25.0,charge,90,0.0180693579486994,1.6443417279303625,0.9191066222622635,3.35474566301261,25.565739944751382
raw_CU_diffT/TC23LFP09/TC23LFP09_25deg.parquet,TC23LFP09_25deg.parquet,TC23LFP09,LFP,lithium-ion,25.0,,25.0,charge,91,0.0180692278351437,1.6624109557655062,0.9292064370880718,3.3558900415434,25.564001823204418
raw_CU_diffT/TC23LFP09/TC23LFP09_25deg.parquet,TC23LFP09_25deg.parquet,TC23LFP09,LFP,lithium-ion,25.0,,25.0,charge,92,0.0180692689914203,1.6804802247569266,0.9393062749182263,3.35741587958445,25.57243908839779
raw_CU_diffT/TC23LFP09/TC23LFP09_25deg.parquet,TC23LFP09_25deg.parquet,TC23LFP09,LFP,lithium-ion,25.0,,25.0,charge,93,0.0180692655594058,1.6985494903163323,0.9494061108300523,3.35932317713577,25.570481712707185
raw_CU_diffT/TC23LFP09/TC23LFP09_25deg.parquet,TC23LFP09_25deg.parquet,TC23LFP09,LFP,lithium-ion,25.0,,25.0,charge,94,0.0152899693646554,1.7138394596809876,0.9579524560687209,3.36103974493196,25.56505649171271
raw_CU_diffT/TC23LFP09/TC23LFP09_25deg.parquet,TC23LFP09_25deg.parquet,TC23LFP09,LFP,lithium-ion,25.0,,25.0,charge,95,0.0128114108714775,1.726650870552465,0.9651134083041898,3.36294704248327,25.549184999999998
raw_CU_diffT/TC23LFP09/TC23LFP09_25deg.parquet,TC23LFP09_25deg.parquet,TC23LFP09,LFP,lithium-ion,25.0,,25.0,charge,96,0.0112069517589634,1.7378578223114285,0.9713775463492673,3.36523579954485,25.53591383977901
raw_CU_diffT/TC23LFP09/TC23LFP09_25deg.parquet,TC23LFP09_25deg.parquet,TC23LFP09,LFP,lithium-ion,25.0,,25.0,charge,97,0.0099694655693885,1.747827287880817,0.9769499901239403,3.36847820538209,25.514305165745853
raw_CU_diffT/TC23LFP09/TC23LFP09_25deg.parquet,TC23LFP09_25deg.parquet,TC23LFP09,LFP,lithium-ion,25.0,,25.0,charge,98,0.0088920722158498,1.7567193600966668,0.9819202236954672,3.37248353023986,25.5089044198895
raw_CU_diffT/TC23LFP09/TC23LFP09_25deg.parquet,TC23LFP09_25deg.parquet,TC23LFP09,LFP,lithium-ion,25.0,,25.0,charge,99,0.0078947801920274,1.7646141402886943,0.9863330197904311,3.37763323362842,25.493110856353592
raw_CU_diffT/TC23LFP09/TC23LFP09_25deg.parquet,TC23LFP09_25deg.parquet,TC23LFP09,LFP,lithium-ion,25.0,,25.0,charge,100,0.0069069794867932,1.7715211197754877,0.9901936835918245,3.38449950481316,25.492501381215476
raw_CU_diffT/TC23LFP09/TC23LFP09_25deg.parquet,TC23LFP09_25deg.parquet,TC23LFP09,LFP,lithium-ion,25.0,,25.0,charge,101,0.005904526945984,1.7774256467214717,0.993494025439994,3.39308234379409,25.4778035359116
raw_CU_diffT/TC23LFP09/TC23LFP09_25deg.parquet,TC23LFP09_25deg.parquet,TC23LFP09,LFP,lithium-ion,25.0,,25.0,charge,102,0.0048736522323872,1.7822992989538589,0.996218158730115,3.4039539398366,25.47339240331492
raw_CU_diffT/TC23LFP09/TC23LFP09_25deg.parquet,TC23LFP09_25deg.parquet,TC23LFP09,LFP,lithium-ion,25.0,,25.0,charge,103,0.0038588871608285,1.7861581861146874,0.9983750879643711,3.41673283343043,25.45703809392265
raw_CU_diffT/TC23LFP09/TC23LFP09_25deg.parquet,TC23LFP09_25deg.parquet,TC23LFP09,LFP,lithium-ion,25.0,,25.0,charge,104,0.0029070736731545,1.7890652597878418,0.9999999999999999,3.43122829482044,25.453916795580106
raw_CU_diffT/TC23LFP09/TC23LFP09_35deg.parquet,TC23LFP09_35deg.parquet,TC23LFP09,LFP,lithium-ion,35.0,,35.0,discharge,0,0.0180049559441116,0.0180049559441116,0.010035897397707987,3.33872436358154,35.30525679558011
raw_CU_diffT/TC23LFP09/TC23LFP09_35deg.parquet,TC23LFP09_35deg.parquet,TC23LFP09,LFP,lithium-ion,35.0,,35.0,discharge,1,0.0180055334659262,0.0360104894100378,0.02007211670398905,3.32422890219153,35.322195635359115
raw_CU_diffT/TC23LFP09/TC23LFP09_35deg.parquet,TC23LFP09_35deg.parquet,TC23LFP09,LFP,lithium-ion,35.0,,35.0,discharge,2,0.0180054553677892,0.054015944777827,0.030108292478650683,3.32422890219153,35.32879218232044
raw_CU_diffT/TC23LFP09/TC23LFP09_35deg.parquet,TC23LFP09_35deg.parquet,TC23LFP09,LFP,lithium-ion,35.0,,35.0,discharge,3,0.0180053688772184,0.0720213136550454,0.04014442004378062,3.32461036170179,35.33625320441989
raw_CU_diffT/TC23LFP09/TC23LFP09_35deg.parquet,TC23LFP09_35deg.parquet,TC23LFP09,LFP,lithium-ion,35.0,,35.0,discharge,4,0.0180049443305322,0.09002625798557759,0.050180310968121394,3.32499182121205,35.33455342541436
raw_CU_diffT/TC23LFP09/TC23LFP09_35deg.parquet,TC23LFP09_35deg.parquet,TC23LFP09,LFP,lithium-ion,35.0,,35.0,discharge,5,0.0180049382567282,0.10803119624230578,0.06021619850694577,3.32499182121205,35.3357708839779
raw_CU_diffT/TC23LFP09/TC23LFP09_35deg.parquet,TC23LFP09_35deg.parquet,TC23LFP09,LFP,lithium-ion,35.0,,35.0,discharge,6,0.0180052540704568,0.1260364503127626,0.07025226207920154,3.32499182121205,35.33321737569061
raw_CU_diffT/TC23LFP09/TC23LFP09_35deg.parquet,TC23LFP09_35deg.parquet,TC23LFP09,LFP,lithium-ion,35.0,,35.0,discharge,7,0.0180056277050613,0.1440420780178239,0.08028853391403606,3.32499182121205,35.34011535911602
raw_CU_diffT/TC23LFP09/TC23LFP09_35deg.parquet,TC23LFP09_35deg.parquet,TC23LFP09,LFP,lithium-ion,35.0,,35.0,discharge,8,0.0180055388946399,0.1620476169124638,0.09032475624626253,3.32499182121205,35.33445303867404
raw_CU_diffT/TC23LFP09/TC23LFP09_35deg.parquet,TC23LFP09_35deg.parquet,TC23LFP09,LFP,lithium-ion,35.0,,35.0,discharge,9,0.0180056238211671,0.1800532407336309,0.10036102591622846,3.32480109145692,35.34240491712706
raw_CU_diffT/TC23LFP09/TC23LFP09_35deg.parquet,TC23LFP09_35deg.parquet,TC23LFP09,LFP,lithium-ion,35.0,,35.0,discharge,10,0.0180054162884667,0.1980586570220976,0.1103971799082169,3.32480109145692,35.34722146408839
raw_CU_diffT/TC23LFP09/TC23LFP09_35deg.parquet,TC23LFP09_35deg.parquet,TC23LFP09,LFP,lithium-ion,35.0,,35.0,discharge,11,0.0180047063676483,0.2160633633897459,0.12043293819290589,3.32461036170179,35.34427756906077
raw_CU_diffT/TC23LFP09/TC23LFP09_35deg.parquet,TC23LFP09_35deg.parquet,TC23LFP09,LFP,lithium-ion,35.0,,35.0,discharge,12,0.0180056147822547,0.23406897817200062,0.1304692028246147,3.32461036170179,35.34006011049724
raw_CU_diffT/TC23LFP09/TC23LFP09_35deg.parquet,TC23LFP09_35deg.parquet,TC23LFP09,LFP,lithium-ion,35.0,,35.0,discharge,13,0.018005679522092,0.2520746576940926,0.14050550354207492,3.32441963194666,35.33587977900552
raw_CU_diffT/TC23LFP09/TC23LFP09_35deg.parquet,TC23LFP09_35deg.parquet,TC23LFP09,LFP,lithium-ion,35.0,,35.0,discharge,14,0.0180056759647758,0.2700803336588684,0.15054180227669994,3.32422890219153,35.347684530386736
raw_CU_diffT/TC23LFP09/TC23LFP09_35deg.parquet,TC23LFP09_35deg.parquet,TC23LFP09,LFP,lithium-ion,35.0,,35.0,discharge,15,0.0180052834775554,0.28808561713642383,0.16057788224036626,3.32422890219153,35.33785243093922
raw_CU_diffT/TC23LFP09/TC23LFP09_35deg.parquet,TC23LFP09_35deg.parquet,TC23LFP09,LFP,lithium-ion,35.0,,35.0,discharge,16,0.0180058277909187,0.3060914449273425,0.17061426560233484,3.32403817243639,35.34085093922652
raw_CU_diffT/TC23LFP09/TC23LFP09_35deg.parquet,TC23LFP09_35deg.parquet,TC23LFP09,LFP,lithium-ion,35.0,,35.0,discharge,17,0.0180054019658332,0.32409684689317575,0.18065041161093914,3.32384744268126,35.348029889502754
raw_CU_diffT/TC23LFP09/TC23LFP09_35deg.parquet,TC23LFP09_35deg.parquet,TC23LFP09,LFP,lithium-ion,35.0,,35.0,discharge,18,0.0180053865473643,0.34210223344054,0.19068654902534454,3.32365671292613,35.35170903314917
raw_CU_diffT/TC23LFP09/TC23LFP09_35deg.parquet,TC23LFP09_35deg.parquet,TC23LFP09,LFP,lithium-ion,35.0,,35.0,discharge,19,0.0180058582532567,0.3601080916937967,0.20072294936691026,3.323465983171,35.343168618784524
raw_CU_diffT/TC23LFP09/TC23LFP09_35deg.parquet,TC23LFP09_35deg.parquet,TC23LFP09,LFP,lithium-ion,35.0,,35.0,discharge,20,0.0180056362388553,0.378113727932652,0.21075922595845076,3.32327525341587,35.34683096685083
raw_CU_diffT/TC23LFP09/TC23LFP09_35deg.parquet,TC23LFP09_35deg.parquet,TC23LFP09,LFP,lithium-ion,35.0,,35.0,discharge,21,0.0180059211736052,0.39611964910625724,0.22079566137159143,3.32308452366073,35.3473476519337
raw_CU_diffT/TC23LFP09/TC23LFP09_35deg.parquet,TC23LFP09_35deg.parquet,TC23LFP09,LFP,lithium-ion,35.0,,35.0,discharge,22,0.0180053652264843,0.4141250143327415,0.23083178690181536,3.32270306415047,35.33736212707183
raw_CU_diffT/TC23LFP09/TC23LFP09_35deg.parquet,TC23LFP09_35deg.parquet,TC23LFP09,LFP,lithium-ion,35.0,,35.0,discharge,23,0.0180058535171518,0.4321308678498933,0.24086818460349332,3.32232160464021,35.350120386740336
raw_CU_diffT/TC23LFP09/TC23LFP09_35deg.parquet,TC23LFP09_35deg.parquet,TC23LFP09,LFP,lithium-ion,35.0,,35.0,discharge,24,0.0180056918194852,0.4501365596693785,0.2509044921754761,3.32194014512994,35.354853701657454
raw_CU_diffT/TC23LFP09/TC23LFP09_35deg.parquet,TC23LFP09_35deg.parquet,TC23LFP09,LFP,lithium-ion,35.0,,35.0,discharge,25,0.0180054058764993,0.4681419655458778,0.26094064036387155,3.32136795586455,35.34686665745856
raw_CU_diffT/TC23LFP09/TC23LFP09_35deg.parquet,TC23LFP09_35deg.parquet,TC23LFP09,LFP,lithium-ion,35.0,,35.0,discharge,26,0.0180054431910986,0.48614740873697637,0.2709768093512898,3.32079576659915,35.34216820441989
raw_CU_diffT/TC23LFP09/TC23LFP09_35deg.parquet,TC23LFP09_35deg.parquet,TC23LFP09,LFP,lithium-ion,35.0,,35.0,discharge,27,0.018005268635124,0.5041526773721003,0.28101288104183847,3.31984211782349,35.35533591160221
raw_CU_diffT/TC23LFP09/TC23LFP09_35deg.parquet,TC23LFP09_35deg.parquet,TC23LFP09,LFP,lithium-ion,35.0,,35.0,discharge,28,0.0180051268421421,0.5221578042142424,0.2910488736974912,3.3186977392927,35.3512370718232
raw_CU_diffT/TC23LFP09/TC23LFP09_35deg.parquet,TC23LFP09_35deg.parquet,TC23LFP09,LFP,lithium-ion,35.0,,35.0,discharge,29,0.0180049802496034,0.5401627844638458,0.30108478464299254,3.31717190125165,35.35388174033149
raw_CU_diffT/TC23LFP09/TC23LFP09_35deg.parquet,TC23LFP09_35deg.parquet,TC23LFP09,LFP,lithium-ion,35.0,,35.0,discharge,30,0.0180058521536307,0.5581686366174765,0.3111211815846488,3.3150738739452,35.35014679558011
raw_CU_diffT/TC23LFP09/TC23LFP09_35deg.parquet,TC23LFP09_35deg.parquet,TC23LFP09,LFP,lithium-ion,35.0,,35.0,discharge,31,0.0180059252312298,0.5761745618487063,0.32115761925949476,3.31240365737336,35.3519732320442
raw_CU_diffT/TC23LFP09/TC23LFP09_35deg.parquet,TC23LFP09_35deg.parquet,TC23LFP09,LFP,lithium-ion,35.0,,35.0,discharge,32,0.0180054550084277,0.594180016857134,0.3311937948338496,3.30897052178098,35.34277787292818
raw_CU_diffT/TC23LFP09/TC23LFP09_35deg.parquet,TC23LFP09_35deg.parquet,TC23LFP09,LFP,lithium-ion,35.0,,35.0,discharge,33,0.0180050023907243,0.6121850192478583,0.3412297181207317,3.30534665643348,35.34962944751381
raw_CU_diffT/TC23LFP09/TC23LFP09_35deg.parquet,TC23LFP09_35deg.parquet,TC23LFP09,LFP,lithium-ion,35.0,,35.0,discharge,34,0.0180055621680843,0.6301905814159425,0.35126595342549194,3.30153206133085,35.34283972375691
raw_CU_diffT/TC23LFP09/TC23LFP09_35deg.parquet,TC23LFP09_35deg.parquet,TC23LFP09,LFP,lithium-ion,35.0,,35.0,discharge,35,0.0180054968826359,0.6481960782985784,0.36130215234037916,3.29771746622821,35.335489254143646
raw_CU_diffT/TC23LFP09/TC23LFP09_35deg.parquet,TC23LFP09_35deg.parquet,TC23LFP09,LFP,lithium-ion,35.0,,35.0,discharge,36,0.0180054939476469,0.6662015722462253,0.3713383496193141,3.2946657901461,35.34319541436464
raw_CU_diffT/TC23LFP09/TC23LFP09_35deg.parquet,TC23LFP09_35deg.parquet,TC23LFP09,LFP,lithium-ion,35.0,,35.0,discharge,37,0.0180048504334139,0.6842064226796393,0.38137418820574037,3.29218630332939,35.329846353591165
raw_CU_diffT/TC23LFP09/TC23LFP09_35deg.parquet,TC23LFP09_35deg.parquet,TC23LFP09,LFP,lithium-ion,35.0,,35.0,discharge,38,0.0180052601913443,0.7022116828709836,0.39141025518975675,3.29066046528833,35.318742900552486
raw_CU_diffT/TC23LFP09/TC23LFP09_35deg.parquet,TC23LFP09_35deg.parquet,TC23LFP09,LFP,lithium-ion,35.0,,35.0,discharge,39,0.0180056037372195,0.7202172866082031,0.40144651366500284,3.28932535700241,35.328102154696126
raw_CU_diffT/TC23LFP09/TC23LFP09_35deg.parquet,TC23LFP09_35deg.parquet,TC23LFP09,LFP,lithium-ion,35.0,,35.0,discharge,40,0.0180053257311286,0.7382226123393316,0.41148261718065815,3.28837170822675,35.31926091160221
raw_CU_diffT/TC23LFP09/TC23LFP09_35deg.parquet,TC23LFP09_35deg.parquet,TC23LFP09,LFP,lithium-ion,35.0,,35.0,discharge,41,0.0180057605315577,0.7562283728708893,0.42151896305250186,3.28799024871649,35.30968262430939
raw_CU_diffT/TC23LFP09/TC23LFP09_35deg.parquet,TC23LFP09_35deg.parquet,TC23LFP09,LFP,lithium-ion,35.0,,35.0,discharge,42,0.018006045342346,0.7742344182132352,0.4315554676768501,3.28760878920623,35.306829198895024
raw_CU_diffT/TC23LFP09/TC23LFP09_35deg.parquet,TC23LFP09_35deg.parquet,TC23LFP09,LFP,lithium-ion,35.0,,35.0,discharge,43,0.0180051076818888,0.792239525895124,0.4415914496526469,3.28722732969596,35.304712679558016
raw_CU_diffT/TC23LFP09/TC23LFP09_35deg.parquet,TC23LFP09_35deg.parquet,TC23LFP09,LFP,lithium-ion,35.0,,35.0,discharge,44,0.018005434322534,0.810244960217658,0.4516276136967593,3.2868458701857,35.31205516574585
raw_CU_diffT/TC23LFP09/TC23LFP09_35deg.parquet,TC23LFP09_35deg.parquet,TC23LFP09,LFP,lithium-ion,35.0,,35.0,discharge,45,0.0180054141768815,0.8282503743945395,0.46166376651175783,3.28646441067544,35.30380292817679
raw_CU_diffT/TC23LFP09/TC23LFP09_35deg.parquet,TC23LFP09_35deg.parquet,TC23LFP09,LFP,lithium-ion,35.0,,35.0,discharge,46,0.0180058359450989,0.8462562103396384,0.47170015441883695,3.28646441067544,35.311981215469615
raw_CU_diffT/TC23LFP09/TC23LFP09_35deg.parquet,TC23LFP09_35deg.parquet,TC23LFP09,LFP,lithium-ion,35.0,,35.0,discharge,47,0.018005438773202,0.8642616491128404,0.4817363209437357,3.28608295116517,35.31241828729282
raw_CU_diffT/TC23LFP09/TC23LFP09_35deg.parquet,TC23LFP09_35deg.parquet,TC23LFP09,LFP,lithium-ion,35.0,,35.0,discharge,48,0.0180051918262902,0.8822668409391307,0.49177234982131784,3.28589222141004,35.305975138121546
raw_CU_diffT/TC23LFP09/TC23LFP09_35deg.parquet,TC23LFP09_35deg.parquet,TC23LFP09,LFP,lithium-ion,35.0,,35.0,discharge,49,0.0180060202349934,0.9002728611741241,0.5018088404509184,3.28570149165491,35.31298102209944
raw_CU_diffT/TC23LFP09/TC23LFP09_35deg.parquet,TC23LFP09_35deg.parquet,TC23LFP09,LFP,lithium-ion,35.0,,35.0,discharge,50,0.0180053401845951,0.9182782013587192,0.5118449520228838,3.28551076189978,35.318123756906076
raw_CU_diffT/TC23LFP09/TC23LFP09_35deg.parquet,TC23LFP09_35deg.parquet,TC23LFP09,LFP,lithium-ion,35.0,,35.0,discharge,51,0.0180048067850089,0.9362830081437281,0.5218807662798468,3.28532003214465,35.30785599447513
raw_CU_diffT/TC23LFP09/TC23LFP09_35deg.parquet,TC23LFP09_35deg.parquet,TC23LFP09,LFP,lithium-ion,35.0,,35.0,discharge,52,0.0180056054428685,0.9542886135865967,0.5319170257058156,3.28493857263438,35.30924687845304
raw_CU_diffT/TC23LFP09/TC23LFP09_35deg.parquet,TC23LFP09_35deg.parquet,TC23LFP09,LFP,lithium-ion,35.0,,35.0,discharge,53,0.0180050733860712,0.9722936869726678,0.5419529885652475,3.28455711312412,35.312708867403316
raw_CU_diffT/TC23LFP09/TC23LFP09_35deg.parquet,TC23LFP09_35deg.parquet,TC23LFP09,LFP,lithium-ion,35.0,,35.0,discharge,54,0.0180049356315307,0.9902986226041985,0.5519888746407963,3.28436638336899,35.31640718232044
raw_CU_diffT/TC23LFP09/TC23LFP09_35deg.parquet,TC23LFP09_35deg.parquet,TC23LFP09,LFP,lithium-ion,35.0,,35.0,discharge,55,0.0180056971399283,1.0083043197441268,0.5620251851783749,3.28398492385872,35.319169226519335
raw_CU_diffT/TC23LFP09/TC23LFP09_35deg.parquet,TC23LFP09_35deg.parquet,TC23LFP09,LFP,lithium-ion,35.0,,35.0,discharge,56,0.0180053034941378,1.0263096232382647,0.5720612762992119,3.28341273459333,35.31919762430939
raw_CU_diffT/TC23LFP09/TC23LFP09_35deg.parquet,TC23LFP09_35deg.parquet,TC23LFP09,LFP,lithium-ion,35.0,,35.0,discharge,57,0.0180048391372607,1.0443144623755254,0.5820971085892032,3.2826498155728,35.312545441988945
raw_CU_diffT/TC23LFP09/TC23LFP09_35deg.parquet,TC23LFP09_35deg.parquet,TC23LFP09,LFP,lithium-ion,35.0,,35.0,discharge,58,0.018005350237761,1.0623198126132865,0.5921332257647669,3.28207762630741,35.3121823480663
raw_CU_diffT/TC23LFP09/TC23LFP09_35deg.parquet,TC23LFP09_35deg.parquet,TC23LFP09,LFP,lithium-ion,35.0,,35.0,discharge,59,0.0180054328015093,1.0803252454147958,0.6021693889610656,3.28131470728688,35.31906955801105
raw_CU_diffT/TC23LFP09/TC23LFP09_35deg.parquet,TC23LFP09_35deg.parquet,TC23LFP09,LFP,lithium-ion,35.0,,35.0,discharge,60,0.0180054160341712,1.098330661448967,0.6122055428113107,3.28036105851122,35.30502190607735
raw_CU_diffT/TC23LFP09/TC23LFP09_35deg.parquet,TC23LFP09_35deg.parquet,TC23LFP09,LFP,lithium-ion,35.0,,35.0,discharge,61,0.01800523998936,1.116335901438327,0.622241598534814,3.27921667998043,35.31633458563536
raw_CU_diffT/TC23LFP09/TC23LFP09_35deg.parquet,TC23LFP09_35deg.parquet,TC23LFP09,LFP,lithium-ion,35.0,,35.0,discharge,62,0.0180049222229255,1.1343408236612524,0.6322774771364547,3.27807230144964,35.31611546961326
raw_CU_diffT/TC23LFP09/TC23LFP09_35deg.parquet,TC23LFP09_35deg.parquet,TC23LFP09,LFP,lithium-ion,35.0,,35.0,discharge,63,0.0180054666715989,1.1523462903328514,0.642313659211819,3.27654646340858,35.32329488950276
raw_CU_diffT/TC23LFP09/TC23LFP09_35deg.parquet,TC23LFP09_35deg.parquet,TC23LFP09,LFP,lithium-ion,35.0,,35.0,discharge,64,0.0180051751906794,1.1703514655235308,0.6523496788167719,3.27502062536753,35.33003878453039
raw_CU_diffT/TC23LFP09/TC23LFP09_35deg.parquet,TC23LFP09_35deg.parquet,TC23LFP09,LFP,lithium-ion,35.0,,35.0,discharge,65,0.018005738800567,1.1883572043240977,0.6623860125758398,3.27349478732648,35.329801022099446
raw_CU_diffT/TC23LFP09/TC23LFP09_35deg.parquet,TC23LFP09_35deg.parquet,TC23LFP09,LFP,lithium-ion,35.0,,35.0,discharge,66,0.0180057818280478,1.2063629861521457,0.6724223703182703,3.27158748977516,35.343059143646414
raw_CU_diffT/TC23LFP09/TC23LFP09_35deg.parquet,TC23LFP09_35deg.parquet,TC23LFP09,LFP,lithium-ion,35.0,,35.0,discharge,67,0.0180054194678758,1.2243684056200215,0.68245852608245,3.26948946246871,35.35699870165746
raw_CU_diffT/TC23LFP09/TC23LFP09_35deg.parquet,TC23LFP09_35deg.parquet,TC23LFP09,LFP,lithium-ion,35.0,,35.0,discharge,68,0.018005277346425,1.2423736829664465,0.6924946026286463,3.26720070540713,35.35193842541436
raw_CU_diffT/TC23LFP09/TC23LFP09_35deg.parquet,TC23LFP09_35deg.parquet,TC23LFP09,LFP,lithium-ion,35.0,,35.0,discharge,69,0.0180052541016423,1.2603789370680887,0.7025306662182847,3.26453048883528,35.36164994475138
raw_CU_diffT/TC23LFP09/TC23LFP09_35deg.parquet,TC23LFP09_35deg.parquet,TC23LFP09,LFP,lithium-ion,35.0,,35.0,discharge,70,0.0180076543743493,1.278386591442438,0.7125680677112587,3.26186027226344,35.36118834254143
raw_CU_diffT/TC23LFP09/TC23LFP09_35deg.parquet,TC23LFP09_35deg.parquet,TC23LFP09,LFP,lithium-ion,35.0,,35.0,discharge,71,0.0180049973487329,1.2963915887911708,0.722603988187753,3.25899932593646,35.361914116022106
raw_CU_diffT/TC23LFP09/TC23LFP09_35deg.parquet,TC23LFP09_35deg.parquet,TC23LFP09,LFP,lithium-ion,35.0,,35.0,discharge,72,0.0180054811074878,1.3143970698986587,0.7326401783096297,3.25594764985435,35.360869861878456
raw_CU_diffT/TC23LFP09/TC23LFP09_35deg.parquet,TC23LFP09_35deg.parquet,TC23LFP09,LFP,lithium-ion,35.0,,35.0,discharge,73,0.0180054284918764,1.3324024983905352,0.7426763391037546,3.25308670352738,35.376652900552486
raw_CU_diffT/TC23LFP09/TC23LFP09_35deg.parquet,TC23LFP09_35deg.parquet,TC23LFP09,LFP,lithium-ion,35.0,,35.0,discharge,74,0.0180048972318666,1.3504073956224016,0.7527122037754693,3.2502257572004,35.376343812154694
raw_CU_diffT/TC23LFP09/TC23LFP09_35deg.parquet,TC23LFP09_35deg.parquet,TC23LFP09,LFP,lithium-ion,35.0,,35.0,discharge,75,0.0180054410501891,1.3684128366725907,0.7627483715695523,3.24717408111829,35.3845129281768
raw_CU_diffT/TC23LFP09/TC23LFP09_35deg.parquet,TC23LFP09_35deg.parquet,TC23LFP09,LFP,lithium-ion,35.0,,35.0,discharge,76,0.018005429067609,1.3864182657401998,0.7727845326845886,3.24374094552592,35.38073342541436
raw_CU_diffT/TC23LFP09/TC23LFP09_35deg.parquet,TC23LFP09_35deg.parquet,TC23LFP09,LFP,lithium-ion,35.0,,35.0,discharge,77,0.0180051093294264,1.4044233750696262,0.782820515578717,3.23954489091302,35.3811158839779
raw_CU_diffT/TC23LFP09/TC23LFP09_35deg.parquet,TC23LFP09_35deg.parquet,TC23LFP09,LFP,lithium-ion,35.0,,35.0,discharge,78,0.0180053199804491,1.4224286950500753,0.7928566158889644,3.2345859172796,35.38236002762431
raw_CU_diffT/TC23LFP09/TC23LFP09_35deg.parquet,TC23LFP09_35deg.parquet,TC23LFP09,LFP,lithium-ion,35.0,,35.0,discharge,79,0.018005456330415,1.4404341513804904,0.8028927922001902,3.22924548413591,35.380906298342545
raw_CU_diffT/TC23LFP09/TC23LFP09_35deg.parquet,TC23LFP09_35deg.parquet,TC23LFP09,LFP,lithium-ion,35.0,,35.0,discharge,80,0.0180056013127555,1.4584397526932458,0.8129290493240487,3.22371432123709,35.383559917127066
raw_CU_diffT/TC23LFP09/TC23LFP09_35deg.parquet,TC23LFP09_35deg.parquet,TC23LFP09,LFP,lithium-ion,35.0,,35.0,discharge,81,0.0180053904702973,1.476445143163543,0.8229651889250827,3.21856461784853,35.384231712707184
raw_CU_diffT/TC23LFP09/TC23LFP09_35deg.parquet,TC23LFP09_35deg.parquet,TC23LFP09,LFP,lithium-ion,35.0,,35.0,discharge,82,0.0180048154761395,1.4944499586396824,0.8330010080264505,3.21227053592918,35.37832574585635
raw_CU_diffT/TC23LFP09/TC23LFP09_35deg.parquet,TC23LFP09_35deg.parquet,TC23LFP09,LFP,lithium-ion,35.0,,35.0,discharge,83,0.0180048028499708,1.5124547614896533,0.8430368200900376,3.20502280523417,35.377398839779005
raw_CU_diffT/TC23LFP09/TC23LFP09_35deg.parquet,TC23LFP09_35deg.parquet,TC23LFP09,LFP,lithium-ion,35.0,,35.0,discharge,84,0.0180051467450634,1.5304599082347168,0.8530728238395068,3.19987310184561,35.37589022099447
raw_CU_diffT/TC23LFP09/TC23LFP09_35deg.parquet,TC23LFP09_35deg.parquet,TC23LFP09,LFP,lithium-ion,35.0,,35.0,discharge,85,0.0180052900500923,1.548465198284809,0.8631089074666813,3.19777507453917,35.36556748618784
raw_CU_diffT/TC23LFP09/TC23LFP09_35deg.parquet,TC23LFP09_35deg.parquet,TC23LFP09,LFP,lithium-ion,35.0,,35.0,discharge,86,0.0180059676024195,1.5664711658872286,0.8731453687590754,3.19643996625324,35.36966555248618
raw_CU_diffT/TC23LFP09/TC23LFP09_35deg.parquet,TC23LFP09_35deg.parquet,TC23LFP09,LFP,lithium-ion,35.0,,35.0,discharge,87,0.0180061704124726,1.5844773362997011,0.8831819430970604,3.19548631747758,35.368138950276254
raw_CU_diffT/TC23LFP09/TC23LFP09_35deg.parquet,TC23LFP09_35deg.parquet,TC23LFP09,LFP,lithium-ion,35.0,,35.0,discharge,88,0.0180050595337756,1.6024823958334766,0.8932178982352729,3.19415120919166,35.361915138121546
raw_CU_diffT/TC23LFP09/TC23LFP09_35deg.parquet,TC23LFP09_35deg.parquet,TC23LFP09,LFP,lithium-ion,35.0,,35.0,discharge,89,0.0180052818971045,1.6204876777305812,0.9032539773180015,3.19281610090574,35.37343690607735
raw_CU_diffT/TC23LFP09/TC23LFP09_35deg.parquet,TC23LFP09_35deg.parquet,TC23LFP09,LFP,lithium-ion,35.0,,35.0,discharge,90,0.0180055568586019,1.6384932345891832,0.9132902096632756,3.19014588433389,35.36871165745857
raw_CU_diffT/TC23LFP09/TC23LFP09_35deg.parquet,TC23LFP09_35deg.parquet,TC23LFP09,LFP,lithium-ion,35.0,,35.0,discharge,91,0.0180051089815764,1.6564983435707596,0.9233261923635137,3.18385180241455,35.379942955801106
raw_CU_diffT/TC23LFP09/TC23LFP09_35deg.parquet,TC23LFP09_35deg.parquet,TC23LFP09,LFP,lithium-ion,35.0,,35.0,discharge,92,0.0180056097089301,1.6745039532796897,0.9333624541673696,3.16516028641163,35.39399997237569
raw_CU_diffT/TC23LFP09/TC23LFP09_35deg.parquet,TC23LFP09_35deg.parquet,TC23LFP09,LFP,lithium-ion,35.0,,35.0,discharge,93,0.0180056269573085,1.6925095802369983,0.9433987255854094,3.13082893048792,35.4168623756906
raw_CU_diffT/TC23LFP09/TC23LFP09_35deg.parquet,TC23LFP09_35deg.parquet,TC23LFP09,LFP,lithium-ion,35.0,,35.0,discharge,94,0.0180053350745463,1.7105149153115446,0.9534348343090521,3.08581670827682,35.42987574585635
raw_CU_diffT/TC23LFP09/TC23LFP09_35deg.parquet,TC23LFP09_35deg.parquet,TC23LFP09,LFP,lithium-ion,35.0,,35.0,discharge,95,0.018005351737904,1.7285202670494486,0.96347095232079,3.02916997100269,35.43435745856353
raw_CU_diffT/TC23LFP09/TC23LFP09_35deg.parquet,TC23LFP09_35deg.parquet,TC23LFP09,LFP,lithium-ion,35.0,,35.0,discharge,96,0.0180066323069958,1.7465268993564445,0.9735077841171136,2.9547853665013,35.438344447513806
raw_CU_diffT/TC23LFP09/TC23LFP09_35deg.parquet,TC23LFP09_35deg.parquet,TC23LFP09,LFP,lithium-ion,35.0,,35.0,discharge,97,0.0180058544702721,1.7645327538267166,0.9835441823500575,2.84645086558645,35.45985370165746
raw_CU_diffT/TC23LFP09/TC23LFP09_35deg.parquet,TC23LFP09_35deg.parquet,TC23LFP09,LFP,lithium-ion,35.0,,35.0,discharge,98,0.0180052017107355,1.782537955537452,0.9935802167371938,2.62711164718493,35.48947685082873
raw_CU_diffT/TC23LFP09/TC23LFP09_35deg.parquet,TC23LFP09_35deg.parquet,TC23LFP09,LFP,lithium-ion,35.0,,35.0,discharge,99,0.0038368311246305,1.7863747866620825,0.9957188525449484,2.56321717921578,35.41724439226519
raw_CU_diffT/TC23LFP09/TC23LFP09_35deg.parquet,TC23LFP09_35deg.parquet,TC23LFP09,LFP,lithium-ion,35.0,,35.0,discharge,100,0.0020758370224348,1.7884506236845172,0.9968759166019884,2.54338128468208,35.370837596685085
raw_CU_diffT/TC23LFP09/TC23LFP09_35deg.parquet,TC23LFP09_35deg.parquet,TC23LFP09,LFP,lithium-ion,35.0,,35.0,discharge,101,0.0016575328697907,1.790108156554308,0.9977998194355295,2.53250968863957,35.338153176795586
raw_CU_diffT/TC23LFP09/TC23LFP09_35deg.parquet,TC23LFP09_35deg.parquet,TC23LFP09,LFP,lithium-ion,35.0,,35.0,discharge,102,0.0014495336810924,1.7915576902354005,0.9986077842727178,2.52392684965864,35.33691651933702
raw_CU_diffT/TC23LFP09/TC23LFP09_35deg.parquet,TC23LFP09_35deg.parquet,TC23LFP09,LFP,lithium-ion,35.0,,35.0,discharge,103,0.00130970514584,1.7928673953812404,0.9993378091895073,2.51591619994311,35.324659088397794
raw_CU_diffT/TC23LFP09/TC23LFP09_35deg.parquet,TC23LFP09_35deg.parquet,TC23LFP09,LFP,lithium-ion,35.0,,35.0,discharge,104,0.0011880070009722,1.7940554023822126,1.0,2.50637971218652,35.324421657458565
raw_CU_diffT/TC23LFP09/TC23LFP09_35deg.parquet,TC23LFP09_35deg.parquet,TC23LFP09,LFP,lithium-ion,35.0,,35.0,charge,0,0.0180052003197731,0.0180052003197731,0.010042072350227685,2.89584987216558,35.27309878453039
raw_CU_diffT/TC23LFP09/TC23LFP09_35deg.parquet,TC23LFP09_35deg.parquet,TC23LFP09,LFP,lithium-ion,35.0,,35.0,charge,1,0.0180053563416327,0.036010556661405804,0.02008423171880421,3.00246780528424,35.27271643646409
raw_CU_diffT/TC23LFP09/TC23LFP09_35deg.parquet,TC23LFP09_35deg.parquet,TC23LFP09,LFP,lithium-ion,35.0,,35.0,charge,2,0.0180049844415868,0.0540155411029926,0.030126183666907665,3.07399146345865,35.28109651933702
raw_CU_diffT/TC23LFP09/TC23LFP09_35deg.parquet,TC23LFP09_35deg.parquet,TC23LFP09,LFP,lithium-ion,35.0,,35.0,charge,3,0.0180051218393459,0.0720206629423385,0.04016821224610731,3.12777725440581,35.269055027624304
raw_CU_diffT/TC23LFP09/TC23LFP09_35deg.parquet,TC23LFP09_35deg.parquet,TC23LFP09,LFP,lithium-ion,35.0,,35.0,charge,4,0.0180050483584031,0.0900257113007416,0.05021019984265024,3.16992853028993,35.27644303867403
raw_CU_diffT/TC23LFP09/TC23LFP09_35deg.parquet,TC23LFP09_35deg.parquet,TC23LFP09,LFP,lithium-ion,35.0,,35.0,charge,5,0.0180052096882836,0.10803092098902521,0.060252277417993924,3.20292477792772,35.28363129834254
raw_CU_diffT/TC23LFP09/TC23LFP09_35deg.parquet,TC23LFP09_35deg.parquet,TC23LFP09,LFP,lithium-ion,35.0,,35.0,charge,6,0.0180057299757876,0.1260366509648128,0.0702946451742112,3.21951826662419,35.30499127071823
raw_CU_diffT/TC23LFP09/TC23LFP09_35deg.parquet,TC23LFP09_35deg.parquet,TC23LFP09,LFP,lithium-ion,35.0,,35.0,charge,7,0.0180054939936694,0.14404214495848222,0.08033688131570263,3.22276067246143,35.32761121546962
raw_CU_diffT/TC23LFP09/TC23LFP09_35deg.parquet,TC23LFP09_35deg.parquet,TC23LFP09,LFP,lithium-ion,35.0,,35.0,charge,8,0.0180052611826674,0.16204740614114962,0.09037898761110044,3.22371432123709,35.32739276243094
raw_CU_diffT/TC23LFP09/TC23LFP09_35deg.parquet,TC23LFP09_35deg.parquet,TC23LFP09,LFP,lithium-ion,35.0,,35.0,charge,9,0.0180051996688951,0.18005260581004473,0.10042105959831278,3.22504942952301,35.33635218232045
raw_CU_diffT/TC23LFP09/TC23LFP09_35deg.parquet,TC23LFP09_35deg.parquet,TC23LFP09,LFP,lithium-ion,35.0,,35.0,charge,10,0.018005185514625,0.19805779132466972,0.11046312369123892,3.22657526756406,35.345465911602204
raw_CU_diffT/TC23LFP09/TC23LFP09_35deg.parquet,TC23LFP09_35deg.parquet,TC23LFP09,LFP,lithium-ion,35.0,,35.0,charge,11,0.0180050537332721,0.21606284505794182,0.12050511428551708,3.22886402462564,35.344392900552485
raw_CU_diffT/TC23LFP09/TC23LFP09_35deg.parquet,TC23LFP09_35deg.parquet,TC23LFP09,LFP,lithium-ion,35.0,,35.0,charge,12,0.018005339049728,0.23406818410766983,0.1305472640098489,3.23229716021801,35.33906104972375
raw_CU_diffT/TC23LFP09/TC23LFP09_35deg.parquet,TC23LFP09_35deg.parquet,TC23LFP09,LFP,lithium-ion,35.0,,35.0,charge,13,0.0180047143507536,0.25207289845842346,0.1405890653197123,3.23687467434118,35.35219223756906
raw_CU_diffT/TC23LFP09/TC23LFP09_35deg.parquet,TC23LFP09_35deg.parquet,TC23LFP09,LFP,lithium-ion,35.0,,35.0,charge,14,0.0180056635861858,0.2700785620446092,0.15063139604833906,3.24259656699513,35.34414928176796
raw_CU_diffT/TC23LFP09/TC23LFP09_35deg.parquet,TC23LFP09_35deg.parquet,TC23LFP09,LFP,lithium-ion,35.0,,35.0,charge,15,0.0180055298522689,0.2880840918968781,0.16067365218931082,3.24908137866961,35.34567665745857
raw_CU_diffT/TC23LFP09/TC23LFP09_35deg.parquet,TC23LFP09_35deg.parquet,TC23LFP09,LFP,lithium-ion,35.0,,35.0,charge,16,0.0180050791255966,0.30608917102247474,0.17071565694569524,3.25556619034409,35.32642975138121
raw_CU_diffT/TC23LFP09/TC23LFP09_35deg.parquet,TC23LFP09_35deg.parquet,TC23LFP09,LFP,lithium-ion,35.0,,35.0,charge,17,0.0180050533502965,0.32409422437277124,0.18075764732637573,3.2622417317737,35.34150488950276
raw_CU_diffT/TC23LFP09/TC23LFP09_35deg.parquet,TC23LFP09_35deg.parquet,TC23LFP09,LFP,lithium-ion,35.0,,35.0,charge,18,0.0180049649754282,0.34209918934819944,0.190799588417584,3.26853581369305,35.32116842541437
raw_CU_diffT/TC23LFP09/TC23LFP09_35deg.parquet,TC23LFP09_35deg.parquet,TC23LFP09,LFP,lithium-ion,35.0,,35.0,charge,19,0.0180050072640319,0.36010419661223136,0.20084155309449028,3.27406697659187,35.343940193370166
raw_CU_diffT/TC23LFP09/TC23LFP09_35deg.parquet,TC23LFP09_35deg.parquet,TC23LFP09,LFP,lithium-ion,35.0,,35.0,charge,20,0.0180048342592902,0.3781090308715216,0.21088342128115475,3.2784537609599,35.32645624309392
raw_CU_diffT/TC23LFP09/TC23LFP09_35deg.parquet,TC23LFP09_35deg.parquet,TC23LFP09,LFP,lithium-ion,35.0,,35.0,charge,21,0.0180047418614377,0.3961137727329593,0.22092523793460087,3.2832220048382,35.33052834254144
raw_CU_diffT/TC23LFP09/TC23LFP09_35deg.parquet,TC23LFP09_35deg.parquet,TC23LFP09,LFP,lithium-ion,35.0,,35.0,charge,22,0.0180050079300978,0.4141187806630571,0.23096720298299325,3.28818097847162,35.32010635359116
raw_CU_diffT/TC23LFP09/TC23LFP09_35deg.parquet,TC23LFP09_35deg.parquet,TC23LFP09,LFP,lithium-ion,35.0,,35.0,charge,23,0.018004962096817,0.4321237427598741,0.24100914246870858,3.29313995210505,35.328020082872925
raw_CU_diffT/TC23LFP09/TC23LFP09_35deg.parquet,TC23LFP09_35deg.parquet,TC23LFP09,LFP,lithium-ion,35.0,,35.0,charge,24,0.0180053528730829,0.450129095632957,0.25105129990276465,3.29676381745255,35.32767375690607
raw_CU_diffT/TC23LFP09/TC23LFP09_35deg.parquet,TC23LFP09_35deg.parquet,TC23LFP09,LFP,lithium-ion,35.0,,35.0,charge,25,0.0180045782460952,0.4681336738790522,0.2610930253027352,3.29905257451413,35.335034723756905
raw_CU_diffT/TC23LFP09/TC23LFP09_35deg.parquet,TC23LFP09_35deg.parquet,TC23LFP09,LFP,lithium-ion,35.0,,35.0,charge,26,0.0180047792027117,0.4861384530817639,0.2711348627825964,3.30115060182058,35.31642560773481
raw_CU_diffT/TC23LFP09/TC23LFP09_35deg.parquet,TC23LFP09_35deg.parquet,TC23LFP09,LFP,lithium-ion,35.0,,35.0,charge,27,0.0180048955539031,0.504143348635667,0.28117676515521417,3.30343935888216,35.334089999999996
raw_CU_diffT/TC23LFP09/TC23LFP09_35deg.parquet,TC23LFP09_35deg.parquet,TC23LFP09,LFP,lithium-ion,35.0,,35.0,charge,28,0.0180051385199525,0.5221484871556195,0.29121880303771813,3.30553738618861,35.32020519337017
raw_CU_diffT/TC23LFP09/TC23LFP09_35deg.parquet,TC23LFP09_35deg.parquet,TC23LFP09,LFP,lithium-ion,35.0,,35.0,charge,29,0.0180051202207637,0.5401536073763832,0.3012608307141831,3.30706322422967,35.34600397790055
raw_CU_diffT/TC23LFP09/TC23LFP09_35deg.parquet,TC23LFP09_35deg.parquet,TC23LFP09,LFP,lithium-ion,35.0,,35.0,charge,30,0.0180045476221048,0.558158154998488,0.31130253903418104,3.30820760276046,35.36077859116022
raw_CU_diffT/TC23LFP09/TC23LFP09_35deg.parquet,TC23LFP09_35deg.parquet,TC23LFP09,LFP,lithium-ion,35.0,,35.0,charge,31,0.0180052131548268,0.5761633681533148,0.32134461854292606,3.30897052178098,35.34909223756906
raw_CU_diffT/TC23LFP09/TC23LFP09_35deg.parquet,TC23LFP09_35deg.parquet,TC23LFP09,LFP,lithium-ion,35.0,,35.0,charge,32,0.0180049658551383,0.5941683340084531,0.3313865601247766,3.30935198129125,35.364515055248624
raw_CU_diffT/TC23LFP09/TC23LFP09_35deg.parquet,TC23LFP09_35deg.parquet,TC23LFP09,LFP,lithium-ion,35.0,,35.0,charge,33,0.018005071747978,0.6121734057564312,0.3414285607664287,3.30973344080151,35.36587613259668
raw_CU_diffT/TC23LFP09/TC23LFP09_35deg.parquet,TC23LFP09_35deg.parquet,TC23LFP09,LFP,lithium-ion,35.0,,35.0,charge,34,0.0180056168566068,0.630179022613038,0.3514708654324844,3.30992417055664,35.37123720994475
raw_CU_diffT/TC23LFP09/TC23LFP09_35deg.parquet,TC23LFP09_35deg.parquet,TC23LFP09,LFP,lithium-ion,35.0,,35.0,charge,35,0.0180045471527617,0.6481835697657997,0.36151257349071486,3.31011490031177,35.379661767955795
raw_CU_diffT/TC23LFP09/TC23LFP09_35deg.parquet,TC23LFP09_35deg.parquet,TC23LFP09,LFP,lithium-ion,35.0,,35.0,charge,36,0.0180046079352289,0.6661881777010286,0.3715543154492586,3.31049635982204,35.370992209944745
raw_CU_diffT/TC23LFP09/TC23LFP09_35deg.parquet,TC23LFP09_35deg.parquet,TC23LFP09,LFP,lithium-ion,35.0,,35.0,charge,37,0.0180051973667927,0.6841933750678213,0.38159638615251534,3.31068708957717,35.3730814917127
raw_CU_diffT/TC23LFP09/TC23LFP09_35deg.parquet,TC23LFP09_35deg.parquet,TC23LFP09,LFP,lithium-ion,35.0,,35.0,charge,38,0.0180052777048072,0.7021986527726285,0.3916385016628355,3.3108778193323,35.37487209944752
raw_CU_diffT/TC23LFP09/TC23LFP09_35deg.parquet,TC23LFP09_35deg.parquet,TC23LFP09,LFP,lithium-ion,35.0,,35.0,charge,39,0.0180050925386243,0.7202037453112528,0.40168051390009163,3.31125927884257,35.397562265193365
raw_CU_diffT/TC23LFP09/TC23LFP09_35deg.parquet,TC23LFP09_35deg.parquet,TC23LFP09,LFP,lithium-ion,35.0,,35.0,charge,40,0.0180049558176752,0.738208701128928,0.4117224498837301,3.3114500085977,35.37518121546961
raw_CU_diffT/TC23LFP09/TC23LFP09_35deg.parquet,TC23LFP09_35deg.parquet,TC23LFP09,LFP,lithium-ion,35.0,,35.0,charge,41,0.0180045912008929,0.7562132923298209,0.421764182509003,3.31164073835283,35.36772964088397
raw_CU_diffT/TC23LFP09/TC23LFP09_35deg.parquet,TC23LFP09_35deg.parquet,TC23LFP09,LFP,lithium-ion,35.0,,35.0,charge,42,0.0180050030561183,0.7742182953859392,0.43180614483902213,3.31202219786309,35.373310248618786
raw_CU_diffT/TC23LFP09/TC23LFP09_35deg.parquet,TC23LFP09_35deg.parquet,TC23LFP09,LFP,lithium-ion,35.0,,35.0,charge,43,0.0180045304128355,0.7922228257987747,0.44184784356086376,3.31202219786309,35.38997389502762
raw_CU_diffT/TC23LFP09/TC23LFP09_35deg.parquet,TC23LFP09_35deg.parquet,TC23LFP09,LFP,lithium-ion,35.0,,35.0,charge,44,0.0180046206487061,0.8102274464474808,0.4518895926101178,3.31240365737336,35.38067074585635
raw_CU_diffT/TC23LFP09/TC23LFP09_35deg.parquet,TC23LFP09_35deg.parquet,TC23LFP09,LFP,lithium-ion,35.0,,35.0,charge,45,0.0180054204084432,0.828232866855924,0.46193178771079035,3.31278511688362,35.37534464088399
raw_CU_diffT/TC23LFP09/TC23LFP09_35deg.parquet,TC23LFP09_35deg.parquet,TC23LFP09,LFP,lithium-ion,35.0,,35.0,charge,46,0.0180054577036014,0.8462383245595254,0.4719740036121577,3.31316657639388,35.3799885082873
raw_CU_diffT/TC23LFP09/TC23LFP09_35deg.parquet,TC23LFP09_35deg.parquet,TC23LFP09,LFP,lithium-ion,35.0,,35.0,charge,47,0.0180047937214779,0.8642431182810033,0.4820158491895961,3.31354803590415,35.407330414364644
raw_CU_diffT/TC23LFP09/TC23LFP09_35deg.parquet,TC23LFP09_35deg.parquet,TC23LFP09,LFP,lithium-ion,35.0,,35.0,charge,48,0.018005100455977,0.8822482187369803,0.49205786584261146,3.31392949541441,35.39046574585635
raw_CU_diffT/TC23LFP09/TC23LFP09_35deg.parquet,TC23LFP09_35deg.parquet,TC23LFP09,LFP,lithium-ion,35.0,,35.0,charge,49,0.0180053794276585,0.9002535981646388,0.5021000380869981,3.31450168467981,35.387348287292824
raw_CU_diffT/TC23LFP09/TC23LFP09_35deg.parquet,TC23LFP09_35deg.parquet,TC23LFP09,LFP,lithium-ion,35.0,,35.0,charge,50,0.0180055132822703,0.9182591114469091,0.5121422849863552,3.3150738739452,35.38941077348066
raw_CU_diffT/TC23LFP09/TC23LFP09_35deg.parquet,TC23LFP09_35deg.parquet,TC23LFP09,LFP,lithium-ion,35.0,,35.0,charge,51,0.0180052136874429,0.936264325134352,0.522184364792157,3.3156460632106,35.39597218232044
raw_CU_diffT/TC23LFP09/TC23LFP09_35deg.parquet,TC23LFP09_35deg.parquet,TC23LFP09,LFP,lithium-ion,35.0,,35.0,charge,52,0.0180047089331943,0.9542690340675463,0.5322261630804754,3.31640898223112,35.39420121546961
raw_CU_diffT/TC23LFP09/TC23LFP09_35deg.parquet,TC23LFP09_35deg.parquet,TC23LFP09,LFP,lithium-ion,35.0,,35.0,charge,53,0.018004716972779,0.9722737510403252,0.5422679658527257,3.31736263100678,35.39699878453039
raw_CU_diffT/TC23LFP09/TC23LFP09_35deg.parquet,TC23LFP09_35deg.parquet,TC23LFP09,LFP,lithium-ion,35.0,,35.0,charge,54,0.0180055200981006,0.9902792711384258,0.5523102165534879,3.31831627978244,35.388139198895026
raw_CU_diffT/TC23LFP09/TC23LFP09_35deg.parquet,TC23LFP09_35deg.parquet,TC23LFP09,LFP,lithium-ion,35.0,,35.0,charge,55,0.0180050581532667,1.0082843292916925,0.5623522096129375,3.31965138806836,35.38324165745857
raw_CU_diffT/TC23LFP09/TC23LFP09_35deg.parquet,TC23LFP09_35deg.parquet,TC23LFP09,LFP,lithium-ion,35.0,,35.0,charge,56,0.0180049407408285,1.026289270032521,0.5723941371877395,3.32117722610942,35.39134651933701
raw_CU_diffT/TC23LFP09/TC23LFP09_35deg.parquet,TC23LFP09_35deg.parquet,TC23LFP09,LFP,lithium-ion,35.0,,35.0,charge,57,0.0180052696970559,1.0442945397295769,0.5824362482318822,3.32365671292613,35.40493151933701
raw_CU_diffT/TC23LFP09/TC23LFP09_35deg.parquet,TC23LFP09_35deg.parquet,TC23LFP09,LFP,lithium-ion,35.0,,35.0,charge,58,0.0180050397401256,1.0622995794697025,0.592478231021738,3.32670838900824,35.3868585359116
raw_CU_diffT/TC23LFP09/TC23LFP09_35deg.parquet,TC23LFP09_35deg.parquet,TC23LFP09,LFP,lithium-ion,35.0,,35.0,charge,59,0.0180050314429936,1.0803046109126961,0.6025202091840195,3.33090444362114,35.3796985082873
raw_CU_diffT/TC23LFP09/TC23LFP09_35deg.parquet,TC23LFP09_35deg.parquet,TC23LFP09,LFP,lithium-ion,35.0,,35.0,charge,60,0.0180053003096404,1.0983099112223365,0.6125623373017735,3.33586341725456,35.39505450276243
raw_CU_diffT/TC23LFP09/TC23LFP09_35deg.parquet,TC23LFP09_35deg.parquet,TC23LFP09,LFP,lithium-ion,35.0,,35.0,charge,61,0.0180049317170163,1.1163148429393528,0.6226042598437086,3.34005947186746,35.36964814917127
raw_CU_diffT/TC23LFP09/TC23LFP09_35deg.parquet,TC23LFP09_35deg.parquet,TC23LFP09,LFP,lithium-ion,35.0,,35.0,charge,62,0.018004990695794,1.1343198336351468,0.6326462152799821,3.34253895868417,35.36861955801105
raw_CU_diffT/TC23LFP09/TC23LFP09_35deg.parquet,TC23LFP09_35deg.parquet,TC23LFP09,LFP,lithium-ion,35.0,,35.0,charge,63,0.018004946125021,1.1523247797601677,0.6426881458577192,3.3438740669701,35.37292933701657
raw_CU_diffT/TC23LFP09/TC23LFP09_35deg.parquet,TC23LFP09_35deg.parquet,TC23LFP09,LFP,lithium-ion,35.0,,35.0,charge,64,0.0180045303823854,1.1703293101425531,0.652729844562578,3.34463698599062,35.38353212707182
raw_CU_diffT/TC23LFP09/TC23LFP09_35deg.parquet,TC23LFP09_35deg.parquet,TC23LFP09,LFP,lithium-ion,35.0,,35.0,charge,65,0.0180054865031743,1.1883347966457274,0.6627720765263821,3.34501844550089,35.364331602209944
raw_CU_diffT/TC23LFP09/TC23LFP09_35deg.parquet,TC23LFP09_35deg.parquet,TC23LFP09,LFP,lithium-ion,35.0,,35.0,charge,66,0.0180047373477534,1.2063395339934808,0.6728138906624032,3.34520917525602,35.36187848066298
raw_CU_diffT/TC23LFP09/TC23LFP09_35deg.parquet,TC23LFP09_35deg.parquet,TC23LFP09,LFP,lithium-ion,35.0,,35.0,charge,67,0.0180049570407453,1.224344491034226,0.6828558273281865,3.34520917525602,35.351719447513815
raw_CU_diffT/TC23LFP09/TC23LFP09_35deg.parquet,TC23LFP09_35deg.parquet,TC23LFP09,LFP,lithium-ion,35.0,,35.0,charge,68,0.018005037963743,1.2423495289979691,0.6928978091272973,3.34539990501115,35.34814732044199
raw_CU_diffT/TC23LFP09/TC23LFP09_35deg.parquet,TC23LFP09_35deg.parquet,TC23LFP09,LFP,lithium-ion,35.0,,35.0,charge,69,0.0180049102309956,1.2603544392289647,0.7029397196857959,3.34559063476628,35.34284897790055
raw_CU_diffT/TC23LFP09/TC23LFP09_35deg.parquet,TC23LFP09_35deg.parquet,TC23LFP09,LFP,lithium-ion,35.0,,35.0,charge,70,0.0180046772486667,1.2783591164776313,0.7129815003026464,3.34559063476628,35.34468546961326
raw_CU_diffT/TC23LFP09/TC23LFP09_35deg.parquet,TC23LFP09_35deg.parquet,TC23LFP09,LFP,lithium-ion,35.0,,35.0,charge,71,0.018005302257333,1.2963644187349643,0.7230236295066904,3.34559063476628,35.348529917127074
raw_CU_diffT/TC23LFP09/TC23LFP09_35deg.parquet,TC23LFP09_35deg.parquet,TC23LFP09,LFP,lithium-ion,35.0,,35.0,charge,72,0.0180050880384266,1.314369506773391,0.7330656392340433,3.34559063476628,35.34724850828729
raw_CU_diffT/TC23LFP09/TC23LFP09_35deg.parquet,TC23LFP09_35deg.parquet,TC23LFP09,LFP,lithium-ion,35.0,,35.0,charge,73,0.0180053377425525,1.3323748445159433,0.7431077882293218,3.34559063476628,35.344241243093926
raw_CU_diffT/TC23LFP09/TC23LFP09_35deg.parquet,TC23LFP09_35deg.parquet,TC23LFP09,LFP,lithium-ion,35.0,,35.0,charge,74,0.01800518185566,1.3503800263716033,0.7531498502815268,3.34578136452141,35.354245580110494
raw_CU_diffT/TC23LFP09/TC23LFP09_35deg.parquet,TC23LFP09_35deg.parquet,TC23LFP09,LFP,lithium-ion,35.0,,35.0,charge,75,0.0180049964399395,1.3683850228115428,0.7631918089214929,3.34578136452141,35.35061867403315
raw_CU_diffT/TC23LFP09/TC23LFP09_35deg.parquet,TC23LFP09_35deg.parquet,TC23LFP09,LFP,lithium-ion,35.0,,35.0,charge,76,0.0180053405367321,1.386390363348275,0.7732339594751741,3.34597209427655,35.35390897790055
raw_CU_diffT/TC23LFP09/TC23LFP09_35deg.parquet,TC23LFP09_35deg.parquet,TC23LFP09,LFP,lithium-ion,35.0,,35.0,charge,77,0.0180045502909814,1.4043949136392564,0.7832756692836894,3.34597209427655,35.385794917127065
raw_CU_diffT/TC23LFP09/TC23LFP09_35deg.parquet,TC23LFP09_35deg.parquet,TC23LFP09,LFP,lithium-ion,35.0,,35.0,charge,78,0.0180045993295235,1.4223995129687799,0.7933174064425579,3.34616282403168,35.360224226519335
raw_CU_diffT/TC23LFP09/TC23LFP09_35deg.parquet,TC23LFP09_35deg.parquet,TC23LFP09,LFP,lithium-ion,35.0,,35.0,charge,79,0.0180048677465514,1.4404043807153313,0.803359293306132,3.34635355378681,35.36098861878453
raw_CU_diffT/TC23LFP09/TC23LFP09_35deg.parquet,TC23LFP09_35deg.parquet,TC23LFP09,LFP,lithium-ion,35.0,,35.0,charge,80,0.0180051637896159,1.4584095445049472,0.8134013452823303,3.34635355378681,35.35368080110497
raw_CU_diffT/TC23LFP09/TC23LFP09_35deg.parquet,TC23LFP09_35deg.parquet,TC23LFP09,LFP,lithium-ion,35.0,,35.0,charge,81,0.0180053392859771,1.4764148837909243,0.8234434951384257,3.34654428354194,35.352817679558015
raw_CU_diffT/TC23LFP09/TC23LFP09_35deg.parquet,TC23LFP09_35deg.parquet,TC23LFP09,LFP,lithium-ion,35.0,,35.0,charge,82,0.0180049418968414,1.4944198256877657,0.8334854233579727,3.34673501329707,35.35354546961326
raw_CU_diffT/TC23LFP09/TC23LFP09_35deg.parquet,TC23LFP09_35deg.parquet,TC23LFP09,LFP,lithium-ion,35.0,,35.0,charge,83,0.0180056164287828,1.5124254421165484,0.8435277277854173,3.34692574305221,35.37107411602209
raw_CU_diffT/TC23LFP09/TC23LFP09_35deg.parquet,TC23LFP09_35deg.parquet,TC23LFP09,LFP,lithium-ion,35.0,,35.0,charge,84,0.018005794450602,1.5304312365671504,0.8535701315012874,3.34711647280734,35.35910668508288
raw_CU_diffT/TC23LFP09/TC23LFP09_35deg.parquet,TC23LFP09_35deg.parquet,TC23LFP09,LFP,lithium-ion,35.0,,35.0,charge,85,0.0180053004403765,1.5484365370075268,0.863612259691957,3.34730720256247,35.35585276243094
raw_CU_diffT/TC23LFP09/TC23LFP09_35deg.parquet,TC23LFP09_35deg.parquet,TC23LFP09,LFP,lithium-ion,35.0,,35.0,charge,86,0.0180053737361075,1.5664419107436343,0.8736544287619847,3.3474979323176,35.35754267955801
raw_CU_diffT/TC23LFP09/TC23LFP09_35deg.parquet,TC23LFP09_35deg.parquet,TC23LFP09,LFP,lithium-ion,35.0,,35.0,charge,87,0.0180045504015422,1.5844464611451765,0.8836961386321633,3.34787939182786,35.36411337016575
raw_CU_diffT/TC23LFP09/TC23LFP09_35deg.parquet,TC23LFP09_35deg.parquet,TC23LFP09,LFP,lithium-ion,35.0,,35.0,charge,88,0.0180053374434227,1.6024517985885993,0.8937382874606077,3.348070121583,35.36173245856354
raw_CU_diffT/TC23LFP09/TC23LFP09_35deg.parquet,TC23LFP09_35deg.parquet,TC23LFP09,LFP,lithium-ion,35.0,,35.0,charge,89,0.0180051651659149,1.6204569637545143,0.9037803402044117,3.34845158109326,35.35953392265193
raw_CU_diffT/TC23LFP09/TC23LFP09_35deg.parquet,TC23LFP09_35deg.parquet,TC23LFP09,LFP,lithium-ion,35.0,,35.0,charge,90,0.0180048868718688,1.638461850626383,0.913822237734783,3.34864231084839,35.38685886740331
raw_CU_diffT/TC23LFP09/TC23LFP09_35deg.parquet,TC23LFP09_35deg.parquet,TC23LFP09,LFP,lithium-ion,35.0,,35.0,charge,91,0.0180049935162827,1.6564668441426658,0.9238641947441327,3.34902377035865,35.37720784530387
raw_CU_diffT/TC23LFP09/TC23LFP09_35deg.parquet,TC23LFP09_35deg.parquet,TC23LFP09,LFP,lithium-ion,35.0,,35.0,charge,92,0.0180049669188436,1.6744718110615093,0.9339061369192455,3.34959595962405,35.37047477900553
raw_CU_diffT/TC23LFP09/TC23LFP09_35deg.parquet,TC23LFP09_35deg.parquet,TC23LFP09,LFP,lithium-ion,35.0,,35.0,charge,93,0.0180060450531187,1.692477856114628,0.9439486804041022,3.35035887864458,35.364967569060774
raw_CU_diffT/TC23LFP09/TC23LFP09_35deg.parquet,TC23LFP09_35deg.parquet,TC23LFP09,LFP,lithium-ion,35.0,,35.0,charge,94,0.0180052337644754,1.7104830898791035,0.9539907714075031,3.35131252742024,35.386939502762424
raw_CU_diffT/TC23LFP09/TC23LFP09_35deg.parquet,TC23LFP09_35deg.parquet,TC23LFP09,LFP,lithium-ion,35.0,,35.0,charge,95,0.0180050628157635,1.728488152694867,0.9640327670673753,3.35264763570616,35.37897063535912
raw_CU_diffT/TC23LFP09/TC23LFP09_35deg.parquet,TC23LFP09_35deg.parquet,TC23LFP09,LFP,lithium-ion,35.0,,35.0,charge,96,0.0180056445273866,1.7464937972222536,0.9740750871663042,3.35550858203313,35.38542245856353
raw_CU_diffT/TC23LFP09/TC23LFP09_35deg.parquet,TC23LFP09_35deg.parquet,TC23LFP09,LFP,lithium-ion,35.0,,35.0,charge,97,0.0180050897048168,1.7644988869270704,0.9841170978230558,3.3637099615038,35.391292762430936
raw_CU_diffT/TC23LFP09/TC23LFP09_35deg.parquet,TC23LFP09_35deg.parquet,TC23LFP09,LFP,lithium-ion,35.0,,35.0,charge,98,0.0125698237111278,1.7770687106381982,0.991127687924524,3.38259220726185,35.408540193370165
raw_CU_diffT/TC23LFP09/TC23LFP09_35deg.parquet,TC23LFP09_35deg.parquet,TC23LFP09,LFP,lithium-ion,35.0,,35.0,charge,99,0.0083586450230492,1.7854273556612474,0.9957895698575537,3.42207326657412,35.37057408839779
raw_CU_diffT/TC23LFP09/TC23LFP09_35deg.parquet,TC23LFP09_35deg.parquet,TC23LFP09,LFP,lithium-ion,35.0,,35.0,charge,100,0.0042107141167819,1.7896380697780294,0.9981380189198179,3.47223519217377,35.3203958839779
raw_CU_diffT/TC23LFP09/TC23LFP09_35deg.parquet,TC23LFP09_35deg.parquet,TC23LFP09,LFP,lithium-ion,35.0,,35.0,charge,101,0.0016634557852267,1.791301525563256,0.9990657810690846,3.50618508858723,35.29412627071823
raw_CU_diffT/TC23LFP09/TC23LFP09_35deg.parquet,TC23LFP09_35deg.parquet,TC23LFP09,LFP,lithium-ion,35.0,,35.0,charge,102,0.0008361408826793,1.7921376664459354,0.9995321234085046,3.52773755091712,35.292645
raw_CU_diffT/TC23LFP09/TC23LFP09_35deg.parquet,TC23LFP09_35deg.parquet,TC23LFP09,LFP,lithium-ion,35.0,,35.0,charge,103,0.000505441631885,1.7926431080778205,0.9998140242674822,3.54223301230713,35.276559696132594
raw_CU_diffT/TC23LFP09/TC23LFP09_35deg.parquet,TC23LFP09_35deg.parquet,TC23LFP09,LFP,lithium-ion,35.0,,35.0,charge,104,0.0003334501287996,1.7929765582066202,1.0,3.55234168932912,35.28452831491713
raw_CU_diffT/TC23LFP09/TC23LFP09_45deg.parquet,TC23LFP09_45deg.parquet,TC23LFP09,LFP,lithium-ion,45.0,,45.0,discharge,0,0.0180836388522242,0.0180836388522242,0.01004218993657493,3.33986874211233,45.21862908839779
raw_CU_diffT/TC23LFP09/TC23LFP09_45deg.parquet,TC23LFP09_45deg.parquet,TC23LFP09,LFP,lithium-ion,45.0,,45.0,discharge,1,0.0180846688805946,0.0361683077328188,0.020084951867570904,3.32651765925311,45.23527046961326
raw_CU_diffT/TC23LFP09/TC23LFP09_45deg.parquet,TC23LFP09_45deg.parquet,TC23LFP09,LFP,lithium-ion,45.0,,45.0,discharge,2,0.0180837961676556,0.0542521039004744,0.03012722916440861,3.32651765925311,45.25085806629835
raw_CU_diffT/TC23LFP09/TC23LFP09_45deg.parquet,TC23LFP09_45deg.parquet,TC23LFP09,LFP,lithium-ion,45.0,,45.0,discharge,3,0.0180840263970093,0.0723361302974837,0.040169634312002336,3.32670838900824,45.26083690607735
raw_CU_diffT/TC23LFP09/TC23LFP09_45deg.parquet,TC23LFP09_45deg.parquet,TC23LFP09,LFP,lithium-ion,45.0,,45.0,discharge,4,0.0180838824453624,0.0904200127428461,0.05021195952049798,3.32670838900824,45.263286464088395
raw_CU_diffT/TC23LFP09/TC23LFP09_45deg.parquet,TC23LFP09_45deg.parquet,TC23LFP09,LFP,lithium-ion,45.0,,45.0,discharge,5,0.0180831010820417,0.1085031138248878,0.06025385082302259,3.32670838900824,45.26537745856353
raw_CU_diffT/TC23LFP09/TC23LFP09_45deg.parquet,TC23LFP09_45deg.parquet,TC23LFP09,LFP,lithium-ion,45.0,,45.0,discharge,6,0.0180834524845842,0.126586566309472,0.0702959372660886,3.32651765925311,45.268956436464094
raw_CU_diffT/TC23LFP09/TC23LFP09_45deg.parquet,TC23LFP09_45deg.parquet,TC23LFP09,LFP,lithium-ion,45.0,,45.0,discharge,7,0.0180833997198981,0.1446699660293701,0.08033799440791695,3.32632692949797,45.27609569060774
raw_CU_diffT/TC23LFP09/TC23LFP09_45deg.parquet,TC23LFP09_45deg.parquet,TC23LFP09,LFP,lithium-ion,45.0,,45.0,discharge,8,0.0180834909314903,0.1627534569608604,0.09038010220128401,3.32613619974284,45.27909395027625
raw_CU_diffT/TC23LFP09/TC23LFP09_45deg.parquet,TC23LFP09_45deg.parquet,TC23LFP09,LFP,lithium-ion,45.0,,45.0,discharge,9,0.0180841493146717,0.1808376062755321,0.10042257560740261,3.32613619974284,45.28001506925207
raw_CU_diffT/TC23LFP09/TC23LFP09_45deg.parquet,TC23LFP09_45deg.parquet,TC23LFP09,LFP,lithium-ion,45.0,,45.0,discharge,10,0.0180872816054471,0.1989248878809792,0.11046678843439552,3.32594546998771,45.27947375690608
raw_CU_diffT/TC23LFP09/TC23LFP09_45deg.parquet,TC23LFP09_45deg.parquet,TC23LFP09,LFP,lithium-ion,45.0,,45.0,discharge,11,0.0180871571728857,0.2170120450538649,0.12051093216161123,3.32575474023258,45.27419497237568
raw_CU_diffT/TC23LFP09/TC23LFP09_45deg.parquet,TC23LFP09_45deg.parquet,TC23LFP09,LFP,lithium-ion,45.0,,45.0,discharge,12,0.0180874574649496,0.2350995025188145,0.13055524264674367,3.32556401047745,45.269674613259674
raw_CU_diffT/TC23LFP09/TC23LFP09_45deg.parquet,TC23LFP09_45deg.parquet,TC23LFP09,LFP,lithium-ion,45.0,,45.0,discharge,13,0.0180838025985497,0.2531833051173642,0.14059752351477967,3.32537328072232,45.269801381215466
raw_CU_diffT/TC23LFP09/TC23LFP09_45deg.parquet,TC23LFP09_45deg.parquet,TC23LFP09,LFP,lithium-ion,45.0,,45.0,discharge,14,0.0180870697661752,0.2712703748835394,0.1506416187033801,3.32537328072232,45.2676782320442
raw_CU_diffT/TC23LFP09/TC23LFP09_45deg.parquet,TC23LFP09_45deg.parquet,TC23LFP09,LFP,lithium-ion,45.0,,45.0,discharge,15,0.0180867908498453,0.2893571657333847,0.16068555900441706,3.32518255096718,45.2625153038674
raw_CU_diffT/TC23LFP09/TC23LFP09_45deg.parquet,TC23LFP09_45deg.parquet,TC23LFP09,LFP,lithium-ion,45.0,,45.0,discharge,16,0.0180843598642315,0.3074415255976162,0.17072814933272637,3.32518255096718,45.26087842541436
raw_CU_diffT/TC23LFP09/TC23LFP09_45deg.parquet,TC23LFP09_45deg.parquet,TC23LFP09,LFP,lithium-ion,45.0,,45.0,discharge,17,0.0180870781136919,0.32552860371130815,0.18077224915686224,3.32499182121205,45.262800828729276
raw_CU_diffT/TC23LFP09/TC23LFP09_45deg.parquet,TC23LFP09_45deg.parquet,TC23LFP09,LFP,lithium-ion,45.0,,45.0,discharge,18,0.0180839968763732,0.34361260058768134,0.19081463791108308,3.32499182121205,45.26422751381215
raw_CU_diffT/TC23LFP09/TC23LFP09_45deg.parquet,TC23LFP09_45deg.parquet,TC23LFP09,LFP,lithium-ion,45.0,,45.0,discharge,19,0.0180848840767075,0.36169748466438884,0.2008575193445894,3.32461036170179,45.264923093922654
raw_CU_diffT/TC23LFP09/TC23LFP09_45deg.parquet,TC23LFP09_45deg.parquet,TC23LFP09,LFP,lithium-ion,45.0,,45.0,discharge,20,0.018084494294574,0.3797819789589628,0.21090018432463467,3.32461036170179,45.26846038674034
raw_CU_diffT/TC23LFP09/TC23LFP09_45deg.parquet,TC23LFP09_45deg.parquet,TC23LFP09,LFP,lithium-ion,45.0,,45.0,discharge,21,0.0180845731219176,0.3978665520808804,0.2209428930790089,3.32441963194666,45.271681685082875
raw_CU_diffT/TC23LFP09/TC23LFP09_45deg.parquet,TC23LFP09_45deg.parquet,TC23LFP09,LFP,lithium-ion,45.0,,45.0,discharge,22,0.0180844095344464,0.4159509616153268,0.23098551099013692,3.32422890219153,45.273550607734805
raw_CU_diffT/TC23LFP09/TC23LFP09_45deg.parquet,TC23LFP09_45deg.parquet,TC23LFP09,LFP,lithium-ion,45.0,,45.0,discharge,23,0.0180832635040406,0.4340342251193674,0.24102749248869876,3.32403817243639,45.27295997237569
raw_CU_diffT/TC23LFP09/TC23LFP09_45deg.parquet,TC23LFP09_45deg.parquet,TC23LFP09,LFP,lithium-ion,45.0,,45.0,discharge,24,0.0180828714729582,0.4521170965923256,0.2510692562849152,3.32384744268126,45.27434226519337
raw_CU_diffT/TC23LFP09/TC23LFP09_45deg.parquet,TC23LFP09_45deg.parquet,TC23LFP09,LFP,lithium-ion,45.0,,45.0,discharge,25,0.0180845188901606,0.4702016154824862,0.2611119349233593,3.323465983171,45.27378309392265
raw_CU_diffT/TC23LFP09/TC23LFP09_45deg.parquet,TC23LFP09_45deg.parquet,TC23LFP09,LFP,lithium-ion,45.0,,45.0,discharge,26,0.0180841670597966,0.4882857825422828,0.27115441818368463,3.3228937939056,45.271755469613254
raw_CU_diffT/TC23LFP09/TC23LFP09_45deg.parquet,TC23LFP09_45deg.parquet,TC23LFP09,LFP,lithium-ion,45.0,,45.0,discharge,27,0.0180827123301126,0.5063684948723953,0.28119609360484027,3.32232160464021,45.27141809392265
raw_CU_diffT/TC23LFP09/TC23LFP09_45deg.parquet,TC23LFP09_45deg.parquet,TC23LFP09,LFP,lithium-ion,45.0,,45.0,discharge,28,0.018085858372134,0.5244543532445294,0.2912395160831998,3.32155868561968,45.27253712707182
raw_CU_diffT/TC23LFP09/TC23LFP09_45deg.parquet,TC23LFP09_45deg.parquet,TC23LFP09,LFP,lithium-ion,45.0,,45.0,discharge,29,0.0180829192282786,0.542537272472808,0.30128130639885753,3.32041430708889,45.27188185082873
raw_CU_diffT/TC23LFP09/TC23LFP09_45deg.parquet,TC23LFP09_45deg.parquet,TC23LFP09,LFP,lithium-ion,45.0,,45.0,discharge,30,0.0180837564564232,0.5606210289292313,0.3113235616432897,3.31888846904784,45.26890395027624
raw_CU_diffT/TC23LFP09/TC23LFP09_45deg.parquet,TC23LFP09_45deg.parquet,TC23LFP09,LFP,lithium-ion,45.0,,45.0,discharge,31,0.0180825273863965,0.5787035563156278,0.3213651343616686,3.31679044174139,45.26943179558011
raw_CU_diffT/TC23LFP09/TC23LFP09_45deg.parquet,TC23LFP09_45deg.parquet,TC23LFP09,LFP,lithium-ion,45.0,,45.0,discharge,32,0.0180837630500801,0.5967873193657078,0.3314073932676843,3.31373876565928,45.272884060773485
raw_CU_diffT/TC23LFP09/TC23LFP09_45deg.parquet,TC23LFP09_45deg.parquet,TC23LFP09,LFP,lithium-ion,45.0,,45.0,discharge,33,0.0180851137041572,0.614872433069865,0.3414504022176979,3.30992417055664,45.275460441988955
raw_CU_diffT/TC23LFP09/TC23LFP09_45deg.parquet,TC23LFP09_45deg.parquet,TC23LFP09,LFP,lithium-ion,45.0,,45.0,discharge,34,0.0180850232954975,0.6329574563653626,0.3514933609620565,3.30553738618861,45.26823930939226
raw_CU_diffT/TC23LFP09/TC23LFP09_45deg.parquet,TC23LFP09_45deg.parquet,TC23LFP09,LFP,lithium-ion,45.0,,45.0,discharge,35,0.0180847182396277,0.6510421746049903,0.36153615030306596,3.30115060182058,45.261017430939226
raw_CU_diffT/TC23LFP09/TC23LFP09_45deg.parquet,TC23LFP09_45deg.parquet,TC23LFP09,LFP,lithium-ion,45.0,,45.0,discharge,36,0.0180829310988194,0.6691251057038097,0.3715779472106617,3.29771746622821,45.25383621546961
raw_CU_diffT/TC23LFP09/TC23LFP09_45deg.parquet,TC23LFP09_45deg.parquet,TC23LFP09,LFP,lithium-ion,45.0,,45.0,discharge,37,0.0180824142776822,0.6872075199814919,0.38161945711761186,3.2952379794115,45.24245146408839
raw_CU_diffT/TC23LFP09/TC23LFP09_45deg.parquet,TC23LFP09_45deg.parquet,TC23LFP09,LFP,lithium-ion,45.0,,45.0,discharge,38,0.018084155320521,0.7052916753020129,0.39166193385889325,3.29371214137044,45.23284350828729
raw_CU_diffT/TC23LFP09/TC23LFP09_45deg.parquet,TC23LFP09_45deg.parquet,TC23LFP09,LFP,lithium-ion,45.0,,45.0,discharge,39,0.0180842938381329,0.7233759691401458,0.40170448752164933,3.29256776283965,45.22938922651933
raw_CU_diffT/TC23LFP09/TC23LFP09_45deg.parquet,TC23LFP09_45deg.parquet,TC23LFP09,LFP,lithium-ion,45.0,,45.0,discharge,40,0.0180839250665089,0.7414598942066547,0.4117468363984815,3.29180484381913,45.2293335635359
raw_CU_diffT/TC23LFP09/TC23LFP09_45deg.parquet,TC23LFP09_45deg.parquet,TC23LFP09,LFP,lithium-ion,45.0,,45.0,discharge,41,0.0180836843182551,0.7595435785249098,0.42178905158321145,3.2910419247986,45.23204922651934
raw_CU_diffT/TC23LFP09/TC23LFP09_45deg.parquet,TC23LFP09_45deg.parquet,TC23LFP09,LFP,lithium-ion,45.0,,45.0,discharge,42,0.0180827706584216,0.7776263491833314,0.43183075939519083,3.29085119504347,45.23599411602211
raw_CU_diffT/TC23LFP09/TC23LFP09_45deg.parquet,TC23LFP09_45deg.parquet,TC23LFP09,LFP,lithium-ion,45.0,,45.0,discharge,43,0.0180828339516239,0.7957091831349553,0.44187250235509395,3.2904697355332,45.23966417127073
raw_CU_diffT/TC23LFP09/TC23LFP09_45deg.parquet,TC23LFP09_45deg.parquet,TC23LFP09,LFP,lithium-ion,45.0,,45.0,discharge,44,0.0180828779550656,0.8137920610900209,0.45191426975094845,3.29027900577807,45.24041392265194
raw_CU_diffT/TC23LFP09/TC23LFP09_45deg.parquet,TC23LFP09_45deg.parquet,TC23LFP09,LFP,lithium-ion,45.0,,45.0,discharge,45,0.0180823233188558,0.8318743844088767,0.46195572914672567,3.28989754626781,45.23568403314918
raw_CU_diffT/TC23LFP09/TC23LFP09_45deg.parquet,TC23LFP09_45deg.parquet,TC23LFP09,LFP,lithium-ion,45.0,,45.0,discharge,46,0.0180831975283166,0.8499575819371933,0.4719976740077082,3.28970681651268,45.23240983425414
raw_CU_diffT/TC23LFP09/TC23LFP09_45deg.parquet,TC23LFP09_45deg.parquet,TC23LFP09,LFP,lithium-ion,45.0,,45.0,discharge,47,0.018081630805527,0.8680392127427203,0.48203874883761133,3.28951608675754,45.230583066298344
raw_CU_diffT/TC23LFP09/TC23LFP09_45deg.parquet,TC23LFP09_45deg.parquet,TC23LFP09,LFP,lithium-ion,45.0,,45.0,discharge,48,0.0180813886796541,0.8861206014223745,0.4920796892103942,3.28932535700241,45.23207259668508
raw_CU_diffT/TC23LFP09/TC23LFP09_45deg.parquet,TC23LFP09_45deg.parquet,TC23LFP09,LFP,lithium-ion,45.0,,45.0,discharge,49,0.0180846282367296,0.9042052296591041,0.5021224285710759,3.28913462724728,45.22942179558011
raw_CU_diffT/TC23LFP09/TC23LFP09_45deg.parquet,TC23LFP09_45deg.parquet,TC23LFP09,LFP,lithium-ion,45.0,,45.0,discharge,50,0.018087263289789,0.9222924929488932,0.5121666312270342,3.28913462724728,45.22857743093922
raw_CU_diffT/TC23LFP09/TC23LFP09_45deg.parquet,TC23LFP09_45deg.parquet,TC23LFP09,LFP,lithium-ion,45.0,,45.0,discharge,51,0.0180843448618872,0.9403768378107803,0.5222092132242553,3.28875316773702,45.22726759668508
raw_CU_diffT/TC23LFP09/TC23LFP09_45deg.parquet,TC23LFP09_45deg.parquet,TC23LFP09,LFP,lithium-ion,45.0,,45.0,discharge,52,0.0180864754921813,0.9584633133029616,0.53225297840116,3.28875316773702,45.223560414364634
raw_CU_diffT/TC23LFP09/TC23LFP09_45deg.parquet,TC23LFP09_45deg.parquet,TC23LFP09,LFP,lithium-ion,45.0,,45.0,discharge,53,0.0180865469164139,0.9765498602193755,0.5422967832413049,3.28837170822675,45.22027784530386
raw_CU_diffT/TC23LFP09/TC23LFP09_45deg.parquet,TC23LFP09_45deg.parquet,TC23LFP09,LFP,lithium-ion,45.0,,45.0,discharge,54,0.0180843176767374,0.9946341778961129,0.5523393501420932,3.28818097847162,45.2242667679558
raw_CU_diffT/TC23LFP09/TC23LFP09_45deg.parquet,TC23LFP09_45deg.parquet,TC23LFP09,LFP,lithium-ion,45.0,,45.0,discharge,55,0.0180839313918353,1.0127181092879483,0.5623817025314999,3.28799024871649,45.22784842541436
raw_CU_diffT/TC23LFP09/TC23LFP09_45deg.parquet,TC23LFP09_45deg.parquet,TC23LFP09,LFP,lithium-ion,45.0,,45.0,discharge,56,0.0180840076590439,1.030802116946992,0.5724240972735437,3.28760878920623,45.23087975138122
raw_CU_diffT/TC23LFP09/TC23LFP09_45deg.parquet,TC23LFP09_45deg.parquet,TC23LFP09,LFP,lithium-ion,45.0,,45.0,discharge,57,0.0180847957096914,1.0488869126566835,0.5824669296351588,3.28741805945109,45.23264367403315
raw_CU_diffT/TC23LFP09/TC23LFP09_45deg.parquet,TC23LFP09_45deg.parquet,TC23LFP09,LFP,lithium-ion,45.0,,45.0,discharge,58,0.0180840099823278,1.0669709226390114,0.5925093256673665,3.28703659994083,45.233825276243095
raw_CU_diffT/TC23LFP09/TC23LFP09_45deg.parquet,TC23LFP09_45deg.parquet,TC23LFP09,LFP,lithium-ion,45.0,,45.0,discharge,59,0.018084073120433,1.0850549957594444,0.6025517567613695,3.28646441067544,45.23751839779006
raw_CU_diffT/TC23LFP09/TC23LFP09_45deg.parquet,TC23LFP09_45deg.parquet,TC23LFP09,LFP,lithium-ion,45.0,,45.0,discharge,60,0.0180869774323754,1.1031419731918197,0.6125958006752479,3.28551076189978,45.241226850828724
raw_CU_diffT/TC23LFP09/TC23LFP09_45deg.parquet,TC23LFP09_45deg.parquet,TC23LFP09,LFP,lithium-ion,45.0,,45.0,discharge,61,0.0180866495756303,1.12122862276745,0.6226396625240157,3.28455711312412,45.245272209944744
raw_CU_diffT/TC23LFP09/TC23LFP09_45deg.parquet,TC23LFP09_45deg.parquet,TC23LFP09,LFP,lithium-ion,45.0,,45.0,discharge,62,0.0180869950047827,1.1393156177722326,0.6326837161961875,3.28341273459333,45.25129251381217
raw_CU_diffT/TC23LFP09/TC23LFP09_45deg.parquet,TC23LFP09_45deg.parquet,TC23LFP09,LFP,lithium-ion,45.0,,45.0,discharge,63,0.0180866941606894,1.157402311932922,0.64272760280389,3.28150543704201,45.25331856353592
raw_CU_diffT/TC23LFP09/TC23LFP09_45deg.parquet,TC23LFP09_45deg.parquet,TC23LFP09,LFP,lithium-ion,45.0,,45.0,discharge,64,0.0180871282502122,1.1754894401831342,0.6527717304697929,3.27921667998043,45.25383610497238
raw_CU_diffT/TC23LFP09/TC23LFP09_45deg.parquet,TC23LFP09_45deg.parquet,TC23LFP09,LFP,lithium-ion,45.0,,45.0,discharge,65,0.0180869018250135,1.1935763420081478,0.6628157323974596,3.27654646340858,45.257279198895034
raw_CU_diffT/TC23LFP09/TC23LFP09_45deg.parquet,TC23LFP09_45deg.parquet,TC23LFP09,LFP,lithium-ion,45.0,,45.0,discharge,66,0.0180839582798683,1.211660300288016,0.6728580997183043,3.27368551708161,45.26572555248619
raw_CU_diffT/TC23LFP09/TC23LFP09_45deg.parquet,TC23LFP09_45deg.parquet,TC23LFP09,LFP,lithium-ion,45.0,,45.0,discharge,67,0.0180868211512315,1.2297471214392475,0.6829020568462796,3.27120603026489,45.27342389502762
raw_CU_diffT/TC23LFP09/TC23LFP09_45deg.parquet,TC23LFP09_45deg.parquet,TC23LFP09,LFP,lithium-ion,45.0,,45.0,discharge,68,0.0180867928694717,1.2478339143087191,0.6929459982688536,3.26872654344818,45.27763745856353
raw_CU_diffT/TC23LFP09/TC23LFP09_45deg.parquet,TC23LFP09_45deg.parquet,TC23LFP09,LFP,lithium-ion,45.0,,45.0,discharge,69,0.0180853618054357,1.265919276114155,0.7029891449942443,3.26605632687634,45.28154544198895
raw_CU_diffT/TC23LFP09/TC23LFP09_45deg.parquet,TC23LFP09_45deg.parquet,TC23LFP09,LFP,lithium-ion,45.0,,45.0,discharge,70,0.0180872285712521,1.284006504685407,0.7130333283703361,3.26319538054936,45.28924281767956
raw_CU_diffT/TC23LFP09/TC23LFP09_45deg.parquet,TC23LFP09_45deg.parquet,TC23LFP09,LFP,lithium-ion,45.0,,45.0,discharge,71,0.0180847004468902,1.3020912051322973,0.7230761078306988,3.26014370446725,45.30029864640884
raw_CU_diffT/TC23LFP09/TC23LFP09_45deg.parquet,TC23LFP09_45deg.parquet,TC23LFP09,LFP,lithium-ion,45.0,,45.0,discharge,72,0.0180841925978052,1.3201753977301025,0.7331186052727678,3.25671056887488,45.30527234806629
raw_CU_diffT/TC23LFP09/TC23LFP09_45deg.parquet,TC23LFP09_45deg.parquet,TC23LFP09,LFP,lithium-ion,45.0,,45.0,discharge,73,0.018083324413729,1.3382587221438316,0.7431606205956427,3.25365889279277,45.30515671270718
raw_CU_diffT/TC23LFP09/TC23LFP09_45deg.parquet,TC23LFP09_45deg.parquet,TC23LFP09,LFP,lithium-ion,45.0,,45.0,discharge,74,0.0180844379137914,1.356343160057623,0.7532032542663628,3.25060721671066,45.30688806629835
raw_CU_diffT/TC23LFP09/TC23LFP09_45deg.parquet,TC23LFP09_45deg.parquet,TC23LFP09,LFP,lithium-ion,45.0,,45.0,discharge,75,0.0180843940070267,1.3744275540646498,0.7632458635548183,3.24793700013882,45.30488212707183
raw_CU_diffT/TC23LFP09/TC23LFP09_45deg.parquet,TC23LFP09_45deg.parquet,TC23LFP09,LFP,lithium-ion,45.0,,45.0,discharge,76,0.0180850635210479,1.3925126175856977,0.773288844637193,3.24488532405671,45.30233674033149
raw_CU_diffT/TC23LFP09/TC23LFP09_45deg.parquet,TC23LFP09_45deg.parquet,TC23LFP09,LFP,lithium-ion,45.0,,45.0,discharge,77,0.0180851817860919,1.4105977993717895,0.783331891394405,3.24087999919894,45.30035168508288
raw_CU_diffT/TC23LFP09/TC23LFP09_45deg.parquet,TC23LFP09_45deg.parquet,TC23LFP09,LFP,lithium-ion,45.0,,45.0,discharge,78,0.018085820129316,1.4286836195011055,0.7933752926357973,3.23573029581039,45.30125966850829
raw_CU_diffT/TC23LFP09/TC23LFP09_45deg.parquet,TC23LFP09_45deg.parquet,TC23LFP09,LFP,lithium-ion,45.0,,45.0,discharge,79,0.0180842609835874,1.4467678804846928,0.8034178280537969,3.23000840315643,45.3015129558011
raw_CU_diffT/TC23LFP09/TC23LFP09_45deg.parquet,TC23LFP09_45deg.parquet,TC23LFP09,LFP,lithium-ion,45.0,,45.0,discharge,80,0.0180841559688886,1.4648520364535815,0.8134603051551293,3.22466797001274,45.299179419889505
raw_CU_diffT/TC23LFP09/TC23LFP09_45deg.parquet,TC23LFP09_45deg.parquet,TC23LFP09,LFP,lithium-ion,45.0,,45.0,discharge,81,0.0180849218967201,1.4829369583503016,0.8235032075908107,3.21951826662419,45.29810284530387
raw_CU_diffT/TC23LFP09/TC23LFP09_45deg.parquet,TC23LFP09_45deg.parquet,TC23LFP09,LFP,lithium-ion,45.0,,45.0,discharge,82,0.0180846702352702,1.5010216285855718,0.833545970274084,3.21341491445997,45.296350110497244
raw_CU_diffT/TC23LFP09/TC23LFP09_45deg.parquet,TC23LFP09_45deg.parquet,TC23LFP09,LFP,lithium-ion,45.0,,45.0,discharge,83,0.0180845316392676,1.5191061602248395,0.8435886559923507,3.20559499449957,45.29370922651935
raw_CU_diffT/TC23LFP09/TC23LFP09_45deg.parquet,TC23LFP09_45deg.parquet,TC23LFP09,LFP,lithium-ion,45.0,,45.0,discharge,84,0.0180843852408707,1.5371905454657102,0.8536312604127922,3.20063602086614,45.28778538674034
raw_CU_diffT/TC23LFP09/TC23LFP09_45deg.parquet,TC23LFP09_45deg.parquet,TC23LFP09,LFP,lithium-ion,45.0,,45.0,discharge,85,0.0180848910296357,1.5552754364953458,0.8636741457073923,3.19911018282509,45.284912983425414
raw_CU_diffT/TC23LFP09/TC23LFP09_45deg.parquet,TC23LFP09_45deg.parquet,TC23LFP09,LFP,lithium-ion,45.0,,45.0,discharge,86,0.0180868449169567,1.5733622814123025,0.8737181160329286,3.19834726380456,45.28726856353591
raw_CU_diffT/TC23LFP09/TC23LFP09_45deg.parquet,TC23LFP09_45deg.parquet,TC23LFP09,LFP,lithium-ion,45.0,,45.0,discharge,87,0.0180846283588234,1.591446909771126,0.8837608554614113,3.19758434478403,45.28941127071824
raw_CU_diffT/TC23LFP09/TC23LFP09_45deg.parquet,TC23LFP09_45deg.parquet,TC23LFP09,LFP,lithium-ion,45.0,,45.0,discharge,88,0.0180875809229513,1.6095344906940772,0.8938052345051293,3.19663069600837,45.28971787292818
raw_CU_diffT/TC23LFP09/TC23LFP09_45deg.parquet,TC23LFP09_45deg.parquet,TC23LFP09,LFP,lithium-ion,45.0,,45.0,discharge,89,0.0180870044912614,1.6276214951853385,0.9038492934453237,3.19529558772245,45.291618674033145
raw_CU_diffT/TC23LFP09/TC23LFP09_45deg.parquet,TC23LFP09_45deg.parquet,TC23LFP09,LFP,lithium-ion,45.0,,45.0,discharge,90,0.0180850069412794,1.645706502126618,0.9138922431078728,3.19281610090574,45.292484364640885
raw_CU_diffT/TC23LFP09/TC23LFP09_45deg.parquet,TC23LFP09_45deg.parquet,TC23LFP09,LFP,lithium-ion,45.0,,45.0,discharge,91,0.0180858177662732,1.6637923198928912,0.9239356430370226,3.18480545119021,45.29688842541436
raw_CU_diffT/TC23LFP09/TC23LFP09_45deg.parquet,TC23LFP09_45deg.parquet,TC23LFP09,LFP,lithium-ion,45.0,,45.0,discharge,92,0.0180840842840665,1.6818764041769578,0.9339780803304044,3.15981985326794,45.3156632044199
raw_CU_diffT/TC23LFP09/TC23LFP09_45deg.parquet,TC23LFP09_45deg.parquet,TC23LFP09,LFP,lithium-ion,45.0,,45.0,discharge,93,0.0180845415620323,1.6999609457389901,0.9440207715589718,3.12224609150699,45.33318171270719
raw_CU_diffT/TC23LFP09/TC23LFP09_45deg.parquet,TC23LFP09_45deg.parquet,TC23LFP09,LFP,lithium-ion,45.0,,45.0,discharge,94,0.0180866536343532,1.7180475993733433,0.954064635661626,3.07532657174457,45.34475535911603
raw_CU_diffT/TC23LFP09/TC23LFP09_45deg.parquet,TC23LFP09_45deg.parquet,TC23LFP09,LFP,lithium-ion,45.0,,45.0,discharge,95,0.0180848165607311,1.7361324159340743,0.9641074796022215,3.01600961789859,45.353636767955805
raw_CU_diffT/TC23LFP09/TC23LFP09_45deg.parquet,TC23LFP09_45deg.parquet,TC23LFP09,LFP,lithium-ion,45.0,,45.0,discharge,96,0.0180870018174438,1.754219417751518,0.9741515370575939,2.93704749927404,45.36266511049723
raw_CU_diffT/TC23LFP09/TC23LFP09_45deg.parquet,TC23LFP09_45deg.parquet,TC23LFP09,LFP,lithium-ion,45.0,,45.0,discharge,97,0.0180845553775959,1.772303973129114,0.9841942359582075,2.81955797011288,45.376835828729284
raw_CU_diffT/TC23LFP09/TC23LFP09_45deg.parquet,TC23LFP09_45deg.parquet,TC23LFP09,LFP,lithium-ion,45.0,,45.0,discharge,98,0.0177968198474965,1.7901007929766104,0.9940771498250471,2.56436155774658,45.415948950276245
raw_CU_diffT/TC23LFP09/TC23LFP09_45deg.parquet,TC23LFP09_45deg.parquet,TC23LFP09,LFP,lithium-ion,45.0,,45.0,discharge,99,0.0028329887926765,1.792933781769287,0.9956503625936016,2.53022093157799,45.33180955801106
raw_CU_diffT/TC23LFP09/TC23LFP09_45deg.parquet,TC23LFP09_45deg.parquet,TC23LFP09,LFP,lithium-ion,45.0,,45.0,discharge,100,0.0020311227879861,1.794964904557273,0.9967782838592353,2.51515328092258,45.29251591160221
raw_CU_diffT/TC23LFP09/TC23LFP09_45deg.parquet,TC23LFP09_45deg.parquet,TC23LFP09,LFP,lithium-ion,45.0,,45.0,discharge,101,0.001732646198715,1.7966975507559881,0.9977404553758513,2.50409095512494,45.27636958563536
raw_CU_diffT/TC23LFP09/TC23LFP09_45deg.parquet,TC23LFP09_45deg.parquet,TC23LFP09,LFP,lithium-ion,45.0,,45.0,discharge,102,0.0015357366853641,1.7982332874413522,0.9985932792799902,2.49302862932729,45.26643447513813
raw_CU_diffT/TC23LFP09/TC23LFP09_45deg.parquet,TC23LFP09_45deg.parquet,TC23LFP09,LFP,lithium-ion,45.0,,45.0,discharge,103,0.0013633724009321,1.7995966598422843,0.9993503860059277,2.47872389769241,45.25951864640884
raw_CU_diffT/TC23LFP09/TC23LFP09_45deg.parquet,TC23LFP09_45deg.parquet,TC23LFP09,LFP,lithium-ion,45.0,,45.0,discharge,104,0.0011698030943804,1.8007664629366646,1.0000000000000004,2.46441916605753,45.24527196132597
raw_CU_diffT/TC23LFP09/TC23LFP09_45deg.parquet,TC23LFP09_45deg.parquet,TC23LFP09,LFP,lithium-ion,45.0,,45.0,charge,0,0.0180841568776694,0.0180841568776694,0.010044644479588576,2.88497827612307,45.19989754143647
raw_CU_diffT/TC23LFP09/TC23LFP09_45deg.parquet,TC23LFP09_45deg.parquet,TC23LFP09,LFP,lithium-ion,45.0,,45.0,charge,1,0.0180844085572335,0.0361685654349029,0.02008942875180123,2.99293131752765,45.19093245856353
raw_CU_diffT/TC23LFP09/TC23LFP09_45deg.parquet,TC23LFP09_45deg.parquet,TC23LFP09,LFP,lithium-ion,45.0,,45.0,charge,2,0.0180862181019517,0.0542547835368546,0.03013521811556928,3.06540862447772,45.19225110497237
raw_CU_diffT/TC23LFP09/TC23LFP09_45deg.parquet,TC23LFP09_45deg.parquet,TC23LFP09,LFP,lithium-ion,45.0,,45.0,charge,3,0.0180873044273303,0.0723420879641849,0.04018161086672724,3.11976660469027,45.19274872928176
raw_CU_diffT/TC23LFP09/TC23LFP09_45deg.parquet,TC23LFP09_45deg.parquet,TC23LFP09,LFP,lithium-ion,45.0,,45.0,charge,4,0.0180842597398861,0.090426347704071,0.05022631247999388,3.16287152935005,45.198904917127074
raw_CU_diffT/TC23LFP09/TC23LFP09_45deg.parquet,TC23LFP09_45deg.parquet,TC23LFP09,LFP,lithium-ion,45.0,,45.0,charge,5,0.018085196479826,0.108511544183897,0.060271534395076626,3.19682142576351,45.20869334254144
raw_CU_diffT/TC23LFP09/TC23LFP09_45deg.parquet,TC23LFP09_45deg.parquet,TC23LFP09,LFP,lithium-ion,45.0,,45.0,charge,6,0.0180850371453206,0.12659658132921758,0.07031666780957452,3.21703877980747,45.226590165745854
raw_CU_diffT/TC23LFP09/TC23LFP09_45deg.parquet,TC23LFP09_45deg.parquet,TC23LFP09,LFP,lithium-ion,45.0,,45.0,charge,7,0.0180871356173464,0.14468371694656398,0.08036296679709813,3.22104410466524,45.25442745856353
raw_CU_diffT/TC23LFP09/TC23LFP09_45deg.parquet,TC23LFP09_45deg.parquet,TC23LFP09,LFP,lithium-ion,45.0,,45.0,charge,8,0.0180863539916801,0.16277007093824408,0.09040883163930953,3.22237921295116,45.26331850828729
raw_CU_diffT/TC23LFP09/TC23LFP09_45deg.parquet,TC23LFP09_45deg.parquet,TC23LFP09,LFP,lithium-ion,45.0,,45.0,charge,9,0.0180849811234318,0.18085505206167587,0.10045393393707028,3.22333286172682,45.25802825966851
raw_CU_diffT/TC23LFP09/TC23LFP09_45deg.parquet,TC23LFP09_45deg.parquet,TC23LFP09,LFP,lithium-ion,45.0,,45.0,charge,10,0.0180845632641883,0.19893961532586418,0.11049880413954609,3.22466797001274,45.257246602209946
raw_CU_diffT/TC23LFP09/TC23LFP09_45deg.parquet,TC23LFP09_45deg.parquet,TC23LFP09,LFP,lithium-ion,45.0,,45.0,charge,11,0.0180849172535513,0.21702453257941548,0.12054387096148969,3.22657526756406,45.26368790055249
raw_CU_diffT/TC23LFP09/TC23LFP09_45deg.parquet,TC23LFP09_45deg.parquet,TC23LFP09,LFP,lithium-ion,45.0,,45.0,charge,12,0.0180853339223707,0.23510986650178617,0.13058916921751038,3.22943621389104,45.267531823204415
raw_CU_diffT/TC23LFP09/TC23LFP09_45deg.parquet,TC23LFP09_45deg.parquet,TC23LFP09,LFP,lithium-ion,45.0,,45.0,charge,13,0.0180839438737204,0.2531938103755066,0.14063369538641657,3.23363226850394,45.263646077348064
raw_CU_diffT/TC23LFP09/TC23LFP09_45deg.parquet,TC23LFP09_45deg.parquet,TC23LFP09,LFP,lithium-ion,45.0,,45.0,charge,14,0.0180863610057556,0.2712801713812622,0.15067956412451847,3.23935416115789,45.25872690607735
raw_CU_diffT/TC23LFP09/TC23LFP09_45deg.parquet,TC23LFP09_45deg.parquet,TC23LFP09,LFP,lithium-ion,45.0,,45.0,charge,15,0.0180840623973774,0.2893642337786396,0.16072415612607616,3.24583897283237,45.253782624309395
raw_CU_diffT/TC23LFP09/TC23LFP09_45deg.parquet,TC23LFP09_45deg.parquet,TC23LFP09,LFP,lithium-ion,45.0,,45.0,charge,16,0.0180843029392975,0.30744853671793715,0.170768881733977,3.25251451426198,45.245293149171275
raw_CU_diffT/TC23LFP09/TC23LFP09_45deg.parquet,TC23LFP09_45deg.parquet,TC23LFP09,LFP,lithium-ion,45.0,,45.0,charge,17,0.0180860210341127,0.32553455775204987,0.18081456163859835,3.25938078544673,45.24088883977902
raw_CU_diffT/TC23LFP09/TC23LFP09_45deg.parquet,TC23LFP09_45deg.parquet,TC23LFP09,LFP,lithium-ion,45.0,,45.0,charge,18,0.018085108979073,0.3436196667311229,0.19085973495235775,3.26586559712121,45.24641127071824
raw_CU_diffT/TC23LFP09/TC23LFP09_45deg.parquet,TC23LFP09_45deg.parquet,TC23LFP09,LFP,lithium-ion,45.0,,45.0,charge,19,0.0180847257981702,0.3617043925292931,0.20090469543253217,3.27158748977516,45.25133367403314
raw_CU_diffT/TC23LFP09/TC23LFP09_45deg.parquet,TC23LFP09_45deg.parquet,TC23LFP09,LFP,lithium-ion,45.0,,45.0,charge,20,0.0180838568138915,0.3797882493431846,0.21094917324502147,3.27616500389832,45.24855624309392
raw_CU_diffT/TC23LFP09/TC23LFP09_45deg.parquet,TC23LFP09_45deg.parquet,TC23LFP09,LFP,lithium-ion,45.0,,45.0,charge,21,0.0180837445765743,0.3978719939197589,0.22099358871653701,3.28074251802148,45.24228273480663
raw_CU_diffT/TC23LFP09/TC23LFP09_45deg.parquet,TC23LFP09_45deg.parquet,TC23LFP09,LFP,lithium-ion,45.0,,45.0,charge,22,0.0180827594904549,0.4159547534102138,0.23103745703288697,3.28589222141004,45.23957925414364
raw_CU_diffT/TC23LFP09/TC23LFP09_45deg.parquet,TC23LFP09_45deg.parquet,TC23LFP09,LFP,lithium-ion,45.0,,45.0,charge,23,0.0180846380408536,0.4340393914510674,0.24108236876923264,3.2910419247986,45.23271690607735
raw_CU_diffT/TC23LFP09/TC23LFP09_45deg.parquet,TC23LFP09_45deg.parquet,TC23LFP09,LFP,lithium-ion,45.0,,45.0,charge,24,0.0180858808350758,0.4521252722861432,0.25112797080185295,3.29485651990123,45.21999262430939
raw_CU_diffT/TC23LFP09/TC23LFP09_45deg.parquet,TC23LFP09_45deg.parquet,TC23LFP09,LFP,lithium-ion,45.0,,45.0,charge,25,0.0180843964182783,0.4702096687044215,0.2611727483316175,3.29714527696281,45.21387718232044
raw_CU_diffT/TC23LFP09/TC23LFP09_45deg.parquet,TC23LFP09_45deg.parquet,TC23LFP09,LFP,lithium-ion,45.0,,45.0,charge,26,0.0180862833569527,0.4882959520613742,0.27121857394055254,3.29905257451413,45.213656574585634
raw_CU_diffT/TC23LFP09/TC23LFP09_45deg.parquet,TC23LFP09_45deg.parquet,TC23LFP09,LFP,lithium-ion,45.0,,45.0,charge,27,0.0180837787683756,0.5063797308297499,0.28126300840352514,3.30095987206545,45.216044005524864
raw_CU_diffT/TC23LFP09/TC23LFP09_45deg.parquet,TC23LFP09_45deg.parquet,TC23LFP09,LFP,lithium-ion,45.0,,45.0,charge,28,0.0180832654916156,0.5244629963213655,0.29130715777261096,3.30343935888216,45.21933693370166
raw_CU_diffT/TC23LFP09/TC23LFP09_45deg.parquet,TC23LFP09_45deg.parquet,TC23LFP09,LFP,lithium-ion,45.0,,45.0,charge,29,0.0180833613043826,0.5425463576257481,0.30135136035983606,3.30591884569888,45.22715259668509
raw_CU_diffT/TC23LFP09/TC23LFP09_45deg.parquet,TC23LFP09_45deg.parquet,TC23LFP09,LFP,lithium-ion,45.0,,45.0,charge,30,0.0180837743434244,0.5606301319691726,0.3113957923650186,3.30820760276046,45.24258842541436
raw_CU_diffT/TC23LFP09/TC23LFP09_45deg.parquet,TC23LFP09_45deg.parquet,TC23LFP09,LFP,lithium-ion,45.0,,45.0,charge,31,0.0180827020485716,0.5787128340177442,0.3214396287759112,3.30954271104638,45.25961237569061
raw_CU_diffT/TC23LFP09/TC23LFP09_45deg.parquet,TC23LFP09_45deg.parquet,TC23LFP09,LFP,lithium-ion,45.0,,45.0,charge,32,0.0180839871118501,0.5967968211295943,0.3314841789609573,3.31030563006691,45.273212375690605
raw_CU_diffT/TC23LFP09/TC23LFP09_45deg.parquet,TC23LFP09_45deg.parquet,TC23LFP09,LFP,lithium-ion,45.0,,45.0,charge,33,0.0180860669004965,0.6148828880300908,0.34152988434155307,3.31068708957717,45.28431193370165
raw_CU_diffT/TC23LFP09/TC23LFP09_45deg.parquet,TC23LFP09_45deg.parquet,TC23LFP09,LFP,lithium-ion,45.0,,45.0,charge,34,0.01808390516013,0.6329667931902209,0.35157438900742466,3.31106854908743,45.28895726519338
raw_CU_diffT/TC23LFP09/TC23LFP09_45deg.parquet,TC23LFP09_45deg.parquet,TC23LFP09,LFP,lithium-ion,45.0,,45.0,charge,35,0.0180840228582097,0.6510508160484305,0.3616189590473899,3.31125927884257,45.28976030386741
raw_CU_diffT/TC23LFP09/TC23LFP09_45deg.parquet,TC23LFP09_45deg.parquet,TC23LFP09,LFP,lithium-ion,45.0,,45.0,charge,36,0.0180827103750778,0.6691335264235083,0.37166280008314806,3.3114500085977,45.28788063535912
raw_CU_diffT/TC23LFP09/TC23LFP09_45deg.parquet,TC23LFP09_45deg.parquet,TC23LFP09,LFP,lithium-ion,45.0,,45.0,charge,37,0.0180854407655914,0.6872189671890997,0.3817081576840513,3.31164073835283,45.286412872928175
raw_CU_diffT/TC23LFP09/TC23LFP09_45deg.parquet,TC23LFP09_45deg.parquet,TC23LFP09,LFP,lithium-ion,45.0,,45.0,charge,38,0.0180862731757448,0.7053052403648445,0.3917539776379473,3.31183146810796,45.28549433701657
raw_CU_diffT/TC23LFP09/TC23LFP09_45deg.parquet,TC23LFP09_45deg.parquet,TC23LFP09,LFP,lithium-ion,45.0,,45.0,charge,39,0.0180871800284054,0.7233924203932499,0.40180030129310135,3.31202219786309,45.285589143646405
raw_CU_diffT/TC23LFP09/TC23LFP09_45deg.parquet,TC23LFP09_45deg.parquet,TC23LFP09,LFP,lithium-ion,45.0,,45.0,charge,40,0.0180843999253671,0.7414768203186171,0.4118450807708395,3.31202219786309,45.287944558011056
raw_CU_diffT/TC23LFP09/TC23LFP09_45deg.parquet,TC23LFP09_45deg.parquet,TC23LFP09,LFP,lithium-ion,45.0,,45.0,charge,41,0.0180844554083264,0.7595612757269434,0.42188989106597236,3.31221292761822,45.28921129834254
raw_CU_diffT/TC23LFP09/TC23LFP09_45deg.parquet,TC23LFP09_45deg.parquet,TC23LFP09,LFP,lithium-ion,45.0,,45.0,charge,42,0.0180856536068522,0.7776469293337956,0.4319353668871947,3.31240365737336,45.28621237569061
raw_CU_diffT/TC23LFP09/TC23LFP09_45deg.parquet,TC23LFP09_45deg.parquet,TC23LFP09,LFP,lithium-ion,45.0,,45.0,charge,43,0.0180870440119868,0.7957339733457824,0.4419816149935367,3.31278511688362,45.283740635359116
raw_CU_diffT/TC23LFP09/TC23LFP09_45deg.parquet,TC23LFP09_45deg.parquet,TC23LFP09,LFP,lithium-ion,45.0,,45.0,charge,44,0.0180850953771794,0.8138190687229618,0.4520267807522751,3.31278511688362,45.283381961325965
raw_CU_diffT/TC23LFP09/TC23LFP09_45deg.parquet,TC23LFP09_45deg.parquet,TC23LFP09,LFP,lithium-ion,45.0,,45.0,charge,45,0.0180868249360348,0.8319058936589966,0.462072907175308,3.31316657639388,45.28461776243093
raw_CU_diffT/TC23LFP09/TC23LFP09_45deg.parquet,TC23LFP09_45deg.parquet,TC23LFP09,LFP,lithium-ion,45.0,,45.0,charge,46,0.0180842418225775,0.8499901354815741,0.4721175988366042,3.31335730614901,45.28847223756906
raw_CU_diffT/TC23LFP09/TC23LFP09_45deg.parquet,TC23LFP09_45deg.parquet,TC23LFP09,LFP,lithium-ion,45.0,,45.0,charge,47,0.0180843453304701,0.8680744808120442,0.48216234799021196,3.31373876565928,45.292040994475144
raw_CU_diffT/TC23LFP09/TC23LFP09_45deg.parquet,TC23LFP09_45deg.parquet,TC23LFP09,LFP,lithium-ion,45.0,,45.0,charge,48,0.0180840602728779,0.8861585410849221,0.49220693881173994,3.31392949541441,45.296433756906076
raw_CU_diffT/TC23LFP09/TC23LFP09_45deg.parquet,TC23LFP09_45deg.parquet,TC23LFP09,LFP,lithium-ion,45.0,,45.0,charge,49,0.0180828227685271,0.9042413638534492,0.5022508422751937,3.31431095492467,45.29951682320442
raw_CU_diffT/TC23LFP09/TC23LFP09_45deg.parquet,TC23LFP09_45deg.parquet,TC23LFP09,LFP,lithium-ion,45.0,,45.0,charge,50,0.0180853742213624,0.9223267380748116,0.5122961629148426,3.31469241443494,45.30017220994475
raw_CU_diffT/TC23LFP09/TC23LFP09_45deg.parquet,TC23LFP09_45deg.parquet,TC23LFP09,LFP,lithium-ion,45.0,,45.0,charge,51,0.0180836100993213,0.9404103481741328,0.5223405036924585,3.3150738739452,45.29649732044199
raw_CU_diffT/TC23LFP09/TC23LFP09_45deg.parquet,TC23LFP09_45deg.parquet,TC23LFP09,LFP,lithium-ion,45.0,,45.0,charge,52,0.0180831601539357,0.9584935083280686,0.5323845945528977,3.31545533345546,45.29273814917128
raw_CU_diffT/TC23LFP09/TC23LFP09_45deg.parquet,TC23LFP09_45deg.parquet,TC23LFP09,LFP,lithium-ion,45.0,,45.0,charge,53,0.0180826968197813,0.9765762051478498,0.5424284280595166,3.31621825247599,45.28973906077349
raw_CU_diffT/TC23LFP09/TC23LFP09_45deg.parquet,TC23LFP09_45deg.parquet,TC23LFP09,LFP,lithium-ion,45.0,,45.0,charge,54,0.0180841600577806,0.9946603652056304,0.5524730743054628,3.31679044174139,45.28847232044198
raw_CU_diffT/TC23LFP09/TC23LFP09_45deg.parquet,TC23LFP09_45deg.parquet,TC23LFP09,LFP,lithium-ion,45.0,,45.0,charge,55,0.0180847934983818,1.0127451587040122,0.5625180723889692,3.31774409051705,45.28805988950276
raw_CU_diffT/TC23LFP09/TC23LFP09_45deg.parquet,TC23LFP09_45deg.parquet,TC23LFP09,LFP,lithium-ion,45.0,,45.0,charge,56,0.0180851330911068,1.0308302917951189,0.5725632590954904,3.31850700953757,45.292357651933706
raw_CU_diffT/TC23LFP09/TC23LFP09_45deg.parquet,TC23LFP09_45deg.parquet,TC23LFP09,LFP,lithium-ion,45.0,,45.0,charge,57,0.0180826777742843,1.0489129695694033,0.5826070820234993,3.31984211782349,45.293150110497244
raw_CU_diffT/TC23LFP09/TC23LFP09_45deg.parquet,TC23LFP09_45deg.parquet,TC23LFP09,LFP,lithium-ion,45.0,,45.0,charge,58,0.0180832310721073,1.0669962006415106,0.5926512122746508,3.32155868561968,45.28527245856353
raw_CU_diffT/TC23LFP09/TC23LFP09_45deg.parquet,TC23LFP09_45deg.parquet,TC23LFP09,LFP,lithium-ion,45.0,,45.0,charge,59,0.0180822955809035,1.085078496222414,0.6026948229175827,3.32422890219153,45.2814597237569
raw_CU_diffT/TC23LFP09/TC23LFP09_45deg.parquet,TC23LFP09_45deg.parquet,TC23LFP09,LFP,lithium-ion,45.0,,45.0,charge,60,0.0180836304570182,1.1031621266794323,0.6127391750026557,3.32804349729416,45.27905303867403
raw_CU_diffT/TC23LFP09/TC23LFP09_45deg.parquet,TC23LFP09_45deg.parquet,TC23LFP09,LFP,lithium-ion,45.0,,45.0,charge,61,0.018082915731872,1.1212450424113043,0.6227831301015689,3.33338393043785,45.278925552486186
raw_CU_diffT/TC23LFP09/TC23LFP09_45deg.parquet,TC23LFP09_45deg.parquet,TC23LFP09,LFP,lithium-ion,45.0,,45.0,charge,62,0.018083173069354,1.1393282154806583,0.632827228135734,3.33891509333667,45.276010580110494
raw_CU_diffT/TC23LFP09/TC23LFP09_45deg.parquet,TC23LFP09_45deg.parquet,TC23LFP09,LFP,lithium-ion,45.0,,45.0,charge,63,0.0180830161983317,1.15741123167899,0.6428712390376286,3.34234822892904,45.27401533149171
raw_CU_diffT/TC23LFP09/TC23LFP09_45deg.parquet,TC23LFP09_45deg.parquet,TC23LFP09,LFP,lithium-ion,45.0,,45.0,charge,64,0.018083393672283,1.175494625351273,0.6529154596032453,3.34368333721497,45.271723950276254
raw_CU_diffT/TC23LFP09/TC23LFP09_45deg.parquet,TC23LFP09_45deg.parquet,TC23LFP09,LFP,lithium-ion,45.0,,45.0,charge,65,0.0180851656400624,1.1935797909913355,0.6629606643887231,3.34444625623549,45.26369720994475
raw_CU_diffT/TC23LFP09/TC23LFP09_45deg.parquet,TC23LFP09_45deg.parquet,TC23LFP09,LFP,lithium-ion,45.0,,45.0,charge,66,0.0180855220056858,1.2116653129970212,0.6730060671135364,3.34444625623549,45.25848215469613
raw_CU_diffT/TC23LFP09/TC23LFP09_45deg.parquet,TC23LFP09_45deg.parquet,TC23LFP09,LFP,lithium-ion,45.0,,45.0,charge,67,0.0180853187254901,1.2297506317225113,0.6830513569286182,3.34444625623549,45.25745845303868
raw_CU_diffT/TC23LFP09/TC23LFP09_45deg.parquet,TC23LFP09_45deg.parquet,TC23LFP09,LFP,lithium-ion,45.0,,45.0,charge,68,0.0180860148773665,1.2478366465998778,0.693097033413543,3.34444625623549,45.25597966850829
raw_CU_diffT/TC23LFP09/TC23LFP09_45deg.parquet,TC23LFP09_45deg.parquet,TC23LFP09,LFP,lithium-ion,45.0,,45.0,charge,69,0.0180855130740659,1.2659221596739436,0.703142431177387,3.34444625623549,45.256381077348074
raw_CU_diffT/TC23LFP09/TC23LFP09_45deg.parquet,TC23LFP09_45deg.parquet,TC23LFP09,LFP,lithium-ion,45.0,,45.0,charge,70,0.0180843897119126,1.2840065493858561,0.7131872049821749,3.34444625623549,45.25467019337017
raw_CU_diffT/TC23LFP09/TC23LFP09_45deg.parquet,TC23LFP09_45deg.parquet,TC23LFP09,LFP,lithium-ion,45.0,,45.0,charge,71,0.0180852344393396,1.3020917838251957,0.7232324479814487,3.34444625623549,45.25657005524862
raw_CU_diffT/TC23LFP09/TC23LFP09_45deg.parquet,TC23LFP09_45deg.parquet,TC23LFP09,LFP,lithium-ion,45.0,,45.0,charge,72,0.0180851695020514,1.3201769533272472,0.7332776549120257,3.34463698599062,45.25683447513813
raw_CU_diffT/TC23LFP09/TC23LFP09_45deg.parquet,TC23LFP09_45deg.parquet,TC23LFP09,LFP,lithium-ion,45.0,,45.0,charge,73,0.0180844272019621,1.3382613805292092,0.7433224495402461,3.34463698599062,45.25473317679558
raw_CU_diffT/TC23LFP09/TC23LFP09_45deg.parquet,TC23LFP09_45deg.parquet,TC23LFP09,LFP,lithium-ion,45.0,,45.0,charge,74,0.0180845215214626,1.3563459020506718,0.7533672965571876,3.34463698599062,45.25563082872929
raw_CU_diffT/TC23LFP09/TC23LFP09_45deg.parquet,TC23LFP09_45deg.parquet,TC23LFP09,LFP,lithium-ion,45.0,,45.0,charge,75,0.0180849326891821,1.374430834739854,0.7634123719526813,3.34463698599062,45.257129917127074
raw_CU_diffT/TC23LFP09/TC23LFP09_45deg.parquet,TC23LFP09_45deg.parquet,TC23LFP09,LFP,lithium-ion,45.0,,45.0,charge,76,0.01808391439858,1.392514749138434,0.7734568817499475,3.34482771574576,45.25653814917127
raw_CU_diffT/TC23LFP09/TC23LFP09_45deg.parquet,TC23LFP09_45deg.parquet,TC23LFP09,LFP,lithium-ion,45.0,,45.0,charge,77,0.0180842001643704,1.4105989493028044,0.7835015502726543,3.34482771574576,45.25063616022099
raw_CU_diffT/TC23LFP09/TC23LFP09_45deg.parquet,TC23LFP09_45deg.parquet,TC23LFP09,LFP,lithium-ion,45.0,,45.0,charge,78,0.0180852814492684,1.4286842307520728,0.793546819383072,3.34482771574576,45.24982281767956
raw_CU_diffT/TC23LFP09/TC23LFP09_45deg.parquet,TC23LFP09_45deg.parquet,TC23LFP09,LFP,lithium-ion,45.0,,45.0,charge,79,0.0180855708301695,1.4467698015822423,0.8035922492269034,3.34501844550089,45.25538754143646
raw_CU_diffT/TC23LFP09/TC23LFP09_45deg.parquet,TC23LFP09_45deg.parquet,TC23LFP09,LFP,lithium-ion,45.0,,45.0,charge,80,0.0180846916072393,1.4648544931894816,0.8136371907161043,3.34501844550089,45.2608152762431
raw_CU_diffT/TC23LFP09/TC23LFP09_45deg.parquet,TC23LFP09_45deg.parquet,TC23LFP09,LFP,lithium-ion,45.0,,45.0,charge,81,0.0180844435231617,1.4829389367126433,0.8236819944097542,3.34520917525602,45.260140303867416
raw_CU_diffT/TC23LFP09/TC23LFP09_45deg.parquet,TC23LFP09_45deg.parquet,TC23LFP09,LFP,lithium-ion,45.0,,45.0,charge,82,0.018083224713393,1.5010221614260364,0.8337261211290282,3.34520917525602,45.255799171270716
raw_CU_diffT/TC23LFP09/TC23LFP09_45deg.parquet,TC23LFP09_45deg.parquet,TC23LFP09,LFP,lithium-ion,45.0,,45.0,charge,83,0.0180846571063634,1.5191068185323997,0.8437710434551,3.34539990501115,45.25095267955801
raw_CU_diffT/TC23LFP09/TC23LFP09_45deg.parquet,TC23LFP09_45deg.parquet,TC23LFP09,LFP,lithium-ion,45.0,,45.0,charge,84,0.0180843135802247,1.5371911321126244,0.8538157749733859,3.34559063476628,45.24689806629835
raw_CU_diffT/TC23LFP09/TC23LFP09_45deg.parquet,TC23LFP09_45deg.parquet,TC23LFP09,LFP,lithium-ion,45.0,,45.0,charge,85,0.0180845107907542,1.5552756429033785,0.8638606160300744,3.34559063476628,45.24647632596685
raw_CU_diffT/TC23LFP09/TC23LFP09_45deg.parquet,TC23LFP09_45deg.parquet,TC23LFP09,LFP,lithium-ion,45.0,,45.0,charge,86,0.0180838299382438,1.5733594728416223,0.873905078914783,3.34578136452141,45.249189861878456
raw_CU_diffT/TC23LFP09/TC23LFP09_45deg.parquet,TC23LFP09_45deg.parquet,TC23LFP09,LFP,lithium-ion,45.0,,45.0,charge,87,0.0180835338857937,1.591443006727416,0.8839493773604399,3.34597209427655,45.252769226519334
raw_CU_diffT/TC23LFP09/TC23LFP09_45deg.parquet,TC23LFP09_45deg.parquet,TC23LFP09,LFP,lithium-ion,45.0,,45.0,charge,88,0.0180834594825506,1.6095264662099664,0.8939936344796401,3.34616282403168,45.25848212707182
raw_CU_diffT/TC23LFP09/TC23LFP09_45deg.parquet,TC23LFP09_45deg.parquet,TC23LFP09,LFP,lithium-ion,45.0,,45.0,charge,89,0.0180841609260281,1.6276106271359945,0.9040382812078446,3.34635355378681,45.2631279558011
raw_CU_diffT/TC23LFP09/TC23LFP09_45deg.parquet,TC23LFP09_45deg.parquet,TC23LFP09,LFP,lithium-ion,45.0,,45.0,charge,90,0.018084115056349,1.6456947421923436,0.9140829024582444,3.34654428354194,45.26588439226519
raw_CU_diffT/TC23LFP09/TC23LFP09_45deg.parquet,TC23LFP09_45deg.parquet,TC23LFP09,LFP,lithium-ion,45.0,,45.0,charge,91,0.0180843795665426,1.6637791217588862,0.9241276706278991,3.34692574305221,45.26504019337017
raw_CU_diffT/TC23LFP09/TC23LFP09_45deg.parquet,TC23LFP09_45deg.parquet,TC23LFP09,LFP,lithium-ion,45.0,,45.0,charge,92,0.0180846385446405,1.6818637603035267,0.9341725826440677,3.34730720256247,45.26410082872928
raw_CU_diffT/TC23LFP09/TC23LFP09_45deg.parquet,TC23LFP09_45deg.parquet,TC23LFP09,LFP,lithium-ion,45.0,,45.0,charge,93,0.0180843084418453,1.699948068745372,0.9442173113082978,3.34768866207273,45.2648082320442
raw_CU_diffT/TC23LFP09/TC23LFP09_45deg.parquet,TC23LFP09_45deg.parquet,TC23LFP09,LFP,lithium-ion,45.0,,45.0,charge,94,0.0180841356895547,1.7180322044349268,0.9542619440191829,3.34826085133813,45.261914060773485
raw_CU_diffT/TC23LFP09/TC23LFP09_45deg.parquet,TC23LFP09_45deg.parquet,TC23LFP09,LFP,lithium-ion,45.0,,45.0,charge,95,0.0180839144447917,1.7361161188797185,0.9643064538421169,3.34902377035865,45.217182596685085
raw_CU_diffT/TC23LFP09/TC23LFP09_45deg.parquet,TC23LFP09_45deg.parquet,TC23LFP09,LFP,lithium-ion,45.0,,45.0,charge,96,0.0180839300837891,1.7542000489635077,0.9743509723515585,3.35093106790997,45.14517560773481
raw_CU_diffT/TC23LFP09/TC23LFP09_45deg.parquet,TC23LFP09_45deg.parquet,TC23LFP09,LFP,lithium-ion,45.0,,45.0,charge,97,0.0180838370908532,1.7722838860543608,0.9843954392091049,3.35741587958445,45.08787886740332
raw_CU_diffT/TC23LFP09/TC23LFP09_45deg.parquet,TC23LFP09_45deg.parquet,TC23LFP09,LFP,lithium-ion,45.0,,45.0,charge,98,0.0162315636736714,1.7885154497280322,0.9934110813290401,3.39136577599791,45.05566149171271
raw_CU_diffT/TC23LFP09/TC23LFP09_45deg.parquet,TC23LFP09_45deg.parquet,TC23LFP09,LFP,lithium-ion,45.0,,45.0,charge,99,0.0080916066234392,1.7966070563514713,0.9979054745347025,3.47948292286878,45.00791430939226
raw_CU_diffT/TC23LFP09/TC23LFP09_45deg.parquet,TC23LFP09_45deg.parquet,TC23LFP09,LFP,lithium-ion,45.0,,45.0,charge,100,0.0019687562497265,1.798575812601198,0.998998998370469,3.5252580641004,44.98423447513812
raw_CU_diffT/TC23LFP09/TC23LFP09_45deg.parquet,TC23LFP09_45deg.parquet,TC23LFP09,LFP,lithium-ion,45.0,,45.0,charge,101,0.0007975204753738,1.7993733330765718,0.9994419722782111,3.54700125618543,44.989456491712694
raw_CU_diffT/TC23LFP09/TC23LFP09_45deg.parquet,TC23LFP09_45deg.parquet,TC23LFP09,LFP,lithium-ion,45.0,,45.0,charge,102,0.0004691129504127,1.7998424460269844,0.9997025358665244,3.56035233904465,45.00702080110498
raw_CU_diffT/TC23LFP09/TC23LFP09_45deg.parquet,TC23LFP09_45deg.parquet,TC23LFP09,LFP,lithium-ion,45.0,,45.0,charge,103,0.0003146051406189,1.8001570511676033,0.9998772798045661,3.57007955655637,45.013386160221
raw_CU_diffT/TC23LFP09/TC23LFP09_45deg.parquet,TC23LFP09_45deg.parquet,TC23LFP09,LFP,lithium-ion,45.0,,45.0,charge,104,0.0002209427392671,1.8003779939068705,1.0,3.57656436823085,45.00978790055249
raw_CU_diffT/TC23LTO09/TC23LTO09_05deg.parquet,TC23LTO09_05deg.parquet,TC23LTO09,LTO,lithium-ion,5.0,,5.0,discharge,0,0.0150426868238067,0.0150426868238067,0.010016886237676945,2.66111789149115,5.921226795580109
raw_CU_diffT/TC23LTO09/TC23LTO09_05deg.parquet,TC23LTO09_05deg.parquet,TC23LTO09,LTO,lithium-ion,5.0,,5.0,discharge,1,0.0150412343746039,0.0300839211984106,0.020032805293187506,2.64585809424943,5.960889226519338
raw_CU_diffT/TC23LTO09/TC23LTO09_05deg.parquet,TC23LTO09_05deg.parquet,TC23LTO09,LTO,lithium-ion,5.0,,5.0,discharge,2,0.015043426321318,0.0451273475197286,0.030050183960344003,2.63422249885261,5.959484364640884
raw_CU_diffT/TC23LTO09/TC23LTO09_05deg.parquet,TC23LTO09_05deg.parquet,TC23LTO09,LTO,lithium-ion,5.0,,5.0,discharge,3,0.0150410187657484,0.060168366285477,0.04006595944247551,2.62544811543862,5.961907651933702
raw_CU_diffT/TC23LTO09/TC23LTO09_05deg.parquet,TC23LTO09_05deg.parquet,TC23LTO09,LTO,lithium-ion,5.0,,5.0,discharge,4,0.0150431739726704,0.0752115402581474,0.050083170071320446,2.61915344907641,5.970892458563536
raw_CU_diffT/TC23LTO09/TC23LTO09_05deg.parquet,TC23LTO09_05deg.parquet,TC23LTO09,LTO,lithium-ion,5.0,,5.0,discharge,5,0.0150428625894418,0.0902544028475892,0.06010017335087907,2.61457550990389,5.992924254143646
raw_CU_diffT/TC23LTO09/TC23LTO09_05deg.parquet,TC23LTO09_05deg.parquet,TC23LTO09,LTO,lithium-ion,5.0,,5.0,discharge,6,0.0150436128802852,0.10529801572787441,0.07011767624716916,2.60980682326585,6.27806511049724
raw_CU_diffT/TC23LTO09/TC23LTO09_05deg.parquet,TC23LTO09_05deg.parquet,TC23LTO09,LTO,lithium-ion,5.0,,5.0,discharge,7,0.0150433401699416,0.12034135589781601,0.08013499754634701,2.60351215690364,6.419191298342541
raw_CU_diffT/TC23LTO09/TC23LTO09_05deg.parquet,TC23LTO09_05deg.parquet,TC23LTO09,LTO,lithium-ion,5.0,,5.0,discharge,8,0.0150430251432415,0.13538438104105752,0.0901521090700603,2.59588225828278,6.172036160220993
raw_CU_diffT/TC23LTO09/TC23LTO09_05deg.parquet,TC23LTO09_05deg.parquet,TC23LTO09,LTO,lithium-ion,5.0,,5.0,discharge,9,0.0150432260680914,0.15042760710914893,0.1001693543891113,2.58768011726535,5.877435718232045
raw_CU_diffT/TC23LTO09/TC23LTO09_05deg.parquet,TC23LTO09_05deg.parquet,TC23LTO09,LTO,lithium-ion,5.0,,5.0,discharge,10,0.0150431788785668,0.16547078598771572,0.11018656828477995,2.58005021864449,5.772143480662983
raw_CU_diffT/TC23LTO09/TC23LTO09_05deg.parquet,TC23LTO09_05deg.parquet,TC23LTO09,LTO,lithium-ion,5.0,,5.0,discharge,11,0.0150410810608181,0.18051186704853384,0.12020238524903722,2.57299256242019,5.769048674033148
raw_CU_diffT/TC23LTO09/TC23LTO09_05deg.parquet,TC23LTO09_05deg.parquet,TC23LTO09,LTO,lithium-ion,5.0,,5.0,discharge,12,0.0150428698919631,0.19555473694049694,0.13021939339132588,2.56669789605798,5.797498950276243
raw_CU_diffT/TC23LTO09/TC23LTO09_05deg.parquet,TC23LTO09_05deg.parquet,TC23LTO09,LTO,lithium-ion,5.0,,5.0,discharge,13,0.0150432276514385,0.21059796459193544,0.14023663976472361,2.56040322969577,5.822700027624309
raw_CU_diffT/TC23LTO09/TC23LTO09_05deg.parquet,TC23LTO09_05deg.parquet,TC23LTO09,LTO,lithium-ion,5.0,,5.0,discharge,14,0.0150426812932193,0.22564064588515476,0.15025352231959674,2.55391781586804,5.848783342541437
raw_CU_diffT/TC23LTO09/TC23LTO09_05deg.parquet,TC23LTO09_05deg.parquet,TC23LTO09,LTO,lithium-ion,5.0,,5.0,discharge,15,0.0150407550185229,0.24068140090367765,0.16026912217313313,2.54705090710926,5.867124198895028
raw_CU_diffT/TC23LTO09/TC23LTO09_05deg.parquet,TC23LTO09_05deg.parquet,TC23LTO09,LTO,lithium-ion,5.0,,5.0,discharge,16,0.015043920927995,0.2557253218316726,0.1702868301975962,2.53999325088497,5.876725801104973
raw_CU_diffT/TC23LTO09/TC23LTO09_05deg.parquet,TC23LTO09_05deg.parquet,TC23LTO09,LTO,lithium-ion,5.0,,5.0,discharge,17,0.0150414827363117,0.2707668045679843,0.1803029146365254,2.53293559466067,5.889881933701657
raw_CU_diffT/TC23LTO09/TC23LTO09_05deg.parquet,TC23LTO09_05deg.parquet,TC23LTO09,LTO,lithium-ion,5.0,,5.0,discharge,18,0.0150412941236491,0.28580809869163337,0.19031887347877055,2.52606868590189,5.886856740331492
raw_CU_diffT/TC23LTO09/TC23LTO09_05deg.parquet,TC23LTO09_05deg.parquet,TC23LTO09,LTO,lithium-ion,5.0,,5.0,discharge,19,0.015043258962339,0.30085135765397236,0.2003361407020159,2.51958327207416,5.885955165745856
raw_CU_diffT/TC23LTO09/TC23LTO09_05deg.parquet,TC23LTO09_05deg.parquet,TC23LTO09,LTO,lithium-ion,5.0,,5.0,discharge,20,0.0150413026240338,0.31589266027800617,0.21035210520464528,2.51367010064299,5.875661602209947
raw_CU_diffT/TC23LTO09/TC23LTO09_05deg.parquet,TC23LTO09_05deg.parquet,TC23LTO09,LTO,lithium-ion,5.0,,5.0,discharge,21,0.015043042462706,0.33093570274071216,0.22036922826134517,2.50813842414287,5.865494475138121
raw_CU_diffT/TC23LTO09/TC23LTO09_05deg.parquet,TC23LTO09_05deg.parquet,TC23LTO09,LTO,lithium-ion,5.0,,5.0,discharge,22,0.0150438702277203,0.34597957296843246,0.23038690252462649,2.50317899003931,5.862547928176795
raw_CU_diffT/TC23LTO09/TC23LTO09_05deg.parquet,TC23LTO09_05deg.parquet,TC23LTO09,LTO,lithium-ion,5.0,,5.0,discharge,23,0.0150426123866658,0.3610221853550983,0.2404037391948039,2.49821955593575,5.859892099447513
raw_CU_diffT/TC23LTO09/TC23LTO09_05deg.parquet,TC23LTO09_05deg.parquet,TC23LTO09,LTO,lithium-ion,5.0,,5.0,discharge,24,0.015042998355938,0.37606518371103625,0.25042083288092104,2.49402311169427,5.856275441988951
raw_CU_diffT/TC23LTO09/TC23LTO09_05deg.parquet,TC23LTO09_05deg.parquet,TC23LTO09,LTO,lithium-ion,5.0,,5.0,discharge,25,0.0150408902655321,0.3911060739765684,0.260436522795091,2.49001741491832,5.855742154696133
raw_CU_diffT/TC23LTO09/TC23LTO09_05deg.parquet,TC23LTO09_05deg.parquet,TC23LTO09,LTO,lithium-ion,5.0,,5.0,discharge,26,0.0150427326205475,0.4061488065971159,0.27045343952869916,2.48639321307341,5.852427320441988
raw_CU_diffT/TC23LTO09/TC23LTO09_05deg.parquet,TC23LTO09_05deg.parquet,TC23LTO09,LTO,lithium-ion,5.0,,5.0,discharge,27,0.0150415756987635,0.4211903822958794,0.28046958587108456,2.48315050615954,5.84762859116022
raw_CU_diffT/TC23LTO09/TC23LTO09_05deg.parquet,TC23LTO09_05deg.parquet,TC23LTO09,LTO,lithium-ion,5.0,,5.0,discharge,28,0.0150428859479304,0.4362332682438098,0.2904866047050003,2.47990779924568,5.846398314917127
raw_CU_diffT/TC23LTO09/TC23LTO09_05deg.parquet,TC23LTO09_05deg.parquet,TC23LTO09,LTO,lithium-ion,5.0,,5.0,discharge,29,0.0150437235715349,0.4512769918153447,0.3005041813103072,2.47628359740077,5.859882403314917
raw_CU_diffT/TC23LTO09/TC23LTO09_05deg.parquet,TC23LTO09_05deg.parquet,TC23LTO09,LTO,lithium-ion,5.0,,5.0,discharge,30,0.0150441666971735,0.4663211585125182,0.3105220529918304,2.47208715315929,5.883375883977901
raw_CU_diffT/TC23LTO09/TC23LTO09_05deg.parquet,TC23LTO09_05deg.parquet,TC23LTO09,LTO,lithium-ion,5.0,,5.0,discharge,31,0.0150408662392236,0.48136202475174183,0.32053772690694365,2.4676999614523,5.901939668508287
raw_CU_diffT/TC23LTO09/TC23LTO09_05deg.parquet,TC23LTO09_05deg.parquet,TC23LTO09,LTO,lithium-ion,5.0,,5.0,discharge,32,0.0150434288327233,0.49640545358446514,0.33055510724643844,2.4633127697453,5.918532430939227
raw_CU_diffT/TC23LTO09/TC23LTO09_05deg.parquet,TC23LTO09_05deg.parquet,TC23LTO09,LTO,lithium-ion,5.0,,5.0,discharge,33,0.0150412186630612,0.5114466722475264,0.3405710158396734,2.45892557803831,5.929717983425414
raw_CU_diffT/TC23LTO09/TC23LTO09_05deg.parquet,TC23LTO09_05deg.parquet,TC23LTO09,LTO,lithium-ion,5.0,,5.0,discharge,34,0.0150409893939145,0.5264876616414409,0.3505867717631767,2.45453838633131,5.934863867403315
raw_CU_diffT/TC23LTO09/TC23LTO09_05deg.parquet,TC23LTO09_05deg.parquet,TC23LTO09,LTO,lithium-ion,5.0,,5.0,discharge,35,0.0150432963444034,0.5415309579858443,0.36060406387904204,2.45015119462431,5.939196602209944
raw_CU_diffT/TC23LTO09/TC23LTO09_05deg.parquet,TC23LTO09_05deg.parquet,TC23LTO09,LTO,lithium-ion,5.0,,5.0,discharge,36,0.0150408754038807,0.5565718333897249,0.37061974389687674,2.44614549784836,5.945312817679557
raw_CU_diffT/TC23LTO09/TC23LTO09_05deg.parquet,TC23LTO09_05deg.parquet,TC23LTO09,LTO,lithium-ion,5.0,,5.0,discharge,37,0.01504296153004,0.571614794919765,0.3806368130607237,2.44194905360689,5.9488027348066295
raw_CU_diffT/TC23LTO09/TC23LTO09_05deg.parquet,TC23LTO09_05deg.parquet,TC23LTO09,LTO,lithium-ion,5.0,,5.0,discharge,38,0.0150415861813219,0.5866563811010869,0.3906529663834176,2.43794335683094,5.952417348066299
raw_CU_diffT/TC23LTO09/TC23LTO09_05deg.parquet,TC23LTO09_05deg.parquet,TC23LTO09,LTO,lithium-ion,5.0,,5.0,discharge,39,0.0150412737975105,0.6016976548985974,0.4006689116905397,2.4341284075205,5.951273867403315
raw_CU_diffT/TC23LTO09/TC23LTO09_05deg.parquet,TC23LTO09_05deg.parquet,TC23LTO09,LTO,lithium-ion,5.0,,5.0,discharge,40,0.015041139317719,0.6167387942163164,0.41068476744791654,2.43031345821007,5.946136933701658
raw_CU_diffT/TC23LTO09/TC23LTO09_05deg.parquet,TC23LTO09_05deg.parquet,TC23LTO09,LTO,lithium-ion,5.0,,5.0,discharge,41,0.0150414662345442,0.6317802604508606,0.42070084089836146,2.42649850889964,5.9484541160221
raw_CU_diffT/TC23LTO09/TC23LTO09_05deg.parquet,TC23LTO09_05deg.parquet,TC23LTO09,LTO,lithium-ion,5.0,,5.0,discharge,42,0.015043670247696,0.6468239306985566,0.43071838199546203,2.42268355958921,5.956275276243095
raw_CU_diffT/TC23LTO09/TC23LTO09_05deg.parquet,TC23LTO09_05deg.parquet,TC23LTO09,LTO,lithium-ion,5.0,,5.0,discharge,43,0.0150413762613035,0.6618653069598601,0.4407343955329588,2.4190593577443,5.960065580110498
raw_CU_diffT/TC23LTO09/TC23LTO09_05deg.parquet,TC23LTO09_05deg.parquet,TC23LTO09,LTO,lithium-ion,5.0,,5.0,discharge,44,0.0150432892314164,0.6769085961912765,0.45075168291230444,2.41543515589939,5.958504696132598
raw_CU_diffT/TC23LTO09/TC23LTO09_05deg.parquet,TC23LTO09_05deg.parquet,TC23LTO09,LTO,lithium-ion,5.0,,5.0,discharge,45,0.0150407361893118,0.6919493323805883,0.4607672702275179,2.41181095405448,5.962605524861879
raw_CU_diffT/TC23LTO09/TC23LTO09_05deg.parquet,TC23LTO09_05deg.parquet,TC23LTO09,LTO,lithium-ion,5.0,,5.0,discharge,46,0.0150432367477361,0.7069925691283244,0.4707845226581167,2.4083774996751,5.972898895027625
raw_CU_diffT/TC23LTO09/TC23LTO09_05deg.parquet,TC23LTO09_05deg.parquet,TC23LTO09,LTO,lithium-ion,5.0,,5.0,discharge,47,0.0150411986736937,0.7220337678020181,0.4808004179404835,2.40475329783019,5.977803508287292
raw_CU_diffT/TC23LTO09/TC23LTO09_05deg.parquet,TC23LTO09_05deg.parquet,TC23LTO09,LTO,lithium-ion,5.0,,5.0,discharge,48,0.0150413055001053,0.7370750733021234,0.49081638435828145,2.40151059091632,5.976145966850829
raw_CU_diffT/TC23LTO09/TC23LTO09_05deg.parquet,TC23LTO09_05deg.parquet,TC23LTO09,LTO,lithium-ion,5.0,,5.0,discharge,49,0.0150409256043308,0.7521159989064542,0.500832097804466,2.39807713653693,5.976387679558011
raw_CU_diffT/TC23LTO09/TC23LTO09_05deg.parquet,TC23LTO09_05deg.parquet,TC23LTO09,LTO,lithium-ion,5.0,,5.0,discharge,50,0.0150413293469774,0.7671573282534316,0.5108480801018344,2.39483442962307,5.981156906077349
raw_CU_diffT/TC23LTO09/TC23LTO09_05deg.parquet,TC23LTO09_05deg.parquet,TC23LTO09,LTO,lithium-ion,5.0,,5.0,discharge,51,0.0150415859829049,0.7821989142363366,0.520864233292403,2.39178247017472,5.982398066298343
raw_CU_diffT/TC23LTO09/TC23LTO09_05deg.parquet,TC23LTO09_05deg.parquet,TC23LTO09,LTO,lithium-ion,5.0,,5.0,discharge,52,0.0150414959323865,0.797240410168723,0.5308803265185642,2.38873051072638,5.983658425414365
raw_CU_diffT/TC23LTO09/TC23LTO09_05deg.parquet,TC23LTO09_05deg.parquet,TC23LTO09,LTO,lithium-ion,5.0,,5.0,discharge,53,0.0150411860547463,0.8122815962234693,0.5408962133980065,2.38567855127803,5.984724226519337
raw_CU_diffT/TC23LTO09/TC23LTO09_05deg.parquet,TC23LTO09_05deg.parquet,TC23LTO09,LTO,lithium-ion,5.0,,5.0,discharge,54,0.0150413241781771,0.8273229204016463,0.5509121922534842,2.38262659182969,5.99509549723757
raw_CU_diffT/TC23LTO09/TC23LTO09_05deg.parquet,TC23LTO09_05deg.parquet,TC23LTO09,LTO,lithium-ion,5.0,,5.0,discharge,55,0.0150429495475119,0.8423658699491583,0.5609292534381967,2.37976537984686,5.998584834254143
raw_CU_diffT/TC23LTO09/TC23LTO09_05deg.parquet,TC23LTO09_05deg.parquet,TC23LTO09,LTO,lithium-ion,5.0,,5.0,discharge,56,0.0150414676209373,0.8574073375700956,0.5709453278118372,2.37690416786404,5.99761546961326
raw_CU_diffT/TC23LTO09/TC23LTO09_05deg.parquet,TC23LTO09_05deg.parquet,TC23LTO09,LTO,lithium-ion,5.0,,5.0,discharge,57,0.0150419150926704,0.872449252662766,0.5809617001557471,2.37423370334674,6.002190414364641
raw_CU_diffT/TC23LTO09/TC23LTO09_05deg.parquet,TC23LTO09_05deg.parquet,TC23LTO09,LTO,lithium-ion,5.0,,5.0,discharge,58,0.0150417027274694,0.8874909553902354,0.5909779310862191,2.37175398629496,5.998778563535912
raw_CU_diffT/TC23LTO09/TC23LTO09_05deg.parquet,TC23LTO09_05deg.parquet,TC23LTO09,LTO,lithium-ion,5.0,,5.0,discharge,59,0.015044117457881,0.9025350728481164,0.6009957699794248,2.36927426924318,6.010740165745856
raw_CU_diffT/TC23LTO09/TC23LTO09_05deg.parquet,TC23LTO09_05deg.parquet,TC23LTO09,LTO,lithium-ion,5.0,,5.0,discharge,60,0.0150414108278457,0.9175764836759621,0.6110118065346926,2.3667945521914,6.120064392265192
raw_CU_diffT/TC23LTO09/TC23LTO09_05deg.parquet,TC23LTO09_05deg.parquet,TC23LTO09,LTO,lithium-ion,5.0,,5.0,discharge,61,0.0150430698604613,0.9326195535364235,0.6210289478354869,2.36450558260514,6.4360177900552475
raw_CU_diffT/TC23LTO09/TC23LTO09_05deg.parquet,TC23LTO09_05deg.parquet,TC23LTO09,LTO,lithium-ion,5.0,,5.0,discharge,62,0.0150434123058007,0.9476629658422242,0.6310463171697467,2.36259810794992,6.306581132596684
raw_CU_diffT/TC23LTO09/TC23LTO09_05deg.parquet,TC23LTO09_05deg.parquet,TC23LTO09,LTO,lithium-ion,5.0,,5.0,discharge,63,0.0150432688325425,0.9627062346747667,0.641063590965535,2.36069063329471,6.006765359116022
raw_CU_diffT/TC23LTO09/TC23LTO09_05deg.parquet,TC23LTO09_05deg.parquet,TC23LTO09,LTO,lithium-ion,5.0,,5.0,discharge,64,0.015042892185748,0.9777491268605146,0.6510806139531973,2.35897390610501,5.873063839779006
raw_CU_diffT/TC23LTO09/TC23LTO09_05deg.parquet,TC23LTO09_05deg.parquet,TC23LTO09,LTO,lithium-ion,5.0,,5.0,discharge,65,0.0150432470892578,0.9927923739497724,0.6610978732701887,2.35763867384636,5.868217430939227
raw_CU_diffT/TC23LTO09/TC23LTO09_05deg.parquet,TC23LTO09_05deg.parquet,TC23LTO09,LTO,lithium-ion,5.0,,5.0,discharge,66,0.015042994510282,1.0078353684600543,0.6711149643954933,2.35668493651876,5.9161573480662994
raw_CU_diffT/TC23LTO09/TC23LTO09_05deg.parquet,TC23LTO09_05deg.parquet,TC23LTO09,LTO,lithium-ion,5.0,,5.0,discharge,67,0.0150426597797484,1.0228780282398027,0.6811318326246019,2.35630344158771,5.962866657458563
raw_CU_diffT/TC23LTO09/TC23LTO09_05deg.parquet,TC23LTO09_05deg.parquet,TC23LTO09,LTO,lithium-ion,5.0,,5.0,discharge,68,0.0150415896464405,1.037919617886243,0.6911479882547091,2.35592194665667,5.999069281767955
raw_CU_diffT/TC23LTO09/TC23LTO09_05deg.parquet,TC23LTO09_05deg.parquet,TC23LTO09,LTO,lithium-ion,5.0,,5.0,discharge,69,0.0150435080394848,1.052963125925728,0.7011654213377816,2.35573119919115,6.0258991160220985
raw_CU_diffT/TC23LTO09/TC23LTO09_05deg.parquet,TC23LTO09_05deg.parquet,TC23LTO09,LTO,lithium-ion,5.0,,5.0,discharge,70,0.0150430989510735,1.0680062248768014,0.7111825820099392,2.35554045172563,6.046573508287292
raw_CU_diffT/TC23LTO09/TC23LTO09_05deg.parquet,TC23LTO09_05deg.parquet,TC23LTO09,LTO,lithium-ion,5.0,,5.0,discharge,71,0.0150408307105796,1.083047055587381,0.7211982322666203,2.35515895679458,6.066415220994474
raw_CU_diffT/TC23LTO09/TC23LTO09_05deg.parquet,TC23LTO09_05deg.parquet,TC23LTO09,LTO,lithium-ion,5.0,,5.0,discharge,72,0.0150425051970374,1.0980895607844183,0.7312149975595015,2.35496820932906,6.0711542265193374
raw_CU_diffT/TC23LTO09/TC23LTO09_05deg.parquet,TC23LTO09_05deg.parquet,TC23LTO09,LTO,lithium-ion,5.0,,5.0,discharge,73,0.015041165959118,1.1131307267435364,0.741230871057317,2.35477746186354,6.07746458563536
raw_CU_diffT/TC23LTO09/TC23LTO09_05deg.parquet,TC23LTO09_05deg.parquet,TC23LTO09,LTO,lithium-ion,5.0,,5.0,discharge,74,0.01504101472801,1.1281717414715464,0.7512466438507289,2.35458671439802,6.083056353591159
raw_CU_diffT/TC23LTO09/TC23LTO09_05deg.parquet,TC23LTO09_05deg.parquet,TC23LTO09,LTO,lithium-ion,5.0,,5.0,discharge,75,0.0150411765580986,1.143212918029645,0.7612625244063783,2.3543959669325,6.090190165745856
raw_CU_diffT/TC23LTO09/TC23LTO09_05deg.parquet,TC23LTO09_05deg.parquet,TC23LTO09,LTO,lithium-ion,5.0,,5.0,discharge,76,0.0150406438550862,1.1582535618847314,0.7712780502364699,2.35420521946698,6.089919337016575
raw_CU_diffT/TC23LTO09/TC23LTO09_05deg.parquet,TC23LTO09_05deg.parquet,TC23LTO09,LTO,lithium-ion,5.0,,5.0,discharge,77,0.0150405460057965,1.173294107890528,0.7812935109089725,2.35401447200145,6.084268259668509
raw_CU_diffT/TC23LTO09/TC23LTO09_05deg.parquet,TC23LTO09_05deg.parquet,TC23LTO09,LTO,lithium-ion,5.0,,5.0,discharge,78,0.0150403657240612,1.188334473614589,0.7913088515323341,2.35382372453593,6.08938593922652
raw_CU_diffT/TC23LTO09/TC23LTO09_05deg.parquet,TC23LTO09_05deg.parquet,TC23LTO09,LTO,lithium-ion,5.0,,5.0,discharge,79,0.0150407185431738,1.203375192157763,0.8013244270970299,2.35363297707041,6.093592707182322
raw_CU_diffT/TC23LTO09/TC23LTO09_05deg.parquet,TC23LTO09_05deg.parquet,TC23LTO09,LTO,lithium-ion,5.0,,5.0,discharge,80,0.0150431731429746,1.2184183653007374,0.8113416371733825,2.35325148213937,6.0891341160221
raw_CU_diffT/TC23LTO09/TC23LTO09_05deg.parquet,TC23LTO09_05deg.parquet,TC23LTO09,LTO,lithium-ion,5.0,,5.0,discharge,81,0.0150410918816686,1.233459457182406,0.8213574613432161,2.35286998720832,6.0904036187845305
raw_CU_diffT/TC23LTO09/TC23LTO09_05deg.parquet,TC23LTO09_05deg.parquet,TC23LTO09,LTO,lithium-ion,5.0,,5.0,discharge,82,0.0150430181558512,1.2485024753382572,0.8313745682140442,2.35248849227728,6.0998835911602205
raw_CU_diffT/TC23LTO09/TC23LTO09_05deg.parquet,TC23LTO09_05deg.parquet,TC23LTO09,LTO,lithium-ion,5.0,,5.0,discharge,83,0.0150407912404176,1.2635432665786748,0.8413901921876465,2.35210699734624,6.102480994475137
raw_CU_diffT/TC23LTO09/TC23LTO09_05deg.parquet,TC23LTO09_05deg.parquet,TC23LTO09,LTO,lithium-ion,5.0,,5.0,discharge,84,0.0150410364640442,1.2785843030427189,0.8514059794550274,2.35172550241519,6.099941546961326
raw_CU_diffT/TC23LTO09/TC23LTO09_05deg.parquet,TC23LTO09_05deg.parquet,TC23LTO09,LTO,lithium-ion,5.0,,5.0,discharge,85,0.0150430377416932,1.293627340784412,0.8614230993680171,2.35134400748415,6.099980662983426
raw_CU_diffT/TC23LTO09/TC23LTO09_05deg.parquet,TC23LTO09_05deg.parquet,TC23LTO09,LTO,lithium-ion,5.0,,5.0,discharge,86,0.0150430303295404,1.3086703711139525,0.8714402143452734,2.35077176508759,6.103537182320442
raw_CU_diffT/TC23LTO09/TC23LTO09_05deg.parquet,TC23LTO09_05deg.parquet,TC23LTO09,LTO,lithium-ion,5.0,,5.0,discharge,87,0.0150429855715624,1.3237133566855148,0.8814572995183079,2.35019952269102,6.0979930662983435
raw_CU_diffT/TC23LTO09/TC23LTO09_05deg.parquet,TC23LTO09_05deg.parquet,TC23LTO09,LTO,lithium-ion,5.0,,5.0,discharge,88,0.0150424988174746,1.3387558555029895,0.8914740605630548,2.34943653282894,6.09850685082873
raw_CU_diffT/TC23LTO09/TC23LTO09_05deg.parquet,TC23LTO09_05deg.parquet,TC23LTO09,LTO,lithium-ion,5.0,,5.0,discharge,89,0.0150405854342515,1.353796440937241,0.9014895474908635,2.34848279550133,6.104526325966851
raw_CU_diffT/TC23LTO09/TC23LTO09_05deg.parquet,TC23LTO09_05deg.parquet,TC23LTO09,LTO,lithium-ion,5.0,,5.0,discharge,90,0.0150411164863146,1.3688375574235556,0.9115053880448674,2.3473383107082,6.107172624309391
raw_CU_diffT/TC23LTO09/TC23LTO09_05deg.parquet,TC23LTO09_05deg.parquet,TC23LTO09,LTO,lithium-ion,5.0,,5.0,discharge,91,0.0150414065182849,1.3838789639418405,0.9215214217304096,2.34600307844955,6.106096712707182
raw_CU_diffT/TC23LTO09/TC23LTO09_05deg.parquet,TC23LTO09_05deg.parquet,TC23LTO09,LTO,lithium-ion,5.0,,5.0,discharge,92,0.0150431399602654,1.3989221039021058,0.9315386097104821,2.34409560379433,6.108296519337016
raw_CU_diffT/TC23LTO09/TC23LTO09_05deg.parquet,TC23LTO09_05deg.parquet,TC23LTO09,LTO,lithium-ion,5.0,,5.0,discharge,93,0.015043357724876,1.413965461626982,0.9415559426994453,2.34142513927703,6.120548591160221
raw_CU_diffT/TC23LTO09/TC23LTO09_05deg.parquet,TC23LTO09_05deg.parquet,TC23LTO09,LTO,lithium-ion,5.0,,5.0,discharge,94,0.0150431683424744,1.4290086299694562,0.9515731495791573,2.3376101899666,6.126209060773481
raw_CU_diffT/TC23LTO09/TC23LTO09_05deg.parquet,TC23LTO09_05deg.parquet,TC23LTO09,LTO,lithium-ion,5.0,,5.0,discharge,95,0.0150432426069511,1.4440518725764073,0.9615904059113922,2.33207851346648,6.140341243093923
raw_CU_diffT/TC23LTO09/TC23LTO09_05deg.parquet,TC23LTO09_05deg.parquet,TC23LTO09,LTO,lithium-ion,5.0,,5.0,discharge,96,0.0150431771157827,1.45909504969219,0.9716076186332274,2.32311338258696,6.1875255801104965
raw_CU_diffT/TC23LTO09/TC23LTO09_05deg.parquet,TC23LTO09_05deg.parquet,TC23LTO09,LTO,lithium-ion,5.0,,5.0,discharge,97,0.0150426962630231,1.474137745955213,0.9816245111564541,2.30899807013837,6.313821850828729
raw_CU_diffT/TC23LTO09/TC23LTO09_05deg.parquet,TC23LTO09_05deg.parquet,TC23LTO09,LTO,lithium-ion,5.0,,5.0,discharge,98,0.0082073982626782,1.4823451442178912,0.987089796425469,2.2986977070002,6.254182348066298
raw_CU_diffT/TC23LTO09/TC23LTO09_05deg.parquet,TC23LTO09_05deg.parquet,TC23LTO09,LTO,lithium-ion,5.0,,5.0,discharge,99,0.005396501292909,1.4877416455108001,0.9906833126746404,2.28935108118965,6.165784696132596
raw_CU_diffT/TC23LTO09/TC23LTO09_05deg.parquet,TC23LTO09_05deg.parquet,TC23LTO09,LTO,lithium-ion,5.0,,5.0,discharge,100,0.004018456039045,1.4917601015498452,0.9933591921545293,2.27924146551701,6.093272845303867
raw_CU_diffT/TC23LTO09/TC23LTO09_05deg.parquet,TC23LTO09_05deg.parquet,TC23LTO09,LTO,lithium-ion,5.0,,5.0,discharge,101,0.0031837246025988,1.494943826152444,0.9954792261304979,2.26817811251676,6.045303729281768
raw_CU_diffT/TC23LTO09/TC23LTO09_05deg.parquet,TC23LTO09_05deg.parquet,TC23LTO09,LTO,lithium-ion,5.0,,5.0,discharge,102,0.0026288169825052,1.4975726431349492,0.9972297485578979,2.2544442949992,6.018862209944752
raw_CU_diffT/TC23LTO09/TC23LTO09_05deg.parquet,TC23LTO09_05deg.parquet,TC23LTO09,LTO,lithium-ion,5.0,,5.0,discharge,103,0.0022330260654009,1.49980566920035,0.9987167148375846,2.23594179084361,5.9838133701657465
raw_CU_diffT/TC23LTO09/TC23LTO09_05deg.parquet,TC23LTO09_05deg.parquet,TC23LTO09,LTO,lithium-ion,5.0,,5.0,discharge,104,0.0019271514466482,1.5017328206469982,0.9999999999999997,2.20828340834299,5.95593629834254
raw_CU_diffT/TC23LTO09/TC23LTO09_05deg.parquet,TC23LTO09_05deg.parquet,TC23LTO09,LTO,lithium-ion,5.0,,5.0,charge,0,0.015040167933774,0.015040167933774,0.010475417663783472,2.32349487751801,5.82190593922652
raw_CU_diffT/TC23LTO09/TC23LTO09_05deg.parquet,TC23LTO09_05deg.parquet,TC23LTO09,LTO,lithium-ion,5.0,,5.0,charge,1,0.0150398522202479,0.0300800201540219,0.020950615434340847,2.33856392729421,5.9436269889502755
raw_CU_diffT/TC23LTO09/TC23LTO09_05deg.parquet,TC23LTO09_05deg.parquet,TC23LTO09,LTO,lithium-ion,5.0,,5.0,charge,2,0.0150400637651437,0.045120083919165596,0.03142596054508404,2.34562158351851,6.215546712707183
raw_CU_diffT/TC23LTO09/TC23LTO09_05deg.parquet,TC23LTO09_05deg.parquet,TC23LTO09,LTO,lithium-ion,5.0,,5.0,charge,3,0.0150403779782073,0.0601604618973729,0.04190152450398712,2.34943653282894,6.0687696685082875
raw_CU_diffT/TC23LTO09/TC23LTO09_05deg.parquet,TC23LTO09_05deg.parquet,TC23LTO09,LTO,lithium-ion,5.0,,5.0,charge,4,0.0150401941420039,0.0752006560393768,0.052376960421699384,2.35210699734624,5.744169751381214
raw_CU_diffT/TC23LTO09/TC23LTO09_05deg.parquet,TC23LTO09_05deg.parquet,TC23LTO09,LTO,lithium-ion,5.0,,5.0,charge,5,0.0150400435829541,0.0902406996223309,0.0628522914756271,2.35363297707041,5.605408591160221
raw_CU_diffT/TC23LTO09/TC23LTO09_05deg.parquet,TC23LTO09_05deg.parquet,TC23LTO09,LTO,lithium-ion,5.0,,5.0,charge,6,0.0150397448997665,0.10528044452209741,0.07332741449789235,2.35477746186354,5.592032569060774
raw_CU_diffT/TC23LTO09/TC23LTO09_05deg.parquet,TC23LTO09_05deg.parquet,TC23LTO09,LTO,lithium-ion,5.0,,5.0,charge,7,0.0150381477309397,0.12031859225303711,0.0838014250983672,2.3553497042601,5.617127044198894
raw_CU_diffT/TC23LTO09/TC23LTO09_05deg.parquet,TC23LTO09_05deg.parquet,TC23LTO09,LTO,lithium-ion,5.0,,5.0,charge,8,0.0150380207804947,0.1353566130335318,0.09427534727835768,2.35592194665667,5.654298922651934
raw_CU_diffT/TC23LTO09/TC23LTO09_05deg.parquet,TC23LTO09_05deg.parquet,TC23LTO09,LTO,lithium-ion,5.0,,5.0,charge,9,0.015039673137194,0.1503962861707258,0.10475042031827414,2.35668493651876,5.680351906077348
raw_CU_diffT/TC23LTO09/TC23LTO09_05deg.parquet,TC23LTO09_05deg.parquet,TC23LTO09,LTO,lithium-ion,5.0,,5.0,charge,10,0.0150410351932111,0.1654373213639369,0.115226442024836,2.3570664314498,5.7036827624309385
raw_CU_diffT/TC23LTO09/TC23LTO09_05deg.parquet,TC23LTO09_05deg.parquet,TC23LTO09,LTO,lithium-ion,5.0,,5.0,charge,11,0.0150392113250984,0.1804765326890353,0.12570119341444874,2.35744792638084,5.722418922651935
raw_CU_diffT/TC23LTO09/TC23LTO09_05deg.parquet,TC23LTO09_05deg.parquet,TC23LTO09,LTO,lithium-ion,5.0,,5.0,charge,12,0.0150403350952595,0.1955168677842948,0.13617672750554777,2.35782942131188,5.747358093922652
raw_CU_diffT/TC23LTO09/TC23LTO09_05deg.parquet,TC23LTO09_05deg.parquet,TC23LTO09,LTO,lithium-ion,5.0,,5.0,charge,13,0.0150401934595373,0.2105570612438321,0.14665216294792474,2.35802016877741,5.757398922651934
raw_CU_diffT/TC23LTO09/TC23LTO09_05deg.parquet,TC23LTO09_05deg.parquet,TC23LTO09,LTO,lithium-ion,5.0,,5.0,charge,14,0.0150401354213681,0.2255971966652002,0.1571275579669457,2.35821091624293,5.75790406077348
raw_CU_diffT/TC23LTO09/TC23LTO09_05deg.parquet,TC23LTO09_05deg.parquet,TC23LTO09,LTO,lithium-ion,5.0,,5.0,charge,15,0.0150401511859451,0.2406373478511453,0.16760296396593236,2.35859241117397,5.7653484254143645
raw_CU_diffT/TC23LTO09/TC23LTO09_05deg.parquet,TC23LTO09_05deg.parquet,TC23LTO09,LTO,lithium-ion,5.0,,5.0,charge,16,0.0150396588276328,0.2556770066787781,0.17807802703929584,2.35897390610501,5.7533279005524856
raw_CU_diffT/TC23LTO09/TC23LTO09_05deg.parquet,TC23LTO09_05deg.parquet,TC23LTO09,LTO,lithium-ion,5.0,,5.0,charge,17,0.015039830737815,0.2707168374165931,0.1885532098474234,2.35916465357054,5.753444834254142
raw_CU_diffT/TC23LTO09/TC23LTO09_05deg.parquet,TC23LTO09_05deg.parquet,TC23LTO09,LTO,lithium-ion,5.0,,5.0,charge,18,0.015039687546609,0.2857565249632021,0.1990282929234406,2.35954614850158,5.756120027624308
raw_CU_diffT/TC23LTO09/TC23LTO09_05deg.parquet,TC23LTO09_05deg.parquet,TC23LTO09,LTO,lithium-ion,5.0,,5.0,charge,19,0.0150401797305817,0.3007967046937838,0.2095037188036541,2.3597368959671,5.7589987569060765
raw_CU_diffT/TC23LTO09/TC23LTO09_05deg.parquet,TC23LTO09_05deg.parquet,TC23LTO09,LTO,lithium-ion,5.0,,5.0,charge,20,0.0150402879203867,0.3158369926141705,0.21997922003764023,2.35992764343262,5.77122135359116
raw_CU_diffT/TC23LTO09/TC23LTO09_05deg.parquet,TC23LTO09_05deg.parquet,TC23LTO09,LTO,lithium-ion,5.0,,5.0,charge,21,0.0150403701098615,0.33087736272403195,0.23045477851627147,2.36030913836366,5.765726022099447
raw_CU_diffT/TC23LTO09/TC23LTO09_05deg.parquet,TC23LTO09_05deg.parquet,TC23LTO09,LTO,lithium-ion,5.0,,5.0,charge,22,0.0150401304690278,0.34591749319305976,0.24093017008600692,2.36069063329471,5.773935193370165
raw_CU_diffT/TC23LTO09/TC23LTO09_05deg.parquet,TC23LTO09_05deg.parquet,TC23LTO09,LTO,lithium-ion,5.0,,5.0,charge,23,0.0150407670381743,0.36095826023123406,0.251406005023643,2.36088138076023,5.7719380939226514
raw_CU_diffT/TC23LTO09/TC23LTO09_05deg.parquet,TC23LTO09_05deg.parquet,TC23LTO09,LTO,lithium-ion,5.0,,5.0,charge,24,0.0150402972187454,0.37599855744997945,0.26188151273389926,2.36126287569127,5.770261270718232
raw_CU_diffT/TC23LTO09/TC23LTO09_05deg.parquet,TC23LTO09_05deg.parquet,TC23LTO09,LTO,lithium-ion,5.0,,5.0,charge,25,0.0150404286785241,0.3910389861285036,0.2723571120053731,2.36164437062232,5.769971160220994
raw_CU_diffT/TC23LTO09/TC23LTO09_05deg.parquet,TC23LTO09_05deg.parquet,TC23LTO09,LTO,lithium-ion,5.0,,5.0,charge,26,0.0150401002252978,0.40607908635380136,0.2828324825104699,2.36202586555336,5.771026519337016
raw_CU_diffT/TC23LTO09/TC23LTO09_05deg.parquet,TC23LTO09_05deg.parquet,TC23LTO09,LTO,lithium-ion,5.0,,5.0,charge,27,0.0150403112530309,0.42111939760683226,0.2933079999955507,2.36278885541544,5.770503259668507
raw_CU_diffT/TC23LTO09/TC23LTO09_05deg.parquet,TC23LTO09_05deg.parquet,TC23LTO09,LTO,lithium-ion,5.0,,5.0,charge,28,0.0150398602649387,0.43615925787177096,0.3037832033692035,2.36317035034649,5.778046381215469
raw_CU_diffT/TC23LTO09/TC23LTO09_05deg.parquet,TC23LTO09_05deg.parquet,TC23LTO09,LTO,lithium-ion,5.0,,5.0,charge,29,0.0150398349904348,0.4511990928622058,0.31425838913926396,2.36393334020857,5.77942270718232
raw_CU_diffT/TC23LTO09/TC23LTO09_05deg.parquet,TC23LTO09_05deg.parquet,TC23LTO09,LTO,lithium-ion,5.0,,5.0,charge,30,0.015039669003813,0.46623876186601876,0.32473345930029685,2.36450558260514,5.790675331491713
raw_CU_diffT/TC23LTO09/TC23LTO09_05deg.parquet,TC23LTO09_05deg.parquet,TC23LTO09,LTO,lithium-ion,5.0,,5.0,charge,31,0.0150401054815777,0.48127886734759645,0.3352088334663718,2.36526857246723,5.791691988950276
raw_CU_diffT/TC23LTO09/TC23LTO09_05deg.parquet,TC23LTO09_05deg.parquet,TC23LTO09,LTO,lithium-ion,5.0,,5.0,charge,32,0.0150404463316985,0.49631931367929494,0.345684445033212,2.36622230979483,5.7952938121546955
raw_CU_diffT/TC23LTO09/TC23LTO09_05deg.parquet,TC23LTO09_05deg.parquet,TC23LTO09,LTO,lithium-ion,5.0,,5.0,charge,33,0.0150399497119806,0.5113592633912756,0.3561597107063768,2.36717604712244,5.801921436464087
raw_CU_diffT/TC23LTO09/TC23LTO09_05deg.parquet,TC23LTO09_05deg.parquet,TC23LTO09,LTO,lithium-ion,5.0,,5.0,charge,34,0.015040183025547,0.5263994464168226,0.36663513888152066,2.36832053191557,5.798538508287292
raw_CU_diffT/TC23LTO09/TC23LTO09_05deg.parquet,TC23LTO09_05deg.parquet,TC23LTO09,LTO,lithium-ion,5.0,,5.0,charge,35,0.0150401716550016,0.5414396180718242,0.3771105591371245,2.36965576417422,5.803500635359115
raw_CU_diffT/TC23LTO09/TC23LTO09_05deg.parquet,TC23LTO09_05deg.parquet,TC23LTO09,LTO,lithium-ion,5.0,,5.0,charge,36,0.0150397962408375,0.5564794143126617,0.38758571791824326,2.37118174389839,5.81498453038674
raw_CU_diffT/TC23LTO09/TC23LTO09_05deg.parquet,TC23LTO09_05deg.parquet,TC23LTO09,LTO,lithium-ion,5.0,,5.0,charge,37,0.015039669408671,0.5715190837213326,0.39806078836125813,2.37270772362257,5.813319944751381
raw_CU_diffT/TC23LTO09/TC23LTO09_05deg.parquet,TC23LTO09_05deg.parquet,TC23LTO09,LTO,lithium-ion,5.0,,5.0,charge,38,0.0150398779929357,0.5865589617142684,0.40853600408239094,2.37442445081226,5.822137127071822
raw_CU_diffT/TC23LTO09/TC23LTO09_05deg.parquet,TC23LTO09_05deg.parquet,TC23LTO09,LTO,lithium-ion,5.0,,5.0,charge,39,0.0150402468814887,0.6015992085957571,0.4190114767329464,2.376522672933,5.827740027624309
raw_CU_diffT/TC23LTO09/TC23LTO09_05deg.parquet,TC23LTO09_05deg.parquet,TC23LTO09,LTO,lithium-ion,5.0,,5.0,charge,40,0.0150402115901564,0.6166394201859136,0.42948692480322814,2.37862089505373,5.827924668508288
raw_CU_diffT/TC23LTO09/TC23LTO09_05deg.parquet,TC23LTO09_05deg.parquet,TC23LTO09,LTO,lithium-ion,5.0,,5.0,charge,41,0.0150402957375211,0.6316797159234346,0.4399624314818176,2.38090986463999,5.8330346132596675
raw_CU_diffT/TC23LTO09/TC23LTO09_05deg.parquet,TC23LTO09_05deg.parquet,TC23LTO09,LTO,lithium-ion,5.0,,5.0,charge,42,0.015038193120611,0.6467179090440457,0.4504364736960196,2.38338958169177,5.83700953038674
raw_CU_diffT/TC23LTO09/TC23LTO09_05deg.parquet,TC23LTO09_05deg.parquet,TC23LTO09,LTO,lithium-ion,5.0,,5.0,charge,43,0.0150402276525555,0.6617581366966012,0.4609119329536989,2.38586929874355,5.849121878453039
raw_CU_diffT/TC23LTO09/TC23LTO09_05deg.parquet,TC23LTO09_05deg.parquet,TC23LTO09,LTO,lithium-ion,5.0,,5.0,charge,44,0.015039534902053,0.6767976715986542,0.4713869097133847,2.38853976326085,5.848083287292817
raw_CU_diffT/TC23LTO09/TC23LTO09_05deg.parquet,TC23LTO09_05deg.parquet,TC23LTO09,LTO,lithium-ion,5.0,,5.0,charge,45,0.0150400827698076,0.6918377543684618,0.48186226806080135,2.39140097524368,5.850148397790054
raw_CU_diffT/TC23LTO09/TC23LTO09_05deg.parquet,TC23LTO09_05deg.parquet,TC23LTO09,LTO,lithium-ion,5.0,,5.0,charge,46,0.0150400285289536,0.7068777828974154,0.4923375886296771,2.39445293469202,5.85452044198895
raw_CU_diffT/TC23LTO09/TC23LTO09_05deg.parquet,TC23LTO09_05deg.parquet,TC23LTO09,LTO,lithium-ion,5.0,,5.0,charge,47,0.0150401200685065,0.721917902965922,0.5028129729554904,2.39750489414037,5.858554419889503
raw_CU_diffT/TC23LTO09/TC23LTO09_05deg.parquet,TC23LTO09_05deg.parquet,TC23LTO09,LTO,lithium-ion,5.0,,5.0,charge,48,0.0150396307087594,0.7369575336746813,0.5132880164441694,2.40055685358871,5.866058839779007
raw_CU_diffT/TC23LTO09/TC23LTO09_05deg.parquet,TC23LTO09_05deg.parquet,TC23LTO09,LTO,lithium-ion,5.0,,5.0,charge,49,0.0150404054918757,0.751997939166557,0.5237635995662341,2.40379956050258,5.871522099447514
raw_CU_diffT/TC23LTO09/TC23LTO09_05deg.parquet,TC23LTO09_05deg.parquet,TC23LTO09,LTO,lithium-ion,5.0,,5.0,charge,50,0.0150401317581985,0.7670380709247555,0.5342389920338719,2.40704226741644,5.8719389502762445
raw_CU_diffT/TC23LTO09/TC23LTO09_05deg.parquet,TC23LTO09_05deg.parquet,TC23LTO09,LTO,lithium-ion,5.0,,5.0,charge,51,0.0150399540857891,0.7820780250105446,0.544714260753377,2.41047572179583,5.872860220994476
raw_CU_diffT/TC23LTO09/TC23LTO09_05deg.parquet,TC23LTO09_05deg.parquet,TC23LTO09,LTO,lithium-ion,5.0,,5.0,charge,52,0.015039639147947,0.7971176641584916,0.555189310119917,2.41390917617522,5.881301795580111
raw_CU_diffT/TC23LTO09/TC23LTO09_05deg.parquet,TC23LTO09_05deg.parquet,TC23LTO09,LTO,lithium-ion,5.0,,5.0,charge,53,0.0150400711660455,0.8121577353245372,0.5656646603853591,2.41753337802013,5.876744226519337
raw_CU_diffT/TC23LTO09/TC23LTO09_05deg.parquet,TC23LTO09_05deg.parquet,TC23LTO09,LTO,lithium-ion,5.0,,5.0,charge,54,0.0150402828280203,0.8271980181525574,0.5761401580725322,2.42115757986504,5.876852928176797
raw_CU_diffT/TC23LTO09/TC23LTO09_05deg.parquet,TC23LTO09_05deg.parquet,TC23LTO09,LTO,lithium-ion,5.0,,5.0,charge,55,0.0150396220695792,0.8422376402221367,0.5866151955440563,2.42478178170995,5.898186215469614
raw_CU_diffT/TC23LTO09/TC23LTO09_05deg.parquet,TC23LTO09_05deg.parquet,TC23LTO09,LTO,lithium-ion,5.0,,5.0,charge,56,0.0150399467201084,0.8572775869422451,0.5970904591333939,2.42840598355486,6.22299096685083
raw_CU_diffT/TC23LTO09/TC23LTO09_05deg.parquet,TC23LTO09_05deg.parquet,TC23LTO09,LTO,lithium-ion,5.0,,5.0,charge,57,0.015040314614732,0.8723179015569771,0.6075659789598863,2.43222093286529,6.311136988950276
raw_CU_diffT/TC23LTO09/TC23LTO09_05deg.parquet,TC23LTO09_05deg.parquet,TC23LTO09,LTO,lithium-ion,5.0,,5.0,charge,58,0.0150396208007326,0.8873575223577097,0.6180410155476637,2.43603588217572,6.058718149171272
raw_CU_diffT/TC23LTO09/TC23LTO09_05deg.parquet,TC23LTO09_05deg.parquet,TC23LTO09,LTO,lithium-ion,5.0,,5.0,charge,59,0.0150397892286747,0.9023973115863844,0.6285161694448387,2.44004157895167,5.791838397790055
raw_CU_diffT/TC23LTO09/TC23LTO09_05deg.parquet,TC23LTO09_05deg.parquet,TC23LTO09,LTO,lithium-ion,5.0,,5.0,charge,60,0.0150395864485837,0.9174368980349681,0.6389911821064799,2.4438565282621,5.725374226519337
raw_CU_diffT/TC23LTO09/TC23LTO09_05deg.parquet,TC23LTO09_05deg.parquet,TC23LTO09,LTO,lithium-ion,5.0,,5.0,charge,61,0.0150410296181552,0.9324779276531233,0.6494671999300373,2.44805297250358,5.740786629834253
raw_CU_diffT/TC23LTO09/TC23LTO09_05deg.parquet,TC23LTO09_05deg.parquet,TC23LTO09,LTO,lithium-ion,5.0,,5.0,charge,62,0.0150402165921619,0.9475181442452852,0.6599426514841961,2.45205866927953,5.768682016574585
raw_CU_diffT/TC23LTO09/TC23LTO09_05deg.parquet,TC23LTO09_05deg.parquet,TC23LTO09,LTO,lithium-ion,5.0,,5.0,charge,63,0.0150405917061292,0.9625587359514144,0.670418364303754,2.456255113521,5.801689309392264
raw_CU_diffT/TC23LTO09/TC23LTO09_05deg.parquet,TC23LTO09_05deg.parquet,TC23LTO09,LTO,lithium-ion,5.0,,5.0,charge,64,0.0150380987883164,0.9775968347397308,0.6808923408158848,2.460642305228,5.848540497237569
raw_CU_diffT/TC23LTO09/TC23LTO09_05deg.parquet,TC23LTO09_05deg.parquet,TC23LTO09,LTO,lithium-ion,5.0,,5.0,charge,65,0.0150391810664018,0.9926360158061326,0.6913670711304346,2.46483874946947,5.868547403314918
raw_CU_diffT/TC23LTO09/TC23LTO09_05deg.parquet,TC23LTO09_05deg.parquet,TC23LTO09,LTO,lithium-ion,5.0,,5.0,charge,66,0.0150400326448808,1.0076760484510134,0.7018423945660375,2.46922594117647,5.877727265193371
raw_CU_diffT/TC23LTO09/TC23LTO09_05deg.parquet,TC23LTO09_05deg.parquet,TC23LTO09,LTO,lithium-ion,5.0,,5.0,charge,67,0.0150400241011809,1.0227160725521944,0.712317712050987,2.47361313288347,5.8891059116022095
raw_CU_diffT/TC23LTO09/TC23LTO09_05deg.parquet,TC23LTO09_05deg.parquet,TC23LTO09,LTO,lithium-ion,5.0,,5.0,charge,68,0.0150400105708993,1.0377560831230936,0.7227930201121486,2.47761882965942,5.917407679558012
raw_CU_diffT/TC23LTO09/TC23LTO09_05deg.parquet,TC23LTO09_05deg.parquet,TC23LTO09,LTO,lithium-ion,5.0,,5.0,charge,69,0.0150403821532993,1.052796465276393,0.7332685869789869,2.48162452643537,5.939594143646409
raw_CU_diffT/TC23LTO09/TC23LTO09_05deg.parquet,TC23LTO09_05deg.parquet,TC23LTO09,LTO,lithium-ion,5.0,,5.0,charge,70,0.0150397957566216,1.0678362610330145,0.7437437454228512,2.48486723334924,5.959880662983426
raw_CU_diffT/TC23LTO09/TC23LTO09_05deg.parquet,TC23LTO09_05deg.parquet,TC23LTO09,LTO,lithium-ion,5.0,,5.0,charge,71,0.0150397417752908,1.0828760028083053,0.7542188662689314,2.4881099402631,5.986275165745856
raw_CU_diffT/TC23LTO09/TC23LTO09_05deg.parquet,TC23LTO09_05deg.parquet,TC23LTO09,LTO,lithium-ion,5.0,,5.0,charge,72,0.0150377448435912,1.0979137476518965,0.7646925962599566,2.49154339464249,5.998400580110498
raw_CU_diffT/TC23LTO09/TC23LTO09_05deg.parquet,TC23LTO09_05deg.parquet,TC23LTO09,LTO,lithium-ion,5.0,,5.0,charge,73,0.0150380521145029,1.1129517997663994,0.7751665402639601,2.4951675964874,6.010099530386741
raw_CU_diffT/TC23LTO09/TC23LTO09_05deg.parquet,TC23LTO09_05deg.parquet,TC23LTO09,LTO,lithium-ion,5.0,,5.0,charge,74,0.0150423435706434,1.1279941433370428,0.7856434732502449,2.49936404072887,6.01336723756906
raw_CU_diffT/TC23LTO09/TC23LTO09_05deg.parquet,TC23LTO09_05deg.parquet,TC23LTO09,LTO,lithium-ion,5.0,,5.0,charge,75,0.0150464321329328,1.1430405754699757,0.7961232539040433,2.50413272736691,6.004370856353592
raw_CU_diffT/TC23LTO09/TC23LTO09_05deg.parquet,TC23LTO09_05deg.parquet,TC23LTO09,LTO,lithium-ion,5.0,,5.0,charge,76,0.0150399739778552,1.158080549447831,0.8065985364782942,2.509282908936,5.996026022099447
raw_CU_diffT/TC23LTO09/TC23LTO09_05deg.parquet,TC23LTO09_05deg.parquet,TC23LTO09,LTO,lithium-ion,5.0,,5.0,charge,77,0.0150400959398659,1.173120645387697,0.8170739039986046,2.5146238379706,5.985867541436464
raw_CU_diffT/TC23LTO09/TC23LTO09_05deg.parquet,TC23LTO09_05deg.parquet,TC23LTO09,LTO,lithium-ion,5.0,,5.0,charge,78,0.0150402353745512,1.1881608807622481,0.8275493686346234,2.52091850433281,5.982291850828729
raw_CU_diffT/TC23LTO09/TC23LTO09_05deg.parquet,TC23LTO09_05deg.parquet,TC23LTO09,LTO,lithium-ion,5.0,,5.0,charge,79,0.0150401348148732,1.2032010155771213,0.838024763231223,2.52797616055711,5.993428397790055
raw_CU_diffT/TC23LTO09/TC23LTO09_05deg.parquet,TC23LTO09_05deg.parquet,TC23LTO09,LTO,lithium-ion,5.0,,5.0,charge,80,0.015040140245227,1.2182411558223483,0.8485001616100426,2.53560605917797,5.981157182320442
raw_CU_diffT/TC23LTO09/TC23LTO09_05deg.parquet,TC23LTO09_05deg.parquet,TC23LTO09,LTO,lithium-ion,5.0,,5.0,charge,81,0.015039649742628,1.2332808055649762,0.8589752183557361,2.54399894766092,5.969991215469614
raw_CU_diffT/TC23LTO09/TC23LTO09_05deg.parquet,TC23LTO09_05deg.parquet,TC23LTO09,LTO,lithium-ion,5.0,,5.0,charge,82,0.0150404136253135,1.2483212191902897,0.8694508071427081,2.55258258360939,5.957544696132596
raw_CU_diffT/TC23LTO09/TC23LTO09_05deg.parquet,TC23LTO09_05deg.parquet,TC23LTO09,LTO,lithium-ion,5.0,,5.0,charge,83,0.015040248495868,1.2633614676861578,0.8799262809176724,2.56078472462681,5.95827273480663
raw_CU_diffT/TC23LTO09/TC23LTO09_05deg.parquet,TC23LTO09_05deg.parquet,TC23LTO09,LTO,lithium-ion,5.0,,5.0,charge,84,0.0150395373440035,1.2784010050301613,0.8904012593781672,2.56822387578215,5.944770220994475
raw_CU_diffT/TC23LTO09/TC23LTO09_05deg.parquet,TC23LTO09_05deg.parquet,TC23LTO09,LTO,lithium-ion,5.0,,5.0,charge,85,0.015040147544686,1.2934411525748473,0.9008766628410312,2.57470928960989,5.936018591160222
raw_CU_diffT/TC23LTO09/TC23LTO09_05deg.parquet,TC23LTO09_05deg.parquet,TC23LTO09,LTO,lithium-ion,5.0,,5.0,charge,86,0.0150375355183471,1.3084786880931945,0.9113502470378493,2.5810039559721,5.935708839779005
raw_CU_diffT/TC23LTO09/TC23LTO09_05deg.parquet,TC23LTO09_05deg.parquet,TC23LTO09,LTO,lithium-ion,5.0,,5.0,charge,87,0.0150440922699328,1.3235227803631273,0.921828397986294,2.58729862233431,5.942038287292817
raw_CU_diffT/TC23LTO09/TC23LTO09_05deg.parquet,TC23LTO09_05deg.parquet,TC23LTO09,LTO,lithium-ion,5.0,,5.0,charge,88,0.015041433643769,1.3385642140068963,0.9323046972120984,2.59416553109309,5.937180193370168
raw_CU_diffT/TC23LTO09/TC23LTO09_05deg.parquet,TC23LTO09_05deg.parquet,TC23LTO09,LTO,lithium-ion,5.0,,5.0,charge,89,0.0150296156635495,1.3535938296704457,0.9427727652612772,2.6014139347829,5.926247430939228
raw_CU_diffT/TC23LTO09/TC23LTO09_05deg.parquet,TC23LTO09_05deg.parquet,TC23LTO09,LTO,lithium-ion,5.0,,5.0,charge,90,0.0117458352193779,1.3653396648898237,0.9509536931787548,2.60694561128303,5.908983480662983
raw_CU_diffT/TC23LTO09/TC23LTO09_05deg.parquet,TC23LTO09_05deg.parquet,TC23LTO09,LTO,lithium-ion,5.0,,5.0,charge,91,0.0095711949850942,1.374910859874918,0.9576199927474733,2.6111420555245,5.90756867403315
raw_CU_diffT/TC23LTO09/TC23LTO09_05deg.parquet,TC23LTO09_05deg.parquet,TC23LTO09,LTO,lithium-ion,5.0,,5.0,charge,92,0.0080543309410227,1.3829651908159406,0.9632298024903606,2.61438476243837,5.892916436464088
raw_CU_diffT/TC23LTO09/TC23LTO09_05deg.parquet,TC23LTO09_05deg.parquet,TC23LTO09,LTO,lithium-ion,5.0,,5.0,charge,93,0.0069701675719873,1.389935358387928,0.9680844967214778,2.61724597442119,5.877112127071825
raw_CU_diffT/TC23LTO09/TC23LTO09_05deg.parquet,TC23LTO09_05deg.parquet,TC23LTO09,LTO,lithium-ion,5.0,,5.0,charge,94,0.006156497376358,1.3960918557642858,0.9723724728695708,2.61915344907641,5.8653122375690625
raw_CU_diffT/TC23LTO09/TC23LTO09_05deg.parquet,TC23LTO09_05deg.parquet,TC23LTO09,LTO,lithium-ion,5.0,,5.0,charge,95,0.0055293491244418,1.4016212048887275,0.9762236427329959,2.6208701762661,5.852978756906078
raw_CU_diffT/TC23LTO09/TC23LTO09_05deg.parquet,TC23LTO09_05deg.parquet,TC23LTO09,LTO,lithium-ion,5.0,,5.0,charge,96,0.0050506064249899,1.4066718113137175,0.9797413701938941,2.62220540852475,5.85443317679558
raw_CU_diffT/TC23LTO09/TC23LTO09_05deg.parquet,TC23LTO09_05deg.parquet,TC23LTO09,LTO,lithium-ion,5.0,,5.0,charge,97,0.0046518518868498,1.4113236632005672,0.9829813666912326,2.62334989331788,5.850331767955801
raw_CU_diffT/TC23LTO09/TC23LTO09_05deg.parquet,TC23LTO09_05deg.parquet,TC23LTO09,LTO,lithium-ion,5.0,,5.0,charge,98,0.0043239497895234,1.4156476129900906,0.985992980670673,2.62411288317997,5.853047624309393
raw_CU_diffT/TC23LTO09/TC23LTO09_05deg.parquet,TC23LTO09_05deg.parquet,TC23LTO09,LTO,lithium-ion,5.0,,5.0,charge,99,0.0040283195083407,1.4196759324984312,0.9887986893249144,2.6252573679731,5.850643066298342
raw_CU_diffT/TC23LTO09/TC23LTO09_05deg.parquet,TC23LTO09_05deg.parquet,TC23LTO09,LTO,lithium-ion,5.0,,5.0,charge,100,0.0037541923685457,1.423430124866977,0.9914134695071486,2.62640185276623,5.84891776243094
raw_CU_diffT/TC23LTO09/TC23LTO09_05deg.parquet,TC23LTO09_05deg.parquet,TC23LTO09,LTO,lithium-ion,5.0,,5.0,charge,101,0.0034826546383949,1.4269127795053718,0.9938391247309826,2.62735559009384,5.84767640883978
raw_CU_diffT/TC23LTO09/TC23LTO09_05deg.parquet,TC23LTO09_05deg.parquet,TC23LTO09,LTO,lithium-ion,5.0,,5.0,charge,102,0.0032124752616574,1.4301252547670291,0.9960766010842129,2.62869082235249,5.845989530386739
raw_CU_diffT/TC23LTO09/TC23LTO09_05deg.parquet,TC23LTO09_05deg.parquet,TC23LTO09,LTO,lithium-ion,5.0,,5.0,charge,103,0.0029462836946672,1.4330715384616963,0.9981286760606051,2.62983530714562,5.848431408839779
raw_CU_diffT/TC23LTO09/TC23LTO09_05deg.parquet,TC23LTO09_05deg.parquet,TC23LTO09,LTO,lithium-ion,5.0,,5.0,charge,104,0.0026867688917356,1.435758307353432,1.0,2.63136128686979,5.855247651933702
raw_CU_diffT/TC23LTO09/TC23LTO09_15deg.parquet,TC23LTO09_15deg.parquet,TC23LTO09,LTO,lithium-ion,15.0,,15.0,discharge,0,0.0151592304482689,0.0151592304482689,0.010013577743813135,2.66378835600845,15.785413121546961
raw_CU_diffT/TC23LTO09/TC23LTO09_15deg.parquet,TC23LTO09_15deg.parquet,TC23LTO09,LTO,lithium-ion,15.0,,15.0,discharge,1,0.015159744123946,0.0303189745722149,0.02002749480111222,2.64776556890464,15.805636243093923
raw_CU_diffT/TC23LTO09/TC23LTO09_15deg.parquet,TC23LTO09_15deg.parquet,TC23LTO09,LTO,lithium-ion,15.0,,15.0,discharge,2,0.0151597290951336,0.0454787036673485,0.030041401930982477,2.63555773111126,15.81727596685083
raw_CU_diffT/TC23LTO09/TC23LTO09_15deg.parquet,TC23LTO09_15deg.parquet,TC23LTO09,LTO,lithium-ion,15.0,,15.0,discharge,3,0.0151591498550661,0.060637853522414596,0.04005492643816829,2.62602035783518,15.817208121546962
raw_CU_diffT/TC23LTO09/TC23LTO09_15deg.parquet,TC23LTO09_15deg.parquet,TC23LTO09,LTO,lithium-ion,15.0,,15.0,discharge,4,0.015158339924919,0.0757961934473336,0.05006791593808426,2.61839045921432,15.825926961325967
raw_CU_diffT/TC23LTO09/TC23LTO09_15deg.parquet,TC23LTO09_15deg.parquet,TC23LTO09,LTO,lithium-ion,15.0,,15.0,discharge,5,0.0151592041323567,0.0909553975796903,0.06008147629866455,2.61343102511076,15.844831988950277
raw_CU_diffT/TC23LTO09/TC23LTO09_15deg.parquet,TC23LTO09_15deg.parquet,TC23LTO09,LTO,lithium-ion,15.0,,15.0,discharge,6,0.0151578409732371,0.1061132385529274,0.07009413621117341,2.60885308593824,15.862893066298343
raw_CU_diffT/TC23LTO09/TC23LTO09_15deg.parquet,TC23LTO09_15deg.parquet,TC23LTO09,LTO,lithium-ion,15.0,,15.0,discharge,7,0.0151585920368132,0.1212718305897406,0.08010729224606367,2.60370290436916,15.872826546961328
raw_CU_diffT/TC23LTO09/TC23LTO09_15deg.parquet,TC23LTO09_15deg.parquet,TC23LTO09,LTO,lithium-ion,15.0,,15.0,discharge,8,0.0151588581396833,0.1364306887294239,0.09012062405780397,2.59702674307591,15.865988512396694
raw_CU_diffT/TC23LTO09/TC23LTO09_15deg.parquet,TC23LTO09_15deg.parquet,TC23LTO09,LTO,lithium-ion,15.0,,15.0,discharge,9,0.0151575800338959,0.1515882687633198,0.10013311160428222,2.58977833938609,15.84293635359116
raw_CU_diffT/TC23LTO09/TC23LTO09_15deg.parquet,TC23LTO09_15deg.parquet,TC23LTO09,LTO,lithium-ion,15.0,,15.0,discharge,10,0.015159565175775,0.1667478339390948,0.11014691045561903,2.58252993569627,15.818069475138122
raw_CU_diffT/TC23LTO09/TC23LTO09_15deg.parquet,TC23LTO09_15deg.parquet,TC23LTO09,LTO,lithium-ion,15.0,,15.0,discharge,11,0.015157299472393,0.18190513341148778,0.12015921267445609,2.57585377440302,15.79894085635359
raw_CU_diffT/TC23LTO09/TC23LTO09_15deg.parquet,TC23LTO09_15deg.parquet,TC23LTO09,LTO,lithium-ion,15.0,,15.0,discharge,12,0.015158379904686,0.19706351331617378,0.13017222858339766,2.56974985550633,15.782552320441992
raw_CU_diffT/TC23LTO09/TC23LTO09_15deg.parquet,TC23LTO09_15deg.parquet,TC23LTO09,LTO,lithium-ion,15.0,,15.0,discharge,13,0.0151563316598202,0.21221984497599397,0.14018389150418645,2.56383668407516,15.775269309392266
raw_CU_diffT/TC23LTO09/TC23LTO09_15deg.parquet,TC23LTO09_15deg.parquet,TC23LTO09,LTO,lithium-ion,15.0,,15.0,discharge,14,0.0151561552140854,0.22737600019007936,0.1501954378720216,2.55754201771295,15.782914502762427
raw_CU_diffT/TC23LTO09/TC23LTO09_15deg.parquet,TC23LTO09_15deg.parquet,TC23LTO09,LTO,lithium-ion,15.0,,15.0,discharge,15,0.0151561917015677,0.24253219189164707,0.16020700834201962,2.55086585641969,15.777899005524858
raw_CU_diffT/TC23LTO09/TC23LTO09_15deg.parquet,TC23LTO09_15deg.parquet,TC23LTO09,LTO,lithium-ion,15.0,,15.0,discharge,16,0.015155859867503,0.25768805175915005,0.1702183596157849,2.5438082001954,15.77970817679558
raw_CU_diffT/TC23LTO09/TC23LTO09_15deg.parquet,TC23LTO09_15deg.parquet,TC23LTO09,LTO,lithium-ion,15.0,,15.0,discharge,17,0.0151608775777755,0.27284892933692556,0.18023302538708236,2.5367505439711,15.775884005524858
raw_CU_diffT/TC23LTO09/TC23LTO09_15deg.parquet,TC23LTO09_15deg.parquet,TC23LTO09,LTO,lithium-ion,15.0,,15.0,discharge,18,0.0151579217165606,0.28800685105348617,0.19024573863538224,2.52950214028128,15.763493093922651
raw_CU_diffT/TC23LTO09/TC23LTO09_15deg.parquet,TC23LTO09_15deg.parquet,TC23LTO09,LTO,lithium-ion,15.0,,15.0,discharge,19,0.015157658882007,0.30316450993549315,0.20025827826575043,2.52282597898803,15.75537599447514
raw_CU_diffT/TC23LTO09/TC23LTO09_15deg.parquet,TC23LTO09_15deg.parquet,TC23LTO09,LTO,lithium-ion,15.0,,15.0,discharge,20,0.0151572979458063,0.31832180788129943,0.21027057947618574,2.51653131262581,15.744036629834257
raw_CU_diffT/TC23LTO09/TC23LTO09_15deg.parquet,TC23LTO09_15deg.parquet,TC23LTO09,LTO,lithium-ion,15.0,,15.0,discharge,21,0.0151562334407465,0.33347804132204595,0.22028217751740603,2.51080888866017,15.734886132596687
raw_CU_diffT/TC23LTO09/TC23LTO09_15deg.parquet,TC23LTO09_15deg.parquet,TC23LTO09,LTO,lithium-ion,15.0,,15.0,discharge,22,0.0151561602838218,0.3486342016058677,0.23029372723410507,2.50546795962556,15.730025966850826
raw_CU_diffT/TC23LTO09/TC23LTO09_15deg.parquet,TC23LTO09_15deg.parquet,TC23LTO09,LTO,lithium-ion,15.0,,15.0,discharge,23,0.015156178195292,0.36379037980115975,0.24030528878240076,2.50089002045305,15.721703121546962
raw_CU_diffT/TC23LTO09/TC23LTO09_15deg.parquet,TC23LTO09_15deg.parquet,TC23LTO09,LTO,lithium-ion,15.0,,15.0,discharge,24,0.0151576081871693,0.37894798798832907,0.25031779492579875,2.49650282874605,15.715893204419892
raw_CU_diffT/TC23LTO09/TC23LTO09_15deg.parquet,TC23LTO09_15deg.parquet,TC23LTO09,LTO,lithium-ion,15.0,,15.0,discharge,25,0.0151578510197545,0.39410583900808355,0.26033046147463285,2.49268787943562,15.707314419889503
raw_CU_diffT/TC23LTO09/TC23LTO09_15deg.parquet,TC23LTO09_15deg.parquet,TC23LTO09,LTO,lithium-ion,15.0,,15.0,discharge,26,0.0151588138871266,0.40926465289521013,0.27034376405491456,2.48906367759071,15.70218502762431
raw_CU_diffT/TC23LTO09/TC23LTO09_15deg.parquet,TC23LTO09_15deg.parquet,TC23LTO09,LTO,lithium-ion,15.0,,15.0,discharge,27,0.0151592582677123,0.42442391116292244,0.28035736017513274,2.48563022321132,15.706710856353592
raw_CU_diffT/TC23LTO09/TC23LTO09_15deg.parquet,TC23LTO09_15deg.parquet,TC23LTO09,LTO,lithium-ion,15.0,,15.0,discharge,28,0.0151588458258516,0.439582756988774,0.29037068385285125,2.48143377896985,15.724795276243094
raw_CU_diffT/TC23LTO09/TC23LTO09_15deg.parquet,TC23LTO09_15deg.parquet,TC23LTO09,LTO,lithium-ion,15.0,,15.0,discharge,29,0.0151575992757986,0.45474035626457265,0.3003831841097563,2.47685583979733,15.755374917127073
raw_CU_diffT/TC23LTO09/TC23LTO09_15deg.parquet,TC23LTO09_15deg.parquet,TC23LTO09,LTO,lithium-ion,15.0,,15.0,discharge,30,0.0151593466579259,0.46989970292249855,0.31039683861699346,2.47208715315929,15.77985516574586
raw_CU_diffT/TC23LTO09/TC23LTO09_15deg.parquet,TC23LTO09_15deg.parquet,TC23LTO09,LTO,lithium-ion,15.0,,15.0,discharge,31,0.0151588430580405,0.48505854598053905,0.3204101604664073,2.46750921398678,15.789979530386738
raw_CU_diffT/TC23LTO09/TC23LTO09_15deg.parquet,TC23LTO09_15deg.parquet,TC23LTO09,LTO,lithium-ion,15.0,,15.0,discharge,32,0.0151585889788152,0.5002171349593543,0.33042331448130713,2.46274052734874,15.797993370165745
raw_CU_diffT/TC23LTO09/TC23LTO09_15deg.parquet,TC23LTO09_15deg.parquet,TC23LTO09,LTO,lithium-ion,15.0,,15.0,discharge,33,0.0151587197200128,0.5153758546793671,0.34043655485858204,2.45835333564174,15.80766997237569
raw_CU_diffT/TC23LTO09/TC23LTO09_15deg.parquet,TC23LTO09_15deg.parquet,TC23LTO09,LTO,lithium-ion,15.0,,15.0,discharge,34,0.015157653452953,0.53053350813232,0.35044909090273557,2.45377539646922,15.80472232044199
raw_CU_diffT/TC23LTO09/TC23LTO09_15deg.parquet,TC23LTO09_15deg.parquet,TC23LTO09,LTO,lithium-ion,15.0,,15.0,discharge,35,0.0151565859480083,0.5456900940803283,0.3604609217960708,2.44938820476223,15.808461850828733
raw_CU_diffT/TC23LTO09/TC23LTO09_15deg.parquet,TC23LTO09_15deg.parquet,TC23LTO09,LTO,lithium-ion,15.0,,15.0,discharge,36,0.0151594753789851,0.5608495694593134,0.37047466133126095,2.44538250798628,15.811780635359117
raw_CU_diffT/TC23LTO09/TC23LTO09_15deg.parquet,TC23LTO09_15deg.parquet,TC23LTO09,LTO,lithium-ion,15.0,,15.0,discharge,37,0.0151594099355599,0.5760089793948733,0.3804883576371573,2.4411860637448,15.81793046961326
raw_CU_diffT/TC23LTO09/TC23LTO09_15deg.parquet,TC23LTO09_15deg.parquet,TC23LTO09,LTO,lithium-ion,15.0,,15.0,discharge,38,0.0151564779804539,0.5911654573753272,0.39050011721146993,2.43718036696885,15.81805132596685
raw_CU_diffT/TC23LTO09/TC23LTO09_15deg.parquet,TC23LTO09_15deg.parquet,TC23LTO09,LTO,lithium-ion,15.0,,15.0,discharge,39,0.015159147793207,0.6063246051685343,0.4005136403566746,2.43336541765842,15.815424254143643
raw_CU_diffT/TC23LTO09/TC23LTO09_15deg.parquet,TC23LTO09_15deg.parquet,TC23LTO09,LTO,lithium-ion,15.0,,15.0,discharge,40,0.0151594765305151,0.6214840816990493,0.4105273806525191,2.42916897341694,15.822464364640881
raw_CU_diffT/TC23LTO09/TC23LTO09_15deg.parquet,TC23LTO09_15deg.parquet,TC23LTO09,LTO,lithium-ion,15.0,,15.0,discharge,41,0.0151590422657667,0.636643123964816,0.42054083409054227,2.42535402410651,15.822584834254146
raw_CU_diffT/TC23LTO09/TC23LTO09_15deg.parquet,TC23LTO09_15deg.parquet,TC23LTO09,LTO,lithium-ion,15.0,,15.0,discharge,42,0.0151589259194344,0.6518020498842504,0.4305542106748592,2.42153907479608,15.82427314917127
raw_CU_diffT/TC23LTO09/TC23LTO09_15deg.parquet,TC23LTO09_15deg.parquet,TC23LTO09,LTO,lithium-ion,15.0,,15.0,discharge,43,0.0151592093163636,0.666961259200614,0.4405677744597859,2.41791487295117,15.82947732044199
raw_CU_diffT/TC23LTO09/TC23LTO09_15deg.parquet,TC23LTO09_15deg.parquet,TC23LTO09,LTO,lithium-ion,15.0,,15.0,discharge,44,0.0151577285992921,0.6821189877999061,0.45058036014258773,2.41409992364074,15.830528342541438
raw_CU_diffT/TC23LTO09/TC23LTO09_15deg.parquet,TC23LTO09_15deg.parquet,TC23LTO09,LTO,lithium-ion,15.0,,15.0,discharge,45,0.015157198696321,0.6972761864962271,0.46059259579280615,2.41047572179583,15.841290745856352
raw_CU_diffT/TC23LTO09/TC23LTO09_15deg.parquet,TC23LTO09_15deg.parquet,TC23LTO09,LTO,lithium-ion,15.0,,15.0,discharge,46,0.0151583243026046,0.7124345107988317,0.4706055749732497,2.40685151995092,15.838076602209943
raw_CU_diffT/TC23LTO09/TC23LTO09_15deg.parquet,TC23LTO09_15deg.parquet,TC23LTO09,LTO,lithium-ion,15.0,,15.0,discharge,47,0.0151591502990594,0.7275936610978911,0.48061909977371964,2.40341806557154,15.83930861878453
raw_CU_diffT/TC23LTO09/TC23LTO09_15deg.parquet,TC23LTO09_15deg.parquet,TC23LTO09,LTO,lithium-ion,15.0,,15.0,discharge,48,0.0151560899947828,0.7427497510926739,0.4906306030603075,2.39998461119215,15.842815441988952
raw_CU_diffT/TC23LTO09/TC23LTO09_15deg.parquet,TC23LTO09_15deg.parquet,TC23LTO09,LTO,lithium-ion,15.0,,15.0,discharge,49,0.0151594769697291,0.757909228062403,0.5006443436462791,2.39655115681276,15.84067864640884
raw_CU_diffT/TC23LTO09/TC23LTO09_15deg.parquet,TC23LTO09_15deg.parquet,TC23LTO09,LTO,lithium-ion,15.0,,15.0,discharge,50,0.0151563116625734,0.7730655397249764,0.5106559933576911,2.39330844989889,15.842178425414366
raw_CU_diffT/TC23LTO09/TC23LTO09_15deg.parquet,TC23LTO09_15deg.parquet,TC23LTO09,LTO,lithium-ion,15.0,,15.0,discharge,51,0.015155794517631,0.7882213342426074,0.5206673014639602,2.3898749955195,15.849011795580111
raw_CU_diffT/TC23LTO09/TC23LTO09_15deg.parquet,TC23LTO09_15deg.parquet,TC23LTO09,LTO,lithium-ion,15.0,,15.0,discharge,52,0.0151555246090014,0.8033768588516088,0.5306784312794476,2.38663228860564,15.858187513812155
raw_CU_diffT/TC23LTO09/TC23LTO09_15deg.parquet,TC23LTO09_15deg.parquet,TC23LTO09,LTO,lithium-ion,15.0,,15.0,discharge,53,0.0151585499901509,0.8185354088417597,0.5406915595400043,2.38358032915729,15.863339558011049
raw_CU_diffT/TC23LTO09/TC23LTO09_15deg.parquet,TC23LTO09_15deg.parquet,TC23LTO09,LTO,lithium-ion,15.0,,15.0,discharge,54,0.0151560787183,0.8336914875600597,0.5507030553778013,2.38033762224343,15.860987513812155
raw_CU_diffT/TC23LTO09/TC23LTO09_15deg.parquet,TC23LTO09_15deg.parquet,TC23LTO09,LTO,lithium-ion,15.0,,15.0,discharge,55,0.0151559229905798,0.8488474105506395,0.5607144483481316,2.3774764102606,15.86334908839779
raw_CU_diffT/TC23LTO09/TC23LTO09_15deg.parquet,TC23LTO09_15deg.parquet,TC23LTO09,LTO,lithium-ion,15.0,,15.0,discharge,56,0.0151571080839055,0.864004518634545,0.5707266241434337,2.37461519827778,15.869707651933702
raw_CU_diffT/TC23LTO09/TC23LTO09_15deg.parquet,TC23LTO09_15deg.parquet,TC23LTO09,LTO,lithium-ion,15.0,,15.0,discharge,57,0.0151589986483636,0.8791635172829085,0.5807400487695552,2.37194473376048,15.87107682320442
raw_CU_diffT/TC23LTO09/TC23LTO09_15deg.parquet,TC23LTO09_15deg.parquet,TC23LTO09,LTO,lithium-ion,15.0,,15.0,discharge,58,0.0151593951002376,0.8943229123831461,0.5907537352758345,2.36927426924318,15.877057817679557
raw_CU_diffT/TC23LTO09/TC23LTO09_15deg.parquet,TC23LTO09_15deg.parquet,TC23LTO09,LTO,lithium-ion,15.0,,15.0,discharge,59,0.0151565755234325,0.9094794879065786,0.6007655592831144,2.36660380472588,15.877316878453039
raw_CU_diffT/TC23LTO09/TC23LTO09_15deg.parquet,TC23LTO09_15deg.parquet,TC23LTO09,LTO,lithium-ion,15.0,,15.0,discharge,60,0.0151607901396161,0.9246402780461948,0.6107801672962816,2.3641240876741,15.883382486187845
raw_CU_diffT/TC23LTO09/TC23LTO09_15deg.parquet,TC23LTO09_15deg.parquet,TC23LTO09,LTO,lithium-ion,15.0,,15.0,discharge,61,0.0151605793706514,0.9398008574168462,0.6207946360839504,2.36183511808784,15.887026740331493
raw_CU_diffT/TC23LTO09/TC23LTO09_15deg.parquet,TC23LTO09_15deg.parquet,TC23LTO09,LTO,lithium-ion,15.0,,15.0,discharge,62,0.0151582582969667,0.9549591157138129,0.6308075716637251,2.3597368959671,15.889025994475137
raw_CU_diffT/TC23LTO09/TC23LTO09_15deg.parquet,TC23LTO09_15deg.parquet,TC23LTO09,LTO,lithium-ion,15.0,,15.0,discharge,63,0.0151576753303458,0.9701167910441587,0.6408201221592043,2.35782942131188,15.894187071823204
raw_CU_diffT/TC23LTO09/TC23LTO09_15deg.parquet,TC23LTO09_15deg.parquet,TC23LTO09,LTO,lithium-ion,15.0,,15.0,discharge,64,0.0151560331400358,0.9852728241841945,0.6508315878898335,2.35592194665667,15.899279281767956
raw_CU_diffT/TC23LTO09/TC23LTO09_15deg.parquet,TC23LTO09_15deg.parquet,TC23LTO09,LTO,lithium-ion,15.0,,15.0,discharge,65,0.0151598485151082,1.0004326726993027,0.6608455739037346,2.35420521946698,15.903165662983424
raw_CU_diffT/TC23LTO09/TC23LTO09_15deg.parquet,TC23LTO09_15deg.parquet,TC23LTO09,LTO,lithium-ion,15.0,,15.0,discharge,66,0.0151591447543369,1.0155918174536396,0.6708590950415838,2.35286998720832,15.908136491712709
raw_CU_diffT/TC23LTO09/TC23LTO09_15deg.parquet,TC23LTO09_15deg.parquet,TC23LTO09,LTO,lithium-ion,15.0,,15.0,discharge,67,0.0151578598395343,1.030749677293174,0.6808717674164096,2.35191624988072,15.921708232044196
raw_CU_diffT/TC23LTO09/TC23LTO09_15deg.parquet,TC23LTO09_15deg.parquet,TC23LTO09,LTO,lithium-ion,15.0,,15.0,discharge,68,0.0151563820253887,1.0459060593185625,0.6908834636066665,2.35153475494967,15.937510690607736
raw_CU_diffT/TC23LTO09/TC23LTO09_15deg.parquet,TC23LTO09_15deg.parquet,TC23LTO09,LTO,lithium-ion,15.0,,15.0,discharge,69,0.0151601289710067,1.0610661882895691,0.7008976348784506,2.35134400748415,15.951909171270719
raw_CU_diffT/TC23LTO09/TC23LTO09_15deg.parquet,TC23LTO09_15deg.parquet,TC23LTO09,LTO,lithium-ion,15.0,,15.0,discharge,70,0.0151565780929986,1.0762227663825676,0.7109094605830824,2.35096251255311,15.957725055248618
raw_CU_diffT/TC23LTO09/TC23LTO09_15deg.parquet,TC23LTO09_15deg.parquet,TC23LTO09,LTO,lithium-ion,15.0,,15.0,discharge,71,0.0151562696831173,1.091379036065685,0.7209210825645548,2.35077176508759,15.957173508287294
raw_CU_diffT/TC23LTO09/TC23LTO09_15deg.parquet,TC23LTO09_15deg.parquet,TC23LTO09,LTO,lithium-ion,15.0,,15.0,discharge,72,0.0151605989669901,1.106539635032675,0.7309355642967764,2.35058101762207,15.95722541436464
raw_CU_diffT/TC23LTO09/TC23LTO09_15deg.parquet,TC23LTO09_15deg.parquet,TC23LTO09,LTO,lithium-ion,15.0,,15.0,discharge,73,0.0151605930911383,1.1217002281238133,0.7409500421476469,2.35058101762207,15.962127790055249
raw_CU_diffT/TC23LTO09/TC23LTO09_15deg.parquet,TC23LTO09_15deg.parquet,TC23LTO09,LTO,lithium-ion,15.0,,15.0,discharge,74,0.015157010600514,1.1368572387243274,0.7509621535493427,2.35039027015654,15.958344806629832
raw_CU_diffT/TC23LTO09/TC23LTO09_15deg.parquet,TC23LTO09_15deg.parquet,TC23LTO09,LTO,lithium-ion,15.0,,15.0,discharge,75,0.0151611481679286,1.152018386892256,0.7609769980616088,2.3500087752255,15.96290361878453
raw_CU_diffT/TC23LTO09/TC23LTO09_15deg.parquet,TC23LTO09_15deg.parquet,TC23LTO09,LTO,lithium-ion,15.0,,15.0,discharge,76,0.0151605591042643,1.1671789459965203,0.7709914534621176,2.34981802775998,15.963136132596688
raw_CU_diffT/TC23LTO09/TC23LTO09_15deg.parquet,TC23LTO09_15deg.parquet,TC23LTO09,LTO,lithium-ion,15.0,,15.0,discharge,77,0.0151611172369609,1.1823400632334813,0.781006277542631,2.34962728029446,15.963549392265193
raw_CU_diffT/TC23LTO09/TC23LTO09_15deg.parquet,TC23LTO09_15deg.parquet,TC23LTO09,LTO,lithium-ion,15.0,,15.0,discharge,78,0.0151596346678143,1.1974996979012955,0.7910201222976131,2.34943653282894,15.959957099447513
raw_CU_diffT/TC23LTO09/TC23LTO09_15deg.parquet,TC23LTO09_15deg.parquet,TC23LTO09,LTO,lithium-ion,15.0,,15.0,discharge,79,0.0151560848731566,1.2126557827744522,0.8010316222010607,2.34924578536342,15.965574171270717
raw_CU_diffT/TC23LTO09/TC23LTO09_15deg.parquet,TC23LTO09_15deg.parquet,TC23LTO09,LTO,lithium-ion,15.0,,15.0,discharge,80,0.0151581643693974,1.2278139471438496,0.8110444957360622,2.34905503789789,15.961515911602211
raw_CU_diffT/TC23LTO09/TC23LTO09_15deg.parquet,TC23LTO09_15deg.parquet,TC23LTO09,LTO,lithium-ion,15.0,,15.0,discharge,81,0.0151558302857564,1.242969777429606,0.8210558274693158,2.34867354296685,15.968865911602212
raw_CU_diffT/TC23LTO09/TC23LTO09_15deg.parquet,TC23LTO09_15deg.parquet,TC23LTO09,LTO,lithium-ion,15.0,,15.0,discharge,82,0.0151585104365494,1.2581282878661555,0.8310689296023548,2.34848279550133,15.964686408839778
raw_CU_diffT/TC23LTO09/TC23LTO09_15deg.parquet,TC23LTO09_15deg.parquet,TC23LTO09,LTO,lithium-ion,15.0,,15.0,discharge,83,0.0151588954345725,1.273287183300728,0.8410822860495984,2.34829204803581,15.967573397790057
raw_CU_diffT/TC23LTO09/TC23LTO09_15deg.parquet,TC23LTO09_15deg.parquet,TC23LTO09,LTO,lithium-ion,15.0,,15.0,discharge,84,0.0151584436205758,1.2884456269213038,0.8510953440466934,2.34791055310476,15.961085110497237
raw_CU_diffT/TC23LTO09/TC23LTO09_15deg.parquet,TC23LTO09_15deg.parquet,TC23LTO09,LTO,lithium-ion,15.0,,15.0,discharge,85,0.0151592168130916,1.3036048437343954,0.861108912783657,2.34752905817372,15.964764226519339
raw_CU_diffT/TC23LTO09/TC23LTO09_15deg.parquet,TC23LTO09_15deg.parquet,TC23LTO09,LTO,lithium-ion,15.0,,15.0,discharge,86,0.0151565329368392,1.3187613766712347,0.8711207086599467,2.34695681577716,15.96207599447514
raw_CU_diffT/TC23LTO09/TC23LTO09_15deg.parquet,TC23LTO09_15deg.parquet,TC23LTO09,LTO,lithium-ion,15.0,,15.0,discharge,87,0.0151589419110995,1.3339203185823343,0.8811340958077143,2.34657532084611,15.969046933701659
raw_CU_diffT/TC23LTO09/TC23LTO09_15deg.parquet,TC23LTO09_15deg.parquet,TC23LTO09,LTO,lithium-ion,15.0,,15.0,discharge,88,0.015156333717211,1.3490766522995452,0.8911457600875327,2.34600307844955,15.96981361878453
raw_CU_diffT/TC23LTO09/TC23LTO09_15deg.parquet,TC23LTO09_15deg.parquet,TC23LTO09,LTO,lithium-ion,15.0,,15.0,discharge,89,0.0151564369758034,1.3642330892753487,0.9011574925758229,2.34543083605298,15.968995165745854
raw_CU_diffT/TC23LTO09/TC23LTO09_15deg.parquet,TC23LTO09_15deg.parquet,TC23LTO09,LTO,lithium-ion,15.0,,15.0,discharge,90,0.0151609827344532,1.379394072009802,0.9111722278093909,2.34447709872538,15.9739235359116
raw_CU_diffT/TC23LTO09/TC23LTO09_15deg.parquet,TC23LTO09_15deg.parquet,TC23LTO09,LTO,lithium-ion,15.0,,15.0,discharge,91,0.0151573593435277,1.3945514313533296,0.9211845695766908,2.34352336139777,15.974768121546962
raw_CU_diffT/TC23LTO09/TC23LTO09_15deg.parquet,TC23LTO09_15deg.parquet,TC23LTO09,LTO,lithium-ion,15.0,,15.0,discharge,92,0.0151577350755737,1.4097091664289032,0.9311971595374636,2.34218812913912,15.975698729281769
raw_CU_diffT/TC23LTO09/TC23LTO09_15deg.parquet,TC23LTO09_15deg.parquet,TC23LTO09,LTO,lithium-ion,15.0,,15.0,discharge,93,0.0151566479359172,1.4248658143648205,0.9412090313775177,2.34008990701838,15.980670662983425
raw_CU_diffT/TC23LTO09/TC23LTO09_15deg.parquet,TC23LTO09_15deg.parquet,TC23LTO09,LTO,lithium-ion,15.0,,15.0,discharge,94,0.0151596898390023,1.4400255042038228,0.9512229125763669,2.33722869503556,15.982341906077346
raw_CU_diffT/TC23LTO09/TC23LTO09_15deg.parquet,TC23LTO09_15deg.parquet,TC23LTO09,LTO,lithium-ion,15.0,,15.0,discharge,95,0.0151569963037991,1.455182500507622,0.9612350145342281,2.33284150332856,15.987727237569063
raw_CU_diffT/TC23LTO09/TC23LTO09_15deg.parquet,TC23LTO09_15deg.parquet,TC23LTO09,LTO,lithium-ion,15.0,,15.0,discharge,96,0.015155767393283,1.470338267900905,0.9712463047232441,2.32502085724218,15.995008066298343
raw_CU_diffT/TC23LTO09/TC23LTO09_15deg.parquet,TC23LTO09_15deg.parquet,TC23LTO09,LTO,lithium-ion,15.0,,15.0,discharge,97,0.0151582706476442,1.4854965385485492,0.9812592484613796,2.30976106000045,16.024665883977903
raw_CU_diffT/TC23LTO09/TC23LTO09_15deg.parquet,TC23LTO09_15deg.parquet,TC23LTO09,LTO,lithium-ion,15.0,,15.0,discharge,98,0.0125324965497087,1.498029035098258,0.9895377114712818,2.283628657224,16.117930138121547
raw_CU_diffT/TC23LTO09/TC23LTO09_15deg.parquet,TC23LTO09_15deg.parquet,TC23LTO09,LTO,lithium-ion,15.0,,15.0,discharge,99,0.0050053674731795,1.5030344025714375,0.9928440558467485,2.26474465813737,16.02307185082873
raw_CU_diffT/TC23LTO09/TC23LTO09_15deg.parquet,TC23LTO09_15deg.parquet,TC23LTO09,LTO,lithium-ion,15.0,,15.0,discharge,100,0.0032435507386208,1.5062779533100583,0.9949866149692593,2.24452542679208,15.942766712707181
raw_CU_diffT/TC23LTO09/TC23LTO09_15deg.parquet,TC23LTO09_15deg.parquet,TC23LTO09,LTO,lithium-ion,15.0,,15.0,discharge,101,0.002466862548566,1.5087448158586243,0.996616125121352,2.21782078161907,15.885346464088398
raw_CU_diffT/TC23LTO09/TC23LTO09_15deg.parquet,TC23LTO09_15deg.parquet,TC23LTO09,LTO,lithium-ion,15.0,,15.0,discharge,102,0.0020144079937497,1.510759223852374,0.9979467619978086,2.17700082399745,15.845849668508288
raw_CU_diffT/TC23LTO09/TC23LTO09_15deg.parquet,TC23LTO09_15deg.parquet,TC23LTO09,LTO,lithium-ion,15.0,,15.0,discharge,103,0.001691594091722,1.5124508179440959,0.9990641609981231,2.11977658434099,15.819922044198895
raw_CU_diffT/TC23LTO09/TC23LTO09_15deg.parquet,TC23LTO09_15deg.parquet,TC23LTO09,LTO,lithium-ion,15.0,,15.0,discharge,104,0.0014167363009388,1.5138675542450346,1.0000000000000002,2.04843703223593,15.79519267955801
raw_CU_diffT/TC23LTO09/TC23LTO09_15deg.parquet,TC23LTO09_15deg.parquet,TC23LTO09,LTO,lithium-ion,15.0,,15.0,charge,0,0.0151560807956631,0.0151560807956631,0.010308468614190554,2.30937956506941,15.683928784530387
raw_CU_diffT/TC23LTO09/TC23LTO09_15deg.parquet,TC23LTO09_15deg.parquet,TC23LTO09,LTO,lithium-ion,15.0,,15.0,charge,1,0.0151551249531484,0.0303112057488115,0.020616287108294277,2.32902655401813,15.651668729281768
raw_CU_diffT/TC23LTO09/TC23LTO09_15deg.parquet,TC23LTO09_15deg.parquet,TC23LTO09,LTO,lithium-ion,15.0,,15.0,charge,2,0.0151558470831194,0.0454670528319309,0.030924596761968983,2.33799168489764,15.628843922651935
raw_CU_diffT/TC23LTO09/TC23LTO09_15deg.parquet,TC23LTO09_15deg.parquet,TC23LTO09,LTO,lithium-ion,15.0,,15.0,charge,3,0.015158664847882,0.060625717679812896,0.04123482292955049,2.34276037153568,15.615402430939229
raw_CU_diffT/TC23LTO09/TC23LTO09_15deg.parquet,TC23LTO09_15deg.parquet,TC23LTO09,LTO,lithium-ion,15.0,,15.0,charge,4,0.0151563944472167,0.0757821121270296,0.05154350487509231,2.34562158351851,15.603554806629834
raw_CU_diffT/TC23LTO09/TC23LTO09_15deg.parquet,TC23LTO09_15deg.parquet,TC23LTO09,LTO,lithium-ion,15.0,,15.0,charge,5,0.0151576995920415,0.09093981171907109,0.06185307452007601,2.34752905817372,15.60313182320442
raw_CU_diffT/TC23LTO09/TC23LTO09_15deg.parquet,TC23LTO09_15deg.parquet,TC23LTO09,LTO,lithium-ion,15.0,,15.0,charge,6,0.0151576971416387,0.10609750886070979,0.07216264249840851,2.34867354296685,15.600400552486185
raw_CU_diffT/TC23LTO09/TC23LTO09_15deg.parquet,TC23LTO09_15deg.parquet,TC23LTO09,LTO,lithium-ion,15.0,,15.0,charge,7,0.015157964469487,0.12125547333019679,0.08247239230083993,2.34943653282894,15.603683176795583
raw_CU_diffT/TC23LTO09/TC23LTO09_15deg.parquet,TC23LTO09_15deg.parquet,TC23LTO09,LTO,lithium-ion,15.0,,15.0,charge,8,0.0151556078161165,0.13641108114631328,0.09278053921611128,2.35039027015654,15.60430439226519
raw_CU_diffT/TC23LTO09/TC23LTO09_15deg.parquet,TC23LTO09_15deg.parquet,TC23LTO09,LTO,lithium-ion,15.0,,15.0,charge,9,0.0151544035834258,0.15156548472973908,0.10308786706772997,2.35096251255311,15.601469364640883
raw_CU_diffT/TC23LTO09/TC23LTO09_15deg.parquet,TC23LTO09_15deg.parquet,TC23LTO09,LTO,lithium-ion,15.0,,15.0,charge,10,0.0151548142710693,0.16672029900080837,0.11339547425018232,2.35134400748415,15.607915082872928
raw_CU_diffT/TC23LTO09/TC23LTO09_15deg.parquet,TC23LTO09_15deg.parquet,TC23LTO09,LTO,lithium-ion,15.0,,15.0,charge,11,0.0151541570191561,0.18187445601996446,0.12370263440013264,2.35172550241519,15.603322707182318
raw_CU_diffT/TC23LTO09/TC23LTO09_15deg.parquet,TC23LTO09_15deg.parquet,TC23LTO09,LTO,lithium-ion,15.0,,15.0,charge,12,0.0151543507064454,0.19702880672640988,0.1340099262872629,2.35210699734624,15.60760403314917
raw_CU_diffT/TC23LTO09/TC23LTO09_15deg.parquet,TC23LTO09_15deg.parquet,TC23LTO09,LTO,lithium-ion,15.0,,15.0,charge,13,0.0151564591205743,0.2121852658469842,0.14431865222064605,2.35229774481176,15.609732734806629
raw_CU_diffT/TC23LTO09/TC23LTO09_15deg.parquet,TC23LTO09_15deg.parquet,TC23LTO09,LTO,lithium-ion,15.0,,15.0,charge,14,0.0151579274644877,0.2273431933114719,0.15462837685398007,2.3526792397428,15.605329502762432
raw_CU_diffT/TC23LTO09/TC23LTO09_15deg.parquet,TC23LTO09_15deg.parquet,TC23LTO09,LTO,lithium-ion,15.0,,15.0,charge,15,0.0151579381949427,0.2425011315064146,0.16493810878567572,2.35286998720832,15.609300801104972
raw_CU_diffT/TC23LTO09/TC23LTO09_15deg.parquet,TC23LTO09_15deg.parquet,TC23LTO09,LTO,lithium-ion,15.0,,15.0,charge,16,0.015155242924415,0.2576563744308296,0.1752460075184055,2.35306073467385,15.603312707182322
raw_CU_diffT/TC23LTO09/TC23LTO09_15deg.parquet,TC23LTO09_15deg.parquet,TC23LTO09,LTO,lithium-ion,15.0,,15.0,charge,17,0.0151563872985618,0.2728127617293914,0.18555468460176125,2.35344222960489,15.611490607734806
raw_CU_diffT/TC23LTO09/TC23LTO09_15deg.parquet,TC23LTO09_15deg.parquet,TC23LTO09,LTO,lithium-ion,15.0,,15.0,charge,18,0.0151584086087218,0.2879711703381132,0.19586473648725913,2.35363297707041,15.609965165745857
raw_CU_diffT/TC23LTO09/TC23LTO09_15deg.parquet,TC23LTO09_15deg.parquet,TC23LTO09,LTO,lithium-ion,15.0,,15.0,charge,19,0.0151594168470203,0.3031305871851335,0.20617547413004453,2.35382372453593,15.60998226519337
raw_CU_diffT/TC23LTO09/TC23LTO09_15deg.parquet,TC23LTO09_15deg.parquet,TC23LTO09,LTO,lithium-ion,15.0,,15.0,charge,20,0.015155579449342,0.3182861666344755,0.2164836017515414,2.35401447200145,15.611577320441988
raw_CU_diffT/TC23LTO09/TC23LTO09_15deg.parquet,TC23LTO09_15deg.parquet,TC23LTO09,LTO,lithium-ion,15.0,,15.0,charge,21,0.0151559222998979,0.33344208893437344,0.2267919625642071,2.3543959669325,15.610877486187844
raw_CU_diffT/TC23LTO09/TC23LTO09_15deg.parquet,TC23LTO09_15deg.parquet,TC23LTO09,LTO,lithium-ion,15.0,,15.0,charge,22,0.0151559648443611,0.34859805377873454,0.23710035231365859,2.35458671439802,15.612231685082874
raw_CU_diffT/TC23LTO09/TC23LTO09_15deg.parquet,TC23LTO09_15deg.parquet,TC23LTO09,LTO,lithium-ion,15.0,,15.0,charge,23,0.015155796743624,0.36375385052235854,0.24740862772872532,2.35477746186354,15.612859337016573
raw_CU_diffT/TC23LTO09/TC23LTO09_15deg.parquet,TC23LTO09_15deg.parquet,TC23LTO09,LTO,lithium-ion,15.0,,15.0,charge,24,0.0151526901616461,0.37890654068400464,0.25771479018970794,2.35496820932906,15.60965497237569
raw_CU_diffT/TC23LTO09/TC23LTO09_15deg.parquet,TC23LTO09_15deg.parquet,TC23LTO09,LTO,lithium-ion,15.0,,15.0,charge,25,0.0151553175730102,0.39406185825701484,0.26802273969497653,2.35515895679458,15.613384944751383
raw_CU_diffT/TC23LTO09/TC23LTO09_15deg.parquet,TC23LTO09_15deg.parquet,TC23LTO09,LTO,lithium-ion,15.0,,15.0,charge,26,0.015155154400586,0.40921701265760085,0.27833057821787205,2.35554045172563,15.618548066298342
raw_CU_diffT/TC23LTO09/TC23LTO09_15deg.parquet,TC23LTO09_15deg.parquet,TC23LTO09,LTO,lithium-ion,15.0,,15.0,charge,27,0.0151584133115242,0.42437542596912503,0.2886406333019997,2.35592194665667,15.618797513812156
raw_CU_diffT/TC23LTO09/TC23LTO09_15deg.parquet,TC23LTO09_15deg.parquet,TC23LTO09,LTO,lithium-ion,15.0,,15.0,charge,28,0.0151565923613018,0.4395320183304268,0.2989494498595934,2.35649418905323,15.622442016574585
raw_CU_diffT/TC23LTO09/TC23LTO09_15deg.parquet,TC23LTO09_15deg.parquet,TC23LTO09,LTO,lithium-ion,15.0,,15.0,charge,29,0.0151583427095626,0.45469036103998944,0.30925945692351614,2.3570664314498,15.628207127071825
raw_CU_diffT/TC23LTO09/TC23LTO09_15deg.parquet,TC23LTO09_15deg.parquet,TC23LTO09,LTO,lithium-ion,15.0,,15.0,charge,30,0.015155867738789,0.46984622877877846,0.31956778062622665,2.35782942131188,15.632823535911605
raw_CU_diffT/TC23LTO09/TC23LTO09_15deg.parquet,TC23LTO09_15deg.parquet,TC23LTO09,LTO,lithium-ion,15.0,,15.0,charge,31,0.0151577425567548,0.48500397133553325,0.32987737949383095,2.35840166370845,15.634167845303867
raw_CU_diffT/TC23LTO09/TC23LTO09_15deg.parquet,TC23LTO09_15deg.parquet,TC23LTO09,LTO,lithium-ion,15.0,,15.0,charge,32,0.0151592273674515,0.5001631987029848,0.34018798826133423,2.35935540103606,15.637591850828729
raw_CU_diffT/TC23LTO09/TC23LTO09_15deg.parquet,TC23LTO09_15deg.parquet,TC23LTO09,LTO,lithium-ion,15.0,,15.0,charge,33,0.0151593422712546,0.5153225409742394,0.35049867518111605,2.36049988582919,15.64595464088398
raw_CU_diffT/TC23LTO09/TC23LTO09_15deg.parquet,TC23LTO09_15deg.parquet,TC23LTO09,LTO,lithium-ion,15.0,,15.0,charge,34,0.0151552172032406,0.53047775817748,0.36080655641948683,2.36183511808784,15.648342872928175
raw_CU_diffT/TC23LTO09/TC23LTO09_15deg.parquet,TC23LTO09_15deg.parquet,TC23LTO09,LTO,lithium-ion,15.0,,15.0,charge,35,0.0151557507618553,0.5456335089393353,0.37111480055987073,2.36336109781201,15.659924530386743
raw_CU_diffT/TC23LTO09/TC23LTO09_15deg.parquet,TC23LTO09_15deg.parquet,TC23LTO09,LTO,lithium-ion,15.0,,15.0,charge,36,0.0151589122010297,0.560792421140365,0.38142519496567917,2.3650778250017,15.669290441988949
raw_CU_diffT/TC23LTO09/TC23LTO09_15deg.parquet,TC23LTO09_15deg.parquet,TC23LTO09,LTO,lithium-ion,15.0,,15.0,charge,37,0.0151555009081396,0.5759479220485045,0.3917332691670649,2.36698529965692,15.673606602209942
raw_CU_diffT/TC23LTO09/TC23LTO09_15deg.parquet,TC23LTO09_15deg.parquet,TC23LTO09,LTO,lithium-ion,15.0,,15.0,charge,38,0.0151555218851507,0.5911034439336552,0.4020413576360482,2.36908352177766,15.673104889502762
raw_CU_diffT/TC23LTO09/TC23LTO09_15deg.parquet,TC23LTO09_15deg.parquet,TC23LTO09,LTO,lithium-ion,15.0,,15.0,charge,39,0.0151555461693926,0.6062589901030478,0.4123494626220552,2.37118174389839,15.67797312154696
raw_CU_diffT/TC23LTO09/TC23LTO09_15deg.parquet,TC23LTO09_15deg.parquet,TC23LTO09,LTO,lithium-ion,15.0,,15.0,charge,40,0.0151557217238312,0.621414711826879,0.4226576870121116,2.37385220841569,15.682052154696132
raw_CU_diffT/TC23LTO09/TC23LTO09_15deg.parquet,TC23LTO09_15deg.parquet,TC23LTO09,LTO,lithium-ion,15.0,,15.0,charge,41,0.015156442759436,0.636571154586315,0.4329664018174014,2.37633192546748,15.683360635359119
raw_CU_diffT/TC23LTO09/TC23LTO09_15deg.parquet,TC23LTO09_15deg.parquet,TC23LTO09,LTO,lithium-ion,15.0,,15.0,charge,42,0.0151568413512628,0.6517279959375778,0.44327538772650715,2.3791931374503,15.687314005524863
raw_CU_diffT/TC23LTO09/TC23LTO09_15deg.parquet,TC23LTO09_15deg.parquet,TC23LTO09,LTO,lithium-ion,15.0,,15.0,charge,43,0.0151570486243245,0.6668850445619023,0.45358451461320987,2.38205434943312,15.697068066298344
raw_CU_diffT/TC23LTO09/TC23LTO09_15deg.parquet,TC23LTO09_15deg.parquet,TC23LTO09,LTO,lithium-ion,15.0,,15.0,charge,44,0.0151559325244771,0.6820409770863795,0.46389288238016374,2.38510630888147,15.695406464088396
raw_CU_diffT/TC23LTO09/TC23LTO09_15deg.parquet,TC23LTO09_15deg.parquet,TC23LTO09,LTO,lithium-ion,15.0,,15.0,charge,45,0.0151562616113914,0.6971972386977708,0.47420147397689083,2.38815826832981,15.701549033149169
raw_CU_diffT/TC23LTO09/TC23LTO09_15deg.parquet,TC23LTO09_15deg.parquet,TC23LTO09,LTO,lithium-ion,15.0,,15.0,charge,46,0.0151573136800501,0.712354552377821,0.48451078114229923,2.39140097524368,15.710415386740333
raw_CU_diffT/TC23LTO09/TC23LTO09_15deg.parquet,TC23LTO09_15deg.parquet,TC23LTO09,LTO,lithium-ion,15.0,,15.0,charge,47,0.0151575506588141,0.727512103036635,0.4948202494897561,2.39445293469202,15.705625939226518
raw_CU_diffT/TC23LTO09/TC23LTO09_15deg.parquet,TC23LTO09_15deg.parquet,TC23LTO09,LTO,lithium-ion,15.0,,15.0,charge,48,0.0151540772649438,0.7426661803015788,0.5051273553945619,2.39788638907141,15.708234198895026
raw_CU_diffT/TC23LTO09/TC23LTO09_15deg.parquet,TC23LTO09_15deg.parquet,TC23LTO09,LTO,lithium-ion,15.0,,15.0,charge,49,0.0151572209105756,0.7578234012121544,0.5154365994624432,2.4013198434508,15.713603977900554
raw_CU_diffT/TC23LTO09/TC23LTO09_15deg.parquet,TC23LTO09_15deg.parquet,TC23LTO09,LTO,lithium-ion,15.0,,15.0,charge,50,0.0151570061941903,0.7729804074063447,0.5257456974901215,2.40475329783019,15.71884270718232
raw_CU_diffT/TC23LTO09/TC23LTO09_15deg.parquet,TC23LTO09_15deg.parquet,TC23LTO09,LTO,lithium-ion,15.0,,15.0,charge,51,0.015157595792343,0.7881380031986877,0.5360551965353275,2.4083774996751,15.722133950276245
raw_CU_diffT/TC23LTO09/TC23LTO09_15deg.parquet,TC23LTO09_15deg.parquet,TC23LTO09,LTO,lithium-ion,15.0,,15.0,charge,52,0.0151574169149479,0.8032954201136355,0.5463645739163621,2.41200170152,15.721909972375693
raw_CU_diffT/TC23LTO09/TC23LTO09_15deg.parquet,TC23LTO09_15deg.parquet,TC23LTO09,LTO,lithium-ion,15.0,,15.0,charge,53,0.0151569178865345,0.81845233800017,0.5566736118812371,2.41543515589939,15.730310220994475
raw_CU_diffT/TC23LTO09/TC23LTO09_15deg.parquet,TC23LTO09_15deg.parquet,TC23LTO09,LTO,lithium-ion,15.0,,15.0,charge,54,0.0151562313815597,0.8336085693817298,0.566982182917024,2.41925010520982,15.735790055248618
raw_CU_diffT/TC23LTO09/TC23LTO09_15deg.parquet,TC23LTO09_15deg.parquet,TC23LTO09,LTO,lithium-ion,15.0,,15.0,charge,55,0.0151566879152728,0.8487652572970026,0.577291064466031,2.42287430705473,15.737736685082869
raw_CU_diffT/TC23LTO09/TC23LTO09_15deg.parquet,TC23LTO09_15deg.parquet,TC23LTO09,LTO,lithium-ion,15.0,,15.0,charge,56,0.0151560694142469,0.8639213267112494,0.5875995253391061,2.42688000383069,15.740012237569061
raw_CU_diffT/TC23LTO09/TC23LTO09_15deg.parquet,TC23LTO09_15deg.parquet,TC23LTO09,LTO,lithium-ion,15.0,,15.0,charge,57,0.0151560571317143,0.8790773838429637,0.5979079778581677,2.43069495314112,15.743924281767955
raw_CU_diffT/TC23LTO09/TC23LTO09_15deg.parquet,TC23LTO09_15deg.parquet,TC23LTO09,LTO,lithium-ion,15.0,,15.0,charge,58,0.0151561058472221,0.8942334896901858,0.6082164635112757,2.43450990245155,15.742288370165745
raw_CU_diffT/TC23LTO09/TC23LTO09_15deg.parquet,TC23LTO09_15deg.parquet,TC23LTO09,LTO,lithium-ion,15.0,,15.0,charge,59,0.0151552702391805,0.9093887599293663,0.6185243808222518,2.43870634669302,15.747138093922652
raw_CU_diffT/TC23LTO09/TC23LTO09_15deg.parquet,TC23LTO09_15deg.parquet,TC23LTO09,LTO,lithium-ion,15.0,,15.0,charge,60,0.0151555219229829,0.9245442818523492,0.6288324693169668,2.44271204346897,15.743399723756903
raw_CU_diffT/TC23LTO09/TC23LTO09_15deg.parquet,TC23LTO09_15deg.parquet,TC23LTO09,LTO,lithium-ion,15.0,,15.0,charge,61,0.0151563567222143,0.9397006385745634,0.6391411256036983,2.44671774024493,15.746939419889502
raw_CU_diffT/TC23LTO09/TC23LTO09_15deg.parquet,TC23LTO09_15deg.parquet,TC23LTO09,LTO,lithium-ion,15.0,,15.0,charge,62,0.0151560722148096,0.9548567107893731,0.6494495883815872,2.4509141844864,15.750964254143648
raw_CU_diffT/TC23LTO09/TC23LTO09_15deg.parquet,TC23LTO09_15deg.parquet,TC23LTO09,LTO,lithium-ion,15.0,,15.0,charge,63,0.0151556164082439,0.970012327197617,0.6597577411408282,2.4553013761934,15.746904834254142
raw_CU_diffT/TC23LTO09/TC23LTO09_15deg.parquet,TC23LTO09_15deg.parquet,TC23LTO09,LTO,lithium-ion,15.0,,15.0,charge,64,0.015156581502787,0.985168908700404,0.6700665503129599,2.45949782043487,15.750783480662983
raw_CU_diffT/TC23LTO09/TC23LTO09_15deg.parquet,TC23LTO09_15deg.parquet,TC23LTO09,LTO,lithium-ion,15.0,,15.0,charge,65,0.0151565761113541,1.000325484811758,0.680375355818087,2.46407575960739,15.75933994475138
raw_CU_diffT/TC23LTO09/TC23LTO09_15deg.parquet,TC23LTO09_15deg.parquet,TC23LTO09,LTO,lithium-ion,15.0,,15.0,charge,66,0.0151558520367099,1.0154813368484679,0.690683668840966,2.46846295131438,15.765190359116023
raw_CU_diffT/TC23LTO09/TC23LTO09_15deg.parquet,TC23LTO09_15deg.parquet,TC23LTO09,LTO,lithium-ion,15.0,,15.0,charge,67,0.0151565334458354,1.0306378702943033,0.700992445326971,2.4730408904869,15.762777237569063
raw_CU_diffT/TC23LTO09/TC23LTO09_15deg.parquet,TC23LTO09_15deg.parquet,TC23LTO09,LTO,lithium-ion,15.0,,15.0,charge,68,0.0151555963259033,1.0457934666202067,0.7113005844271282,2.47761882965942,15.768136436464088
raw_CU_diffT/TC23LTO09/TC23LTO09_15deg.parquet,TC23LTO09_15deg.parquet,TC23LTO09,LTO,lithium-ion,15.0,,15.0,charge,69,0.0151553002631206,1.0609487668833273,0.7216085221590065,2.48238751629746,15.773694337016574
raw_CU_diffT/TC23LTO09/TC23LTO09_15deg.parquet,TC23LTO09_15deg.parquet,TC23LTO09,LTO,lithium-ion,15.0,,15.0,charge,70,0.0151551668834304,1.0761039337667577,0.7319163691721583,2.48639321307341,15.791970303867403
raw_CU_diffT/TC23LTO09/TC23LTO09_15deg.parquet,TC23LTO09_15deg.parquet,TC23LTO09,LTO,lithium-ion,15.0,,15.0,charge,71,0.0151556980373416,1.0912596318040992,0.7422245774517546,2.49039890984936,15.815175745856353
raw_CU_diffT/TC23LTO09/TC23LTO09_15deg.parquet,TC23LTO09_15deg.parquet,TC23LTO09,LTO,lithium-ion,15.0,,15.0,charge,72,0.0151554069122397,1.106415038716339,0.7525325877214554,2.49402311169427,15.838627928176798
raw_CU_diffT/TC23LTO09/TC23LTO09_15deg.parquet,TC23LTO09_15deg.parquet,TC23LTO09,LTO,lithium-ion,15.0,,15.0,charge,73,0.0151548372871239,1.121569876003463,0.7628402105583688,2.49764731353918,15.854465
raw_CU_diffT/TC23LTO09/TC23LTO09_15deg.parquet,TC23LTO09_15deg.parquet,TC23LTO09,LTO,lithium-ion,15.0,,15.0,charge,74,0.0151547940098135,1.1367246700132765,0.7731478039600475,2.50165301031513,15.85961770718232
raw_CU_diffT/TC23LTO09/TC23LTO09_15deg.parquet,TC23LTO09_15deg.parquet,TC23LTO09,LTO,lithium-ion,15.0,,15.0,charge,75,0.0151548076845007,1.1518794776977772,0.783455406662619,2.50604020202213,15.854524861878454
raw_CU_diffT/TC23LTO09/TC23LTO09_15deg.parquet,TC23LTO09_15deg.parquet,TC23LTO09,LTO,lithium-ion,15.0,,15.0,charge,76,0.0151551691665754,1.1670346468643527,0.793763255228661,2.51119038359121,15.847907237569059
raw_CU_diffT/TC23LTO09/TC23LTO09_15deg.parquet,TC23LTO09_15deg.parquet,TC23LTO09,LTO,lithium-ion,15.0,,15.0,charge,77,0.0151555319464996,1.1821901788108522,0.8040713505409106,2.51672206009134,15.844651132596688
raw_CU_diffT/TC23LTO09/TC23LTO09_15deg.parquet,TC23LTO09_15deg.parquet,TC23LTO09,LTO,lithium-ion,15.0,,15.0,charge,78,0.01515480750836,1.1973449863192123,0.8143789531236795,2.52282597898803,15.836474226519336
raw_CU_diffT/TC23LTO09/TC23LTO09_15deg.parquet,TC23LTO09_15deg.parquet,TC23LTO09,LTO,lithium-ion,15.0,,15.0,charge,79,0.0151555292242157,1.2125005155434279,0.8246870465843569,2.52950214028128,15.840740055248615
raw_CU_diffT/TC23LTO09/TC23LTO09_15deg.parquet,TC23LTO09_15deg.parquet,TC23LTO09,LTO,lithium-ion,15.0,,15.0,charge,80,0.0151559182154086,1.2276564337588365,0.834995404618941,2.53713203890214,15.828331325966849
raw_CU_diffT/TC23LTO09/TC23LTO09_15deg.parquet,TC23LTO09_15deg.parquet,TC23LTO09,LTO,lithium-ion,15.0,,15.0,charge,81,0.015156002851686,1.2428124366105224,0.8453038202192256,2.544761937523,15.824816298342544
raw_CU_diffT/TC23LTO09/TC23LTO09_15deg.parquet,TC23LTO09_15deg.parquet,TC23LTO09,LTO,lithium-ion,15.0,,15.0,charge,82,0.01515563014809,1.2579680667586124,0.8556119823236774,2.55296407854043,15.813064033149173
raw_CU_diffT/TC23LTO09/TC23LTO09_15deg.parquet,TC23LTO09_15deg.parquet,TC23LTO09,LTO,lithium-ion,15.0,,15.0,charge,83,0.0151559267277183,1.2731239934863308,0.8659203461479428,2.56078472462681,15.79919185082873
raw_CU_diffT/TC23LTO09/TC23LTO09_15deg.parquet,TC23LTO09_15deg.parquet,TC23LTO09,LTO,lithium-ion,15.0,,15.0,charge,84,0.0151583777858987,1.2882823712722296,0.8762303770691751,2.56784238085111,15.785266933701658
raw_CU_diffT/TC23LTO09/TC23LTO09_15deg.parquet,TC23LTO09_15deg.parquet,TC23LTO09,LTO,lithium-ion,15.0,,15.0,charge,85,0.015155410398018,1.3034377816702476,0.8865383897097417,2.57413704721332,15.785033563535913
raw_CU_diffT/TC23LTO09/TC23LTO09_15deg.parquet,TC23LTO09_15deg.parquet,TC23LTO09,LTO,lithium-ion,15.0,,15.0,charge,86,0.0151552061267589,1.3185929877970064,0.8968462634143993,2.58024096611001,15.784999088397788
raw_CU_diffT/TC23LTO09/TC23LTO09_15deg.parquet,TC23LTO09_15deg.parquet,TC23LTO09,LTO,lithium-ion,15.0,,15.0,charge,87,0.015155955656131,1.3337489434531373,0.9071546469144396,2.58615413754118,15.781931519337018
raw_CU_diffT/TC23LTO09/TC23LTO09_15deg.parquet,TC23LTO09_15deg.parquet,TC23LTO09,LTO,lithium-ion,15.0,,15.0,charge,88,0.0151598116236327,1.34890875507677,0.9174656530661075,2.59263955136891,15.785257541436465
raw_CU_diffT/TC23LTO09/TC23LTO09_15deg.parquet,TC23LTO09_15deg.parquet,TC23LTO09,LTO,lithium-ion,15.0,,15.0,charge,89,0.0151555302672525,1.3640642853440226,0.9277737472362108,2.59931571266217,15.77865541436464
raw_CU_diffT/TC23LTO09/TC23LTO09_15deg.parquet,TC23LTO09_15deg.parquet,TC23LTO09,LTO,lithium-ion,15.0,,15.0,charge,90,0.015155477688234,1.3792197630322567,0.9380818056444855,2.60618262142094,15.760545110497237
raw_CU_diffT/TC23LTO09/TC23LTO09_15deg.parquet,TC23LTO09_15deg.parquet,TC23LTO09,LTO,lithium-ion,15.0,,15.0,charge,91,0.0151560820523382,1.394375845084595,0.9483902751134086,2.61228654031763,15.734877624309393
raw_CU_diffT/TC23LTO09/TC23LTO09_15deg.parquet,TC23LTO09_15deg.parquet,TC23LTO09,LTO,lithium-ion,15.0,,15.0,charge,92,0.0141130204872998,1.4084888655718948,0.9579893021116277,2.61667373202463,15.719246574585636
raw_CU_diffT/TC23LTO09/TC23LTO09_15deg.parquet,TC23LTO09_15deg.parquet,TC23LTO09,LTO,lithium-ion,15.0,,15.0,charge,93,0.0112245330412392,1.419713398613134,0.965623712888698,2.61934419654193,15.705856491712705
raw_CU_diffT/TC23LTO09/TC23LTO09_15deg.parquet,TC23LTO09_15deg.parquet,TC23LTO09,LTO,lithium-ion,15.0,,15.0,charge,94,0.0092881550098243,1.4290015536229583,0.9719410884486058,2.62182391359371,15.702340911602212
raw_CU_diffT/TC23LTO09/TC23LTO09_15deg.parquet,TC23LTO09_15deg.parquet,TC23LTO09,LTO,lithium-ion,15.0,,15.0,charge,95,0.0078962751473426,1.436897828770301,0.9773117713858918,2.62468512557653,15.706675966850833
raw_CU_diffT/TC23LTO09/TC23LTO09_15deg.parquet,TC23LTO09_15deg.parquet,TC23LTO09,LTO,lithium-ion,15.0,,15.0,charge,96,0.0066779450948305,1.4435757738651314,0.9818538022938456,2.6279278324904,15.715023370165747
raw_CU_diffT/TC23LTO09/TC23LTO09_15deg.parquet,TC23LTO09_15deg.parquet,TC23LTO09,LTO,lithium-ion,15.0,,15.0,charge,97,0.0056893995820461,1.4492651734471775,0.9857234700407933,2.63078904447322,15.715973839779005
raw_CU_diffT/TC23LTO09/TC23LTO09_15deg.parquet,TC23LTO09_15deg.parquet,TC23LTO09,LTO,lithium-ion,15.0,,15.0,charge,98,0.0048020695167982,1.4540672429639758,0.9889896167158124,2.63365025645605,15.719263895027627
raw_CU_diffT/TC23LTO09/TC23LTO09_15deg.parquet,TC23LTO09_15deg.parquet,TC23LTO09,LTO,lithium-ion,15.0,,15.0,charge,99,0.0040489582730766,1.4581162012370523,0.9917435317840219,2.63651146843887,15.717705359116021
raw_CU_diffT/TC23LTO09/TC23LTO09_15deg.parquet,TC23LTO09_15deg.parquet,TC23LTO09,LTO,lithium-ion,15.0,,15.0,charge,100,0.0033443390412191,1.4614605402782714,0.9940181972800969,2.63880043802513,15.720480248618786
raw_CU_diffT/TC23LTO09/TC23LTO09_15deg.parquet,TC23LTO09_15deg.parquet,TC23LTO09,LTO,lithium-ion,15.0,,15.0,charge,101,0.0028049345804538,1.4642654748587252,0.9959259846874944,2.64128015507691,15.723572679558012
raw_CU_diffT/TC23LTO09/TC23LTO09_15deg.parquet,TC23LTO09_15deg.parquet,TC23LTO09,LTO,lithium-ion,15.0,,15.0,charge,102,0.0023290613201018,1.466594536178827,0.9975101050047775,2.64280613480108,15.722598867403315
raw_CU_diffT/TC23LTO09/TC23LTO09_15deg.parquet,TC23LTO09_15deg.parquet,TC23LTO09,LTO,lithium-ion,15.0,,15.0,charge,103,0.0019941654301682,1.4685887016089954,0.9988664445509665,2.6447136094563,15.723004005524862
raw_CU_diffT/TC23LTO09/TC23LTO09_15deg.parquet,TC23LTO09_15deg.parquet,TC23LTO09,LTO,lithium-ion,15.0,,15.0,charge,104,0.0016666159266635,1.4702553175356587,1.0000000000000002,2.64585809424943,15.722082403314918
raw_CU_diffT/TC23LTO09/TC23LTO09_25deg.parquet,TC23LTO09_25deg.parquet,TC23LTO09,LTO,lithium-ion,25.0,,25.0,discharge,0,0.0153061689366646,0.0153061689366646,0.010030300752614043,2.66493284080158,25.732136187845306
raw_CU_diffT/TC23LTO09/TC23LTO09_25deg.parquet,TC23LTO09_25deg.parquet,TC23LTO09,LTO,lithium-ion,25.0,,25.0,discharge,1,0.0153069605709759,0.030613129507640502,0.020061120271894082,2.64795631637016,25.750572209944746
raw_CU_diffT/TC23LTO09/TC23LTO09_25deg.parquet,TC23LTO09_25deg.parquet,TC23LTO09,LTO,lithium-ion,25.0,,25.0,discharge,2,0.0153027041540745,0.045915833661715005,0.030089150514391264,2.63441324631813,25.756586215469614
raw_CU_diffT/TC23LTO09/TC23LTO09_25deg.parquet,TC23LTO09_25deg.parquet,TC23LTO09,LTO,lithium-ion,25.0,,25.0,discharge,3,0.0153019570404748,0.06121779070218981,0.04011669116513414,2.6235406407834,25.75451977900552
raw_CU_diffT/TC23LTO09/TC23LTO09_25deg.parquet,TC23LTO09_25deg.parquet,TC23LTO09,LTO,lithium-ion,25.0,,25.0,discharge,4,0.0153032151542028,0.07652100585639261,0.05014505627163241,2.61533849976598,25.760755635359118
raw_CU_diffT/TC23LTO09/TC23LTO09_25deg.parquet,TC23LTO09_25deg.parquet,TC23LTO09,LTO,lithium-ion,25.0,,25.0,discharge,5,0.0153068050178957,0.09182781087428832,0.06017577385526913,2.60961607580033,25.778649806629836
raw_CU_diffT/TC23LTO09/TC23LTO09_25deg.parquet,TC23LTO09_25deg.parquet,TC23LTO09,LTO,lithium-ion,25.0,,25.0,discharge,6,0.0153029097943902,0.10713072066867851,0.07020393885612562,2.60503813662781,25.80066453038674
raw_CU_diffT/TC23LTO09/TC23LTO09_25deg.parquet,TC23LTO09_25deg.parquet,TC23LTO09,LTO,lithium-ion,25.0,,25.0,discharge,7,0.0153051526956525,0.12243587336433101,0.08023357365483372,2.59950646012769,25.8073641160221
raw_CU_diffT/TC23LTO09/TC23LTO09_25deg.parquet,TC23LTO09_25deg.parquet,TC23LTO09,LTO,lithium-ion,25.0,,25.0,discharge,8,0.0153040627809535,0.13773993614528451,0.090262494220459,2.59321179376548,25.793367209944748
raw_CU_diffT/TC23LTO09/TC23LTO09_25deg.parquet,TC23LTO09_25deg.parquet,TC23LTO09,LTO,lithium-ion,25.0,,25.0,discharge,9,0.0153042834700592,0.1530442196153437,0.10029155940608109,2.58672637993774,25.76402099447514
raw_CU_diffT/TC23LTO09/TC23LTO09_25deg.parquet,TC23LTO09_25deg.parquet,TC23LTO09,LTO,lithium-ion,25.0,,25.0,discharge,10,0.0153075110944414,0.1683517307097851,0.11032273968943954,2.58024096611001,25.740892707182322
raw_CU_diffT/TC23LTO09/TC23LTO09_25deg.parquet,TC23LTO09_25deg.parquet,TC23LTO09,LTO,lithium-ion,25.0,,25.0,discharge,11,0.0153059558808361,0.1836576865906212,0.12035290082422721,2.57451854214437,25.723359447513815
raw_CU_diffT/TC23LTO09/TC23LTO09_25deg.parquet,TC23LTO09_25deg.parquet,TC23LTO09,LTO,lithium-ion,25.0,,25.0,discharge,12,0.0153052361146487,0.1989629227052699,0.13038259028832047,2.56917761310976,25.713168149171274
raw_CU_diffT/TC23LTO09/TC23LTO09_25deg.parquet,TC23LTO09_25deg.parquet,TC23LTO09,LTO,lithium-ion,25.0,,25.0,discharge,13,0.0153035242778802,0.21426644698315012,0.1404111579669625,2.56402743154068,25.719057430939223
raw_CU_diffT/TC23LTO09/TC23LTO09_25deg.parquet,TC23LTO09_25deg.parquet,TC23LTO09,LTO,lithium-ion,25.0,,25.0,discharge,14,0.0153063282737462,0.22957277525689632,0.15044156313491758,2.55830500757503,25.713186519337018
raw_CU_diffT/TC23LTO09/TC23LTO09_25deg.parquet,TC23LTO09_25deg.parquet,TC23LTO09,LTO,lithium-ion,25.0,,25.0,discharge,15,0.0153053640696955,0.2448781393265918,0.16047133644935951,2.55201034121282,25.71849903314917
raw_CU_diffT/TC23LTO09/TC23LTO09_25deg.parquet,TC23LTO09_25deg.parquet,TC23LTO09,LTO,lithium-ion,25.0,,25.0,discharge,16,0.0153023808007027,0.2601805201272945,0.17049915479483777,2.54514343245405,25.71080511049724
raw_CU_diffT/TC23LTO09/TC23LTO09_25deg.parquet,TC23LTO09_25deg.parquet,TC23LTO09,LTO,lithium-ion,25.0,,25.0,discharge,17,0.0153016047725378,0.27548212489983226,0.18052646460052932,2.53789502876423,25.71007986187845
raw_CU_diffT/TC23LTO09/TC23LTO09_25deg.parquet,TC23LTO09_25deg.parquet,TC23LTO09,LTO,lithium-ion,25.0,,25.0,discharge,18,0.0153020385862458,0.29078416348607805,0.1905540586891123,2.53064662507441,25.69749906077348
raw_CU_diffT/TC23LTO09/TC23LTO09_25deg.parquet,TC23LTO09_25deg.parquet,TC23LTO09,LTO,lithium-ion,25.0,,25.0,discharge,19,0.0153064557373672,0.30609061922344527,0.2005845473853793,2.52339822138459,25.68752638121547
raw_CU_diffT/TC23LTO09/TC23LTO09_25deg.parquet,TC23LTO09_25deg.parquet,TC23LTO09,LTO,lithium-ion,25.0,,25.0,discharge,20,0.0153040317903858,0.3213946510138311,0.21061344764254494,2.51710355502238,25.66760698895028
raw_CU_diffT/TC23LTO09/TC23LTO09_25deg.parquet,TC23LTO09_25deg.parquet,TC23LTO09,LTO,lithium-ion,25.0,,25.0,discharge,21,0.0153028796861405,0.3366975306999716,0.22064159291313445,2.51157187852225,25.65097616022099
raw_CU_diffT/TC23LTO09/TC23LTO09_25deg.parquet,TC23LTO09_25deg.parquet,TC23LTO09,LTO,lithium-ion,25.0,,25.0,discharge,22,0.0153019421224348,0.3519994728224064,0.23066912378792176,2.50661244441869,25.64039301104972
raw_CU_diffT/TC23LTO09/TC23LTO09_25deg.parquet,TC23LTO09_25deg.parquet,TC23LTO09,LTO,lithium-ion,25.0,,25.0,discharge,23,0.0153025230569121,0.3673019958793185,0.24069703535545775,2.50203450524618,25.62700497237569
raw_CU_diffT/TC23LTO09/TC23LTO09_25deg.parquet,TC23LTO09_25deg.parquet,TC23LTO09,LTO,lithium-ion,25.0,,25.0,discharge,24,0.0153048168906329,0.3826068127699514,0.25072645009744526,2.49802880847022,25.623250801104973
raw_CU_diffT/TC23LTO09/TC23LTO09_25deg.parquet,TC23LTO09_25deg.parquet,TC23LTO09,LTO,lithium-ion,25.0,,25.0,discharge,25,0.0153064512755864,0.3979132640455378,0.26075693586985826,2.49383236422875,25.627121795580113
raw_CU_diffT/TC23LTO09/TC23LTO09_25deg.parquet,TC23LTO09_25deg.parquet,TC23LTO09,LTO,lithium-ion,25.0,,25.0,discharge,26,0.0153052363806117,0.4132185004261495,0.27078662550824,2.48925442505623,25.64989690607735
raw_CU_diffT/TC23LTO09/TC23LTO09_25deg.parquet,TC23LTO09_25deg.parquet,TC23LTO09,LTO,lithium-ion,25.0,,25.0,discharge,27,0.0153055890716223,0.42852408949777177,0.28081654626891783,2.48448573841819,25.67697878453038
raw_CU_diffT/TC23LTO09/TC23LTO09_25deg.parquet,TC23LTO09_25deg.parquet,TC23LTO09,LTO,lithium-ion,25.0,,25.0,discharge,28,0.0153040513335893,0.4438281408313611,0.2908454593329595,2.47952630431463,25.697042900552482
raw_CU_diffT/TC23LTO09/TC23LTO09_25deg.parquet,TC23LTO09_25deg.parquet,TC23LTO09,LTO,lithium-ion,25.0,,25.0,discharge,29,0.0153045010589206,0.4591326418902817,0.3008746671069543,2.47418537528003,25.714221353591157
raw_CU_diffT/TC23LTO09/TC23LTO09_25deg.parquet,TC23LTO09_25deg.parquet,TC23LTO09,LTO,lithium-ion,25.0,,25.0,discharge,30,0.0153037111318194,0.4744363530221011,0.3109033572330366,2.46941668864199,25.727240331491714
raw_CU_diffT/TC23LTO09/TC23LTO09_25deg.parquet,TC23LTO09_25deg.parquet,TC23LTO09,LTO,lithium-ion,25.0,,25.0,discharge,31,0.0153031111731395,0.48973946419524056,0.3209316541996011,2.46464800200395,25.72621157458563
raw_CU_diffT/TC23LTO09/TC23LTO09_25deg.parquet,TC23LTO09_25deg.parquet,TC23LTO09,LTO,lithium-ion,25.0,,25.0,discharge,32,0.0153030687370291,0.5050425329322696,0.330959923357316,2.45968856790039,25.729435911602206
raw_CU_diffT/TC23LTO09/TC23LTO09_25deg.parquet,TC23LTO09_25deg.parquet,TC23LTO09,LTO,lithium-ion,25.0,,25.0,discharge,33,0.0153043638854221,0.5203468968176918,0.34098904124000934,2.4553013761934,25.74194837016575
raw_CU_diffT/TC23LTO09/TC23LTO09_25deg.parquet,TC23LTO09_25deg.parquet,TC23LTO09,LTO,lithium-ion,25.0,,25.0,discharge,34,0.0153052662161114,0.5356521630338031,0.351018750429922,2.4509141844864,25.73842121546961
raw_CU_diffT/TC23LTO09/TC23LTO09_25deg.parquet,TC23LTO09_25deg.parquet,TC23LTO09,LTO,lithium-ion,25.0,,25.0,discharge,35,0.015305027463559,0.5509571904973621,0.3610483031626626,2.44671774024493,25.74167820441989
raw_CU_diffT/TC23LTO09/TC23LTO09_25deg.parquet,TC23LTO09_25deg.parquet,TC23LTO09,LTO,lithium-ion,25.0,,25.0,discharge,36,0.0153033503812695,0.5662605408786316,0.3710767568849441,2.44271204346897,25.742133011049724
raw_CU_diffT/TC23LTO09/TC23LTO09_25deg.parquet,TC23LTO09_25deg.parquet,TC23LTO09,LTO,lithium-ion,25.0,,25.0,discharge,37,0.0153026349739417,0.5815631758525733,0.38110474179293985,2.43870634669302,25.74366925414365
raw_CU_diffT/TC23LTO09/TC23LTO09_25deg.parquet,TC23LTO09_25deg.parquet,TC23LTO09,LTO,lithium-ion,25.0,,25.0,discharge,38,0.0153056173632956,0.5968687932158689,0.3911346810934622,2.43470064991707,25.742800994475136
raw_CU_diffT/TC23LTO09/TC23LTO09_25deg.parquet,TC23LTO09_25deg.parquet,TC23LTO09,LTO,lithium-ion,25.0,,25.0,discharge,39,0.0153049089547318,0.6121737021706007,0.4011641561660657,2.43088570060664,25.754070966850826
raw_CU_diffT/TC23LTO09/TC23LTO09_25deg.parquet,TC23LTO09_25deg.parquet,TC23LTO09,LTO,lithium-ion,25.0,,25.0,discharge,40,0.0153066825965683,0.627480384767169,0.4111947935256609,2.42688000383069,25.751633674033148
raw_CU_diffT/TC23LTO09/TC23LTO09_25deg.parquet,TC23LTO09_25deg.parquet,TC23LTO09,LTO,lithium-ion,25.0,,25.0,discharge,41,0.0153033519748301,0.6427837367419992,0.42122324829222024,2.42306505452025,25.75722093922652
raw_CU_diffT/TC23LTO09/TC23LTO09_25deg.parquet,TC23LTO09_25deg.parquet,TC23LTO09,LTO,lithium-ion,25.0,,25.0,discharge,42,0.0153032522203459,0.6580869889623451,0.4312516376885695,2.41925010520982,25.757750165745847
raw_CU_diffT/TC23LTO09/TC23LTO09_25deg.parquet,TC23LTO09_25deg.parquet,TC23LTO09,LTO,lithium-ion,25.0,,25.0,discharge,43,0.0153027765339474,0.6733897654962925,0.441279715362393,2.41562590336491,25.7618282320442
raw_CU_diffT/TC23LTO09/TC23LTO09_25deg.parquet,TC23LTO09_25deg.parquet,TC23LTO09,LTO,lithium-ion,25.0,,25.0,discharge,44,0.015303401147952,0.6886931666442445,0.45130820235263963,2.41181095405448,25.770627071823206
raw_CU_diffT/TC23LTO09/TC23LTO09_25deg.parquet,TC23LTO09_25deg.parquet,TC23LTO09,LTO,lithium-ion,25.0,,25.0,discharge,45,0.015306735422881,0.7039999020671255,0.4613388743298982,2.40818675220957,25.769184723756904
raw_CU_diffT/TC23LTO09/TC23LTO09_25deg.parquet,TC23LTO09_25deg.parquet,TC23LTO09,LTO,lithium-ion,25.0,,25.0,discharge,46,0.0153062956055772,0.7193061976727027,0.471369258090043,2.40456255036466,25.771242569060774
raw_CU_diffT/TC23LTO09/TC23LTO09_25deg.parquet,TC23LTO09_25deg.parquet,TC23LTO09,LTO,lithium-ion,25.0,,25.0,discharge,47,0.0153030691646528,0.7346092668373555,0.4813975275279844,2.40093834851975,25.771075000000003
raw_CU_diffT/TC23LTO09/TC23LTO09_25deg.parquet,TC23LTO09_25deg.parquet,TC23LTO09,LTO,lithium-ion,25.0,,25.0,discharge,48,0.015304798303603,0.7499140651409585,0.4914269300896869,2.39750489414037,25.776017900552485
raw_CU_diffT/TC23LTO09/TC23LTO09_25deg.parquet,TC23LTO09_25deg.parquet,TC23LTO09,LTO,lithium-ion,25.0,,25.0,discharge,49,0.015302775569508,0.7652168407104665,0.5014550071315027,2.39407143976098,25.783375828729284
raw_CU_diffT/TC23LTO09/TC23LTO09_25deg.parquet,TC23LTO09_25deg.parquet,TC23LTO09,LTO,lithium-ion,25.0,,25.0,discharge,50,0.0153035296133203,0.7805203703237867,0.5114835783065173,2.39063798538159,25.78078596685083
raw_CU_diffT/TC23LTO09/TC23LTO09_25deg.parquet,TC23LTO09_25deg.parquet,TC23LTO09,LTO,lithium-ion,25.0,,25.0,discharge,51,0.0153054008464799,0.7958257711702666,0.5215133757211903,2.38739527846773,25.783039198895025
raw_CU_diffT/TC23LTO09/TC23LTO09_25deg.parquet,TC23LTO09_25deg.parquet,TC23LTO09,LTO,lithium-ion,25.0,,25.0,discharge,52,0.015304737022451,0.8111305081927177,0.5315427381246802,2.38415257155386,25.79155016528925
raw_CU_diffT/TC23LTO09/TC23LTO09_25deg.parquet,TC23LTO09_25deg.parquet,TC23LTO09,LTO,lithium-ion,25.0,,25.0,discharge,53,0.0153024403069309,0.8264329484996487,0.541570595465244,2.38090986463999,25.791038093922655
raw_CU_diffT/TC23LTO09/TC23LTO09_25deg.parquet,TC23LTO09_25deg.parquet,TC23LTO09,LTO,lithium-ion,25.0,,25.0,discharge,54,0.0153049734633082,0.8417379219629568,0.5516001128110267,2.37766715772613,25.79321364640884
raw_CU_diffT/TC23LTO09/TC23LTO09_25deg.parquet,TC23LTO09_25deg.parquet,TC23LTO09,LTO,lithium-ion,25.0,,25.0,discharge,55,0.0153018653587862,0.857039787321743,0.5616275933817513,2.37461519827778,25.797897154696134
raw_CU_diffT/TC23LTO09/TC23LTO09_25deg.parquet,TC23LTO09_25deg.parquet,TC23LTO09,LTO,lithium-ion,25.0,,25.0,discharge,56,0.0153038302542306,0.8723436175759736,0.5716563615700591,2.37175398629496,25.805414944751384
raw_CU_diffT/TC23LTO09/TC23LTO09_25deg.parquet,TC23LTO09_25deg.parquet,TC23LTO09,LTO,lithium-ion,25.0,,25.0,discharge,57,0.0153030481307757,0.8876466657067492,0.5816846172242696,2.36889277431213,25.806451629834253
raw_CU_diffT/TC23LTO09/TC23LTO09_25deg.parquet,TC23LTO09_25deg.parquet,TC23LTO09,LTO,lithium-ion,25.0,,25.0,discharge,58,0.0153032866167596,0.9029499523235088,0.5917130291609668,2.36622230979483,25.811869585635357
raw_CU_diffT/TC23LTO09/TC23LTO09_25deg.parquet,TC23LTO09_25deg.parquet,TC23LTO09,LTO,lithium-ion,25.0,,25.0,discharge,59,0.0153033388679503,0.9182532911914592,0.6017414753384437,2.36355184527753,25.815370635359116
raw_CU_diffT/TC23LTO09/TC23LTO09_25deg.parquet,TC23LTO09_25deg.parquet,TC23LTO09,LTO,lithium-ion,25.0,,25.0,discharge,60,0.0153088846190147,0.9335621758104738,0.6117735557075531,2.36088138076023,25.812299806629838
raw_CU_diffT/TC23LTO09/TC23LTO09_25deg.parquet,TC23LTO09_25deg.parquet,TC23LTO09,LTO,lithium-ion,25.0,,25.0,discharge,61,0.015309399066898,0.9488715748773718,0.6218059732000153,2.35859241117397,25.82352143646409
raw_CU_diffT/TC23LTO09/TC23LTO09_25deg.parquet,TC23LTO09_25deg.parquet,TC23LTO09,LTO,lithium-ion,25.0,,25.0,discharge,62,0.0153059153686913,0.9641774902460631,0.6318361077867491,2.35649418905323,25.81940383977901
raw_CU_diffT/TC23LTO09/TC23LTO09_25deg.parquet,TC23LTO09_25deg.parquet,TC23LTO09,LTO,lithium-ion,25.0,,25.0,discharge,63,0.0153009311322191,0.9794784213782822,0.641862976148535,2.3543959669325,25.82394408839779
raw_CU_diffT/TC23LTO09/TC23LTO09_25deg.parquet,TC23LTO09_25deg.parquet,TC23LTO09,LTO,lithium-ion,25.0,,25.0,discharge,64,0.0153030730640057,0.9947814944422879,0.6518912481417652,2.35248849227728,25.830153259668513
raw_CU_diffT/TC23LTO09/TC23LTO09_25deg.parquet,TC23LTO09_25deg.parquet,TC23LTO09,LTO,lithium-ion,25.0,,25.0,discharge,65,0.0153021508879419,1.0100836453302298,0.6619189158228841,2.35077176508759,25.832313701657455
raw_CU_diffT/TC23LTO09/TC23LTO09_25deg.parquet,TC23LTO09_25deg.parquet,TC23LTO09,LTO,lithium-ion,25.0,,25.0,discharge,66,0.0153059171390154,1.025389562469245,0.6719490515697308,2.34924578536342,25.846269751381215
raw_CU_diffT/TC23LTO09/TC23LTO09_25deg.parquet,TC23LTO09_25deg.parquet,TC23LTO09,LTO,lithium-ion,25.0,,25.0,discharge,67,0.0153023902415955,1.0406919527108405,0.6819768761019298,2.34810130057029,25.853339723756907
raw_CU_diffT/TC23LTO09/TC23LTO09_25deg.parquet,TC23LTO09_25deg.parquet,TC23LTO09,LTO,lithium-ion,25.0,,25.0,discharge,68,0.0153019628532244,1.055993915564065,0.6920044205618314,2.34714756324268,25.864400773480657
raw_CU_diffT/TC23LTO09/TC23LTO09_25deg.parquet,TC23LTO09_25deg.parquet,TC23LTO09,LTO,lithium-ion,25.0,,25.0,discharge,69,0.0153064171682642,1.0713003327323292,0.7020348839833414,2.34676606831163,25.87685488950276
raw_CU_diffT/TC23LTO09/TC23LTO09_25deg.parquet,TC23LTO09_25deg.parquet,TC23LTO09,LTO,lithium-ion,25.0,,25.0,discharge,70,0.0153080002818362,1.0866083330141654,0.7120663848365768,2.34638457338059,25.888135939226522
raw_CU_diffT/TC23LTO09/TC23LTO09_25deg.parquet,TC23LTO09_25deg.parquet,TC23LTO09,LTO,lithium-ion,25.0,,25.0,discharge,71,0.0153057553158969,1.1019140883300622,0.7220964145389552,2.34600307844955,25.894953232044198
raw_CU_diffT/TC23LTO09/TC23LTO09_25deg.parquet,TC23LTO09_25deg.parquet,TC23LTO09,LTO,lithium-ion,25.0,,25.0,discharge,72,0.0153025380213836,1.1172166263514458,0.7321243359128738,2.34581233098403,25.902791712707185
raw_CU_diffT/TC23LTO09/TC23LTO09_25deg.parquet,TC23LTO09_25deg.parquet,TC23LTO09,LTO,lithium-ion,25.0,,25.0,discharge,73,0.0153038622506915,1.1325204886021374,0.7421531250688143,2.34562158351851,25.904766381215463
raw_CU_diffT/TC23LTO09/TC23LTO09_25deg.parquet,TC23LTO09_25deg.parquet,TC23LTO09,LTO,lithium-ion,25.0,,25.0,discharge,74,0.0153033751795324,1.1478238637816698,0.75218159504167,2.34562158351851,25.903432679558012
raw_CU_diffT/TC23LTO09/TC23LTO09_25deg.parquet,TC23LTO09_25deg.parquet,TC23LTO09,LTO,lithium-ion,25.0,,25.0,discharge,75,0.0153056325226887,1.1631294963043586,0.7622115442763093,2.34543083605298,25.909010331491714
raw_CU_diffT/TC23LTO09/TC23LTO09_25deg.parquet,TC23LTO09_25deg.parquet,TC23LTO09,LTO,lithium-ion,25.0,,25.0,discharge,76,0.0153049764627391,1.1784344727670977,0.7722410635876521,2.34524008858746,25.907601187845298
raw_CU_diffT/TC23LTO09/TC23LTO09_25deg.parquet,TC23LTO09_25deg.parquet,TC23LTO09,LTO,lithium-ion,25.0,,25.0,discharge,77,0.0153016757289403,1.193736148496038,0.7822684198918542,2.34504934112194,25.911701988950274
raw_CU_diffT/TC23LTO09/TC23LTO09_25deg.parquet,TC23LTO09_25deg.parquet,TC23LTO09,LTO,lithium-ion,25.0,,25.0,discharge,78,0.0153040214639155,1.2090401699599536,0.7922973133819703,2.34485859365642,25.910343259668505
raw_CU_diffT/TC23LTO09/TC23LTO09_25deg.parquet,TC23LTO09_25deg.parquet,TC23LTO09,LTO,lithium-ion,25.0,,25.0,discharge,79,0.0153029389580771,1.2243431089180306,0.8023254974941114,2.3446678461909,25.90837718232044
raw_CU_diffT/TC23LTO09/TC23LTO09_25deg.parquet,TC23LTO09_25deg.parquet,TC23LTO09,LTO,lithium-ion,25.0,,25.0,discharge,80,0.0153010046038517,1.2396441135218823,0.8123524140026658,2.34447709872538,25.910875
raw_CU_diffT/TC23LTO09/TC23LTO09_25deg.parquet,TC23LTO09_25deg.parquet,TC23LTO09,LTO,lithium-ion,25.0,,25.0,discharge,81,0.0153030484016365,1.2549471619235189,0.8223806698343744,2.34409560379433,25.914131657458565
raw_CU_diffT/TC23LTO09/TC23LTO09_25deg.parquet,TC23LTO09_25deg.parquet,TC23LTO09,LTO,lithium-ion,25.0,,25.0,discharge,82,0.0153054959454234,1.2702526578689421,0.8324105295684304,2.34390485632881,25.91183627071823
raw_CU_diffT/TC23LTO09/TC23LTO09_25deg.parquet,TC23LTO09_25deg.parquet,TC23LTO09,LTO,lithium-ion,25.0,,25.0,discharge,83,0.015305281700093,1.285557939569035,0.8424402489051663,2.34371410886329,25.910764806629835
raw_CU_diffT/TC23LTO09/TC23LTO09_25deg.parquet,TC23LTO09_25deg.parquet,TC23LTO09,LTO,lithium-ion,25.0,,25.0,discharge,84,0.0153032648848619,1.300861204453897,0.8524686466007122,2.34333261393225,25.914933425414368
raw_CU_diffT/TC23LTO09/TC23LTO09_25deg.parquet,TC23LTO09_25deg.parquet,TC23LTO09,LTO,lithium-ion,25.0,,25.0,discharge,85,0.0153044137159894,1.3161656181698864,0.8624977971379241,2.34314186646673,25.91978491712707
raw_CU_diffT/TC23LTO09/TC23LTO09_25deg.parquet,TC23LTO09_25deg.parquet,TC23LTO09,LTO,lithium-ion,25.0,,25.0,discharge,86,0.0153014241921455,1.3314670423620318,0.8725249886072995,2.34276037153568,25.915481602209947
raw_CU_diffT/TC23LTO09/TC23LTO09_25deg.parquet,TC23LTO09_25deg.parquet,TC23LTO09,LTO,lithium-ion,25.0,,25.0,discharge,87,0.0153057658678946,1.3467728082299264,0.8825550252245179,2.34237887660464,25.912224751381217
raw_CU_diffT/TC23LTO09/TC23LTO09_25deg.parquet,TC23LTO09_25deg.parquet,TC23LTO09,LTO,lithium-ion,25.0,,25.0,discharge,88,0.0153061980548462,1.3620790062847725,0.8925853450585964,2.34180663420807,25.913937569060774
raw_CU_diffT/TC23LTO09/TC23LTO09_25deg.parquet,TC23LTO09_25deg.parquet,TC23LTO09,LTO,lithium-ion,25.0,,25.0,discharge,89,0.0153019866159843,1.3773809929007568,0.9026129050904957,2.34123439181151,25.922796795580116
raw_CU_diffT/TC23LTO09/TC23LTO09_25deg.parquet,TC23LTO09_25deg.parquet,TC23LTO09,LTO,lithium-ion,25.0,,25.0,discharge,90,0.0153010640793924,1.3926820569801492,0.9126398605740257,2.34047140194942,25.919641132596688
raw_CU_diffT/TC23LTO09/TC23LTO09_25deg.parquet,TC23LTO09_25deg.parquet,TC23LTO09,LTO,lithium-ion,25.0,,25.0,discharge,91,0.0153057245920156,1.4079877815721649,0.922669870142707,2.33951766462182,25.915895469613258
raw_CU_diffT/TC23LTO09/TC23LTO09_25deg.parquet,TC23LTO09_25deg.parquet,TC23LTO09,LTO,lithium-ion,25.0,,25.0,discharge,92,0.0153053777447936,1.4232931593169584,0.932699652418591,2.33837317982869,25.917363535911605
raw_CU_diffT/TC23LTO09/TC23LTO09_25deg.parquet,TC23LTO09_25deg.parquet,TC23LTO09,LTO,lithium-ion,25.0,,25.0,discharge,93,0.0153009229338551,1.4385940822508136,0.942726515407899,2.33646570517347,25.919523453038675
raw_CU_diffT/TC23LTO09/TC23LTO09_25deg.parquet,TC23LTO09_25deg.parquet,TC23LTO09,LTO,lithium-ion,25.0,,25.0,discharge,94,0.0153007998192096,1.4538948820700233,0.9527532977188263,2.33379524065617,25.921320303867407
raw_CU_diffT/TC23LTO09/TC23LTO09_25deg.parquet,TC23LTO09_25deg.parquet,TC23LTO09,LTO,lithium-ion,25.0,,25.0,discharge,95,0.015302011870708,1.4691968939407312,0.9627808743004237,2.32902655401813,25.9235141160221
raw_CU_diffT/TC23LTO09/TC23LTO09_25deg.parquet,TC23LTO09_25deg.parquet,TC23LTO09,LTO,lithium-ion,25.0,,25.0,discharge,96,0.0153018656896168,1.484498759630348,0.9728083550879452,2.32025217060414,25.93021334254144
raw_CU_diffT/TC23LTO09/TC23LTO09_25deg.parquet,TC23LTO09_25deg.parquet,TC23LTO09,LTO,lithium-ion,25.0,,25.0,discharge,97,0.0153032022112631,1.4998019618416112,0.9828367117127929,2.30098667658646,25.942262513812157
raw_CU_diffT/TC23LTO09/TC23LTO09_25deg.parquet,TC23LTO09_25deg.parquet,TC23LTO09,LTO,lithium-ion,25.0,,25.0,discharge,98,0.0135866381278012,1.5133885999694123,0.991740185024938,2.25062934568877,26.026797237569056
raw_CU_diffT/TC23LTO09/TC23LTO09_25deg.parquet,TC23LTO09_25deg.parquet,TC23LTO09,LTO,lithium-ion,25.0,,25.0,discharge,99,0.003856292300569,1.5172448922699813,0.9942672557586238,2.21515031710176,25.919202679558015
raw_CU_diffT/TC23LTO09/TC23LTO09_25deg.parquet,TC23LTO09_25deg.parquet,TC23LTO09,LTO,lithium-ion,25.0,,25.0,discharge,100,0.0025249812538121,1.5197698735237934,0.9959219037293372,2.1756655917388,25.8385491160221
raw_CU_diffT/TC23LTO09/TC23LTO09_25deg.parquet,TC23LTO09_25deg.parquet,TC23LTO09,LTO,lithium-ion,25.0,,25.0,discharge,101,0.0019777240044754,1.5217475975282688,0.997217928009001,2.13217516959989,25.792236740331496
raw_CU_diffT/TC23LTO09/TC23LTO09_25deg.parquet,TC23LTO09_25deg.parquet,TC23LTO09,LTO,lithium-ion,25.0,,25.0,discharge,102,0.0016495163856657,1.5233971139139346,0.9982988742283362,2.08696802027128,25.762276104972372
raw_CU_diffT/TC23LTO09/TC23LTO09_25deg.parquet,TC23LTO09_25deg.parquet,TC23LTO09,LTO,lithium-ion,25.0,,25.0,discharge,103,0.0014019070926529,1.5247990210065876,0.9992175593561899,2.03718293177016,25.73781279005525
raw_CU_diffT/TC23LTO09/TC23LTO09_25deg.parquet,TC23LTO09_25deg.parquet,TC23LTO09,LTO,lithium-ion,25.0,,25.0,discharge,104,0.0011939989609928,1.5259930199675804,0.9999999999999999,1.98568111607934,25.728701878453034
raw_CU_diffT/TC23LTO09/TC23LTO09_25deg.parquet,TC23LTO09_25deg.parquet,TC23LTO09,LTO,lithium-ion,25.0,,25.0,charge,0,0.0153014117328376,0.0153014117328376,0.010262022866686314,2.29316603050008,25.635314530386736
raw_CU_diffT/TC23LTO09/TC23LTO09_25deg.parquet,TC23LTO09_25deg.parquet,TC23LTO09,LTO,lithium-ion,25.0,,25.0,charge,1,0.0153032647417371,0.0306046764745747,0.020525288469665906,2.31891693834549,25.575611160220994
raw_CU_diffT/TC23LTO09/TC23LTO09_25deg.parquet,TC23LTO09_25deg.parquet,TC23LTO09,LTO,lithium-ion,25.0,,25.0,charge,2,0.0153030260931904,0.0459077025677651,0.030788394020953142,2.32998029134574,25.550974751381215
raw_CU_diffT/TC23LTO09/TC23LTO09_25deg.parquet,TC23LTO09_25deg.parquet,TC23LTO09,LTO,lithium-ion,25.0,,25.0,charge,3,0.0153033991577785,0.0612111017255436,0.041051749771202455,2.33570271531138,25.53564309392265
raw_CU_diffT/TC23LTO09/TC23LTO09_25deg.parquet,TC23LTO09_25deg.parquet,TC23LTO09,LTO,lithium-ion,25.0,,25.0,charge,4,0.0153000693352233,0.07651117106076691,0.051312872347428345,2.33913616969077,25.533981077348063
raw_CU_diffT/TC23LTO09/TC23LTO09_25deg.parquet,TC23LTO09_25deg.parquet,TC23LTO09,LTO,lithium-ion,25.0,,25.0,charge,5,0.0153053842787844,0.09181655533955131,0.06157755943608691,2.34104364434599,25.527534530386742
raw_CU_diffT/TC23LTO09/TC23LTO09_25deg.parquet,TC23LTO09_25deg.parquet,TC23LTO09,LTO,lithium-ion,25.0,,25.0,charge,6,0.0153028683254018,0.10711942366495311,0.07184055917905512,2.34256962407016,25.530985662983426
raw_CU_diffT/TC23LTO09/TC23LTO09_25deg.parquet,TC23LTO09_25deg.parquet,TC23LTO09,LTO,lithium-ion,25.0,,25.0,charge,7,0.0152974063668189,0.122416830031772,0.08209989581270678,2.34371410886329,25.53181298342541
raw_CU_diffT/TC23LTO09/TC23LTO09_25deg.parquet,TC23LTO09_25deg.parquet,TC23LTO09,LTO,lithium-ion,25.0,,25.0,charge,8,0.0153035137862752,0.1377203438180472,0.09236332843953943,2.34447709872538,25.53442011049724
raw_CU_diffT/TC23LTO09/TC23LTO09_25deg.parquet,TC23LTO09_25deg.parquet,TC23LTO09,LTO,lithium-ion,25.0,,25.0,charge,9,0.0153026944581659,0.1530230382762131,0.10262621157695635,2.34504934112194,25.537010303867405
raw_CU_diffT/TC23LTO09/TC23LTO09_25deg.parquet,TC23LTO09_25deg.parquet,TC23LTO09,LTO,lithium-ion,25.0,,25.0,charge,10,0.0152977712918044,0.1683208095680175,0.11288579295067588,2.34562158351851,25.534074613259666
raw_CU_diffT/TC23LTO09/TC23LTO09_25deg.parquet,TC23LTO09_25deg.parquet,TC23LTO09,LTO,lithium-ion,25.0,,25.0,charge,11,0.0152984161134433,0.1836192256814608,0.12314580677955177,2.34600307844955,25.537196546961326
raw_CU_diffT/TC23LTO09/TC23LTO09_25deg.parquet,TC23LTO09_25deg.parquet,TC23LTO09,LTO,lithium-ion,25.0,,25.0,charge,12,0.015299915186114,0.1989191408675748,0.1334068259743569,2.34638457338059,25.531238812154697
raw_CU_diffT/TC23LTO09/TC23LTO09_25deg.parquet,TC23LTO09_25deg.parquet,TC23LTO09,LTO,lithium-ion,25.0,,25.0,charge,13,0.0152992593639889,0.21421840023156372,0.14366740533643538,2.34676606831163,25.53523837016575
raw_CU_diffT/TC23LTO09/TC23LTO09_25deg.parquet,TC23LTO09_25deg.parquet,TC23LTO09,LTO,lithium-ion,25.0,,25.0,charge,14,0.0153027949881486,0.22952119521971232,0.15393035589514642,2.34714756324268,25.532950690607738
raw_CU_diffT/TC23LTO09/TC23LTO09_25deg.parquet,TC23LTO09_25deg.parquet,TC23LTO09,LTO,lithium-ion,25.0,,25.0,charge,15,0.0152980755613875,0.24481927078109983,0.1641901413298686,2.3473383107082,25.533103922651936
raw_CU_diffT/TC23LTO09/TC23LTO09_25deg.parquet,TC23LTO09_25deg.parquet,TC23LTO09,LTO,lithium-ion,25.0,,25.0,charge,16,0.0152968187955505,0.26011608957665033,0.17444908390381533,2.34771980563924,25.53706196132597
raw_CU_diffT/TC23LTO09/TC23LTO09_25deg.parquet,TC23LTO09_25deg.parquet,TC23LTO09,LTO,lithium-ion,25.0,,25.0,charge,17,0.0152986493716697,0.27541473894832,0.1847092541693191,2.34791055310476,25.53760099447514
raw_CU_diffT/TC23LTO09/TC23LTO09_25deg.parquet,TC23LTO09_25deg.parquet,TC23LTO09,LTO,lithium-ion,25.0,,25.0,charge,18,0.0153002726300154,0.2907150115783354,0.19497051308693894,2.34810130057029,25.534521436464082
raw_CU_diffT/TC23LTO09/TC23LTO09_25deg.parquet,TC23LTO09_25deg.parquet,TC23LTO09,LTO,lithium-ion,25.0,,25.0,charge,19,0.0153014231089839,0.3060164346873193,0.20523254358313522,2.34829204803581,25.53630143646409
raw_CU_diffT/TC23LTO09/TC23LTO09_25deg.parquet,TC23LTO09_25deg.parquet,TC23LTO09,LTO,lithium-ion,25.0,,25.0,charge,20,0.015298318251842,0.32131475293916134,0.21549249178028984,2.34829204803581,25.536968093922656
raw_CU_diffT/TC23LTO09/TC23LTO09_25deg.parquet,TC23LTO09_25deg.parquet,TC23LTO09,LTO,lithium-ion,25.0,,25.0,charge,21,0.0152973963630251,0.3366121493021864,0.22575182170481148,2.34867354296685,25.53747392265193
raw_CU_diffT/TC23LTO09/TC23LTO09_25deg.parquet,TC23LTO09_25deg.parquet,TC23LTO09,LTO,lithium-ion,25.0,,25.0,charge,22,0.0152968859734784,0.3519090352756648,0.23601080933221108,2.34867354296685,25.539507872928176
raw_CU_diffT/TC23LTO09/TC23LTO09_25deg.parquet,TC23LTO09_25deg.parquet,TC23LTO09,LTO,lithium-ion,25.0,,25.0,charge,23,0.015303530055933,0.3672125653315978,0.24627425287042912,2.34886429043237,25.542512154696134
raw_CU_diffT/TC23LTO09/TC23LTO09_25deg.parquet,TC23LTO09_25deg.parquet,TC23LTO09,LTO,lithium-ion,25.0,,25.0,charge,24,0.0153055772296627,0.3825181425612605,0.2565390693632472,2.34905503789789,25.541448591160222
raw_CU_diffT/TC23LTO09/TC23LTO09_25deg.parquet,TC23LTO09_25deg.parquet,TC23LTO09,LTO,lithium-ion,25.0,,25.0,charge,25,0.0152962673634556,0.39781440992471606,0.2667976421145354,2.34924578536342,25.540554254143647
raw_CU_diffT/TC23LTO09/TC23LTO09_25deg.parquet,TC23LTO09_25deg.parquet,TC23LTO09,LTO,lithium-ion,25.0,,25.0,charge,26,0.0153053354886646,0.41311974541338065,0.2770622964816821,2.34962728029446,25.541068867403315
raw_CU_diffT/TC23LTO09/TC23LTO09_25deg.parquet,TC23LTO09_25deg.parquet,TC23LTO09,LTO,lithium-ion,25.0,,25.0,charge,27,0.0153042885762366,0.42842403398961726,0.28732624872804,2.3500087752255,25.547429889502762
raw_CU_diffT/TC23LTO09/TC23LTO09_25deg.parquet,TC23LTO09_25deg.parquet,TC23LTO09,LTO,lithium-ion,25.0,,25.0,charge,28,0.0153043393553816,0.44372837334499887,0.2975902350298666,2.35039027015654,25.551513176795577
raw_CU_diffT/TC23LTO09/TC23LTO09_25deg.parquet,TC23LTO09_25deg.parquet,TC23LTO09,LTO,lithium-ion,25.0,,25.0,charge,29,0.01530284431673,0.4590312176617289,0.3078532186712134,2.35077176508759,25.55694897790055
raw_CU_diffT/TC23LTO09/TC23LTO09_25deg.parquet,TC23LTO09_25deg.parquet,TC23LTO09,LTO,lithium-ion,25.0,,25.0,charge,30,0.0153022325422314,0.4743334502039603,0.3181157920207516,2.35134400748415,25.55859337016575
raw_CU_diffT/TC23LTO09/TC23LTO09_25deg.parquet,TC23LTO09_25deg.parquet,TC23LTO09,LTO,lithium-ion,25.0,,25.0,charge,31,0.0153048350979767,0.489638285301937,0.32838011079659657,2.35210699734624,25.564955359116027
raw_CU_diffT/TC23LTO09/TC23LTO09_25deg.parquet,TC23LTO09_25deg.parquet,TC23LTO09,LTO,lithium-ion,25.0,,25.0,charge,32,0.0153044334461221,0.5049427187480591,0.3386441602011843,2.35344222960489,25.576387872928173
raw_CU_diffT/TC23LTO09/TC23LTO09_25deg.parquet,TC23LTO09_25deg.parquet,TC23LTO09,LTO,lithium-ion,25.0,,25.0,charge,33,0.0153019784391795,0.5202446971872385,0.3489065631343338,2.35477746186354,25.58603196132597
raw_CU_diffT/TC23LTO09/TC23LTO09_25deg.parquet,TC23LTO09_25deg.parquet,TC23LTO09,LTO,lithium-ion,25.0,,25.0,charge,34,0.0153031821341876,0.5355478793214261,0.35916977333585265,2.35630344158771,25.596334834254137
raw_CU_diffT/TC23LTO09/TC23LTO09_25deg.parquet,TC23LTO09_25deg.parquet,TC23LTO09,LTO,lithium-ion,25.0,,25.0,charge,35,0.0153022355999694,0.5508501149213955,0.369432348736089,2.35821091624293,25.60772505524862
raw_CU_diffT/TC23LTO09/TC23LTO09_25deg.parquet,TC23LTO09_25deg.parquet,TC23LTO09,LTO,lithium-ion,25.0,,25.0,charge,36,0.0153011654177617,0.5661512803391572,0.37969420640945944,2.36049988582919,25.614567762430937
raw_CU_diffT/TC23LTO09/TC23LTO09_25deg.parquet,TC23LTO09_25deg.parquet,TC23LTO09,LTO,lithium-ion,25.0,,25.0,charge,37,0.0153000588161155,0.5814513391552727,0.38995532193095556,2.36278885541544,25.616837375690604
raw_CU_diffT/TC23LTO09/TC23LTO09_25deg.parquet,TC23LTO09_25deg.parquet,TC23LTO09,LTO,lithium-ion,25.0,,25.0,charge,38,0.0153007533358651,0.5967520924911378,0.40021690323807174,2.3650778250017,25.616483756906078
raw_CU_diffT/TC23LTO09/TC23LTO09_25deg.parquet,TC23LTO09_25deg.parquet,TC23LTO09,LTO,lithium-ion,25.0,,25.0,charge,39,0.0152992752121029,0.6120513677032408,0.4104774932288237,2.36774828951901,25.622819033149174
raw_CU_diffT/TC23LTO09/TC23LTO09_25deg.parquet,TC23LTO09_25deg.parquet,TC23LTO09,LTO,lithium-ion,25.0,,25.0,charge,40,0.0153034943570323,0.627354862060273,0.4207409128252681,2.37041875403631,25.633704475138124
raw_CU_diffT/TC23LTO09/TC23LTO09_25deg.parquet,TC23LTO09_25deg.parquet,TC23LTO09,LTO,lithium-ion,25.0,,25.0,charge,41,0.0153055490032461,0.6426604110635191,0.4310057103877981,2.37327996601913,25.63045488950276
raw_CU_diffT/TC23LTO09/TC23LTO09_25deg.parquet,TC23LTO09_25deg.parquet,TC23LTO09,LTO,lithium-ion,25.0,,25.0,charge,42,0.0153005487601715,0.6579609598236906,0.4412671544944728,2.37614117800195,25.638386740331494
raw_CU_diffT/TC23LTO09/TC23LTO09_25deg.parquet,TC23LTO09_25deg.parquet,TC23LTO09,LTO,lithium-ion,25.0,,25.0,charge,43,0.0152983754580735,0.6732593352817642,0.45152714105747666,2.3791931374503,25.638539640883977
raw_CU_diffT/TC23LTO09/TC23LTO09_25deg.parquet,TC23LTO09_25deg.parquet,TC23LTO09,LTO,lithium-ion,25.0,,25.0,charge,44,0.0153006361741403,0.6885599714559045,0.4617886437890784,2.38243584436416,25.64531397790055
raw_CU_diffT/TC23LTO09/TC23LTO09_25deg.parquet,TC23LTO09_25deg.parquet,TC23LTO09,LTO,lithium-ion,25.0,,25.0,charge,45,0.0153001381935852,0.7038601096494898,0.4720498125457546,2.38567855127803,25.643601546961325
raw_CU_diffT/TC23LTO09/TC23LTO09_25deg.parquet,TC23LTO09_25deg.parquet,TC23LTO09,LTO,lithium-ion,25.0,,25.0,charge,46,0.01530611537649,0.7191662250259797,0.48231498995135275,2.3889212581919,25.647330193370166
raw_CU_diffT/TC23LTO09/TC23LTO09_25deg.parquet,TC23LTO09_25deg.parquet,TC23LTO09,LTO,lithium-ion,25.0,,25.0,charge,47,0.0153003208059819,0.7344665458319616,0.49257628117859725,2.39235471257129,25.652241022099442
raw_CU_diffT/TC23LTO09/TC23LTO09_25deg.parquet,TC23LTO09_25deg.parquet,TC23LTO09,LTO,lithium-ion,25.0,,25.0,charge,48,0.0153009440054212,0.7497674898373827,0.5028379903598846,2.39559741948515,25.651060745856352
raw_CU_diffT/TC23LTO09/TC23LTO09_25deg.parquet,TC23LTO09_25deg.parquet,TC23LTO09,LTO,lithium-ion,25.0,,25.0,charge,49,0.0152988148966081,0.7650663047339908,0.5130982716361064,2.39941236879558,25.653093011049723
raw_CU_diffT/TC23LTO09/TC23LTO09_25deg.parquet,TC23LTO09_25deg.parquet,TC23LTO09,LTO,lithium-ion,25.0,,25.0,charge,50,0.0152998956765483,0.7803662004105392,0.5233592777466543,2.40284582317497,25.652224364640876
raw_CU_diffT/TC23LTO09/TC23LTO09_25deg.parquet,TC23LTO09_25deg.parquet,TC23LTO09,LTO,lithium-ion,25.0,,25.0,charge,51,0.0152978173163589,0.7956640177268981,0.5336188899871356,2.40647002501988,25.653589999999994
raw_CU_diffT/TC23LTO09/TC23LTO09_25deg.parquet,TC23LTO09_25deg.parquet,TC23LTO09,LTO,lithium-ion,25.0,,25.0,charge,52,0.0152983470156472,0.8109623647425453,0.5438788574749825,2.41009422686479,25.655876795580102
raw_CU_diffT/TC23LTO09/TC23LTO09_25deg.parquet,TC23LTO09_25deg.parquet,TC23LTO09,LTO,lithium-ion,25.0,,25.0,charge,53,0.0152987297536549,0.8262610944962002,0.5541390816493533,2.41390917617522,25.66814632596685
raw_CU_diffT/TC23LTO09/TC23LTO09_25deg.parquet,TC23LTO09_25deg.parquet,TC23LTO09,LTO,lithium-ion,25.0,,25.0,charge,54,0.0152975098790739,0.8415586043752741,0.5643984877043855,2.41772412548565,25.681096215469612
raw_CU_diffT/TC23LTO09/TC23LTO09_25deg.parquet,TC23LTO09_25deg.parquet,TC23LTO09,LTO,lithium-ion,25.0,,25.0,charge,55,0.0152964126099387,0.8568550169852128,0.574657157866472,2.42153907479608,25.674229364640883
raw_CU_diffT/TC23LTO09/TC23LTO09_25deg.parquet,TC23LTO09_25deg.parquet,TC23LTO09,LTO,lithium-ion,25.0,,25.0,charge,56,0.0152994356647541,0.8721544526499669,0.584917855466169,2.42516327664099,25.669960497237565
raw_CU_diffT/TC23LTO09/TC23LTO09_25deg.parquet,TC23LTO09_25deg.parquet,TC23LTO09,LTO,lithium-ion,25.0,,25.0,charge,57,0.0153044084689367,0.8874588611189036,0.5951818881195934,2.42916897341694,25.669073425414357
raw_CU_diffT/TC23LTO09/TC23LTO09_25deg.parquet,TC23LTO09_25deg.parquet,TC23LTO09,LTO,lithium-ion,25.0,,25.0,charge,58,0.015303191132656,0.9027620522515596,0.6054451043560121,2.4331746701929,25.669512762430934
raw_CU_diffT/TC23LTO09/TC23LTO09_25deg.parquet,TC23LTO09_25deg.parquet,TC23LTO09,LTO,lithium-ion,25.0,,25.0,charge,59,0.0153000572866861,0.9180621095382457,0.6157062188517833,2.43718036696885,25.672304309392263
raw_CU_diffT/TC23LTO09/TC23LTO09_25deg.parquet,TC23LTO09_25deg.parquet,TC23LTO09,LTO,lithium-ion,25.0,,25.0,charge,60,0.0152968029537237,0.9333589124919695,0.6259651508012732,2.4411860637448,25.678076077348067
raw_CU_diffT/TC23LTO09/TC23LTO09_25deg.parquet,TC23LTO09_25deg.parquet,TC23LTO09,LTO,lithium-ion,25.0,,25.0,charge,61,0.0152982904570034,0.9486572029489728,0.6362250803575812,2.44519176052075,25.694089972375696
raw_CU_diffT/TC23LTO09/TC23LTO09_25deg.parquet,TC23LTO09_25deg.parquet,TC23LTO09,LTO,lithium-ion,25.0,,25.0,charge,62,0.015296583623141,0.9639537865721138,0.6464838652111368,2.44938820476223,25.694539116022106
raw_CU_diffT/TC23LTO09/TC23LTO09_25deg.parquet,TC23LTO09_25deg.parquet,TC23LTO09,LTO,lithium-ion,25.0,,25.0,charge,63,0.0152992041893988,0.9792529907615126,0.6567444075699037,2.4535846490037,25.69539718232045
raw_CU_diffT/TC23LTO09/TC23LTO09_25deg.parquet,TC23LTO09_25deg.parquet,TC23LTO09,LTO,lithium-ion,25.0,,25.0,charge,64,0.0153004031970526,0.9945533939585652,0.6670057540534257,2.4579718407107,25.694562237569066
raw_CU_diffT/TC23LTO09/TC23LTO09_25deg.parquet,TC23LTO09_25deg.parquet,TC23LTO09,LTO,lithium-ion,25.0,,25.0,charge,65,0.0153011502831387,1.009854544241704,0.6772676015766316,2.46235903241769,25.69616618784531
raw_CU_diffT/TC23LTO09/TC23LTO09_25deg.parquet,TC23LTO09_25deg.parquet,TC23LTO09,LTO,lithium-ion,25.0,,25.0,charge,66,0.0152964145096675,1.0251509587513714,0.6875262730127873,2.46693697159021,25.70061301104972
raw_CU_diffT/TC23LTO09/TC23LTO09_25deg.parquet,TC23LTO09_25deg.parquet,TC23LTO09,LTO,lithium-ion,25.0,,25.0,charge,67,0.0153025384329685,1.04045349718434,0.6977890515105689,2.47151491076273,25.693214475138124
raw_CU_diffT/TC23LTO09/TC23LTO09_25deg.parquet,TC23LTO09_25deg.parquet,TC23LTO09,LTO,lithium-ion,25.0,,25.0,charge,68,0.0152972551655549,1.0557507523498948,0.7080482867397975,2.47647434486629,25.689576464088397
raw_CU_diffT/TC23LTO09/TC23LTO09_25deg.parquet,TC23LTO09_25deg.parquet,TC23LTO09,LTO,lithium-ion,25.0,,25.0,charge,69,0.0152972523593097,1.0710480047092046,0.7183075200869938,2.48143377896985,25.69999671270718
raw_CU_diffT/TC23LTO09/TC23LTO09_25deg.parquet,TC23LTO09_25deg.parquet,TC23LTO09,LTO,lithium-ion,25.0,,25.0,charge,70,0.0152997752932919,1.0863477800024965,0.7285684454614794,2.48620246560789,25.715781961325966
raw_CU_diffT/TC23LTO09/TC23LTO09_25deg.parquet,TC23LTO09_25deg.parquet,TC23LTO09,LTO,lithium-ion,25.0,,25.0,charge,71,0.0152993031588143,1.1016470831613108,0.7388290541949326,2.49116189971145,25.717984668508286
raw_CU_diffT/TC23LTO09/TC23LTO09_25deg.parquet,TC23LTO09_25deg.parquet,TC23LTO09,LTO,lithium-ion,25.0,,25.0,charge,72,0.015298459864065,1.1169455430253759,0.7490890973655379,2.49554909141844,25.75882400552486
raw_CU_diffT/TC23LTO09/TC23LTO09_25deg.parquet,TC23LTO09_25deg.parquet,TC23LTO09,LTO,lithium-ion,25.0,,25.0,charge,73,0.0153006872177401,1.132246230243116,0.7593506343299671,2.49993628312544,25.765369889502765
raw_CU_diffT/TC23LTO09/TC23LTO09_25deg.parquet,TC23LTO09_25deg.parquet,TC23LTO09,LTO,lithium-ion,25.0,,25.0,charge,74,0.0153008911160162,1.1475471213591322,0.7696123080405219,2.50394197990139,25.786507044198895
raw_CU_diffT/TC23LTO09/TC23LTO09_25deg.parquet,TC23LTO09_25deg.parquet,TC23LTO09,LTO,lithium-ion,25.0,,25.0,charge,75,0.0153022400415433,1.1628493614006754,0.7798748864195378,2.50813842414287,25.785747513812158
raw_CU_diffT/TC23LTO09/TC23LTO09_25deg.parquet,TC23LTO09_25deg.parquet,TC23LTO09,LTO,lithium-ion,25.0,,25.0,charge,76,0.0152980240011873,1.1781473854018627,0.79013463727497,2.51309785824643,25.793771464088397
raw_CU_diffT/TC23LTO09/TC23LTO09_25deg.parquet,TC23LTO09_25deg.parquet,TC23LTO09,LTO,lithium-ion,25.0,,25.0,charge,77,0.015299957298206,1.1934473427000687,0.8003956847126105,2.51843878728103,25.826492209944746
raw_CU_diffT/TC23LTO09/TC23LTO09_25deg.parquet,TC23LTO09_25deg.parquet,TC23LTO09,LTO,lithium-ion,25.0,,25.0,charge,78,0.0153025944200441,1.2087499371201127,0.8106585007586038,2.5243519587122,25.799635524861877
raw_CU_diffT/TC23LTO09/TC23LTO09_25deg.parquet,TC23LTO09_25deg.parquet,TC23LTO09,LTO,lithium-ion,25.0,,25.0,charge,79,0.0153014628113914,1.2240513999315041,0.8209205578815599,2.53102812000545,25.772036519337014
raw_CU_diffT/TC23LTO09/TC23LTO09_25deg.parquet,TC23LTO09_25deg.parquet,TC23LTO09,LTO,lithium-ion,25.0,,25.0,charge,80,0.0152976380335922,1.2393490379650964,0.8311800498845179,2.53808577622975,25.75883997237569
raw_CU_diffT/TC23LTO09/TC23LTO09_25deg.parquet,TC23LTO09_25deg.parquet,TC23LTO09,LTO,lithium-ion,25.0,,25.0,charge,81,0.015303748234192,1.2546527861992884,0.8414436397458545,2.54571567485061,25.745767569060764
raw_CU_diffT/TC23LTO09/TC23LTO09_25deg.parquet,TC23LTO09_25deg.parquet,TC23LTO09,LTO,lithium-ion,25.0,,25.0,charge,82,0.0152961175317574,1.2699489037310459,0.8517021120112306,2.55315482600595,25.757650359116024
raw_CU_diffT/TC23LTO09/TC23LTO09_25deg.parquet,TC23LTO09_25deg.parquet,TC23LTO09,LTO,lithium-ion,25.0,,25.0,charge,83,0.0152964642009278,1.2852453679319737,0.8619608167732559,2.56040322969577,25.73302850828729
raw_CU_diffT/TC23LTO09/TC23LTO09_25deg.parquet,TC23LTO09_25deg.parquet,TC23LTO09,LTO,lithium-ion,25.0,,25.0,charge,84,0.0153018910533499,1.3005472589853238,0.8722231611003503,2.56669789605798,25.754512099447513
raw_CU_diffT/TC23LTO09/TC23LTO09_25deg.parquet,TC23LTO09_25deg.parquet,TC23LTO09,LTO,lithium-ion,25.0,,25.0,charge,85,0.0153004295581594,1.315847688543483,0.8824845252631742,2.57242032002363,25.74526513812155
raw_CU_diffT/TC23LTO09/TC23LTO09_25deg.parquet,TC23LTO09_25deg.parquet,TC23LTO09,LTO,lithium-ion,25.0,,25.0,charge,86,0.0152967053806214,1.3311443939241046,0.8927433917744272,2.57795199652375,25.719251657458564
raw_CU_diffT/TC23LTO09/TC23LTO09_25deg.parquet,TC23LTO09_25deg.parquet,TC23LTO09,LTO,lithium-ion,25.0,,25.0,charge,87,0.0152966093920841,1.3464410033161887,0.9030021939101452,2.58348367302388,25.71228936464089
raw_CU_diffT/TC23LTO09/TC23LTO09_25deg.parquet,TC23LTO09_25deg.parquet,TC23LTO09,LTO,lithium-ion,25.0,,25.0,charge,88,0.0152988748531908,1.3617398781693795,0.9132625153967628,2.58939684445505,25.71794359116023
raw_CU_diffT/TC23LTO09/TC23LTO09_25deg.parquet,TC23LTO09_25deg.parquet,TC23LTO09,LTO,lithium-ion,25.0,,25.0,charge,89,0.0153027857570413,1.3770426639264208,0.9235254597645527,2.59550076335174,25.70170870165746
raw_CU_diffT/TC23LTO09/TC23LTO09_25deg.parquet,TC23LTO09_25deg.parquet,TC23LTO09,LTO,lithium-ion,25.0,,25.0,charge,90,0.0152996423217246,1.3923423062481455,0.9337862959605175,2.60198617717947,25.689686933701665
raw_CU_diffT/TC23LTO09/TC23LTO09_25deg.parquet,TC23LTO09_25deg.parquet,TC23LTO09,LTO,lithium-ion,25.0,,25.0,charge,91,0.0152962906116425,1.407638596859788,0.9440448843034014,2.60770860114512,25.695524281767955
raw_CU_diffT/TC23LTO09/TC23LTO09_25deg.parquet,TC23LTO09_25deg.parquet,TC23LTO09,LTO,lithium-ion,25.0,,25.0,charge,92,0.0153018011307733,1.4229403979905613,0.9543071683231492,2.61228654031763,25.663521988950272
raw_CU_diffT/TC23LTO09/TC23LTO09_25deg.parquet,TC23LTO09_25deg.parquet,TC23LTO09,LTO,lithium-ion,25.0,,25.0,charge,93,0.0153030499755645,1.4382434479661257,0.9645702898913552,2.61686447949015,25.63979544198895
raw_CU_diffT/TC23LTO09/TC23LTO09_25deg.parquet,TC23LTO09_25deg.parquet,TC23LTO09,LTO,lithium-ion,25.0,,25.0,charge,94,0.0128305501259007,1.4510739980920264,0.9731752082533384,2.62239615599028,25.672355524861878
raw_CU_diffT/TC23LTO09/TC23LTO09_25deg.parquet,TC23LTO09_25deg.parquet,TC23LTO09,LTO,lithium-ion,25.0,,25.0,charge,95,0.009670907386445,1.4607449054784714,0.9796610851432676,2.62773708502488,25.671647651933696
raw_CU_diffT/TC23LTO09/TC23LTO09_25deg.parquet,TC23LTO09_25deg.parquet,TC23LTO09,LTO,lithium-ion,25.0,,25.0,charge,96,0.0073147372953896,1.468059642773861,0.9845667763761884,2.6323150241974,25.66363049723757
raw_CU_diffT/TC23LTO09/TC23LTO09_25deg.parquet,TC23LTO09_25deg.parquet,TC23LTO09,LTO,lithium-ion,25.0,,25.0,charge,97,0.0057518248409872,1.4738114676148482,0.9884242869820047,2.63689296336991,25.678395966850825
raw_CU_diffT/TC23LTO09/TC23LTO09_25deg.parquet,TC23LTO09_25deg.parquet,TC23LTO09,LTO,lithium-ion,25.0,,25.0,charge,98,0.0043466708623529,1.4781581384772011,0.9913394190340166,2.6403264177493,25.667157569060777
raw_CU_diffT/TC23LTO09/TC23LTO09_25deg.parquet,TC23LTO09_25deg.parquet,TC23LTO09,LTO,lithium-ion,25.0,,25.0,charge,99,0.0035255975079681,1.4816837359851691,0.9937038912067283,2.64395061959421,25.68868201657459
raw_CU_diffT/TC23LTO09/TC23LTO09_25deg.parquet,TC23LTO09_25deg.parquet,TC23LTO09,LTO,lithium-ion,25.0,,25.0,charge,100,0.0026625387437384,1.4843462747289076,0.9954895456253364,2.64585809424943,25.70125290055249
raw_CU_diffT/TC23LTO09/TC23LTO09_25deg.parquet,TC23LTO09_25deg.parquet,TC23LTO09,LTO,lithium-ion,25.0,,25.0,charge,101,0.0023176279972772,1.4866639027261848,0.9970438826969603,2.64871930623225,25.680143093922656
raw_CU_diffT/TC23LTO09/TC23LTO09_25deg.parquet,TC23LTO09_25deg.parquet,TC23LTO09,LTO,lithium-ion,25.0,,25.0,charge,102,0.0017121862206422,1.488376088946827,0.9981921750542301,2.6500545384909,25.653573232044195
raw_CU_diffT/TC23LTO09/TC23LTO09_25deg.parquet,TC23LTO09_25deg.parquet,TC23LTO09,LTO,lithium-ion,25.0,,25.0,charge,103,0.0015387624669925,1.4899148514138194,0.9992241592853836,2.65234350807716,25.65700966850828
raw_CU_diffT/TC23LTO09/TC23LTO09_25deg.parquet,TC23LTO09_25deg.parquet,TC23LTO09,LTO,lithium-ion,25.0,,25.0,charge,104,0.0011568341220507,1.49107168553587,1.0000000000000002,2.65253425554268,25.654440745856352
raw_CU_diffT/TC23LTO09/TC23LTO09_35deg.parquet,TC23LTO09_35deg.parquet,TC23LTO09,LTO,lithium-ion,35.0,,35.0,discharge,0,0.0152941876620285,0.0152941876620285,0.010024237660455603,2.66455134587054,35.51051116022099
raw_CU_diffT/TC23LTO09/TC23LTO09_35deg.parquet,TC23LTO09_35deg.parquet,TC23LTO09,LTO,lithium-ion,35.0,,35.0,discharge,1,0.0152942714415735,0.030588459103602,0.020048530232364418,2.64757482143912,35.53503011049724
raw_CU_diffT/TC23LTO09/TC23LTO09_35deg.parquet,TC23LTO09_35deg.parquet,TC23LTO09,LTO,lithium-ion,35.0,,35.0,discharge,2,0.0152931749716714,0.0458816340752734,0.03007210414728215,2.63441324631813,35.53174906077348
raw_CU_diffT/TC23LTO09/TC23LTO09_35deg.parquet,TC23LTO09_35deg.parquet,TC23LTO09,LTO,lithium-ion,35.0,,35.0,discharge,3,0.0152933798219239,0.0611750138971973,0.040095812326775504,2.62392213571445,35.537429254143646
raw_CU_diffT/TC23LTO09/TC23LTO09_35deg.parquet,TC23LTO09_35deg.parquet,TC23LTO09,LTO,lithium-ion,35.0,,35.0,discharge,4,0.0152937100344364,0.0764687239316337,0.05011973693677023,2.6155292472315,35.5386741160221
raw_CU_diffT/TC23LTO09/TC23LTO09_35deg.parquet,TC23LTO09_35deg.parquet,TC23LTO09,LTO,lithium-ion,35.0,,35.0,discharge,5,0.0152946104769043,0.091763334408538,0.06014425172190188,2.60866233847272,35.54885113259669
raw_CU_diffT/TC23LTO09/TC23LTO09_35deg.parquet,TC23LTO09_35deg.parquet,TC23LTO09,LTO,lithium-ion,35.0,,35.0,discharge,6,0.0152932750360156,0.1070566094445536,0.07016789122178495,2.6031306619726,35.566969530386736
raw_CU_diffT/TC23LTO09/TC23LTO09_35deg.parquet,TC23LTO09_35deg.parquet,TC23LTO09,LTO,lithium-ion,35.0,,35.0,discharge,7,0.015294650618015,0.1223512600625686,0.08019243231652144,2.5987434702656,35.592868287292816
raw_CU_diffT/TC23LTO09/TC23LTO09_35deg.parquet,TC23LTO09_35deg.parquet,TC23LTO09,LTO,lithium-ion,35.0,,35.0,discharge,8,0.0152943164089842,0.13764557647155282,0.09021675436132688,2.593402541231,35.59598497237569
raw_CU_diffT/TC23LTO09/TC23LTO09_35deg.parquet,TC23LTO09_35deg.parquet,TC23LTO09,LTO,lithium-ion,35.0,,35.0,discharge,9,0.015294347836212,0.15293992430776482,0.10024109700441497,2.58748936979983,35.58170096685083
raw_CU_diffT/TC23LTO09/TC23LTO09_35deg.parquet,TC23LTO09_35deg.parquet,TC23LTO09,LTO,lithium-ion,35.0,,35.0,discharge,10,0.0152939924750978,0.16823391678286262,0.1102652067339059,2.58138545090314,35.55533842541437
raw_CU_diffT/TC23LTO09/TC23LTO09_35deg.parquet,TC23LTO09_35deg.parquet,TC23LTO09,LTO,lithium-ion,35.0,,35.0,discharge,11,0.0152933847692491,0.18352730155211172,0.12028891815601434,2.57566302693749,35.53593723756906
raw_CU_diffT/TC23LTO09/TC23LTO09_35deg.parquet,TC23LTO09_35deg.parquet,TC23LTO09,LTO,lithium-ion,35.0,,35.0,discharge,12,0.0152935242990641,0.19882082585117583,0.1303127210298597,2.57032209790289,35.52289837016574
raw_CU_diffT/TC23LTO09/TC23LTO09_35deg.parquet,TC23LTO09_35deg.parquet,TC23LTO09,LTO,lithium-ion,35.0,,35.0,discharge,13,0.0152938604993577,0.21411468635053355,0.14033674425876533,2.56517191633381,35.516604198895024
raw_CU_diffT/TC23LTO09/TC23LTO09_35deg.parquet,TC23LTO09_35deg.parquet,TC23LTO09,LTO,lithium-ion,35.0,,35.0,discharge,14,0.0152939836850021,0.22940867003553564,0.1503608482269821,2.55944949236816,35.512457872928174
raw_CU_diffT/TC23LTO09/TC23LTO09_35deg.parquet,TC23LTO09_35deg.parquet,TC23LTO09,LTO,lithium-ion,35.0,,35.0,discharge,15,0.0152938109655198,0.24470248100105543,0.16038483899002723,2.55315482600595,35.510694834254146
raw_CU_diffT/TC23LTO09/TC23LTO09_35deg.parquet,TC23LTO09_35deg.parquet,TC23LTO09,LTO,lithium-ion,35.0,,35.0,discharge,16,0.0152941984185528,0.25999667941960825,0.17040908370060923,2.54628791724718,35.503115524861876
raw_CU_diffT/TC23LTO09/TC23LTO09_35deg.parquet,TC23LTO09_35deg.parquet,TC23LTO09,LTO,lithium-ion,35.0,,35.0,discharge,17,0.015293965737807,0.27529064515741525,0.18043317590573316,2.53923026102288,35.49694754143646
raw_CU_diffT/TC23LTO09/TC23LTO09_35deg.parquet,TC23LTO09_35deg.parquet,TC23LTO09,LTO,lithium-ion,35.0,,35.0,discharge,18,0.0152936044363886,0.29058424959380386,0.1904570313038187,2.53217260479858,35.483715082872926
raw_CU_diffT/TC23LTO09/TC23LTO09_35deg.parquet,TC23LTO09_35deg.parquet,TC23LTO09,LTO,lithium-ion,35.0,,35.0,discharge,19,0.0152943369170611,0.30587858651086497,0.20048136679019038,2.52549644350533,35.46955743093923
raw_CU_diffT/TC23LTO09/TC23LTO09_35deg.parquet,TC23LTO09_35deg.parquet,TC23LTO09,LTO,lithium-ion,35.0,,35.0,discharge,20,0.0152934305339574,0.32117201704482234,0.21050510820776652,2.51939252460864,35.454928314917126
raw_CU_diffT/TC23LTO09/TC23LTO09_35deg.parquet,TC23LTO09_35deg.parquet,TC23LTO09,LTO,lithium-ion,35.0,,35.0,discharge,21,0.0152940077317083,0.33646602477653065,0.220529227936866,2.51405159557403,35.42784085635359
raw_CU_diffT/TC23LTO09/TC23LTO09_35deg.parquet,TC23LTO09_35deg.parquet,TC23LTO09,LTO,lithium-ion,35.0,,35.0,discharge,22,0.0152936037619753,0.35175962853850595,0.23055308289292223,2.50947365640152,35.41045469613259
raw_CU_diffT/TC23LTO09/TC23LTO09_35deg.parquet,TC23LTO09_35deg.parquet,TC23LTO09,LTO,lithium-ion,35.0,,35.0,discharge,23,0.0152938587680594,0.36705348730656534,0.24057710498708662,2.504895717229,35.4098393922652
raw_CU_diffT/TC23LTO09/TC23LTO09_35deg.parquet,TC23LTO09_35deg.parquet,TC23LTO09,LTO,lithium-ion,35.0,,35.0,discharge,24,0.0152940395697238,0.38234752687628915,0.2506012455837105,2.50031777805648,35.4215705801105
raw_CU_diffT/TC23LTO09/TC23LTO09_35deg.parquet,TC23LTO09_35deg.parquet,TC23LTO09,LTO,lithium-ion,35.0,,35.0,discharge,25,0.0152935405340846,0.39764106741037375,0.2606250590984416,2.49535834395292,35.45354726519338
raw_CU_diffT/TC23LTO09/TC23LTO09_35deg.parquet,TC23LTO09_35deg.parquet,TC23LTO09,LTO,lithium-ion,35.0,,35.0,discharge,26,0.0152939709346161,0.41293503834498985,0.2706491547096993,2.49001741491832,35.47861732044199
raw_CU_diffT/TC23LTO09/TC23LTO09_35deg.parquet,TC23LTO09_35deg.parquet,TC23LTO09,LTO,lithium-ion,35.0,,35.0,discharge,27,0.0152934018570009,0.42822844020199075,0.28067287733159746,2.48486723334924,35.49765483425414
raw_CU_diffT/TC23LTO09/TC23LTO09_35deg.parquet,TC23LTO09_35deg.parquet,TC23LTO09,LTO,lithium-ion,35.0,,35.0,discharge,28,0.0152938682808829,0.44352230848287366,0.290696905660732,2.47952630431463,35.51545698895028
raw_CU_diffT/TC23LTO09/TC23LTO09_35deg.parquet,TC23LTO09_35deg.parquet,TC23LTO09,LTO,lithium-ion,35.0,,35.0,discharge,29,0.0152942858190199,0.4588165943018936,0.3007212076560207,2.47418537528003,35.52226276243094
raw_CU_diffT/TC23LTO09/TC23LTO09_35deg.parquet,TC23LTO09_35deg.parquet,TC23LTO09,LTO,lithium-ion,35.0,,35.0,discharge,30,0.015293822687025,0.4741104169889186,0.3107452061016676,2.46922594117647,35.52757966850829
raw_CU_diffT/TC23LTO09/TC23LTO09_35deg.parquet,TC23LTO09_35deg.parquet,TC23LTO09,LTO,lithium-ion,35.0,,35.0,discharge,31,0.0152938608852975,0.4894042778742161,0.320769229583529,2.46426650707291,35.52832361878453
raw_CU_diffT/TC23LTO09/TC23LTO09_35deg.parquet,TC23LTO09_35deg.parquet,TC23LTO09,LTO,lithium-ion,35.0,,35.0,discharge,32,0.0152939573609851,0.5046982352352012,0.33079331629824993,2.45949782043487,35.52960483425414
raw_CU_diffT/TC23LTO09/TC23LTO09_35deg.parquet,TC23LTO09_35deg.parquet,TC23LTO09,LTO,lithium-ion,35.0,,35.0,discharge,33,0.0152934483547046,0.5199916835899058,0.3408170693960414,2.45511062872788,35.53310378453039
raw_CU_diffT/TC23LTO09/TC23LTO09_35deg.parquet,TC23LTO09_35deg.parquet,TC23LTO09,LTO,lithium-ion,35.0,,35.0,discharge,34,0.0152936416013359,0.5352853251912417,0.35084094915307124,2.45053268955536,35.53317627071823
raw_CU_diffT/TC23LTO09/TC23LTO09_35deg.parquet,TC23LTO09_35deg.parquet,TC23LTO09,LTO,lithium-ion,35.0,,35.0,discharge,35,0.0152940375001483,0.5505793626913901,0.3608650883932375,2.44633624531388,35.53263129834254
raw_CU_diffT/TC23LTO09/TC23LTO09_35deg.parquet,TC23LTO09_35deg.parquet,TC23LTO09,LTO,lithium-ion,35.0,,35.0,discharge,36,0.0152947702238926,0.5658741329152827,0.370889707881006,2.44213980107241,35.53871944751381
raw_CU_diffT/TC23LTO09/TC23LTO09_35deg.parquet,TC23LTO09_35deg.parquet,TC23LTO09,LTO,lithium-ion,35.0,,35.0,discharge,37,0.0152938034345436,0.5811679363498262,0.380913693708039,2.43813410429646,35.543326878453044
raw_CU_diffT/TC23LTO09/TC23LTO09_35deg.parquet,TC23LTO09_35deg.parquet,TC23LTO09,LTO,lithium-ion,35.0,,35.0,discharge,38,0.0152942824913269,0.5964622188411531,0.39093799352226477,2.4341284075205,35.54262759668508
raw_CU_diffT/TC23LTO09/TC23LTO09_35deg.parquet,TC23LTO09_35deg.parquet,TC23LTO09,LTO,lithium-ion,35.0,,35.0,discharge,39,0.0152940921735078,0.6117563110146609,0.4009621685968775,2.43012271074455,35.54417085635359
raw_CU_diffT/TC23LTO09/TC23LTO09_35deg.parquet,TC23LTO09_35deg.parquet,TC23LTO09,LTO,lithium-ion,35.0,,35.0,discharge,40,0.0152939841356511,0.627050295150312,0.4109862728604622,2.4261170139686,35.54591593922652
raw_CU_diffT/TC23LTO09/TC23LTO09_35deg.parquet,TC23LTO09_35deg.parquet,TC23LTO09,LTO,lithium-ion,35.0,,35.0,discharge,41,0.0152940281371584,0.6423443232874704,0.4210104059638634,2.42230206465817,35.54713422651934
raw_CU_diffT/TC23LTO09/TC23LTO09_35deg.parquet,TC23LTO09_35deg.parquet,TC23LTO09,LTO,lithium-ion,35.0,,35.0,discharge,42,0.0152939433750352,0.6576382666625056,0.4310344835118023,2.41848711534774,35.55127682320442
raw_CU_diffT/TC23LTO09/TC23LTO09_35deg.parquet,TC23LTO09_35deg.parquet,TC23LTO09,LTO,lithium-ion,35.0,,35.0,discharge,43,0.0152938990538282,0.6729321657163337,0.4410585320103845,2.41467216603731,35.5583373480663
raw_CU_diffT/TC23LTO09/TC23LTO09_35deg.parquet,TC23LTO09_35deg.parquet,TC23LTO09,LTO,lithium-ion,35.0,,35.0,discharge,44,0.0152938145517724,0.6882259802681061,0.45108252512395963,2.41085721672688,35.55817389502762
raw_CU_diffT/TC23LTO09/TC23LTO09_35deg.parquet,TC23LTO09_35deg.parquet,TC23LTO09,LTO,lithium-ion,35.0,,35.0,discharge,45,0.0152935737697252,0.7035195540378313,0.46110636042225767,2.40704226741644,35.56028190607735
raw_CU_diffT/TC23LTO09/TC23LTO09_35deg.parquet,TC23LTO09_35deg.parquet,TC23LTO09,LTO,lithium-ion,35.0,,35.0,discharge,46,0.0152941016526746,0.7188136556905059,0.4711305417097811,2.40322731810601,35.56307190607735
raw_CU_diffT/TC23LTO09/TC23LTO09_35deg.parquet,TC23LTO09_35deg.parquet,TC23LTO09,LTO,lithium-ion,35.0,,35.0,discharge,47,0.0152936365120843,0.7341072922025902,0.4811544181311732,2.39979386372663,35.56956892265193
raw_CU_diffT/TC23LTO09/TC23LTO09_35deg.parquet,TC23LTO09_35deg.parquet,TC23LTO09,LTO,lithium-ion,35.0,,35.0,discharge,48,0.0152932106187513,0.7494005028213415,0.4911780154101825,2.39597891441619,35.569433314917134
raw_CU_diffT/TC23LTO09/TC23LTO09_35deg.parquet,TC23LTO09_35deg.parquet,TC23LTO09,LTO,lithium-ion,35.0,,35.0,discharge,49,0.015294208348638,0.7646947111699796,0.5012022666292196,2.39235471257129,35.57131403314917
raw_CU_diffT/TC23LTO09/TC23LTO09_35deg.parquet,TC23LTO09_35deg.parquet,TC23LTO09,LTO,lithium-ion,35.0,,35.0,discharge,50,0.0152935402879026,0.7799882514578822,0.5112260799825962,2.3889212581919,35.57535660220994
raw_CU_diffT/TC23LTO09/TC23LTO09_35deg.parquet,TC23LTO09_35deg.parquet,TC23LTO09,LTO,lithium-ion,35.0,,35.0,discharge,51,0.015293479895919,0.7952817313538012,0.5212498537533804,2.38548780381251,35.57941046961326
raw_CU_diffT/TC23LTO09/TC23LTO09_35deg.parquet,TC23LTO09_35deg.parquet,TC23LTO09,LTO,lithium-ion,35.0,,35.0,discharge,52,0.0152934721587552,0.8105752035125564,0.5312736224530114,2.38224509689864,35.58526281767955
raw_CU_diffT/TC23LTO09/TC23LTO09_35deg.parquet,TC23LTO09_35deg.parquet,TC23LTO09,LTO,lithium-ion,35.0,,35.0,discharge,53,0.0152937807546834,0.8258689842672398,0.5412975934150307,2.37881164251925,35.584836187845305
raw_CU_diffT/TC23LTO09/TC23LTO09_35deg.parquet,TC23LTO09_35deg.parquet,TC23LTO09,LTO,lithium-ion,35.0,,35.0,discharge,54,0.0152935113727094,0.8411624956399492,0.5513213878165821,2.37556893560539,35.59108712707182
raw_CU_diffT/TC23LTO09/TC23LTO09_35deg.parquet,TC23LTO09_35deg.parquet,TC23LTO09,LTO,lithium-ion,35.0,,35.0,discharge,55,0.0152936992533329,0.8564561948932821,0.5613453053603407,2.37232622869152,35.59730187845304
raw_CU_diffT/TC23LTO09/TC23LTO09_35deg.parquet,TC23LTO09_35deg.parquet,TC23LTO09,LTO,lithium-ion,35.0,,35.0,discharge,56,0.0152937430575753,0.8717499379508573,0.5713692516146227,2.36927426924318,35.60366359116022
raw_CU_diffT/TC23LTO09/TC23LTO09_35deg.parquet,TC23LTO09_35deg.parquet,TC23LTO09,LTO,lithium-ion,35.0,,35.0,discharge,57,0.0152941195102742,0.8870440574611315,0.5813934446065154,2.36641305726035,35.60398135359116
raw_CU_diffT/TC23LTO09/TC23LTO09_35deg.parquet,TC23LTO09_35deg.parquet,TC23LTO09,LTO,lithium-ion,35.0,,35.0,discharge,58,0.0152937054203482,0.9023377628814797,0.591417366192308,2.36355184527753,35.60724395027624
raw_CU_diffT/TC23LTO09/TC23LTO09_35deg.parquet,TC23LTO09_35deg.parquet,TC23LTO09,LTO,lithium-ion,35.0,,35.0,discharge,59,0.0152940310752099,0.9176317939566896,0.6014415012213902,2.36069063329471,35.6082347237569
raw_CU_diffT/TC23LTO09/TC23LTO09_35deg.parquet,TC23LTO09_35deg.parquet,TC23LTO09,LTO,lithium-ion,35.0,,35.0,discharge,60,0.0152938950037786,0.9329256889604682,0.6114655470654567,2.35821091624293,35.60970566298342
raw_CU_diffT/TC23LTO09/TC23LTO09_35deg.parquet,TC23LTO09_35deg.parquet,TC23LTO09,LTO,lithium-ion,35.0,,35.0,discharge,61,0.0152935090443802,0.9482191980048484,0.6214893399409563,2.35554045172563,35.61160544198896
raw_CU_diffT/TC23LTO09/TC23LTO09_35deg.parquet,TC23LTO09_35deg.parquet,TC23LTO09,LTO,lithium-ion,35.0,,35.0,discharge,62,0.0152940121994047,0.9635132102042532,0.6315134625983089,2.35325148213937,35.616557762430936
raw_CU_diffT/TC23LTO09/TC23LTO09_35deg.parquet,TC23LTO09_35deg.parquet,TC23LTO09,LTO,lithium-ion,35.0,,35.0,discharge,63,0.01529405612679,0.9788072663310432,0.6415376140468962,2.35115326001863,35.618875165745855
raw_CU_diffT/TC23LTO09/TC23LTO09_35deg.parquet,TC23LTO09_35deg.parquet,TC23LTO09,LTO,lithium-ion,35.0,,35.0,discharge,64,0.0152942596666669,0.9941015259977101,0.6515618989012024,2.34905503789789,35.62420914364641
raw_CU_diffT/TC23LTO09/TC23LTO09_35deg.parquet,TC23LTO09_35deg.parquet,TC23LTO09,LTO,lithium-ion,35.0,,35.0,discharge,65,0.0152941683917025,1.0093956943894127,0.6615861239313483,2.34714756324268,35.6285255801105
raw_CU_diffT/TC23LTO09/TC23LTO09_35deg.parquet,TC23LTO09_35deg.parquet,TC23LTO09,LTO,lithium-ion,35.0,,35.0,discharge,66,0.0152937837610565,1.0246894781504692,0.6716100968638286,2.34562158351851,35.638412099447514
raw_CU_diffT/TC23LTO09/TC23LTO09_35deg.parquet,TC23LTO09_35deg.parquet,TC23LTO09,LTO,lithium-ion,35.0,,35.0,discharge,67,0.0152939569327687,1.039983435083238,0.6816341832978846,2.34409560379433,35.634921906077345
raw_CU_diffT/TC23LTO09/TC23LTO09_35deg.parquet,TC23LTO09_35deg.parquet,TC23LTO09,LTO,lithium-ion,35.0,,35.0,discharge,68,0.0152942324769208,1.0552776675601587,0.6916584503312719,2.34276037153568,35.640202099447514
raw_CU_diffT/TC23LTO09/TC23LTO09_35deg.parquet,TC23LTO09_35deg.parquet,TC23LTO09,LTO,lithium-ion,35.0,,35.0,discharge,69,0.0152944218081638,1.0705720893683226,0.7016828414576429,2.34180663420807,35.65448665745856
raw_CU_diffT/TC23LTO09/TC23LTO09_35deg.parquet,TC23LTO09_35deg.parquet,TC23LTO09,LTO,lithium-ion,35.0,,35.0,discharge,70,0.0152939522465243,1.085866041614847,0.7117069248202034,2.34123439181151,35.666381629834255
raw_CU_diffT/TC23LTO09/TC23LTO09_35deg.parquet,TC23LTO09_35deg.parquet,TC23LTO09,LTO,lithium-ion,35.0,,35.0,discharge,71,0.0152939636300396,1.1011600052448864,0.7217310156438377,2.34085289688047,35.68220209944751
raw_CU_diffT/TC23LTO09/TC23LTO09_35deg.parquet,TC23LTO09_35deg.parquet,TC23LTO09,LTO,lithium-ion,35.0,,35.0,discharge,72,0.0152932697256012,1.1164532749704876,0.7317546516631269,2.34066214941494,35.69113408839779
raw_CU_diffT/TC23LTO09/TC23LTO09_35deg.parquet,TC23LTO09_35deg.parquet,TC23LTO09,LTO,lithium-ion,35.0,,35.0,discharge,73,0.0152935927198354,1.131746867690323,0.7417784993818562,2.34047140194942,35.69506961325967
raw_CU_diffT/TC23LTO09/TC23LTO09_35deg.parquet,TC23LTO09_35deg.parquet,TC23LTO09,LTO,lithium-ion,35.0,,35.0,discharge,74,0.0152938813627067,1.1470407490530297,0.7518025362851833,2.3402806544839,35.697113591160225
raw_CU_diffT/TC23LTO09/TC23LTO09_35deg.parquet,TC23LTO09_35deg.parquet,TC23LTO09,LTO,lithium-ion,35.0,,35.0,discharge,75,0.0152939108487385,1.162334659901768,0.7618265925144792,2.34008990701838,35.697241160221
raw_CU_diffT/TC23LTO09/TC23LTO09_35deg.parquet,TC23LTO09_35deg.parquet,TC23LTO09,LTO,lithium-ion,35.0,,35.0,discharge,76,0.015293841477224,1.177628501378992,0.7718506032757471,2.33989915955286,35.69855850828729
raw_CU_diffT/TC23LTO09/TC23LTO09_35deg.parquet,TC23LTO09_35deg.parquet,TC23LTO09,LTO,lithium-ion,35.0,,35.0,discharge,77,0.015293246147242,1.192921747526234,0.7818742238411213,2.33970841208734,35.702056961325965
raw_CU_diffT/TC23LTO09/TC23LTO09_35deg.parquet,TC23LTO09_35deg.parquet,TC23LTO09,LTO,lithium-ion,35.0,,35.0,discharge,78,0.0152938510665172,1.2082155985927512,0.7918982408874798,2.33951766462182,35.700129972375684
raw_CU_diffT/TC23LTO09/TC23LTO09_35deg.parquet,TC23LTO09_35deg.parquet,TC23LTO09,LTO,lithium-ion,35.0,,35.0,discharge,79,0.0152934611809545,1.2235090597737057,0.8019220023919537,2.33951766462182,35.69876740331492
raw_CU_diffT/TC23LTO09/TC23LTO09_35deg.parquet,TC23LTO09_35deg.parquet,TC23LTO09,LTO,lithium-ion,35.0,,35.0,discharge,80,0.015293360942795,1.2388024207165007,0.8119456981975388,2.33913616969077,35.70085715469613
raw_CU_diffT/TC23LTO09/TC23LTO09_35deg.parquet,TC23LTO09_35deg.parquet,TC23LTO09,LTO,lithium-ion,35.0,,35.0,discharge,81,0.0152939585517741,1.2540963792682749,0.8219697856927362,2.33894542222525,35.699121961325964
raw_CU_diffT/TC23LTO09/TC23LTO09_35deg.parquet,TC23LTO09_35deg.parquet,TC23LTO09,LTO,lithium-ion,35.0,,35.0,discharge,82,0.0152935636073182,1.269389942875593,0.8319936143303088,2.33875467475973,35.69695889502762
raw_CU_diffT/TC23LTO09/TC23LTO09_35deg.parquet,TC23LTO09_35deg.parquet,TC23LTO09,LTO,lithium-ion,35.0,,35.0,discharge,83,0.0152939613838732,1.2846839042594662,0.842017703681743,2.33837317982869,35.69907660220994
raw_CU_diffT/TC23LTO09/TC23LTO09_35deg.parquet,TC23LTO09_35deg.parquet,TC23LTO09,LTO,lithium-ion,35.0,,35.0,discharge,84,0.0152935975478061,1.2999775018072723,0.8520415545648592,2.33818243236317,35.70244743093923
raw_CU_diffT/TC23LTO09/TC23LTO09_35deg.parquet,TC23LTO09_35deg.parquet,TC23LTO09,LTO,lithium-ion,35.0,,35.0,discharge,85,0.0152937612676238,1.3152712630748962,0.8620655127545156,2.3376101899666,35.706409613259666
raw_CU_diffT/TC23LTO09/TC23LTO09_35deg.parquet,TC23LTO09_35deg.parquet,TC23LTO09,LTO,lithium-ion,35.0,,35.0,discharge,86,0.0152942802859514,1.3305655433608476,0.8720898111232767,2.33722869503556,35.70663665745857
raw_CU_diffT/TC23LTO09/TC23LTO09_35deg.parquet,TC23LTO09_35deg.parquet,TC23LTO09,LTO,lithium-ion,35.0,,35.0,discharge,87,0.0152934781442494,1.345859021505097,0.8821135837459676,2.33684720010451,35.70886309392265
raw_CU_diffT/TC23LTO09/TC23LTO09_35deg.parquet,TC23LTO09_35deg.parquet,TC23LTO09,LTO,lithium-ion,35.0,,35.0,discharge,88,0.0152940686296572,1.3611530901347542,0.8921377433892832,2.33646570517347,35.7111708839779
raw_CU_diffT/TC23LTO09/TC23LTO09_35deg.parquet,TC23LTO09_35deg.parquet,TC23LTO09,LTO,lithium-ion,35.0,,35.0,discharge,89,0.0152935399026649,1.376446630037419,0.9021615564901642,2.33589346277691,35.71345154696132
raw_CU_diffT/TC23LTO09/TC23LTO09_35deg.parquet,TC23LTO09_35deg.parquet,TC23LTO09,LTO,lithium-ion,35.0,,35.0,discharge,90,0.0152939899016239,1.391740619939043,0.9121856645329285,2.33513047291482,35.714115552486184
raw_CU_diffT/TC23LTO09/TC23LTO09_35deg.parquet,TC23LTO09_35deg.parquet,TC23LTO09,LTO,lithium-ion,35.0,,35.0,discharge,91,0.0152953601463466,1.4070359800853895,0.9222106706723461,2.33417673558721,35.713996823204425
raw_CU_diffT/TC23LTO09/TC23LTO09_35deg.parquet,TC23LTO09_35deg.parquet,TC23LTO09,LTO,lithium-ion,35.0,,35.0,discharge,92,0.0152945024791893,1.4223304825645788,0.9322351146727597,2.33284150332856,35.71950383977901
raw_CU_diffT/TC23LTO09/TC23LTO09_35deg.parquet,TC23LTO09_35deg.parquet,TC23LTO09,LTO,lithium-ion,35.0,,35.0,discharge,93,0.0152935808740199,1.4376240634385988,0.9422589546274108,2.33074328120782,35.72014930939226
raw_CU_diffT/TC23LTO09/TC23LTO09_35deg.parquet,TC23LTO09_35deg.parquet,TC23LTO09,LTO,lithium-ion,35.0,,35.0,discharge,94,0.0152942074618307,1.4529182709004296,0.9522832052652097,2.327882069225,35.719286077348066
raw_CU_diffT/TC23LTO09/TC23LTO09_35deg.parquet,TC23LTO09_35deg.parquet,TC23LTO09,LTO,lithium-ion,35.0,,35.0,discharge,95,0.0152939433289736,1.4682122142294032,0.9623072827829585,2.32311338258696,35.72857220994475
raw_CU_diffT/TC23LTO09/TC23LTO09_35deg.parquet,TC23LTO09_35deg.parquet,TC23LTO09,LTO,lithium-ion,35.0,,35.0,discharge,96,0.0152935956021656,1.4835058098315688,0.9723311323908476,2.31414825170745,35.73097135359116
raw_CU_diffT/TC23LTO09/TC23LTO09_35deg.parquet,TC23LTO09_35deg.parquet,TC23LTO09,LTO,lithium-ion,35.0,,35.0,discharge,97,0.0152938307026015,1.4987996405341704,0.9823551360901273,2.29488275768977,35.74322958563536
raw_CU_diffT/TC23LTO09/TC23LTO09_35deg.parquet,TC23LTO09_35deg.parquet,TC23LTO09,LTO,lithium-ion,35.0,,35.0,discharge,98,0.0140523367316207,1.5128519772657911,0.9915654299740086,2.24051973001613,35.83382687845304
raw_CU_diffT/TC23LTO09/TC23LTO09_35deg.parquet,TC23LTO09_35deg.parquet,TC23LTO09,LTO,lithium-ion,35.0,,35.0,discharge,99,0.0038325680474716,1.5166845453132627,0.9940774020909133,2.20523144889464,35.71822232044199
raw_CU_diffT/TC23LTO09/TC23LTO09_35deg.parquet,TC23LTO09_35deg.parquet,TC23LTO09,LTO,lithium-ion,35.0,,35.0,discharge,100,0.0025658945811602,1.5192504398944229,0.9957591610480814,2.16746345072138,35.63414077348066
raw_CU_diffT/TC23LTO09/TC23LTO09_35deg.parquet,TC23LTO09_35deg.parquet,TC23LTO09,LTO,lithium-ion,35.0,,35.0,discharge,101,0.0020395332542327,1.5212899731486555,0.9970959280937474,2.12626199816872,35.58389011049724
raw_CU_diffT/TC23LTO09/TC23LTO09_35deg.parquet,TC23LTO09_35deg.parquet,TC23LTO09,LTO,lithium-ion,35.0,,35.0,discharge,102,0.0017135822185663,1.5230035553672219,0.9982190577289543,2.08258082856429,35.55205895027624
raw_CU_diffT/TC23LTO09/TC23LTO09_35deg.parquet,TC23LTO09_35deg.parquet,TC23LTO09,LTO,lithium-ion,35.0,,35.0,discharge,103,0.001463870093139,1.524467425460361,0.9991785190643275,2.0348939621839,35.53502093922652
raw_CU_diffT/TC23LTO09/TC23LTO09_35deg.parquet,TC23LTO09_35deg.parquet,TC23LTO09,LTO,lithium-ion,35.0,,35.0,discharge,104,0.0012533505306362,1.5257207759909972,1.0000000000000002,1.98739784326903,35.52441613259668
raw_CU_diffT/TC23LTO09/TC23LTO09_35deg.parquet,TC23LTO09_35deg.parquet,TC23LTO09,LTO,lithium-ion,35.0,,35.0,charge,0,0.0152946085941245,0.0152946085941245,0.010227898955014024,2.28458239455161,35.40859342541437
raw_CU_diffT/TC23LTO09/TC23LTO09_35deg.parquet,TC23LTO09_35deg.parquet,TC23LTO09,LTO,lithium-ion,35.0,,35.0,charge,1,0.0152929953493346,0.0305876039434591,0.020454719091658864,2.31205002958671,35.342996933701656
raw_CU_diffT/TC23LTO09/TC23LTO09_35deg.parquet,TC23LTO09_35deg.parquet,TC23LTO09,LTO,lithium-ion,35.0,,35.0,charge,2,0.0152931927240394,0.0458807966674985,0.030681671217855748,2.32349487751801,35.31667038674033
raw_CU_diffT/TC23LTO09/TC23LTO09_35deg.parquet,TC23LTO09_35deg.parquet,TC23LTO09,LTO,lithium-ion,35.0,,35.0,charge,3,0.0152944599042166,0.0611752565717151,0.04090947074009617,2.32940804894917,35.30703814917127
raw_CU_diffT/TC23LTO09/TC23LTO09_35deg.parquet,TC23LTO09_35deg.parquet,TC23LTO09,LTO,lithium-ion,35.0,,35.0,charge,4,0.0152937216789996,0.0764689782507147,0.051136776592107705,2.33303225079408,35.29706997237569
raw_CU_diffT/TC23LTO09/TC23LTO09_35deg.parquet,TC23LTO09_35deg.parquet,TC23LTO09,LTO,lithium-ion,35.0,,35.0,charge,5,0.0152931752584295,0.09176215350914421,0.06136371703860111,2.33532122038034,35.2968426243094
raw_CU_diffT/TC23LTO09/TC23LTO09_35deg.parquet,TC23LTO09_35deg.parquet,TC23LTO09,LTO,lithium-ion,35.0,,35.0,charge,6,0.0152932582436526,0.10705541175279681,0.07159071297945198,2.33665645263899,35.296951574585634
raw_CU_diffT/TC23LTO09/TC23LTO09_35deg.parquet,TC23LTO09_35deg.parquet,TC23LTO09,LTO,lithium-ion,35.0,,35.0,charge,7,0.0152951258892224,0.12235053764201921,0.08181895786303021,2.33780093743212,35.29936889502763
raw_CU_diffT/TC23LTO09/TC23LTO09_35deg.parquet,TC23LTO09_35deg.parquet,TC23LTO09,LTO,lithium-ion,35.0,,35.0,charge,8,0.0152936155585356,0.13764415320055481,0.09204619274955242,2.33875467475973,35.29998676795581
raw_CU_diffT/TC23LTO09/TC23LTO09_35deg.parquet,TC23LTO09_35deg.parquet,TC23LTO09,LTO,lithium-ion,35.0,,35.0,charge,9,0.0152933332595854,0.15293748646014022,0.10227323885549094,2.33951766462182,35.299905220994475
raw_CU_diffT/TC23LTO09/TC23LTO09_35deg.parquet,TC23LTO09_35deg.parquet,TC23LTO09,LTO,lithium-ion,35.0,,35.0,charge,10,0.0152938436302107,0.1682313300903509,0.11250062625942038,2.33989915955286,35.30191361878453
raw_CU_diffT/TC23LTO09/TC23LTO09_35deg.parquet,TC23LTO09_35deg.parquet,TC23LTO09,LTO,lithium-ion,35.0,,35.0,charge,11,0.015294711271564,0.18352604136191492,0.1227285938774845,2.34047140194942,35.304212541436456
raw_CU_diffT/TC23LTO09/TC23LTO09_35deg.parquet,TC23LTO09_35deg.parquet,TC23LTO09,LTO,lithium-ion,35.0,,35.0,charge,12,0.0152944210839764,0.19882046244589133,0.1329563674396298,2.34085289688047,35.30382245856354
raw_CU_diffT/TC23LTO09/TC23LTO09_35deg.parquet,TC23LTO09_35deg.parquet,TC23LTO09,LTO,lithium-ion,35.0,,35.0,charge,13,0.0152950595474806,0.21411552199337192,0.14318456795877546,2.34142513927703,35.304993563535916
raw_CU_diffT/TC23LTO09/TC23LTO09_35deg.parquet,TC23LTO09_35deg.parquet,TC23LTO09,LTO,lithium-ion,35.0,,35.0,charge,14,0.0152948150790376,0.22941033707240951,0.1534126049955726,2.34161588674255,35.31030038674034
raw_CU_diffT/TC23LTO09/TC23LTO09_35deg.parquet,TC23LTO09_35deg.parquet,TC23LTO09,LTO,lithium-ion,35.0,,35.0,charge,15,0.0152934253882428,0.2447037624606523,0.16363971271031877,2.3419973816736,35.30958259668508
raw_CU_diffT/TC23LTO09/TC23LTO09_35deg.parquet,TC23LTO09_35deg.parquet,TC23LTO09,LTO,lithium-ion,35.0,,35.0,charge,16,0.0152950940869776,0.2599988565476299,0.17386793632691624,2.34218812913912,35.30837361878453
raw_CU_diffT/TC23LTO09/TC23LTO09_35deg.parquet,TC23LTO09_35deg.parquet,TC23LTO09,LTO,lithium-ion,35.0,,35.0,charge,17,0.0152939144078291,0.275292770955459,0.1840953710616633,2.34237887660464,35.30813740331492
raw_CU_diffT/TC23LTO09/TC23LTO09_35deg.parquet,TC23LTO09_35deg.parquet,TC23LTO09,LTO,lithium-ion,35.0,,35.0,charge,18,0.0152934294116398,0.2905862003670988,0.1943224814669587,2.34256962407016,35.31029127071823
raw_CU_diffT/TC23LTO09/TC23LTO09_35deg.parquet,TC23LTO09_35deg.parquet,TC23LTO09,LTO,lithium-ion,35.0,,35.0,charge,19,0.0152948117373607,0.3058810121044595,0.20455051626909038,2.34276037153568,35.30910082872928
raw_CU_diffT/TC23LTO09/TC23LTO09_35deg.parquet,TC23LTO09_35deg.parquet,TC23LTO09,LTO,lithium-ion,35.0,,35.0,charge,20,0.0152932358056917,0.3211742479101512,0.2147774972050985,2.3429511190012,35.3096641160221
raw_CU_diffT/TC23LTO09/TC23LTO09_35deg.parquet,TC23LTO09_35deg.parquet,TC23LTO09,LTO,lithium-ion,35.0,,35.0,charge,21,0.015293231735476,0.3364674796456272,0.22500447541924848,2.34314186646673,35.306747320441985
raw_CU_diffT/TC23LTO09/TC23LTO09_35deg.parquet,TC23LTO09_35deg.parquet,TC23LTO09,LTO,lithium-ion,35.0,,35.0,charge,22,0.0152930627449307,0.3517605423905579,0.2352313406250654,2.34333261393225,35.30885513812155
raw_CU_diffT/TC23LTO09/TC23LTO09_35deg.parquet,TC23LTO09_35deg.parquet,TC23LTO09,LTO,lithium-ion,35.0,,35.0,charge,23,0.0152938593047965,0.36705440169535436,0.24545873851099434,2.34352336139777,35.31090005524862
raw_CU_diffT/TC23LTO09/TC23LTO09_35deg.parquet,TC23LTO09_35deg.parquet,TC23LTO09,LTO,lithium-ion,35.0,,35.0,charge,24,0.0152928973833629,0.3823472990787173,0.25568549313526906,2.34371410886329,35.314471022099454
raw_CU_diffT/TC23LTO09/TC23LTO09_35deg.parquet,TC23LTO09_35deg.parquet,TC23LTO09,LTO,lithium-ion,35.0,,35.0,charge,25,0.0152927881406137,0.397640087219331,0.26591217470610184,2.34409560379433,35.31689773480663
raw_CU_diffT/TC23LTO09/TC23LTO09_35deg.parquet,TC23LTO09_35deg.parquet,TC23LTO09,LTO,lithium-ion,35.0,,35.0,charge,26,0.0152929982753854,0.41293308549471636,0.27613899679947224,2.34428635125985,35.31886077348066
raw_CU_diffT/TC23LTO09/TC23LTO09_35deg.parquet,TC23LTO09_35deg.parquet,TC23LTO09,LTO,lithium-ion,35.0,,35.0,charge,27,0.0152929912771549,0.42822607677187124,0.28636581421294555,2.3446678461909,35.31834270718232
raw_CU_diffT/TC23LTO09/TC23LTO09_35deg.parquet,TC23LTO09_35deg.parquet,TC23LTO09,LTO,lithium-ion,35.0,,35.0,charge,28,0.0152944726176204,0.44352054938949165,0.2965936222369668,2.34524008858746,35.3247667679558
raw_CU_diffT/TC23LTO09/TC23LTO09_35deg.parquet,TC23LTO09_35deg.parquet,TC23LTO09,LTO,lithium-ion,35.0,,35.0,charge,29,0.015293019343721,0.45881356873321266,0.3068204584192762,2.34562158351851,35.329201933701654
raw_CU_diffT/TC23LTO09/TC23LTO09_35deg.parquet,TC23LTO09_35deg.parquet,TC23LTO09,LTO,lithium-ion,35.0,,35.0,charge,30,0.015293022628749,0.47410659136196165,0.3170472967983685,2.34657532084611,35.33723464088398
raw_CU_diffT/TC23LTO09/TC23LTO09_35deg.parquet,TC23LTO09_35deg.parquet,TC23LTO09,LTO,lithium-ion,35.0,,35.0,charge,31,0.015294680029829,0.4894012713917906,0.3272752435242792,2.34791055310476,35.34556798342542
raw_CU_diffT/TC23LTO09/TC23LTO09_35deg.parquet,TC23LTO09_35deg.parquet,TC23LTO09,LTO,lithium-ion,35.0,,35.0,charge,32,0.0152951345692556,0.5046964059610463,0.33750349421241943,2.34905503789789,35.3570894198895
raw_CU_diffT/TC23LTO09/TC23LTO09_35deg.parquet,TC23LTO09_35deg.parquet,TC23LTO09,LTO,lithium-ion,35.0,,35.0,charge,33,0.0152928922486844,0.5199892982097306,0.34773024540300224,2.35096251255311,35.367993895027624
raw_CU_diffT/TC23LTO09/TC23LTO09_35deg.parquet,TC23LTO09_35deg.parquet,TC23LTO09,LTO,lithium-ion,35.0,,35.0,charge,34,0.0152931381030975,0.5352824363128281,0.35795716100276753,2.3526792397428,35.37184654696132
raw_CU_diffT/TC23LTO09/TC23LTO09_35deg.parquet,TC23LTO09_35deg.parquet,TC23LTO09,LTO,lithium-ion,35.0,,35.0,charge,35,0.0152934142050649,0.550575850517893,0.36818426123903436,2.35477746186354,35.37470834254144
raw_CU_diffT/TC23LTO09/TC23LTO09_35deg.parquet,TC23LTO09_35deg.parquet,TC23LTO09,LTO,lithium-ion,35.0,,35.0,charge,36,0.0152934525367902,0.5658693030546832,0.37841138710871386,2.35725717891532,35.38665754143646
raw_CU_diffT/TC23LTO09/TC23LTO09_35deg.parquet,TC23LTO09_35deg.parquet,TC23LTO09,LTO,lithium-ion,35.0,,35.0,charge,37,0.0152932441964106,0.5811625472510938,0.388638373655812,2.3597368959671,35.39032958563536
raw_CU_diffT/TC23LTO09/TC23LTO09_35deg.parquet,TC23LTO09_35deg.parquet,TC23LTO09,LTO,lithium-ion,35.0,,35.0,charge,38,0.0152937033935232,0.596456250644617,0.3988656672798542,2.36221661301888,35.3889758839779
raw_CU_diffT/TC23LTO09/TC23LTO09_35deg.parquet,TC23LTO09_35deg.parquet,TC23LTO09,LTO,lithium-ion,35.0,,35.0,charge,39,0.0152933908627629,0.61174964150738,0.4090927519065221,2.36488707753618,35.39686251381216
raw_CU_diffT/TC23LTO09/TC23LTO09_35deg.parquet,TC23LTO09_35deg.parquet,TC23LTO09,LTO,lithium-ion,35.0,,35.0,charge,40,0.0152931616871743,0.6270428031945543,0.4193196832775674,2.36774828951901,35.395546160220995
raw_CU_diffT/TC23LTO09/TC23LTO09_35deg.parquet,TC23LTO09_35deg.parquet,TC23LTO09,LTO,lithium-ion,35.0,,35.0,charge,41,0.0152937490175483,0.6423365522121026,0.42954700741157104,2.37080024896735,35.40131610497237
raw_CU_diffT/TC23LTO09/TC23LTO09_35deg.parquet,TC23LTO09_35deg.parquet,TC23LTO09,LTO,lithium-ion,35.0,,35.0,charge,42,0.0152933258289172,0.6576298780410198,0.4397740485484302,2.37385220841569,35.4022229281768
raw_CU_diffT/TC23LTO09/TC23LTO09_35deg.parquet,TC23LTO09_35deg.parquet,TC23LTO09,LTO,lithium-ion,35.0,,35.0,charge,43,0.0152931096827862,0.672922987723806,0.45000094514280087,2.37690416786404,35.4070302762431
raw_CU_diffT/TC23LTO09/TC23LTO09_35deg.parquet,TC23LTO09_35deg.parquet,TC23LTO09,LTO,lithium-ion,35.0,,35.0,charge,44,0.0152933794660204,0.6882163671898264,0.4602280221481733,2.38014687477791,35.41078314917127
raw_CU_diffT/TC23LTO09/TC23LTO09_35deg.parquet,TC23LTO09_35deg.parquet,TC23LTO09,LTO,lithium-ion,35.0,,35.0,charge,45,0.0152934336369615,0.7035098008267878,0.47045513537905026,2.38358032915729,35.41826093922651
raw_CU_diffT/TC23LTO09/TC23LTO09_35deg.parquet,TC23LTO09_35deg.parquet,TC23LTO09,LTO,lithium-ion,35.0,,35.0,charge,46,0.0152935124761916,0.7188033133029794,0.48068230133175227,2.3872045310022,35.42302607734806
raw_CU_diffT/TC23LTO09/TC23LTO09_35deg.parquet,TC23LTO09_35deg.parquet,TC23LTO09,LTO,lithium-ion,35.0,,35.0,charge,47,0.0152936208584985,0.7340969341614779,0.49090953976249624,2.39063798538159,35.420706215469615
raw_CU_diffT/TC23LTO09/TC23LTO09_35deg.parquet,TC23LTO09_35deg.parquet,TC23LTO09,LTO,lithium-ion,35.0,,35.0,charge,48,0.0152934567369711,0.749390390898449,0.501136668440945,2.39407143976098,35.42592306629834
raw_CU_diffT/TC23LTO09/TC23LTO09_35deg.parquet,TC23LTO09_35deg.parquet,TC23LTO09,LTO,lithium-ion,35.0,,35.0,charge,49,0.0152949968103051,0.7646853877087542,0.5113648270061245,2.39769564160589,35.431240303867405
raw_CU_diffT/TC23LTO09/TC23LTO09_35deg.parquet,TC23LTO09_35deg.parquet,TC23LTO09,LTO,lithium-ion,35.0,,35.0,charge,50,0.0152929581048547,0.7799783458136088,0.5215916222364257,2.4013198434508,35.429150524861875
raw_CU_diffT/TC23LTO09/TC23LTO09_35deg.parquet,TC23LTO09_35deg.parquet,TC23LTO09,LTO,lithium-ion,35.0,,35.0,charge,51,0.0152928814279194,0.7952712272415282,0.5318183661908841,2.40532554022675,35.43417596685083
raw_CU_diffT/TC23LTO09/TC23LTO09_35deg.parquet,TC23LTO09_35deg.parquet,TC23LTO09,LTO,lithium-ion,35.0,,35.0,charge,52,0.0152936552827462,0.8105648825242744,0.5420456276420097,2.40894974207166,35.442370441988956
raw_CU_diffT/TC23LTO09/TC23LTO09_35deg.parquet,TC23LTO09_35deg.parquet,TC23LTO09,LTO,lithium-ion,35.0,,35.0,charge,53,0.0152937282428412,0.8258586107671156,0.5522729378834313,2.41276469138209,35.44598707182321
raw_CU_diffT/TC23LTO09/TC23LTO09_35deg.parquet,TC23LTO09_35deg.parquet,TC23LTO09,LTO,lithium-ion,35.0,,35.0,charge,54,0.0152950693953661,0.8411536801624817,0.5625011449881119,2.41657964069252,35.448285027624316
raw_CU_diffT/TC23LTO09/TC23LTO09_35deg.parquet,TC23LTO09_35deg.parquet,TC23LTO09,LTO,lithium-ion,35.0,,35.0,charge,55,0.0152935145350827,0.8564471946975644,0.5727283123176474,2.420776084934,35.45044041436464
raw_CU_diffT/TC23LTO09/TC23LTO09_35deg.parquet,TC23LTO09_35deg.parquet,TC23LTO09,LTO,lithium-ion,35.0,,35.0,charge,56,0.0152931060686907,0.8717403007662551,0.5829552064951792,2.42459103424443,35.453174088397795
raw_CU_diffT/TC23LTO09/TC23LTO09_35deg.parquet,TC23LTO09_35deg.parquet,TC23LTO09,LTO,lithium-ion,35.0,,35.0,charge,57,0.0152946115939596,0.8870349123602147,0.5931831074562604,2.42859673102038,35.45202063535912
raw_CU_diffT/TC23LTO09/TC23LTO09_35deg.parquet,TC23LTO09_35deg.parquet,TC23LTO09,LTO,lithium-ion,35.0,,35.0,charge,58,0.0152943364986133,0.902329248858828,0.6034108244539933,2.43279317526185,35.46045174033149
raw_CU_diffT/TC23LTO09/TC23LTO09_35deg.parquet,TC23LTO09_35deg.parquet,TC23LTO09,LTO,lithium-ion,35.0,,35.0,charge,59,0.0152938935081322,0.9176231423669602,0.6136382452125744,2.43679887203781,35.4669150276243
raw_CU_diffT/TC23LTO09/TC23LTO09_35deg.parquet,TC23LTO09_35deg.parquet,TC23LTO09,LTO,lithium-ion,35.0,,35.0,charge,60,0.0152946570249507,0.9329177993919109,0.62386617655453,2.44099531627928,35.46610386740332
raw_CU_diffT/TC23LTO09/TC23LTO09_35deg.parquet,TC23LTO09_35deg.parquet,TC23LTO09,LTO,lithium-ion,35.0,,35.0,charge,61,0.0152932973670919,0.9482110967590028,0.6340931986582331,2.44519176052075,35.466785193370164
raw_CU_diffT/TC23LTO09/TC23LTO09_35deg.parquet,TC23LTO09_35deg.parquet,TC23LTO09,LTO,lithium-ion,35.0,,35.0,charge,62,0.0152952985270991,0.9635063952861019,0.644321558989209,2.44938820476223,35.473600055248625
raw_CU_diffT/TC23LTO09/TC23LTO09_35deg.parquet,TC23LTO09_35deg.parquet,TC23LTO09,LTO,lithium-ion,35.0,,35.0,charge,63,0.0152931238275838,0.9787995191136858,0.6545484650425702,2.4535846490037,35.47528066298343
raw_CU_diffT/TC23LTO09/TC23LTO09_35deg.parquet,TC23LTO09_35deg.parquet,TC23LTO09,LTO,lithium-ion,35.0,,35.0,charge,64,0.0152942002414255,0.9940937193551113,0.66477609092161,2.45816258817622,35.481670193370164
raw_CU_diffT/TC23LTO09/TC23LTO09_35deg.parquet,TC23LTO09_35deg.parquet,TC23LTO09,LTO,lithium-ion,35.0,,35.0,charge,65,0.0152936604574729,1.009387379812584,0.6750033558332087,2.46274052734874,35.47968104972375
raw_CU_diffT/TC23LTO09/TC23LTO09_35deg.parquet,TC23LTO09_35deg.parquet,TC23LTO09,LTO,lithium-ion,35.0,,35.0,charge,66,0.0152930796365093,1.0246804594490935,0.6852302323348597,2.46731846652125,35.48110685082873
raw_CU_diffT/TC23LTO09/TC23LTO09_35deg.parquet,TC23LTO09_35deg.parquet,TC23LTO09,LTO,lithium-ion,35.0,,35.0,charge,67,0.0152926596708095,1.0399731191199029,0.6954568279946233,2.47189640569377,35.48087008287293
raw_CU_diffT/TC23LTO09/TC23LTO09_35deg.parquet,TC23LTO09_35deg.parquet,TC23LTO09,LTO,lithium-ion,35.0,,35.0,charge,68,0.0152939219575221,1.055267041077425,0.7056842677780446,2.47685583979733,35.485331160220994
raw_CU_diffT/TC23LTO09/TC23LTO09_35deg.parquet,TC23LTO09_35deg.parquet,TC23LTO09,LTO,lithium-ion,35.0,,35.0,charge,69,0.0152927842118168,1.0705598252892419,0.7159109467215896,2.48181527390089,35.48580577348066
raw_CU_diffT/TC23LTO09/TC23LTO09_35deg.parquet,TC23LTO09_35deg.parquet,TC23LTO09,LTO,lithium-ion,35.0,,35.0,charge,70,0.01529480545244,1.0858546307416819,0.7261389773208329,2.4871562029355,35.486267817679554
raw_CU_diffT/TC23LTO09/TC23LTO09_35deg.parquet,TC23LTO09_35deg.parquet,TC23LTO09,LTO,lithium-ion,35.0,,35.0,charge,71,0.0152931368646166,1.1011477676062984,0.736365892092394,2.49211563703906,35.49686511049723
raw_CU_diffT/TC23LTO09/TC23LTO09_35deg.parquet,TC23LTO09_35deg.parquet,TC23LTO09,LTO,lithium-ion,35.0,,35.0,charge,72,0.0152947509702197,1.116442518576518,0.7465938862579724,2.49745656607366,35.501235690607736
raw_CU_diffT/TC23LTO09/TC23LTO09_35deg.parquet,TC23LTO09_35deg.parquet,TC23LTO09,LTO,lithium-ion,35.0,,35.0,charge,73,0.0152935635491366,1.1317360821256548,0.7568210863644691,2.50241600017722,35.512447624309395
raw_CU_diffT/TC23LTO09/TC23LTO09_35deg.parquet,TC23LTO09_35deg.parquet,TC23LTO09,LTO,lithium-ion,35.0,,35.0,charge,74,0.0152949295914113,1.1470310117170661,0.7670491999786418,2.50737543428078,35.540455165745854
raw_CU_diffT/TC23LTO09/TC23LTO09_35deg.parquet,TC23LTO09_35deg.parquet,TC23LTO09,LTO,lithium-ion,35.0,,35.0,charge,75,0.0152931727542297,1.162324184471296,0.7772761387505124,2.5119533734533,35.56764306629834
raw_CU_diffT/TC23LTO09/TC23LTO09_35deg.parquet,TC23LTO09_35deg.parquet,TC23LTO09,LTO,lithium-ion,35.0,,35.0,charge,76,0.0152930199084822,1.1776172043797781,0.7875029753104922,2.51653131262581,35.58520740331492
raw_CU_diffT/TC23LTO09/TC23LTO09_35deg.parquet,TC23LTO09_35deg.parquet,TC23LTO09,LTO,lithium-ion,35.0,,35.0,charge,77,0.0152931594822111,1.1929103638619891,0.7977299052070217,2.5216814941949,35.59528574585635
raw_CU_diffT/TC23LTO09/TC23LTO09_35deg.parquet,TC23LTO09_35deg.parquet,TC23LTO09,LTO,lithium-ion,35.0,,35.0,charge,78,0.0152951566964972,1.2082055205584863,0.8079581706922185,2.52721317069502,35.58592607734807
raw_CU_diffT/TC23LTO09/TC23LTO09_35deg.parquet,TC23LTO09_35deg.parquet,TC23LTO09,LTO,lithium-ion,35.0,,35.0,charge,79,0.015293260993068,1.2234987815515543,0.8181851684716744,2.53350783705723,35.57916422651933
raw_CU_diffT/TC23LTO09/TC23LTO09_35deg.parquet,TC23LTO09_35deg.parquet,TC23LTO09,LTO,lithium-ion,35.0,,35.0,charge,80,0.0152945704897884,1.2387933520413428,0.8284130419453368,2.54018399835049,35.56900511049724
raw_CU_diffT/TC23LTO09/TC23LTO09_35deg.parquet,TC23LTO09_35deg.parquet,TC23LTO09,LTO,lithium-ion,35.0,,35.0,charge,81,0.0152929449736895,1.2540862970150324,0.8386398283944896,2.54705090710926,35.55168635359116
raw_CU_diffT/TC23LTO09/TC23LTO09_35deg.parquet,TC23LTO09_35deg.parquet,TC23LTO09,LTO,lithium-ion,35.0,,35.0,charge,82,0.0152947271692091,1.2693810241842414,0.8488678066437186,2.55410856333356,35.53881052486188
raw_CU_diffT/TC23LTO09/TC23LTO09_35deg.parquet,TC23LTO09_35deg.parquet,TC23LTO09,LTO,lithium-ion,35.0,,35.0,charge,83,0.0152933147316748,1.284674338915916,0.8590948403595657,2.56078472462681,35.52284372928177
raw_CU_diffT/TC23LTO09/TC23LTO09_35deg.parquet,TC23LTO09_35deg.parquet,TC23LTO09,LTO,lithium-ion,35.0,,35.0,charge,84,0.0152933268422712,1.2999676657581873,0.8693218821740809,2.56707939098903,35.51576643646409
raw_CU_diffT/TC23LTO09/TC23LTO09_35deg.parquet,TC23LTO09_35deg.parquet,TC23LTO09,LTO,lithium-ion,35.0,,35.0,charge,85,0.0152949224442397,1.3152625882024271,0.8795499910087559,2.57261106748915,35.512003950276245
raw_CU_diffT/TC23LTO09/TC23LTO09_35deg.parquet,TC23LTO09_35deg.parquet,TC23LTO09,LTO,lithium-ion,35.0,,35.0,charge,86,0.0152942887017676,1.3305568769041947,0.8897776760435062,2.57795199652375,35.51568337016575
raw_CU_diffT/TC23LTO09/TC23LTO09_35deg.parquet,TC23LTO09_35deg.parquet,TC23LTO09,LTO,lithium-ion,35.0,,35.0,charge,87,0.0152935825452696,1.3458504594494642,0.9000048888532066,2.58348367302388,35.51117671270718
raw_CU_diffT/TC23LTO09/TC23LTO09_35deg.parquet,TC23LTO09_35deg.parquet,TC23LTO09,LTO,lithium-ion,35.0,,35.0,charge,88,0.0152929947666232,1.3611434542160874,0.9102317086001772,2.58939684445505,35.50166447513813
raw_CU_diffT/TC23LTO09/TC23LTO09_35deg.parquet,TC23LTO09_35deg.parquet,TC23LTO09,LTO,lithium-ion,35.0,,35.0,charge,89,0.0152933155040223,1.3764367697201096,0.920458742832513,2.59531001588622,35.49384740331491
raw_CU_diffT/TC23LTO09/TC23LTO09_35deg.parquet,TC23LTO09_35deg.parquet,TC23LTO09,LTO,lithium-ion,35.0,,35.0,charge,90,0.0152939337695929,1.3917307034897026,0.9306861905149706,2.60084169238634,35.47105522099449
raw_CU_diffT/TC23LTO09/TC23LTO09_35deg.parquet,TC23LTO09_35deg.parquet,TC23LTO09,LTO,lithium-ion,35.0,,35.0,charge,91,0.0152929426899107,1.4070236461796133,0.9409129754369014,2.60541963155886,35.43897212707183
raw_CU_diffT/TC23LTO09/TC23LTO09_35deg.parquet,TC23LTO09_35deg.parquet,TC23LTO09,LTO,lithium-ion,35.0,,35.0,charge,92,0.0152935688082434,1.4223172149878567,0.9511401790602984,2.60980682326585,35.428557734806624
raw_CU_diffT/TC23LTO09/TC23LTO09_35deg.parquet,TC23LTO09_35deg.parquet,TC23LTO09,LTO,lithium-ion,35.0,,35.0,charge,93,0.0152931998425059,1.4376104148303626,0.9613671359467972,2.61591074216254,35.441544806629835
raw_CU_diffT/TC23LTO09/TC23LTO09_35deg.parquet,TC23LTO09_35deg.parquet,TC23LTO09,LTO,lithium-ion,35.0,,35.0,charge,94,0.0152932867931921,1.4529037016235546,0.971594150979461,2.62334989331788,35.458345524861876
raw_CU_diffT/TC23LTO09/TC23LTO09_35deg.parquet,TC23LTO09_35deg.parquet,TC23LTO09,LTO,lithium-ion,35.0,,35.0,charge,95,0.0117152500517197,1.4646189516752743,0.9794284406263201,2.63021680207666,35.47165679558011
raw_CU_diffT/TC23LTO09/TC23LTO09_35deg.parquet,TC23LTO09_35deg.parquet,TC23LTO09,LTO,lithium-ion,35.0,,35.0,charge,96,0.0079078096469902,1.4725267613222646,0.9847165967453313,2.63555773111126,35.46852961325966
raw_CU_diffT/TC23LTO09/TC23LTO09_35deg.parquet,TC23LTO09_35deg.parquet,TC23LTO09,LTO,lithium-ion,35.0,,35.0,charge,97,0.0059713744705507,1.4784981357928153,0.9887098087540914,2.64013567028378,35.467086187845304
raw_CU_diffT/TC23LTO09/TC23LTO09_35deg.parquet,TC23LTO09_35deg.parquet,TC23LTO09,LTO,lithium-ion,35.0,,35.0,charge,98,0.0045512790769012,1.4830494148697164,0.9917533663729831,2.64395061959421,35.46075787292818
raw_CU_diffT/TC23LTO09/TC23LTO09_35deg.parquet,TC23LTO09_35deg.parquet,TC23LTO09,LTO,lithium-ion,35.0,,35.0,charge,99,0.0035268640774182,1.4865762789471346,0.994111871279461,2.64776556890464,35.4621985359116
raw_CU_diffT/TC23LTO09/TC23LTO09_35deg.parquet,TC23LTO09_35deg.parquet,TC23LTO09,LTO,lithium-ion,35.0,,35.0,charge,100,0.0026088864639698,1.4891851654111044,0.9958565008967784,2.6500545384909,35.46215237569061
raw_CU_diffT/TC23LTO09/TC23LTO09_35deg.parquet,TC23LTO09_35deg.parquet,TC23LTO09,LTO,lithium-ion,35.0,,35.0,charge,101,0.0021423749227612,1.4913275403338655,0.9972891622230823,2.65291575047372,35.457191160220994
raw_CU_diffT/TC23LTO09/TC23LTO09_35deg.parquet,TC23LTO09_35deg.parquet,TC23LTO09,LTO,lithium-ion,35.0,,35.0,charge,102,0.0015792492441703,1.492906789578036,0.998345246894668,2.65386948780133,35.459297900552485
raw_CU_diffT/TC23LTO09/TC23LTO09_35deg.parquet,TC23LTO09_35deg.parquet,TC23LTO09,LTO,lithium-ion,35.0,,35.0,charge,103,0.0014466578514761,1.494353447429512,0.9993126642846794,2.65653995231863,35.463041298342546
raw_CU_diffT/TC23LTO09/TC23LTO09_35deg.parquet,TC23LTO09_35deg.parquet,TC23LTO09,LTO,lithium-ion,35.0,,35.0,charge,104,0.0010278289592835,1.4953812763887955,0.9999999999999999,2.65634920485311,35.4626429558011
raw_CU_diffT/TC23LTO09/TC23LTO09_45deg.parquet,TC23LTO09_45deg.parquet,TC23LTO09,LTO,lithium-ion,45.0,,45.0,discharge,0,0.0154928845121285,0.0154928845121285,0.010090030006799864,2.66359760854293,45.44115450276244
raw_CU_diffT/TC23LTO09/TC23LTO09_45deg.parquet,TC23LTO09_45deg.parquet,TC23LTO09,LTO,lithium-ion,45.0,,45.0,discharge,1,0.0154920120615677,0.0309848965736962,0.02017949181389934,2.64623958918047,45.45769220994475
raw_CU_diffT/TC23LTO09/TC23LTO09_45deg.parquet,TC23LTO09_45deg.parquet,TC23LTO09,LTO,lithium-ion,45.0,,45.0,discharge,2,0.0154940200008607,0.0464789165745569,0.03027026132891482,2.63269651912844,45.45529508287293
raw_CU_diffT/TC23LTO09/TC23LTO09_45deg.parquet,TC23LTO09_45deg.parquet,TC23LTO09,LTO,lithium-ion,45.0,,45.0,discharge,3,0.0154943498333553,0.061973266407912196,0.04036124565349433,2.62201466105923,45.445759171270716
raw_CU_diffT/TC23LTO09/TC23LTO09_45deg.parquet,TC23LTO09_45deg.parquet,TC23LTO09,LTO,lithium-ion,45.0,,45.0,discharge,4,0.0154965756214172,0.0774698420293294,0.05045367956406384,2.61343102511076,45.43607629834255
raw_CU_diffT/TC23LTO09/TC23LTO09_45deg.parquet,TC23LTO09_45deg.parquet,TC23LTO09,LTO,lithium-ion,45.0,,45.0,discharge,5,0.0154940464596305,0.0929638884889599,0.06054446631084665,2.6058011264899,45.433647707182324
raw_CU_diffT/TC23LTO09/TC23LTO09_45deg.parquet,TC23LTO09_45deg.parquet,TC23LTO09,LTO,lithium-ion,45.0,,45.0,discharge,6,0.0154944917362928,0.1084583802252527,0.07063554305236094,2.59950646012769,45.44454475138122
raw_CU_diffT/TC23LTO09/TC23LTO09_45deg.parquet,TC23LTO09_45deg.parquet,TC23LTO09,LTO,lithium-ion,45.0,,45.0,discharge,7,0.0154916686671916,0.12395004889244429,0.0807247812174681,2.59454702602413,45.47654104972375
raw_CU_diffT/TC23LTO09/TC23LTO09_45deg.parquet,TC23LTO09_45deg.parquet,TC23LTO09,LTO,lithium-ion,45.0,,45.0,discharge,8,0.0154927461399546,0.1394427950323989,0.09081472110680884,2.58958759192057,45.50446113259668
raw_CU_diffT/TC23LTO09/TC23LTO09_45deg.parquet,TC23LTO09_45deg.parquet,TC23LTO09,LTO,lithium-ion,45.0,,45.0,discharge,9,0.0154935504524525,0.1549363454848514,0.10090518481966562,2.58405591542044,45.49804060773481
raw_CU_diffT/TC23LTO09/TC23LTO09_45deg.parquet,TC23LTO09_45deg.parquet,TC23LTO09,LTO,lithium-ion,45.0,,45.0,discharge,10,0.0154928510775404,0.1704291965623918,0.11099519305156637,2.57871498638584,45.47070193370165
raw_CU_diffT/TC23LTO09/TC23LTO09_45deg.parquet,TC23LTO09_45deg.parquet,TC23LTO09,LTO,lithium-ion,45.0,,45.0,discharge,11,0.0154937339986176,0.1859229305610094,0.1210857763022866,2.57356480481676,45.44461900552486
raw_CU_diffT/TC23LTO09/TC23LTO09_45deg.parquet,TC23LTO09_45deg.parquet,TC23LTO09,LTO,lithium-ion,45.0,,45.0,discharge,12,0.0154927746019462,0.2014157051629556,0.13117573472803024,2.5686053707132,45.43069113259669
raw_CU_diffT/TC23LTO09/TC23LTO09_45deg.parquet,TC23LTO09_45deg.parquet,TC23LTO09,LTO,lithium-ion,45.0,,45.0,discharge,13,0.015493166775177,0.2169088719381326,0.14126594856390512,2.56364593660964,45.42902325966851
raw_CU_diffT/TC23LTO09/TC23LTO09_45deg.parquet,TC23LTO09_45deg.parquet,TC23LTO09,LTO,lithium-ion,45.0,,45.0,discharge,14,0.0154943849054327,0.2324032568435653,0.15135695572982918,2.55830500757503,45.43219058011049
raw_CU_diffT/TC23LTO09/TC23LTO09_45deg.parquet,TC23LTO09_45deg.parquet,TC23LTO09,LTO,lithium-ion,45.0,,45.0,discharge,15,0.0154950258661164,0.2478982827096817,0.16144838033335351,2.55220108867834,45.434333453038676
raw_CU_diffT/TC23LTO09/TC23LTO09_45deg.parquet,TC23LTO09_45deg.parquet,TC23LTO09,LTO,lithium-ion,45.0,,45.0,discharge,16,0.0154947683957648,0.2633930511054465,0.1715396372545091,2.54533417991957,45.43835723756905
raw_CU_diffT/TC23LTO09/TC23LTO09_45deg.parquet,TC23LTO09_45deg.parquet,TC23LTO09,LTO,lithium-ion,45.0,,45.0,discharge,17,0.0154944356632657,0.27888748676871217,0.18163067747741862,2.53865801862631,45.43647762430939
raw_CU_diffT/TC23LTO09/TC23LTO09_45deg.parquet,TC23LTO09_45deg.parquet,TC23LTO09,LTO,lithium-ion,45.0,,45.0,discharge,18,0.0154936930137842,0.2943811797824964,0.1917212340360017,2.53198185733306,45.4143558839779
raw_CU_diffT/TC23LTO09/TC23LTO09_45deg.parquet,TC23LTO09_45deg.parquet,TC23LTO09,LTO,lithium-ion,45.0,,45.0,discharge,19,0.0154915014561023,0.3098726812385987,0.2018103633017682,2.52568719097085,45.36883270718232
raw_CU_diffT/TC23LTO09/TC23LTO09_45deg.parquet,TC23LTO09_45deg.parquet,TC23LTO09,LTO,lithium-ion,45.0,,45.0,discharge,20,0.0154923962635618,0.3253650775021605,0.21190007532758232,2.52034626193625,45.32566290055248
raw_CU_diffT/TC23LTO09/TC23LTO09_45deg.parquet,TC23LTO09_45deg.parquet,TC23LTO09,LTO,lithium-ion,45.0,,45.0,discharge,21,0.0154922598417192,0.3408573373438797,0.221989698506127,2.51519608036716,45.306825966850816
raw_CU_diffT/TC23LTO09/TC23LTO09_45deg.parquet,TC23LTO09_45deg.parquet,TC23LTO09,LTO,lithium-ion,45.0,,45.0,discharge,22,0.0154915855101321,0.35634892285401176,0.2320788825136481,2.50985515133256,45.318375524861885
raw_CU_diffT/TC23LTO09/TC23LTO09_45deg.parquet,TC23LTO09_45deg.parquet,TC23LTO09,LTO,lithium-ion,45.0,,45.0,discharge,23,0.0154944695632916,0.37184339241730335,0.2421699448145818,2.50432347483244,45.351047265193365
raw_CU_diffT/TC23LTO09/TC23LTO09_45deg.parquet,TC23LTO09_45deg.parquet,TC23LTO09,LTO,lithium-ion,45.0,,45.0,discharge,24,0.0154943877578258,0.38733778017512915,0.2522609538381801,2.49860105086679,45.389800939226525
raw_CU_diffT/TC23LTO09/TC23LTO09_45deg.parquet,TC23LTO09_45deg.parquet,TC23LTO09,LTO,lithium-ion,45.0,,45.0,discharge,25,0.015493435571984,0.40283121574711317,0.26235134273298905,2.49287862690114,45.422296629834264
raw_CU_diffT/TC23LTO09/TC23LTO09_45deg.parquet,TC23LTO09_45deg.parquet,TC23LTO09,LTO,lithium-ion,45.0,,45.0,discharge,26,0.015493347569358,0.41832456331647117,0.27244167431444644,2.4871562029355,45.44313997237569
raw_CU_diffT/TC23LTO09/TC23LTO09_45deg.parquet,TC23LTO09_45deg.parquet,TC23LTO09,LTO,lithium-ion,45.0,,45.0,discharge,27,0.0154932809573858,0.43381784427385695,0.28253196251361445,2.48181527390089,45.454809060773485
raw_CU_diffT/TC23LTO09/TC23LTO09_45deg.parquet,TC23LTO09_45deg.parquet,TC23LTO09,LTO,lithium-ion,45.0,,45.0,discharge,28,0.0154926890104988,0.4493105332843558,0.29262186519633154,2.47628359740077,45.45967745856353
raw_CU_diffT/TC23LTO09/TC23LTO09_45deg.parquet,TC23LTO09_45deg.parquet,TC23LTO09,LTO,lithium-ion,45.0,,45.0,discharge,29,0.0154936665169991,0.4648041998013549,0.3027124044983891,2.47094266836616,45.45944546961326
raw_CU_diffT/TC23LTO09/TC23LTO09_45deg.parquet,TC23LTO09_45deg.parquet,TC23LTO09,LTO,lithium-ion,45.0,,45.0,discharge,30,0.0154937451345288,0.4802979449358837,0.3128029950015792,2.46579248679708,45.455263287292816
raw_CU_diffT/TC23LTO09/TC23LTO09_45deg.parquet,TC23LTO09_45deg.parquet,TC23LTO09,LTO,lithium-ion,45.0,,45.0,discharge,31,0.0154935588744294,0.49579150381031306,0.3228934641994055,2.46102380015904,45.45220071823205
raw_CU_diffT/TC23LTO09/TC23LTO09_45deg.parquet,TC23LTO09_45deg.parquet,TC23LTO09,LTO,lithium-ion,45.0,,45.0,discharge,32,0.0154943568607642,0.5112858606710773,0.33298445310071617,2.456255113521,45.4516620441989
raw_CU_diffT/TC23LTO09/TC23LTO09_45deg.parquet,TC23LTO09_45deg.parquet,TC23LTO09,LTO,lithium-ion,45.0,,45.0,discharge,33,0.015493918241388,0.5267797789124653,0.3430751563429771,2.45186792181401,45.44985654696133
raw_CU_diffT/TC23LTO09/TC23LTO09_45deg.parquet,TC23LTO09_45deg.parquet,TC23LTO09,LTO,lithium-ion,45.0,,45.0,discharge,34,0.0154927729359064,0.5422725518483718,0.35316511368368125,2.44767147757254,45.44679417127072
raw_CU_diffT/TC23LTO09/TC23LTO09_45deg.parquet,TC23LTO09_45deg.parquet,TC23LTO09,LTO,lithium-ion,45.0,,45.0,discharge,35,0.0154933520794386,0.5577659039278103,0.36325544820241273,2.44366578079658,45.43383767955801
raw_CU_diffT/TC23LTO09/TC23LTO09_45deg.parquet,TC23LTO09_45deg.parquet,TC23LTO09,LTO,lithium-ion,45.0,,45.0,discharge,36,0.0154932613046826,0.573259165232493,0.37334572360239127,2.43966008402063,45.409835193370164
raw_CU_diffT/TC23LTO09/TC23LTO09_45deg.parquet,TC23LTO09_45deg.parquet,TC23LTO09,LTO,lithium-ion,45.0,,45.0,discharge,37,0.0154941237549215,0.5887532889874145,0.3834365606891741,2.43565438724468,45.382654337016575
raw_CU_diffT/TC23LTO09/TC23LTO09_45deg.parquet,TC23LTO09_45deg.parquet,TC23LTO09,LTO,lithium-ion,45.0,,45.0,discharge,38,0.0154927714114067,0.6042460603988212,0.39352651703701935,2.4314579430032,45.358662458563536
raw_CU_diffT/TC23LTO09/TC23LTO09_45deg.parquet,TC23LTO09_45deg.parquet,TC23LTO09,LTO,lithium-ion,45.0,,45.0,discharge,39,0.0154926253845057,0.6197386857833269,0.4036163782821217,2.42764299369277,45.34497662983425
raw_CU_diffT/TC23LTO09/TC23LTO09_45deg.parquet,TC23LTO09_45deg.parquet,TC23LTO09,LTO,lithium-ion,45.0,,45.0,discharge,40,0.01549291402075,0.635231599804077,0.41370642750696174,2.42363729691682,45.34352966850829
raw_CU_diffT/TC23LTO09/TC23LTO09_45deg.parquet,TC23LTO09_45deg.parquet,TC23LTO09,LTO,lithium-ion,45.0,,45.0,discharge,41,0.0154934105325121,0.650725010336589,0.42379680009434756,2.41963160014087,45.35430143646409
raw_CU_diffT/TC23LTO09/TC23LTO09_45deg.parquet,TC23LTO09_45deg.parquet,TC23LTO09,LTO,lithium-ion,45.0,,45.0,discharge,42,0.015493912033236,0.666218922369825,0.4338874992934337,2.41581665083044,45.377944419889495
raw_CU_diffT/TC23LTO09/TC23LTO09_45deg.parquet,TC23LTO09_45deg.parquet,TC23LTO09,LTO,lithium-ion,45.0,,45.0,discharge,43,0.0154932591944361,0.6817121815642612,0.44397777331907484,2.41181095405448,45.40714209944752
raw_CU_diffT/TC23LTO09/TC23LTO09_45deg.parquet,TC23LTO09_45deg.parquet,TC23LTO09,LTO,lithium-ion,45.0,,45.0,discharge,44,0.0154941689891267,0.6972063505533879,0.4540686398654774,2.40780525727853,45.43079674033148
raw_CU_diffT/TC23LTO09/TC23LTO09_45deg.parquet,TC23LTO09_45deg.parquet,TC23LTO09,LTO,lithium-ion,45.0,,45.0,discharge,45,0.0154940793531833,0.7127004299065711,0.46415944803479997,2.4039903079681,45.44087080110497
raw_CU_diffT/TC23LTO09/TC23LTO09_45deg.parquet,TC23LTO09_45deg.parquet,TC23LTO09,LTO,lithium-ion,45.0,,45.0,discharge,46,0.0154951834003895,0.7281956133069606,0.4742509752354579,2.40036610612319,45.43829419889502
raw_CU_diffT/TC23LTO09/TC23LTO09_45deg.parquet,TC23LTO09_45deg.parquet,TC23LTO09,LTO,lithium-ion,45.0,,45.0,discharge,47,0.0154921135032401,0.7436877268102007,0.4843405031083386,2.39655115681276,45.43768162983426
raw_CU_diffT/TC23LTO09/TC23LTO09_45deg.parquet,TC23LTO09_45deg.parquet,TC23LTO09,LTO,lithium-ion,45.0,,45.0,discharge,48,0.0154923080728347,0.7591800348830354,0.49443015769829685,2.39273620750233,45.445770414364645
raw_CU_diffT/TC23LTO09/TC23LTO09_45deg.parquet,TC23LTO09_45deg.parquet,TC23LTO09,LTO,lithium-ion,45.0,,45.0,discharge,49,0.0154927344735087,0.7746727693565442,0.5045200899896471,2.38911200565742,45.45995121546961
raw_CU_diffT/TC23LTO09/TC23LTO09_45deg.parquet,TC23LTO09_45deg.parquet,TC23LTO09,LTO,lithium-ion,45.0,,45.0,discharge,50,0.015492309365608,0.7901650787221521,0.514609745421548,2.38548780381251,45.47908654696133
raw_CU_diffT/TC23LTO09/TC23LTO09_45deg.parquet,TC23LTO09_45deg.parquet,TC23LTO09,LTO,lithium-ion,45.0,,45.0,discharge,51,0.0154924908387385,0.8056575695608906,0.52469951904121,2.38205434943312,45.49727997237569
raw_CU_diffT/TC23LTO09/TC23LTO09_45deg.parquet,TC23LTO09_45deg.parquet,TC23LTO09,LTO,lithium-ion,45.0,,45.0,discharge,52,0.0154924778537795,0.8211500474146701,0.5347892842041753,2.37843014758821,45.504122734806636
raw_CU_diffT/TC23LTO09/TC23LTO09_45deg.parquet,TC23LTO09_45deg.parquet,TC23LTO09,LTO,lithium-ion,45.0,,45.0,discharge,53,0.0154932634389413,0.8366433108536114,0.5448795609941295,2.37499669320882,45.502633674033156
raw_CU_diffT/TC23LTO09/TC23LTO09_45deg.parquet,TC23LTO09_45deg.parquet,TC23LTO09,LTO,lithium-ion,45.0,,45.0,discharge,54,0.0154929928429329,0.8521363036965444,0.5549696615533863,2.37175398629496,45.499244033149175
raw_CU_diffT/TC23LTO09/TC23LTO09_45deg.parquet,TC23LTO09_45deg.parquet,TC23LTO09,LTO,lithium-ion,45.0,,45.0,discharge,55,0.0154932125085519,0.8676295162050962,0.5650599051739746,2.36832053191557,45.49641453038674
raw_CU_diffT/TC23LTO09/TC23LTO09_45deg.parquet,TC23LTO09_45deg.parquet,TC23LTO09,LTO,lithium-ion,45.0,,45.0,discharge,56,0.0154925335378882,0.8831220497429844,0.5751497066022542,2.36526857246723,45.49562262430939
raw_CU_diffT/TC23LTO09/TC23LTO09_45deg.parquet,TC23LTO09_45deg.parquet,TC23LTO09,LTO,lithium-ion,45.0,,45.0,discharge,57,0.0154941596621205,0.8986162094051049,0.5852405670742701,2.36221661301888,45.49883248618785
raw_CU_diffT/TC23LTO09/TC23LTO09_45deg.parquet,TC23LTO09_45deg.parquet,TC23LTO09,LTO,lithium-ion,45.0,,45.0,discharge,58,0.0154934214860299,0.9141096308911348,0.5953309467953387,2.35935540103606,45.507185441988945
raw_CU_diffT/TC23LTO09/TC23LTO09_45deg.parquet,TC23LTO09_45deg.parquet,TC23LTO09,LTO,lithium-ion,45.0,,45.0,discharge,59,0.0154930152463714,0.9296026461375062,0.6054210619452526,2.35649418905323,45.51792464088397
raw_CU_diffT/TC23LTO09/TC23LTO09_45deg.parquet,TC23LTO09_45deg.parquet,TC23LTO09,LTO,lithium-ion,45.0,,45.0,discharge,60,0.0154944294121205,0.9450970755496267,0.6155120980969873,2.35382372453593,45.524577265193365
raw_CU_diffT/TC23LTO09/TC23LTO09_45deg.parquet,TC23LTO09_45deg.parquet,TC23LTO09,LTO,lithium-ion,45.0,,45.0,discharge,61,0.0154942979892843,0.960591373538911,0.6256030486571486,2.35134400748415,45.528790966850835
raw_CU_diffT/TC23LTO09/TC23LTO09_45deg.parquet,TC23LTO09_45deg.parquet,TC23LTO09,LTO,lithium-ion,45.0,,45.0,discharge,62,0.0154918801570444,0.9760832536959554,0.635692424558967,2.34886429043237,45.53108259668508
raw_CU_diffT/TC23LTO09/TC23LTO09_45deg.parquet,TC23LTO09_45deg.parquet,TC23LTO09,LTO,lithium-ion,45.0,,45.0,discharge,63,0.0154942301657999,0.9915774838617553,0.645783330947819,2.34657532084611,45.52825215469613
raw_CU_diffT/TC23LTO09/TC23LTO09_45deg.parquet,TC23LTO09_45deg.parquet,TC23LTO09,LTO,lithium-ion,45.0,,45.0,discharge,64,0.0154925729318415,1.0070700567935968,0.6558731580321455,2.3446678461909,45.52465154696132
raw_CU_diffT/TC23LTO09/TC23LTO09_45deg.parquet,TC23LTO09_45deg.parquet,TC23LTO09,LTO,lithium-ion,45.0,,45.0,discharge,65,0.015493541157214,1.0225635979508108,0.6659636156913048,2.34256962407016,45.524693729281765
raw_CU_diffT/TC23LTO09/TC23LTO09_45deg.parquet,TC23LTO09_45deg.parquet,TC23LTO09,LTO,lithium-ion,45.0,,45.0,discharge,66,0.015493661962004,1.0380572599128148,0.6760541520268368,2.34104364434599,45.52900209944751
raw_CU_diffT/TC23LTO09/TC23LTO09_45deg.parquet,TC23LTO09_45deg.parquet,TC23LTO09,LTO,lithium-ion,45.0,,45.0,discharge,67,0.0154925900843571,1.0535498499971718,0.686143990282059,2.33951766462182,45.534134281767955
raw_CU_diffT/TC23LTO09/TC23LTO09_45deg.parquet,TC23LTO09_45deg.parquet,TC23LTO09,LTO,lithium-ion,45.0,,45.0,discharge,68,0.0154939319676524,1.0690437819648242,0.6962347024638056,2.33799168489764,45.540111022099445
raw_CU_diffT/TC23LTO09/TC23LTO09_45deg.parquet,TC23LTO09_45deg.parquet,TC23LTO09,LTO,lithium-ion,45.0,,45.0,discharge,69,0.0154958323544815,1.0845396143193058,0.7063266523079201,2.33684720010451,45.55869580110498
raw_CU_diffT/TC23LTO09/TC23LTO09_45deg.parquet,TC23LTO09_45deg.parquet,TC23LTO09,LTO,lithium-ion,45.0,,45.0,discharge,70,0.0154941492048591,1.1000337635241648,0.7164175059694493,2.33608421024243,45.58645707182321
raw_CU_diffT/TC23LTO09/TC23LTO09_45deg.parquet,TC23LTO09_45deg.parquet,TC23LTO09,LTO,lithium-ion,45.0,,45.0,discharge,71,0.0154920226429233,1.1155257861670882,0.7265069746678541,2.33570271531138,45.60326839779006
raw_CU_diffT/TC23LTO09/TC23LTO09_45deg.parquet,TC23LTO09_45deg.parquet,TC23LTO09,LTO,lithium-ion,45.0,,45.0,discharge,72,0.0154925059314415,1.1310182920985297,0.7365967581169204,2.33532122038034,45.60393348066298
raw_CU_diffT/TC23LTO09/TC23LTO09_45deg.parquet,TC23LTO09_45deg.parquet,TC23LTO09,LTO,lithium-ion,45.0,,45.0,discharge,73,0.0154929051414692,1.1465111972399988,0.746686801558963,2.33513047291482,45.597872513812156
raw_CU_diffT/TC23LTO09/TC23LTO09_45deg.parquet,TC23LTO09_45deg.parquet,TC23LTO09,LTO,lithium-ion,45.0,,45.0,discharge,74,0.0154920996862222,1.162003296926221,0.7567763204332532,2.33474897798378,45.5936170441989
raw_CU_diffT/TC23LTO09/TC23LTO09_45deg.parquet,TC23LTO09_45deg.parquet,TC23LTO09,LTO,lithium-ion,45.0,,45.0,discharge,75,0.0154926097256323,1.1774959066518533,0.7668661714802222,2.33455823051826,45.59356417127072
raw_CU_diffT/TC23LTO09/TC23LTO09_45deg.parquet,TC23LTO09_45deg.parquet,TC23LTO09,LTO,lithium-ion,45.0,,45.0,discharge,76,0.0154923343870597,1.192988241038913,0.7769558432078102,2.33436748305273,45.59852729281768
raw_CU_diffT/TC23LTO09/TC23LTO09_45deg.parquet,TC23LTO09_45deg.parquet,TC23LTO09,LTO,lithium-ion,45.0,,45.0,discharge,77,0.0154930742730035,1.2084813153119165,0.7870459967999193,2.33417673558721,45.60701729281767
raw_CU_diffT/TC23LTO09/TC23LTO09_45deg.parquet,TC23LTO09_45deg.parquet,TC23LTO09,LTO,lithium-ion,45.0,,45.0,discharge,78,0.0154930179945165,1.223974333306433,0.797136113739614,2.33398598812169,45.6156655801105
raw_CU_diffT/TC23LTO09/TC23LTO09_45deg.parquet,TC23LTO09_45deg.parquet,TC23LTO09,LTO,lithium-ion,45.0,,45.0,discharge,79,0.0154929093284714,1.2394672426349045,0.8072261599085201,2.33379524065617,45.61878096685083
raw_CU_diffT/TC23LTO09/TC23LTO09_45deg.parquet,TC23LTO09_45deg.parquet,TC23LTO09,LTO,lithium-ion,45.0,,45.0,discharge,80,0.0154928937589906,1.2549601363938951,0.8173161959375114,2.33360449319065,45.620565635359114
raw_CU_diffT/TC23LTO09/TC23LTO09_45deg.parquet,TC23LTO09_45deg.parquet,TC23LTO09,LTO,lithium-ion,45.0,,45.0,discharge,81,0.0154925851219203,1.2704527215158155,0.827406030960854,2.33341374572513,45.62314212707182
raw_CU_diffT/TC23LTO09/TC23LTO09_45deg.parquet,TC23LTO09_45deg.parquet,TC23LTO09,LTO,lithium-ion,45.0,,45.0,discharge,82,0.0154927471439796,1.285945468659795,0.8374959715040848,2.33303225079408,45.62422972375691
raw_CU_diffT/TC23LTO09/TC23LTO09_45deg.parquet,TC23LTO09_45deg.parquet,TC23LTO09,LTO,lithium-ion,45.0,,45.0,discharge,83,0.0154925887113964,1.3014380573711914,0.8475858088651407,2.33284150332856,45.62154751381215
raw_CU_diffT/TC23LTO09/TC23LTO09_45deg.parquet,TC23LTO09_45deg.parquet,TC23LTO09,LTO,lithium-ion,45.0,,45.0,discharge,84,0.0154919436203374,1.3169300009915288,0.8576752260986124,2.33246000839752,45.61771417127071
raw_CU_diffT/TC23LTO09/TC23LTO09_45deg.parquet,TC23LTO09_45deg.parquet,TC23LTO09,LTO,lithium-ion,45.0,,45.0,discharge,85,0.0154935232448415,1.3324235242363702,0.867765672092005,2.332269260932,45.61400762430939
raw_CU_diffT/TC23LTO09/TC23LTO09_45deg.parquet,TC23LTO09_45deg.parquet,TC23LTO09,LTO,lithium-ion,45.0,,45.0,discharge,86,0.0154968128476298,1.347920337084,0.87785826050057,2.33169701853543,45.61138889502763
raw_CU_diffT/TC23LTO09/TC23LTO09_45deg.parquet,TC23LTO09_45deg.parquet,TC23LTO09,LTO,lithium-ion,45.0,,45.0,discharge,87,0.0154930885992943,1.3634134256832944,0.8879484234229432,2.33112477613887,45.6088229558011
raw_CU_diffT/TC23LTO09/TC23LTO09_45deg.parquet,TC23LTO09_45deg.parquet,TC23LTO09,LTO,lithium-ion,45.0,,45.0,discharge,88,0.0154924358226811,1.3789058615059755,0.8980381612123717,2.3305525337423,45.60934038674033
raw_CU_diffT/TC23LTO09/TC23LTO09_45deg.parquet,TC23LTO09_45deg.parquet,TC23LTO09,LTO,lithium-ion,45.0,,45.0,discharge,89,0.0154921202520973,1.3943979817580727,0.9081276934805714,2.32998029134574,45.61245555248619
raw_CU_diffT/TC23LTO09/TC23LTO09_45deg.parquet,TC23LTO09_45deg.parquet,TC23LTO09,LTO,lithium-ion,45.0,,45.0,discharge,90,0.015492031028967,1.4098900127870397,0.9182171676405435,2.32902655401813,45.61608790055249
raw_CU_diffT/TC23LTO09/TC23LTO09_45deg.parquet,TC23LTO09_45deg.parquet,TC23LTO09,LTO,lithium-ion,45.0,,45.0,discharge,91,0.0154921363306588,1.4253821491176986,0.9283067103802064,2.32769132175948,45.62169549723757
raw_CU_diffT/TC23LTO09/TC23LTO09_45deg.parquet,TC23LTO09_45deg.parquet,TC23LTO09,LTO,lithium-ion,45.0,,45.0,discharge,92,0.0154949470135453,1.4408770961312438,0.938398083629523,2.32597459456979,45.628358784530384
raw_CU_diffT/TC23LTO09/TC23LTO09_45deg.parquet,TC23LTO09_45deg.parquet,TC23LTO09,LTO,lithium-ion,45.0,,45.0,discharge,93,0.0154922183580672,1.456369314489311,0.9484876797910656,2.32311338258696,45.635687127071826
raw_CU_diffT/TC23LTO09/TC23LTO09_45deg.parquet,TC23LTO09_45deg.parquet,TC23LTO09,LTO,lithium-ion,45.0,,45.0,discharge,94,0.0154946285216581,1.4718639430109692,0.9585788456166005,2.31853544341445,45.64406104972375
raw_CU_diffT/TC23LTO09/TC23LTO09_45deg.parquet,TC23LTO09_45deg.parquet,TC23LTO09,LTO,lithium-ion,45.0,,45.0,discharge,95,0.0154936809419298,1.487357623952899,0.968669394313163,2.31052404986254,45.65589825966851
raw_CU_diffT/TC23LTO09/TC23LTO09_45deg.parquet,TC23LTO09_45deg.parquet,TC23LTO09,LTO,lithium-ion,45.0,,45.0,discharge,96,0.0154921645359355,1.5028497884888345,0.9787589554220385,2.2933567779656,45.66352254143647
raw_CU_diffT/TC23LTO09/TC23LTO09_45deg.parquet,TC23LTO09_45deg.parquet,TC23LTO09,LTO,lithium-ion,45.0,,45.0,discharge,97,0.0154929463042576,1.5183427347930922,0.9888490256721151,2.23918449775748,45.7069338121547
raw_CU_diffT/TC23LTO09/TC23LTO09_45deg.parquet,TC23LTO09_45deg.parquet,TC23LTO09,LTO,lithium-ion,45.0,,45.0,discharge,98,0.0055978349349711,1.5239405697280632,0.9924947200825235,2.19111613644605,45.63790466850829
raw_CU_diffT/TC23LTO09/TC23LTO09_45deg.parquet,TC23LTO09_45deg.parquet,TC23LTO09,LTO,lithium-ion,45.0,,45.0,discharge,99,0.0029538315729328,1.526894401300996,0.994418457988308,2.15430187560039,45.55351099447514
raw_CU_diffT/TC23LTO09/TC23LTO09_45deg.parquet,TC23LTO09_45deg.parquet,TC23LTO09,LTO,lithium-ion,45.0,,45.0,discharge,100,0.002264801289406,1.529159202590402,0.9958934520703756,2.12225630139277,45.50053262430939
raw_CU_diffT/TC23LTO09/TC23LTO09_45deg.parquet,TC23LTO09_45deg.parquet,TC23LTO09,LTO,lithium-ion,45.0,,45.0,discharge,101,0.0019086493566467,1.5310678519470486,0.9971364955634029,2.09135521197828,45.467175000000005
raw_CU_diffT/TC23LTO09/TC23LTO09_45deg.parquet,TC23LTO09_45deg.parquet,TC23LTO09,LTO,lithium-ion,45.0,,45.0,discharge,102,0.00165762923142,1.5327254811784687,0.9982160575179301,2.05911889030514,45.446931243093914
raw_CU_diffT/TC23LTO09/TC23LTO09_45deg.parquet,TC23LTO09_45deg.parquet,TC23LTO09,LTO,lithium-ion,45.0,,45.0,discharge,103,0.0014553526116744,1.5341808337901433,0.9991638830510498,2.02497509397678,45.434967762430944
raw_CU_diffT/TC23LTO09/TC23LTO09_45deg.parquet,TC23LTO09_45deg.parquet,TC23LTO09,LTO,lithium-ion,45.0,,45.0,discharge,104,0.0012838280282611,1.5354646618184042,1.0000000000000002,1.99044980271738,45.426889337016576
raw_CU_diffT/TC23LTO09/TC23LTO09_45deg.parquet,TC23LTO09_45deg.parquet,TC23LTO09,LTO,lithium-ion,45.0,,45.0,charge,0,0.0154908796714847,0.0154908796714847,0.01026838008199994,2.26932259730989,45.308134116022096
raw_CU_diffT/TC23LTO09/TC23LTO09_45deg.parquet,TC23LTO09_45deg.parquet,TC23LTO09,LTO,lithium-ion,45.0,,45.0,charge,1,0.0154917599290313,0.030982639600516,0.02053734365694865,2.3030848987072,45.23413129834254
raw_CU_diffT/TC23LTO09/TC23LTO09_45deg.parquet,TC23LTO09_45deg.parquet,TC23LTO09,LTO,lithium-ion,45.0,,45.0,charge,2,0.0154918093596872,0.0464744489602032,0.03080633999780693,2.31624647382819,45.19800649171271
raw_CU_diffT/TC23LTO09/TC23LTO09_45deg.parquet,TC23LTO09_45deg.parquet,TC23LTO09,LTO,lithium-ion,45.0,,45.0,charge,3,0.0154911918470747,0.0619656408072779,0.04107492701044466,2.32292263512144,45.182831740331494
raw_CU_diffT/TC23LTO09/TC23LTO09_45deg.parquet,TC23LTO09_45deg.parquet,TC23LTO09,LTO,lithium-ion,45.0,,45.0,charge,4,0.015491084514406,0.0774567253216839,0.05134344287588736,2.32673758443187,45.17745696132597
raw_CU_diffT/TC23LTO09/TC23LTO09_45deg.parquet,TC23LTO09_45deg.parquet,TC23LTO09,LTO,lithium-ion,45.0,,45.0,charge,5,0.0154936971699267,0.0929504224916106,0.0616136905822893,2.32921730148365,45.17841801104972
raw_CU_diffT/TC23LTO09/TC23LTO09_45deg.parquet,TC23LTO09_45deg.parquet,TC23LTO09,LTO,lithium-ion,45.0,,45.0,charge,6,0.0154917276558903,0.1084421501475009,0.07188263276446463,2.33074328120782,45.18527080110498
raw_CU_diffT/TC23LTO09/TC23LTO09_45deg.parquet,TC23LTO09_45deg.parquet,TC23LTO09,LTO,lithium-ion,45.0,,45.0,charge,7,0.0154914163023814,0.12393356644988231,0.08215136856093191,2.33207851346648,45.193095883977904
raw_CU_diffT/TC23LTO09/TC23LTO09_45deg.parquet,TC23LTO09_45deg.parquet,TC23LTO09,LTO,lithium-ion,45.0,,45.0,charge,8,0.0154915196588643,0.1394250861087466,0.09242017286891518,2.33303225079408,45.19934809392265
raw_CU_diffT/TC23LTO09/TC23LTO09_45deg.parquet,TC23LTO09_45deg.parquet,TC23LTO09,LTO,lithium-ion,45.0,,45.0,charge,9,0.0154915941255955,0.1549166802343421,0.10268902653837539,2.33360449319065,45.203539751381214
raw_CU_diffT/TC23LTO09/TC23LTO09_45deg.parquet,TC23LTO09_45deg.parquet,TC23LTO09,LTO,lithium-ion,45.0,,45.0,charge,10,0.0154935650670009,0.170410245301343,0.11295918667821682,2.33417673558721,45.20463814917127
raw_CU_diffT/TC23LTO09/TC23LTO09_45deg.parquet,TC23LTO09_45deg.parquet,TC23LTO09,LTO,lithium-ion,45.0,,45.0,charge,11,0.0154901636246292,0.1859004089259722,0.12322709211697992,2.33474897798378,45.200530497237565
raw_CU_diffT/TC23LTO09/TC23LTO09_45deg.parquet,TC23LTO09_45deg.parquet,TC23LTO09,LTO,lithium-ion,45.0,,45.0,charge,12,0.015493194329453,0.2013936032554252,0.1334970065074428,2.33532122038034,45.19799563535912
raw_CU_diffT/TC23LTO09/TC23LTO09_45deg.parquet,TC23LTO09_45deg.parquet,TC23LTO09,LTO,lithium-ion,45.0,,45.0,charge,13,0.0154936604040875,0.21688726365951272,0.14376722984301374,2.33570271531138,45.19696069060773
raw_CU_diffT/TC23LTO09/TC23LTO09_45deg.parquet,TC23LTO09_45deg.parquet,TC23LTO09,LTO,lithium-ion,45.0,,45.0,charge,14,0.0154906011639463,0.232377864823459,0.1540354253117883,2.33589346277691,45.19542953038675
raw_CU_diffT/TC23LTO09/TC23LTO09_45deg.parquet,TC23LTO09_45deg.parquet,TC23LTO09,LTO,lithium-ion,45.0,,45.0,charge,15,0.0154903342509673,0.2478681990744263,0.16430344385297868,2.33627495770795,45.19182919889502
raw_CU_diffT/TC23LTO09/TC23LTO09_45deg.parquet,TC23LTO09_45deg.parquet,TC23LTO09,LTO,lithium-ion,45.0,,45.0,charge,16,0.0154934159990141,0.2633616150734404,0.1745735051806946,2.33646570517347,45.19083696132596
raw_CU_diffT/TC23LTO09/TC23LTO09_45deg.parquet,TC23LTO09_45deg.parquet,TC23LTO09,LTO,lithium-ion,45.0,,45.0,charge,17,0.0154903559009483,0.27885197097438874,0.18484153807292497,2.33665645263899,45.19182914364641
raw_CU_diffT/TC23LTO09/TC23LTO09_45deg.parquet,TC23LTO09_45deg.parquet,TC23LTO09,LTO,lithium-ion,45.0,,45.0,charge,18,0.0154923918521703,0.29434436282655907,0.19511092052834478,2.33684720010451,45.19290616022099
raw_CU_diffT/TC23LTO09/TC23LTO09_45deg.parquet,TC23LTO09_45deg.parquet,TC23LTO09,LTO,lithium-ion,45.0,,45.0,charge,19,0.0154912534383395,0.3098356162648986,0.20537954836774833,2.33722869503556,45.193697928176796
raw_CU_diffT/TC23LTO09/TC23LTO09_45deg.parquet,TC23LTO09_45deg.parquet,TC23LTO09,LTO,lithium-ion,45.0,,45.0,charge,20,0.0154916451095744,0.325327261374473,0.21564843583276339,2.33722869503556,45.19648580110497
raw_CU_diffT/TC23LTO09/TC23LTO09_45deg.parquet,TC23LTO09_45deg.parquet,TC23LTO09,LTO,lithium-ion,45.0,,45.0,charge,21,0.0154914917960031,0.3408187531704761,0.22591722167139858,2.3376101899666,45.19997041436464
raw_CU_diffT/TC23LTO09/TC23LTO09_45deg.parquet,TC23LTO09_45deg.parquet,TC23LTO09,LTO,lithium-ion,45.0,,45.0,charge,22,0.0154912276666339,0.35630998083711,0.23618583242761035,2.3376101899666,45.201807596685086
raw_CU_diffT/TC23LTO09/TC23LTO09_45deg.parquet,TC23LTO09_45deg.parquet,TC23LTO09,LTO,lithium-ion,45.0,,45.0,charge,23,0.015489839127387,0.371799819964497,0.24645352276812924,2.33799168489764,45.202885220994474
raw_CU_diffT/TC23LTO09/TC23LTO09_45deg.parquet,TC23LTO09_45deg.parquet,TC23LTO09,LTO,lithium-ion,45.0,,45.0,charge,24,0.0154900476766176,0.3872898676411146,0.2567213513488779,2.33837317982869,45.20483770718232
raw_CU_diffT/TC23LTO09/TC23LTO09_45deg.parquet,TC23LTO09_45deg.parquet,TC23LTO09,LTO,lithium-ion,45.0,,45.0,charge,25,0.0154901781938052,0.40278004583491983,0.26698926644505494,2.33856392729421,45.20702439226519
raw_CU_diffT/TC23LTO09/TC23LTO09_45deg.parquet,TC23LTO09_45deg.parquet,TC23LTO09,LTO,lithium-ion,45.0,,45.0,charge,26,0.015490299774993,0.41827034560991283,0.2772572621332883,2.33894542222525,45.20934795580111
raw_CU_diffT/TC23LTO09/TC23LTO09_45deg.parquet,TC23LTO09_45deg.parquet,TC23LTO09,LTO,lithium-ion,45.0,,45.0,charge,27,0.0154900373874011,0.43376038299731395,0.28752508389366344,2.33951766462182,45.212663674033145
raw_CU_diffT/TC23LTO09/TC23LTO09_45deg.parquet,TC23LTO09_45deg.parquet,TC23LTO09,LTO,lithium-ion,45.0,,45.0,charge,28,0.0154910461327562,0.44925142913007016,0.29779357431720893,2.34008990701838,45.21952751381215
raw_CU_diffT/TC23LTO09/TC23LTO09_45deg.parquet,TC23LTO09_45deg.parquet,TC23LTO09,LTO,lithium-ion,45.0,,45.0,charge,29,0.0154912473714119,0.46474267650148204,0.3080621981350514,2.34104364434599,45.229591049723766
raw_CU_diffT/TC23LTO09/TC23LTO09_45deg.parquet,TC23LTO09_45deg.parquet,TC23LTO09,LTO,lithium-ion,45.0,,45.0,charge,30,0.0154948318765597,0.48023750837804174,0.3183331980000936,2.34218812913912,45.237848784530385
raw_CU_diffT/TC23LTO09/TC23LTO09_45deg.parquet,TC23LTO09_45deg.parquet,TC23LTO09,LTO,lithium-ion,45.0,,45.0,charge,31,0.0154941712516073,0.49573167962964904,0.3286037599592035,2.34371410886329,45.247689779005526
raw_CU_diffT/TC23LTO09/TC23LTO09_45deg.parquet,TC23LTO09_45deg.parquet,TC23LTO09,LTO,lithium-ion,45.0,,45.0,charge,32,0.015491461065584,0.511223140695233,0.3388725254276834,2.34543083605298,45.25894649171271
raw_CU_diffT/TC23LTO09/TC23LTO09_45deg.parquet,TC23LTO09_45deg.parquet,TC23LTO09,LTO,lithium-ion,45.0,,45.0,charge,33,0.01549056526747,0.526713705962703,0.3491406971018982,2.34752905817372,45.26915754143646
raw_CU_diffT/TC23LTO09/TC23LTO09_45deg.parquet,TC23LTO09_45deg.parquet,TC23LTO09,LTO,lithium-ion,45.0,,45.0,charge,34,0.0154924927550046,0.5422061987177076,0.35941014644239333,2.34962728029446,45.272970414364636
raw_CU_diffT/TC23LTO09/TC23LTO09_45deg.parquet,TC23LTO09_45deg.parquet,TC23LTO09,LTO,lithium-ion,45.0,,45.0,charge,35,0.0154925890343027,0.5576987877520103,0.36967965960317806,2.35191624988072,45.27564149171271
raw_CU_diffT/TC23LTO09/TC23LTO09_45deg.parquet,TC23LTO09_45deg.parquet,TC23LTO09,LTO,lithium-ion,45.0,,45.0,charge,36,0.0154912803563881,0.5731900681083985,0.37994830528564544,2.3543959669325,45.27904229281768
raw_CU_diffT/TC23LTO09/TC23LTO09_45deg.parquet,TC23LTO09_45deg.parquet,TC23LTO09,LTO,lithium-ion,45.0,,45.0,charge,37,0.0154914894596961,0.5886815575680946,0.3902170895756218,2.3570664314498,45.280161325966844
raw_CU_diffT/TC23LTO09/TC23LTO09_45deg.parquet,TC23LTO09_45deg.parquet,TC23LTO09,LTO,lithium-ion,45.0,,45.0,charge,38,0.0154914644987173,0.6041730220668119,0.4004858573198097,2.3597368959671,45.279263977900555
raw_CU_diffT/TC23LTO09/TC23LTO09_45deg.parquet,TC23LTO09_45deg.parquet,TC23LTO09,LTO,lithium-ion,45.0,,45.0,charge,39,0.0154910417488604,0.6196640638156723,0.4107543448374189,2.36278885541544,45.28197801104972
raw_CU_diffT/TC23LTO09/TC23LTO09_45deg.parquet,TC23LTO09_45deg.parquet,TC23LTO09,LTO,lithium-ion,45.0,,45.0,charge,40,0.0154901614212463,0.6351542252369186,0.421022248815634,2.36565006739827,45.286951795580116
raw_CU_diffT/TC23LTO09/TC23LTO09_45deg.parquet,TC23LTO09_45deg.parquet,TC23LTO09,LTO,lithium-ion,45.0,,45.0,charge,41,0.0154909431232297,0.6506451683601483,0.43129067095764917,2.36889277431213,45.29431143646409
raw_CU_diffT/TC23LTO09/TC23LTO09_45deg.parquet,TC23LTO09_45deg.parquet,TC23LTO09,LTO,lithium-ion,45.0,,45.0,charge,42,0.0154908461163305,0.6661360144764787,0.44155902879707254,2.37194473376048,45.30316024861879
raw_CU_diffT/TC23LTO09/TC23LTO09_45deg.parquet,TC23LTO09_45deg.parquet,TC23LTO09,LTO,lithium-ion,45.0,,45.0,charge,43,0.0154908886246664,0.6816269031011452,0.45182741481383376,2.37537818813987,45.31245337016575
raw_CU_diffT/TC23LTO09/TC23LTO09_45deg.parquet,TC23LTO09_45deg.parquet,TC23LTO09,LTO,lithium-ion,45.0,,45.0,charge,44,0.0154905907935726,0.6971174938947178,0.4620956034084384,2.37881164251925,45.31903279005524
raw_CU_diffT/TC23LTO09/TC23LTO09_45deg.parquet,TC23LTO09_45deg.parquet,TC23LTO09,LTO,lithium-ion,45.0,,45.0,charge,45,0.0154905607560468,0.7126080546507646,0.47236377209218344,2.38224509689864,45.3207752762431
raw_CU_diffT/TC23LTO09/TC23LTO09_45deg.parquet,TC23LTO09_45deg.parquet,TC23LTO09,LTO,lithium-ion,45.0,,45.0,charge,46,0.0154902809916607,0.7280983356424253,0.48263175532958125,2.38586929874355,45.3214826243094
raw_CU_diffT/TC23LTO09/TC23LTO09_45deg.parquet,TC23LTO09_45deg.parquet,TC23LTO09,LTO,lithium-ion,45.0,,45.0,charge,47,0.0154902290422057,0.743588564684631,0.4928997041314427,2.38949350058846,45.32320364640884
raw_CU_diffT/TC23LTO09/TC23LTO09_45deg.parquet,TC23LTO09_45deg.parquet,TC23LTO09,LTO,lithium-ion,45.0,,45.0,charge,48,0.015490798779332,0.759079363463963,0.5031680305927712,2.39330844989889,45.32712127071823
raw_CU_diffT/TC23LTO09/TC23LTO09_45deg.parquet,TC23LTO09_45deg.parquet,TC23LTO09,LTO,lithium-ion,45.0,,45.0,charge,49,0.0154916651333365,0.7745710285972995,0.5134369313308608,2.39712339920932,45.329993425414365
raw_CU_diffT/TC23LTO09/TC23LTO09_45deg.parquet,TC23LTO09_45deg.parquet,TC23LTO09,LTO,lithium-ion,45.0,,45.0,charge,50,0.0154911293856434,0.790062157982943,0.5237054769399287,2.40074760105423,45.33162972375692
raw_CU_diffT/TC23LTO09/TC23LTO09_45deg.parquet,TC23LTO09_45deg.parquet,TC23LTO09,LTO,lithium-ion,45.0,,45.0,charge,51,0.0154918163710251,0.8055539743539681,0.5339744779283658,2.40475329783019,45.33401541436464
raw_CU_diffT/TC23LTO09/TC23LTO09_45deg.parquet,TC23LTO09_45deg.parquet,TC23LTO09,LTO,lithium-ion,45.0,,45.0,charge,52,0.0154911717242103,0.8210451460781785,0.5442430516022375,2.40856824714062,45.33611613259669
raw_CU_diffT/TC23LTO09/TC23LTO09_45deg.parquet,TC23LTO09_45deg.parquet,TC23LTO09,LTO,lithium-ion,45.0,,45.0,charge,53,0.0154923459182111,0.8365374919963896,0.5545124036095896,2.41257394391657,45.335958204419896
raw_CU_diffT/TC23LTO09/TC23LTO09_45deg.parquet,TC23LTO09_45deg.parquet,TC23LTO09,LTO,lithium-ion,45.0,,45.0,charge,54,0.0154917762897481,0.8520292682861377,0.564781378029504,2.41657964069252,45.33930621546962
raw_CU_diffT/TC23LTO09/TC23LTO09_45deg.parquet,TC23LTO09_45deg.parquet,TC23LTO09,LTO,lithium-ion,45.0,,45.0,charge,55,0.0154914963686416,0.8675207646547792,0.5750501668991865,2.42058533746847,45.34597872928178
raw_CU_diffT/TC23LTO09/TC23LTO09_45deg.parquet,TC23LTO09_45deg.parquet,TC23LTO09,LTO,lithium-ion,45.0,,45.0,charge,56,0.0154915860178224,0.8830123506726016,0.5853190151942782,2.42459103424443,45.3517344198895
raw_CU_diffT/TC23LTO09/TC23LTO09_45deg.parquet,TC23LTO09_45deg.parquet,TC23LTO09,LTO,lithium-ion,45.0,,45.0,charge,57,0.0154920650616765,0.8985044157342782,0.5955881810313349,2.42859673102038,45.357226298342546
raw_CU_diffT/TC23LTO09/TC23LTO09_45deg.parquet,TC23LTO09_45deg.parquet,TC23LTO09,LTO,lithium-ion,45.0,,45.0,charge,58,0.0154909794896691,0.9139953952239473,0.6058566272794326,2.43298392272738,45.36135430939226
raw_CU_diffT/TC23LTO09/TC23LTO09_45deg.parquet,TC23LTO09_45deg.parquet,TC23LTO09,LTO,lithium-ion,45.0,,45.0,charge,59,0.0154908429391152,0.9294862381630625,0.6161249830127874,2.43718036696885,45.36672157458563
raw_CU_diffT/TC23LTO09/TC23LTO09_45deg.parquet,TC23LTO09_45deg.parquet,TC23LTO09,LTO,lithium-ion,45.0,,45.0,charge,60,0.015491710259486,0.9449779484225486,0.6263939136634749,2.4411860637448,45.37251850828729
raw_CU_diffT/TC23LTO09/TC23LTO09_45deg.parquet,TC23LTO09_45deg.parquet,TC23LTO09,LTO,lithium-ion,45.0,,45.0,charge,61,0.0154915438016139,0.9604694922241624,0.63666273397487,2.4455732554518,45.37649795580109
raw_CU_diffT/TC23LTO09/TC23LTO09_45deg.parquet,TC23LTO09_45deg.parquet,TC23LTO09,LTO,lithium-ion,45.0,,45.0,charge,62,0.0154917251158639,0.9759612173400264,0.6469316744733479,2.44976969969327,45.38275607734807
raw_CU_diffT/TC23LTO09/TC23LTO09_45deg.parquet,TC23LTO09_45deg.parquet,TC23LTO09,LTO,lithium-ion,45.0,,45.0,charge,63,0.0154947002486655,0.9914559175886919,0.6572025870867119,2.45434763886579,45.387596712707186
raw_CU_diffT/TC23LTO09/TC23LTO09_45deg.parquet,TC23LTO09_45deg.parquet,TC23LTO09,LTO,lithium-ion,45.0,,45.0,charge,64,0.0154904481832677,1.0069463657719595,0.6674706811497698,2.45854408310726,45.38846267955802
raw_CU_diffT/TC23LTO09/TC23LTO09_45deg.parquet,TC23LTO09_45deg.parquet,TC23LTO09,LTO,lithium-ion,45.0,,45.0,charge,65,0.0154928017532066,1.022439167525166,0.6777403353147197,2.4633127697453,45.38717240331493
raw_CU_diffT/TC23LTO09/TC23LTO09_45deg.parquet,TC23LTO09_45deg.parquet,TC23LTO09,LTO,lithium-ion,45.0,,45.0,charge,66,0.0154919368477572,1.0379311043729234,0.6880094161631067,2.46789070891782,45.38765883977901
raw_CU_diffT/TC23LTO09/TC23LTO09_45deg.parquet,TC23LTO09_45deg.parquet,TC23LTO09,LTO,lithium-ion,45.0,,45.0,charge,67,0.0154913387141104,1.0534224430870338,0.698278100528934,2.47285014302138,45.38798649171271
raw_CU_diffT/TC23LTO09/TC23LTO09_45deg.parquet,TC23LTO09_45deg.parquet,TC23LTO09,LTO,lithium-ion,45.0,,45.0,charge,68,0.0154938352159706,1.0689162783030044,0.7085484397413884,2.47761882965942,45.386844447513816
raw_CU_diffT/TC23LTO09/TC23LTO09_45deg.parquet,TC23LTO09_45deg.parquet,TC23LTO09,LTO,lithium-ion,45.0,,45.0,charge,69,0.0154911352230211,1.0844074135260255,0.7188169892198566,2.48295975869402,45.38312585635359
raw_CU_diffT/TC23LTO09/TC23LTO09_45deg.parquet,TC23LTO09_45deg.parquet,TC23LTO09,LTO,lithium-ion,45.0,,45.0,charge,70,0.0154943754133201,1.0999017889393456,0.7290876865108592,2.4881099402631,45.3825032596685
raw_CU_diffT/TC23LTO09/TC23LTO09_45deg.parquet,TC23LTO09_45deg.parquet,TC23LTO09,LTO,lithium-ion,45.0,,45.0,charge,71,0.0154938323495589,1.1153956212889045,0.7393580238232662,2.49345086929771,45.38685450276243
raw_CU_diffT/TC23LTO09/TC23LTO09_45deg.parquet,TC23LTO09_45deg.parquet,TC23LTO09,LTO,lithium-ion,45.0,,45.0,charge,72,0.0154914956946751,1.1308871169835795,0.7496268122461991,2.49898254579783,45.394785359116035
raw_CU_diffT/TC23LTO09/TC23LTO09_45deg.parquet,TC23LTO09_45deg.parquet,TC23LTO09,LTO,lithium-ion,45.0,,45.0,charge,73,0.0154915730203546,1.146378690003934,0.7598956519257091,2.50451422229796,45.4031508563536
raw_CU_diffT/TC23LTO09/TC23LTO09_45deg.parquet,TC23LTO09_45deg.parquet,TC23LTO09,LTO,lithium-ion,45.0,,45.0,charge,74,0.0154939908380185,1.1618726808419526,0.7701660942947544,2.5102366462636,45.41269850828729
raw_CU_diffT/TC23LTO09/TC23LTO09_45deg.parquet,TC23LTO09_45deg.parquet,TC23LTO09,LTO,lithium-ion,45.0,,45.0,charge,75,0.0154922335065084,1.177364914348461,0.7804353717881917,2.51557757529821,45.42682621546961
raw_CU_diffT/TC23LTO09/TC23LTO09_45deg.parquet,TC23LTO09_45deg.parquet,TC23LTO09,LTO,lithium-ion,45.0,,45.0,charge,76,0.0154926199936502,1.1928575343421113,0.7907049054708806,2.52091850433281,45.44413265193369
raw_CU_diffT/TC23LTO09/TC23LTO09_45deg.parquet,TC23LTO09_45deg.parquet,TC23LTO09,LTO,lithium-ion,45.0,,45.0,charge,77,0.015492602762798,1.2083501371049092,0.8009744277318204,2.52625943336741,45.46275055248618
raw_CU_diffT/TC23LTO09/TC23LTO09_45deg.parquet,TC23LTO09_45deg.parquet,TC23LTO09,LTO,lithium-ion,45.0,,45.0,charge,78,0.0154927025839006,1.22384283968881,0.8112440161607922,2.53217260479858,45.47620270718232
raw_CU_diffT/TC23LTO09/TC23LTO09_45deg.parquet,TC23LTO09_45deg.parquet,TC23LTO09,LTO,lithium-ion,45.0,,45.0,charge,79,0.0154924714571586,1.2393353111459686,0.8215134513836658,2.53808577622975,45.47937110497238
raw_CU_diffT/TC23LTO09/TC23LTO09_45deg.parquet,TC23LTO09_45deg.parquet,TC23LTO09,LTO,lithium-ion,45.0,,45.0,charge,80,0.0154931394419116,1.2548284505878802,0.8317833293910343,2.54438044259196,45.47155734806629
raw_CU_diffT/TC23LTO09/TC23LTO09_45deg.parquet,TC23LTO09_45deg.parquet,TC23LTO09,LTO,lithium-ion,45.0,,45.0,charge,81,0.0154922779649805,1.2703207285528606,0.8420526363544887,2.55086585641969,45.45555886740331
raw_CU_diffT/TC23LTO09/TC23LTO09_45deg.parquet,TC23LTO09_45deg.parquet,TC23LTO09,LTO,lithium-ion,45.0,,45.0,charge,82,0.0154900609620819,1.2858107895149424,0.8523204737417222,2.55735127024743,45.438884917127076
raw_CU_diffT/TC23LTO09/TC23LTO09_45deg.parquet,TC23LTO09_45deg.parquet,TC23LTO09,LTO,lithium-ion,45.0,,45.0,charge,83,0.0154932102516811,1.3013039997666236,0.8625903986864915,2.56326444167859,45.42555941988951
raw_CU_diffT/TC23LTO09/TC23LTO09_45deg.parquet,TC23LTO09_45deg.parquet,TC23LTO09,LTO,lithium-ion,45.0,,45.0,charge,84,0.0154922679665081,1.3167962677331317,0.8728596990222968,2.56879611817872,45.416277237569076
raw_CU_diffT/TC23LTO09/TC23LTO09_45deg.parquet,TC23LTO09_45deg.parquet,TC23LTO09,LTO,lithium-ion,45.0,,45.0,charge,85,0.0154923673967171,1.3322886351298489,0.883129065267024,2.5739462997478,45.4123711878453
raw_CU_diffT/TC23LTO09/TC23LTO09_45deg.parquet,TC23LTO09_45deg.parquet,TC23LTO09,LTO,lithium-ion,45.0,,45.0,charge,86,0.0154916735613384,1.3477803086911873,0.8933979715917508,2.57909648131688,45.41156875690608
raw_CU_diffT/TC23LTO09/TC23LTO09_45deg.parquet,TC23LTO09_45deg.parquet,TC23LTO09,LTO,lithium-ion,45.0,,45.0,charge,87,0.0154927497812995,1.3632730584724868,0.9036675913062817,2.58424666288597,45.40969994475139
raw_CU_diffT/TC23LTO09/TC23LTO09_45deg.parquet,TC23LTO09_45deg.parquet,TC23LTO09,LTO,lithium-ion,45.0,,45.0,charge,88,0.0154906900413545,1.3787637485138413,0.9139358456888835,2.58977833938609,45.39919243093922
raw_CU_diffT/TC23LTO09/TC23LTO09_45deg.parquet,TC23LTO09_45deg.parquet,TC23LTO09,LTO,lithium-ion,45.0,,45.0,charge,89,0.0154921053685006,1.394255853882342,0.9242050382439703,2.59511926842069,45.37065892265193
raw_CU_diffT/TC23LTO09/TC23LTO09_45deg.parquet,TC23LTO09_45deg.parquet,TC23LTO09,LTO,lithium-ion,45.0,,45.0,charge,90,0.0154926853227006,1.4097485392050426,0.9344746152310766,2.59969720759321,45.34039337016575
raw_CU_diffT/TC23LTO09/TC23LTO09_45deg.parquet,TC23LTO09_45deg.parquet,TC23LTO09,LTO,lithium-ion,45.0,,45.0,charge,91,0.0154921559352251,1.4252406951402676,0.9447438413051343,2.60503813662781,45.33850331491713
raw_CU_diffT/TC23LTO09/TC23LTO09_45deg.parquet,TC23LTO09_45deg.parquet,TC23LTO09,LTO,lithium-ion,45.0,,45.0,charge,92,0.0154924219715423,1.4407331171118098,0.9550132437256669,2.61133280299003,45.35824019337017
raw_CU_diffT/TC23LTO09/TC23LTO09_45deg.parquet,TC23LTO09_45deg.parquet,TC23LTO09,LTO,lithium-ion,45.0,,45.0,charge,93,0.0154922328220872,1.456225349933897,0.9652825207654244,2.61915344907641,45.37556933701657
raw_CU_diffT/TC23LTO09/TC23LTO09_45deg.parquet,TC23LTO09_45deg.parquet,TC23LTO09,LTO,lithium-ion,45.0,,45.0,charge,94,0.015492419294336,1.471717769228233,0.9755519214113275,2.62811857995592,45.38710906077348
raw_CU_diffT/TC23LTO09/TC23LTO09_45deg.parquet,TC23LTO09_45deg.parquet,TC23LTO09,LTO,lithium-ion,45.0,,45.0,charge,95,0.0113021907191756,1.4830199599474088,0.9830437612890447,2.63536698364574,45.38906243093923
raw_CU_diffT/TC23LTO09/TC23LTO09_45deg.parquet,TC23LTO09_45deg.parquet,TC23LTO09,LTO,lithium-ion,45.0,,45.0,charge,96,0.0069452874611682,1.489965247408577,0.9876475573898758,2.64070791268034,45.38445577348066
raw_CU_diffT/TC23LTO09/TC23LTO09_45deg.parquet,TC23LTO09_45deg.parquet,TC23LTO09,LTO,lithium-ion,45.0,,45.0,charge,97,0.0049644407217791,1.494929688130356,0.9909383171986696,2.64547659931838,45.378904861878446
raw_CU_diffT/TC23LTO09/TC23LTO09_45deg.parquet,TC23LTO09_45deg.parquet,TC23LTO09,LTO,lithium-ion,45.0,,45.0,charge,98,0.0035073642991028,1.4984370524294588,0.9932632303393689,2.64795631637016,45.37508486187846
raw_CU_diffT/TC23LTO09/TC23LTO09_45deg.parquet,TC23LTO09_45deg.parquet,TC23LTO09,LTO,lithium-ion,45.0,,45.0,charge,99,0.0029452614108501,1.5013823138403088,0.9952155444912325,2.65253425554268,45.37439895027625
raw_CU_diffT/TC23LTO09/TC23LTO09_45deg.parquet,TC23LTO09_45deg.parquet,TC23LTO09,LTO,lithium-ion,45.0,,45.0,charge,100,0.0019152297055576,1.5032975435458664,0.996485085471349,2.65234350807716,45.373808011049725
raw_CU_diffT/TC23LTO09/TC23LTO09_45deg.parquet,TC23LTO09_45deg.parquet,TC23LTO09,LTO,lithium-ion,45.0,,45.0,charge,101,0.0020124220417002,1.5053099655875666,0.997819051963104,2.65634920485311,45.370758259668506
raw_CU_diffT/TC23LTO09/TC23LTO09_45deg.parquet,TC23LTO09_45deg.parquet,TC23LTO09,LTO,lithium-ion,45.0,,45.0,charge,102,0.0012615540699856,1.5065715196575522,0.998655293478068,2.6571121947152,45.369679088397795
raw_CU_diffT/TC23LTO09/TC23LTO09_45deg.parquet,TC23LTO09_45deg.parquet,TC23LTO09,LTO,lithium-ion,45.0,,45.0,charge,103,0.0011327406423238,1.507704260299876,0.9994061489295579,2.65882892190489,45.368853839779014
raw_CU_diffT/TC23LTO09/TC23LTO09_45deg.parquet,TC23LTO09_45deg.parquet,TC23LTO09,LTO,lithium-ion,45.0,,45.0,charge,104,0.0008958838104493,1.5086001441103254,1.0000000000000002,2.65940116430146,45.37048317679558
raw_CU_diffT/TC23NMC09/TC23NMC09_05deg.parquet,TC23NMC09_05deg.parquet,TC23NMC09,NMC,lithium-ion,5.0,,5.0,discharge,0,0.0157137256591401,0.0157137256591401,0.010000980670206282,4.19003063025999,5.890743563535911
raw_CU_diffT/TC23NMC09/TC23NMC09_05deg.parquet,TC23NMC09_05deg.parquet,TC23NMC09,NMC,lithium-ion,5.0,,5.0,discharge,1,0.0157128138715164,0.0314265395306565,0.02000138103434144,4.16886211722194,5.587553839779006
raw_CU_diffT/TC23NMC09/TC23NMC09_05deg.parquet,TC23NMC09_05deg.parquet,TC23NMC09,NMC,lithium-ion,5.0,,5.0,discharge,2,0.0157140660004514,0.0471406055311079,0.03000257831434157,4.15093562870324,5.550973259668508
raw_CU_diffT/TC23NMC09/TC23NMC09_05deg.parquet,TC23NMC09_05deg.parquet,TC23NMC09,NMC,lithium-ion,5.0,,5.0,discharge,3,0.0157132040995337,0.0628538096306416,0.040003227038601034,4.13567904272988,5.597712237569061
raw_CU_diffT/TC23NMC09/TC23NMC09_05deg.parquet,TC23NMC09_05deg.parquet,TC23NMC09,NMC,lithium-ion,5.0,,5.0,discharge,4,0.0157129813847912,0.0785667910154328,0.05000373401634646,4.12232953000318,5.646360524861879
raw_CU_diffT/TC23NMC09/TC23NMC09_05deg.parquet,TC23NMC09_05deg.parquet,TC23NMC09,NMC,lithium-ion,5.0,,5.0,discharge,5,0.0157131576678166,0.0942799486832494,0.06000435318919874,4.11031496854916,5.672773287292817
raw_CU_diffT/TC23NMC09/TC23NMC09_05deg.parquet,TC23NMC09_05deg.parquet,TC23NMC09,NMC,lithium-ion,5.0,,5.0,discharge,6,0.0157129716609282,0.1099929203441776,0.07000485397820395,4.1002074803418,5.694629889502761
raw_CU_diffT/TC23NMC09/TC23NMC09_05deg.parquet,TC23NMC09_05deg.parquet,TC23NMC09,NMC,lithium-ion,5.0,,5.0,discharge,7,0.0157131391502994,0.125706059494477,0.08000546136560602,4.09105352875778,5.709284751381214
raw_CU_diffT/TC23NMC09/TC23NMC09_05deg.parquet,TC23NMC09_05deg.parquet,TC23NMC09,NMC,lithium-ion,5.0,,5.0,discharge,8,0.0157135737130807,0.14141963320755768,0.09000634532993643,4.08266240647243,5.727032265193371
raw_CU_diffT/TC23NMC09/TC23NMC09_05deg.parquet,TC23NMC09_05deg.parquet,TC23NMC09,NMC,lithium-ion,5.0,,5.0,discharge,9,0.0157127864908612,0.15713241969841887,0.10000672826768847,4.07541552813508,5.739439944751382
raw_CU_diffT/TC23NMC09/TC23NMC09_05deg.parquet,TC23NMC09_05deg.parquet,TC23NMC09,NMC,lithium-ion,5.0,,5.0,discharge,10,0.0157132099113206,0.17284562960973948,0.1100073806908523,4.0689314790964,5.7331475690607725
raw_CU_diffT/TC23NMC09/TC23NMC09_05deg.parquet,TC23NMC09_05deg.parquet,TC23NMC09,NMC,lithium-ion,5.0,,5.0,discharge,11,0.0157127597171321,0.18855838932687158,0.12000774658849858,4.06321025935639,5.73944870165746
raw_CU_diffT/TC23NMC09/TC23NMC09_05deg.parquet,TC23NMC09_05deg.parquet,TC23NMC09,NMC,lithium-ion,5.0,,5.0,discharge,12,0.0157132361823403,0.20427162550921188,0.13000841573181943,4.05806116159038,5.737480690607735
raw_CU_diffT/TC23NMC09/TC23NMC09_05deg.parquet,TC23NMC09_05deg.parquet,TC23NMC09,NMC,lithium-ion,5.0,,5.0,discharge,13,0.0157130254420969,0.21998465095130879,0.14000895074978092,4.05329347847371,5.731829834254144
raw_CU_diffT/TC23NMC09/TC23NMC09_05deg.parquet,TC23NMC09_05deg.parquet,TC23NMC09,NMC,lithium-ion,5.0,,5.0,discharge,14,0.0157126053275932,0.23569725627890198,0.1500092183864019,4.0492886246557,5.7383630110497235
raw_CU_diffT/TC23NMC09/TC23NMC09_05deg.parquet,TC23NMC09_05deg.parquet,TC23NMC09,NMC,lithium-ion,5.0,,5.0,discharge,15,0.0157133239421788,0.25141058022108076,0.16000994338436011,4.04528377083769,5.7415240055248615
raw_CU_diffT/TC23NMC09/TC23NMC09_05deg.parquet,TC23NMC09_05deg.parquet,TC23NMC09,NMC,lithium-ion,5.0,,5.0,discharge,16,0.015712625044341,0.26712320526542177,0.17001022356968012,4.04185103899368,5.743519806629834
raw_CU_diffT/TC23NMC09/TC23NMC09_05deg.parquet,TC23NMC09_05deg.parquet,TC23NMC09,NMC,lithium-ion,5.0,,5.0,discharge,17,0.0157135193572594,0.28283672462268117,0.18001107293931737,4.03841830714967,5.752603176795579
raw_CU_diffT/TC23NMC09/TC23NMC09_05deg.parquet,TC23NMC09_05deg.parquet,TC23NMC09,NMC,lithium-ion,5.0,,5.0,discharge,18,0.0157141183920507,0.2985508430147319,0.1900123035638841,4.035366989955,5.760316795580109
raw_CU_diffT/TC23NMC09/TC23NMC09_05deg.parquet,TC23NMC09_05deg.parquet,TC23NMC09,NMC,lithium-ion,5.0,,5.0,discharge,19,0.0157135973749361,0.314264440389668,0.20001320258777225,4.03193425811099,5.7614123480662975
raw_CU_diffT/TC23NMC09/TC23NMC09_05deg.parquet,TC23NMC09_05deg.parquet,TC23NMC09,NMC,lithium-ion,5.0,,5.0,discharge,20,0.0157141651606872,0.3299786055503552,0.21001446297817805,4.02850152626699,5.76280955801105
raw_CU_diffT/TC23NMC09/TC23NMC09_05deg.parquet,TC23NMC09_05deg.parquet,TC23NMC09,NMC,lithium-ion,5.0,,5.0,discharge,21,0.0157136637374173,0.34569226928777247,0.22001540423838278,4.02468737977365,5.765949944751382
raw_CU_diffT/TC23NMC09/TC23NMC09_05deg.parquet,TC23NMC09_05deg.parquet,TC23NMC09,NMC,lithium-ion,5.0,,5.0,discharge,22,0.0157136895456958,0.36140595883346827,0.23001636192423344,4.02011040398164,5.769826408839778
raw_CU_diffT/TC23NMC09/TC23NMC09_05deg.parquet,TC23NMC09_05deg.parquet,TC23NMC09,NMC,lithium-ion,5.0,,5.0,discharge,23,0.0157148687128749,0.3771208275463432,0.24001807008953255,4.01534272086496,5.76950591160221
raw_CU_diffT/TC23NMC09/TC23NMC09_05deg.parquet,TC23NMC09_05deg.parquet,TC23NMC09,NMC,lithium-ion,5.0,,5.0,discharge,24,0.0157141872209186,0.3928350147672618,0.25001934452014457,4.00981220844962,5.776756712707181
raw_CU_diffT/TC23NMC09/TC23NMC09_05deg.parquet,TC23NMC09_05deg.parquet,TC23NMC09,NMC,lithium-ion,5.0,,5.0,discharge,25,0.0157134422994089,0.4085484570666707,0.260020144846411,4.00332815941094,5.777638812154697
raw_CU_diffT/TC23NMC09/TC23NMC09_05deg.parquet,TC23NMC09_05deg.parquet,TC23NMC09,NMC,lithium-ion,5.0,,5.0,discharge,26,0.0157143892637673,0.424262846330438,0.27002154786693655,3.99608128107359,5.777463342541435
raw_CU_diffT/TC23NMC09/TC23NMC09_05deg.parquet,TC23NMC09_05deg.parquet,TC23NMC09,NMC,lithium-ion,5.0,,5.0,discharge,27,0.0157130043722044,0.4399758507026424,0.28002206947499186,3.98807157343757,5.779848011049723
raw_CU_diffT/TC23NMC09/TC23NMC09_05deg.parquet,TC23NMC09_05deg.parquet,TC23NMC09,NMC,lithium-ion,5.0,,5.0,discharge,28,0.0157142757466413,0.4556901264492837,0.29002340024768725,3.97968045115222,5.782823453038675
raw_CU_diffT/TC23NMC09/TC23NMC09_05deg.parquet,TC23NMC09_05deg.parquet,TC23NMC09,NMC,lithium-ion,5.0,,5.0,discharge,29,0.0157127786159179,0.4714029050652016,0.30002377817344167,3.97090791421754,5.7779391988950275
raw_CU_diffT/TC23NMC09/TC23NMC09_05deg.parquet,TC23NMC09_05deg.parquet,TC23NMC09,NMC,lithium-ion,5.0,,5.0,discharge,30,0.015713933279975,0.4871168383451766,0.3100248909836637,3.96194466995818,5.779675110497237
raw_CU_diffT/TC23NMC09/TC23NMC09_05deg.parquet,TC23NMC09_05deg.parquet,TC23NMC09,NMC,lithium-ion,5.0,,5.0,discharge,31,0.0157136214662392,0.5028304598114158,0.320025805340431,3.9531721330235,5.7657074585635355
raw_CU_diffT/TC23NMC09/TC23NMC09_05deg.parquet,TC23NMC09_05deg.parquet,TC23NMC09,NMC,lithium-ion,5.0,,5.0,discharge,32,0.0157141095477603,0.5185445693591761,0.3300270303360604,3.94439959608881,5.754279116022099
raw_CU_diffT/TC23NMC09/TC23NMC09_05deg.parquet,TC23NMC09_05deg.parquet,TC23NMC09,NMC,lithium-ion,5.0,,5.0,discharge,33,0.0157145608544264,0.5342591302136025,0.3400285425652423,3.93600847380346,5.74854093922652
raw_CU_diffT/TC23NMC09/TC23NMC09_05deg.parquet,TC23NMC09_05deg.parquet,TC23NMC09,NMC,lithium-ion,5.0,,5.0,discharge,34,0.0157134198798138,0.5499725500934163,0.350029328622586,3.92818947349211,5.748125580110497
raw_CU_diffT/TC23NMC09/TC23NMC09_05deg.parquet,TC23NMC09_05deg.parquet,TC23NMC09,NMC,lithium-ion,5.0,,5.0,discharge,35,0.0157137539239515,0.5656863040173677,0.36003032728189543,3.92056118050543,5.742540414364641
raw_CU_diffT/TC23NMC09/TC23NMC09_05deg.parquet,TC23NMC09_05deg.parquet,TC23NMC09,NMC,lithium-ion,5.0,,5.0,discharge,36,0.0157140613810873,0.5814003653984551,0.3700315216219072,3.91331430216808,5.735096712707183
raw_CU_diffT/TC23NMC09/TC23NMC09_05deg.parquet,TC23NMC09_05deg.parquet,TC23NMC09,NMC,lithium-ion,5.0,,5.0,discharge,37,0.0157141274006103,0.5971144927990654,0.3800327579799602,3.9068302531294,5.7320532044198895
raw_CU_diffT/TC23NMC09/TC23NMC09_05deg.parquet,TC23NMC09_05deg.parquet,TC23NMC09,NMC,lithium-ion,5.0,,5.0,discharge,38,0.0157139389683948,0.6128284317674602,0.3900338744105698,3.90053691141539,5.732819613259669
raw_CU_diffT/TC23NMC09/TC23NMC09_05deg.parquet,TC23NMC09_05deg.parquet,TC23NMC09,NMC,lithium-ion,5.0,,5.0,discharge,39,0.0157139323716302,0.6285423641390904,0.40003498664267695,3.89481569167538,5.725268121546961
raw_CU_diffT/TC23NMC09/TC23NMC09_05deg.parquet,TC23NMC09_05deg.parquet,TC23NMC09,NMC,lithium-ion,5.0,,5.0,discharge,40,0.0157146941613729,0.6442570583004633,0.4100365837148951,3.88928517926003,5.718658784530387
raw_CU_diffT/TC23NMC09/TC23NMC09_05deg.parquet,TC23NMC09_05deg.parquet,TC23NMC09,NMC,lithium-ion,5.0,,5.0,discharge,41,0.0157143941167064,0.6599714524171697,0.42003798982406754,3.88432678881869,5.713967486187845
raw_CU_diffT/TC23NMC09/TC23NMC09_05deg.parquet,TC23NMC09_05deg.parquet,TC23NMC09,NMC,lithium-ion,5.0,,5.0,discharge,42,0.0157141717777927,0.6756856241949624,0.4300392544259217,3.87936839837735,5.71490679558011
raw_CU_diffT/TC23NMC09/TC23NMC09_05deg.parquet,TC23NMC09_05deg.parquet,TC23NMC09,NMC,lithium-ion,5.0,,5.0,discharge,43,0.0157145355772523,0.6914001597722147,0.4400407505674784,3.87479142258534,5.717271491712708
raw_CU_diffT/TC23NMC09/TC23NMC09_05deg.parquet,TC23NMC09_05deg.parquet,TC23NMC09,NMC,lithium-ion,5.0,,5.0,discharge,44,0.0157148950975007,0.7071150548697154,0.4500424755252389,3.87021444679333,5.714383176795581
raw_CU_diffT/TC23NMC09/TC23NMC09_05deg.parquet,TC23NMC09_05deg.parquet,TC23NMC09,NMC,lithium-ion,5.0,,5.0,discharge,45,0.0157140147822348,0.7228290696519502,0.46004364020747035,3.86582817832598,5.717854005524862
raw_CU_diffT/TC23NMC09/TC23NMC09_05deg.parquet,TC23NMC09_05deg.parquet,TC23NMC09,NMC,lithium-ion,5.0,,5.0,discharge,46,0.0157134891063137,0.7385425587582638,0.4700444703239317,3.86125120253398,5.723892430939228
raw_CU_diffT/TC23NMC09/TC23NMC09_05deg.parquet,TC23NMC09_05deg.parquet,TC23NMC09,NMC,lithium-ion,5.0,,5.0,discharge,47,0.0157140123692542,0.754256571127518,0.4800456334704247,3.85686493406663,5.724843176795581
raw_CU_diffT/TC23NMC09/TC23NMC09_05deg.parquet,TC23NMC09_05deg.parquet,TC23NMC09,NMC,lithium-ion,5.0,,5.0,discharge,48,0.0157151053240288,0.7699716764515467,0.4900474922265911,3.85228795827462,5.719996685082873
raw_CU_diffT/TC23NMC09/TC23NMC09_05deg.parquet,TC23NMC09_05deg.parquet,TC23NMC09,NMC,lithium-ion,5.0,,5.0,discharge,49,0.015712994029407,0.7856846704809537,0.5000480072519862,3.84771098248261,5.72460953038674
raw_CU_diffT/TC23NMC09/TC23NMC09_05deg.parquet,TC23NMC09_05deg.parquet,TC23NMC09,NMC,lithium-ion,5.0,,5.0,discharge,50,0.0157136129000386,0.8013982833809923,0.5100489161568059,3.8431340066906,5.721536988950277
raw_CU_diffT/TC23NMC09/TC23NMC09_05deg.parquet,TC23NMC09_05deg.parquet,TC23NMC09,NMC,lithium-ion,5.0,,5.0,discharge,51,0.0157149223392294,0.8171132057202217,0.5200506584525301,3.83836632357393,5.7372977348066305
raw_CU_diffT/TC23NMC09/TC23NMC09_05deg.parquet,TC23NMC09_05deg.parquet,TC23NMC09,NMC,lithium-ion,5.0,,5.0,discharge,52,0.0157147580116656,0.8328279637318873,0.5300522961621855,3.83359864045725,5.875555110497237
raw_CU_diffT/TC23NMC09/TC23NMC09_05deg.parquet,TC23NMC09_05deg.parquet,TC23NMC09,NMC,lithium-ion,5.0,,5.0,discharge,53,0.0157134190981111,0.8485413828299984,0.5400530817220156,3.82864025001591,6.25017906077348
raw_CU_diffT/TC23NMC09/TC23NMC09_05deg.parquet,TC23NMC09_05deg.parquet,TC23NMC09,NMC,lithium-ion,5.0,,5.0,discharge,54,0.0157136648893303,0.8642550477193287,0.5500540237153538,3.8234911522499,5.954337348066298
raw_CU_diffT/TC23NMC09/TC23NMC09_05deg.parquet,TC23NMC09_05deg.parquet,TC23NMC09,NMC,lithium-ion,5.0,,5.0,discharge,55,0.0157136726046186,0.8799687203239474,0.5600549706190776,3.81796063983455,5.600950220994475
raw_CU_diffT/TC23NMC09/TC23NMC09_05deg.parquet,TC23NMC09_05deg.parquet,TC23NMC09,NMC,lithium-ion,5.0,,5.0,discharge,56,0.0157141016683271,0.8956828219922744,0.5700561905998518,3.81185800544521,5.540263287292818
raw_CU_diffT/TC23NMC09/TC23NMC09_05deg.parquet,TC23NMC09_05deg.parquet,TC23NMC09,NMC,lithium-ion,5.0,,5.0,discharge,57,0.0157140651905646,0.9113968871828391,0.5800573873644005,3.80594607838053,5.571657817679558
raw_CU_diffT/TC23NMC09/TC23NMC09_05deg.parquet,TC23NMC09_05deg.parquet,TC23NMC09,NMC,lithium-ion,5.0,,5.0,discharge,58,0.0157135076990118,0.9271103948818509,0.5900582293141609,3.79946202934185,5.6367159944751375
raw_CU_diffT/TC23NMC09/TC23NMC09_05deg.parquet,TC23NMC09_05deg.parquet,TC23NMC09,NMC,lithium-ion,5.0,,5.0,discharge,59,0.015713246060643,0.9428236409424938,0.6000589047445148,3.79240585832917,5.672937983425415
raw_CU_diffT/TC23NMC09/TC23NMC09_05deg.parquet,TC23NMC09_05deg.parquet,TC23NMC09,NMC,lithium-ion,5.0,,5.0,discharge,60,0.0157149175743901,0.958538558516884,0.610060644007663,3.78477756534248,5.701801602209944
raw_CU_diffT/TC23NMC09/TC23NMC09_05deg.parquet,TC23NMC09_05deg.parquet,TC23NMC09,NMC,lithium-ion,5.0,,5.0,discharge,61,0.0157137999107471,0.974252358427631,0.6200616719352099,3.7765771503818,5.724076602209944
raw_CU_diffT/TC23NMC09/TC23NMC09_05deg.parquet,TC23NMC09_05deg.parquet,TC23NMC09,NMC,lithium-ion,5.0,,5.0,discharge,62,0.0157128210607935,0.9899651794884246,0.6300620768749513,3.76761390612245,5.742502127071823
raw_CU_diffT/TC23NMC09/TC23NMC09_05deg.parquet,TC23NMC09_05deg.parquet,TC23NMC09,NMC,lithium-ion,5.0,,5.0,discharge,63,0.0157130486152083,1.005678228103633,0.6400626266414101,3.75788783256443,5.765727182320441
raw_CU_diffT/TC23NMC09/TC23NMC09_05deg.parquet,TC23NMC09_05deg.parquet,TC23NMC09,NMC,lithium-ion,5.0,,5.0,discharge,64,0.0157123585329073,1.0213905866365403,0.6500627372058678,3.74720822238307,5.763623066298344
raw_CU_diffT/TC23NMC09/TC23NMC09_05deg.parquet,TC23NMC09_05deg.parquet,TC23NMC09,NMC,lithium-ion,5.0,,5.0,discharge,65,0.0157144713560557,1.037105057992596,0.6600641924739258,3.73557507557838,5.781061049723757
raw_CU_diffT/TC23NMC09/TC23NMC09_05deg.parquet,TC23NMC09_05deg.parquet,TC23NMC09,NMC,lithium-ion,5.0,,5.0,discharge,66,0.0157145202088848,1.0528195782014809,0.6700656788343045,3.72336980679969,5.7899095027624305
raw_CU_diffT/TC23NMC09/TC23NMC09_05deg.parquet,TC23NMC09_05deg.parquet,TC23NMC09,NMC,lithium-ion,5.0,,5.0,discharge,67,0.0157137427891689,1.0685333209906498,0.6800666704068958,3.71040170872233,5.803470000000001
raw_CU_diffT/TC23NMC09/TC23NMC09_05deg.parquet,TC23NMC09_05deg.parquet,TC23NMC09,NMC,lithium-ion,5.0,,5.0,discharge,68,0.015712604646161,1.0842459256368109,0.6900669376098202,3.69743361064497,5.800755497237569
raw_CU_diffT/TC23NMC09/TC23NMC09_05deg.parquet,TC23NMC09_05deg.parquet,TC23NMC09,NMC,lithium-ion,5.0,,5.0,discharge,69,0.0157143887276122,1.099960314364423,0.7000683402891105,3.68446551256761,5.799825165745857
raw_CU_diffT/TC23NMC09/TC23NMC09_05deg.parquet,TC23NMC09_05deg.parquet,TC23NMC09,NMC,lithium-ion,5.0,,5.0,discharge,70,0.0157127592614291,1.115673073625852,0.7100687058967251,3.67149741449025,5.811660138121548
raw_CU_diffT/TC23NMC09/TC23NMC09_05deg.parquet,TC23NMC09_05deg.parquet,TC23NMC09,NMC,lithium-ion,5.0,,5.0,discharge,71,0.0157143763768253,1.1313874500026773,0.7200701007153728,3.65929214571156,5.822147541436464
raw_CU_diffT/TC23NMC09/TC23NMC09_05deg.parquet,TC23NMC09_05deg.parquet,TC23NMC09,NMC,lithium-ion,5.0,,5.0,discharge,72,0.0157129326185545,1.1471003826212318,0.7300705766559091,3.64708687693287,5.813511574585634
raw_CU_diffT/TC23NMC09/TC23NMC09_05deg.parquet,TC23NMC09_05deg.parquet,TC23NMC09,NMC,lithium-ion,5.0,,5.0,discharge,73,0.0157144189001086,1.1628148015213404,0.7400719985384463,3.63526302280351,5.821120110497238
raw_CU_diffT/TC23NMC09/TC23NMC09_05deg.parquet,TC23NMC09_05deg.parquet,TC23NMC09,NMC,lithium-ion,5.0,,5.0,discharge,74,0.0157127267457073,1.1785275282670478,0.7500723434514713,3.62420199797282,5.834409861878454
raw_CU_diffT/TC23NMC09/TC23NMC09_05deg.parquet,TC23NMC09_05deg.parquet,TC23NMC09,NMC,lithium-ion,5.0,,5.0,discharge,75,0.0157126902217194,1.1942402184887673,0.7600726651188509,3.61352238779146,5.838460883977901
raw_CU_diffT/TC23NMC09/TC23NMC09_05deg.parquet,TC23NMC09_05deg.parquet,TC23NMC09,NMC,lithium-ion,5.0,,5.0,discharge,76,0.015714056109336,1.2099542745981033,0.7700738561036632,3.60303348493478,5.839061712707183
raw_CU_diffT/TC23NMC09/TC23NMC09_05deg.parquet,TC23NMC09_05deg.parquet,TC23NMC09,NMC,lithium-ion,5.0,,5.0,discharge,77,0.0157139875575291,1.2256682621556325,0.7800750034587655,3.59273528940275,5.845449723756907
raw_CU_diffT/TC23NMC09/TC23NMC09_05deg.parquet,TC23NMC09_05deg.parquet,TC23NMC09,NMC,lithium-ion,5.0,,5.0,discharge,78,0.015714677950593,1.2413829401062255,0.7900765902136534,3.5826278011954,5.8483666298342545
raw_CU_diffT/TC23NMC09/TC23NMC09_05deg.parquet,TC23NMC09_05deg.parquet,TC23NMC09,NMC,lithium-ion,5.0,,5.0,discharge,79,0.0157129014719693,1.2570958415781948,0.8000770463309851,3.57252031298805,5.8466026519337015
raw_CU_diffT/TC23NMC09/TC23NMC09_05deg.parquet,TC23NMC09_05deg.parquet,TC23NMC09,NMC,lithium-ion,5.0,,5.0,discharge,80,0.0157145660920988,1.2728104076702935,0.8100785618936769,3.56279423943003,5.849868812154696
raw_CU_diffT/TC23NMC09/TC23NMC09_05deg.parquet,TC23NMC09_05deg.parquet,TC23NMC09,NMC,lithium-ion,5.0,,5.0,discharge,81,0.0157140345956057,1.2885244422658992,0.820079739186103,3.55325887319667,5.863129447513813
raw_CU_diffT/TC23NMC09/TC23NMC09_05deg.parquet,TC23NMC09_05deg.parquet,TC23NMC09,NMC,lithium-ion,5.0,,5.0,discharge,82,0.0157145558110823,1.3042389980769815,0.8300812482054549,3.54467704358665,5.857710662983425
raw_CU_diffT/TC23NMC09/TC23NMC09_05deg.parquet,TC23NMC09_05deg.parquet,TC23NMC09,NMC,lithium-ion,5.0,,5.0,discharge,83,0.01571235214022,1.3199513502172016,0.840081354701295,3.53704875059997,5.853610082872928
raw_CU_diffT/TC23NMC09/TC23NMC09_05deg.parquet,TC23NMC09_05deg.parquet,TC23NMC09,NMC,lithium-ion,5.0,,5.0,discharge,84,0.0157139509142929,1.3356653011314945,0.8500824787348562,3.52999257958729,5.857128591160221
raw_CU_diffT/TC23NMC09/TC23NMC09_05deg.parquet,TC23NMC09_05deg.parquet,TC23NMC09,NMC,lithium-ion,5.0,,5.0,discharge,85,0.0157142121049375,1.351379513236432,0.8600837690028702,3.52350853054861,5.870824972375689
raw_CU_diffT/TC23NMC09/TC23NMC09_05deg.parquet,TC23NMC09_05deg.parquet,TC23NMC09,NMC,lithium-ion,5.0,,5.0,discharge,86,0.0157138544010587,1.3670933676374906,0.8700848316107065,3.51702448150993,5.86433046961326
raw_CU_diffT/TC23NMC09/TC23NMC09_05deg.parquet,TC23NMC09_05deg.parquet,TC23NMC09,NMC,lithium-ion,5.0,,5.0,discharge,87,0.0157144182611795,1.38280778589867,0.880086253086598,3.51073113979592,5.872055828729283
raw_CU_diffT/TC23NMC09/TC23NMC09_05deg.parquet,TC23NMC09_05deg.parquet,TC23NMC09,NMC,lithium-ion,5.0,,5.0,discharge,88,0.0157141102531226,1.3985218961517927,0.8900874785311544,3.50405638343257,5.889018701657459
raw_CU_diffT/TC23NMC09/TC23NMC09_05deg.parquet,TC23NMC09_05deg.parquet,TC23NMC09,NMC,lithium-ion,5.0,,5.0,discharge,89,0.0157140442233845,1.4142359403751772,0.9000886619511681,3.49661879777056,5.896181104972375
raw_CU_diffT/TC23NMC09/TC23NMC09_05deg.parquet,TC23NMC09_05deg.parquet,TC23NMC09,NMC,lithium-ion,5.0,,5.0,discharge,90,0.0157146399221781,1.4299505802973553,0.9100902245029198,3.48746484618654,5.909343121546961
raw_CU_diffT/TC23NMC09/TC23NMC09_05deg.parquet,TC23NMC09_05deg.parquet,TC23NMC09,NMC,lithium-ion,5.0,,5.0,discharge,91,0.0157141569445566,1.445664737241912,0.9200914796641798,3.47468745543384,5.924803922651933
raw_CU_diffT/TC23NMC09/TC23NMC09_05deg.parquet,TC23NMC09_05deg.parquet,TC23NMC09,NMC,lithium-ion,5.0,,5.0,discharge,92,0.0157142819973524,1.4613790192392644,0.9300928144151324,3.45618884494114,5.95173958563536
raw_CU_diffT/TC23NMC09/TC23NMC09_05deg.parquet,TC23NMC09_05deg.parquet,TC23NMC09,NMC,lithium-ion,5.0,,5.0,discharge,93,0.015714031797142,1.4770930510364064,0.9400939899264797,3.43025264878642,5.988290939226518
raw_CU_diffT/TC23NMC09/TC23NMC09_05deg.parquet,TC23NMC09_05deg.parquet,TC23NMC09,NMC,lithium-ion,5.0,,5.0,discharge,94,0.0157141024574341,1.4928071534938405,0.9500952104094801,3.39668815964502,6.022583950276243
raw_CU_diffT/TC23NMC09/TC23NMC09_05deg.parquet,TC23NMC09_05deg.parquet,TC23NMC09,NMC,lithium-ion,5.0,,5.0,discharge,95,0.0157138729058088,1.5085210263996494,0.960096284794641,3.35358830427026,6.0591060497237565
raw_CU_diffT/TC23NMC09/TC23NMC09_05deg.parquet,TC23NMC09_05deg.parquet,TC23NMC09,NMC,lithium-ion,5.0,,5.0,discharge,96,0.015714153128836,1.5242351795284854,0.9700975375273906,3.29866459476615,6.108112513812155
raw_CU_diffT/TC23NMC09/TC23NMC09_05deg.parquet,TC23NMC09_05deg.parquet,TC23NMC09,NMC,lithium-ion,5.0,,5.0,discharge,97,0.0144596019391844,1.53869478146767,0.9793003327542849,3.23363339705468,6.119385331491713
raw_CU_diffT/TC23NMC09/TC23NMC09_05deg.parquet,TC23NMC09_05deg.parquet,TC23NMC09,NMC,lithium-ion,5.0,,5.0,discharge,98,0.0090012690499959,1.5476960505176658,0.9850291789699481,3.18557515123858,6.008994447513812
raw_CU_diffT/TC23NMC09/TC23NMC09_05deg.parquet,TC23NMC09_05deg.parquet,TC23NMC09,NMC,lithium-ion,5.0,,5.0,discharge,99,0.0065061580524206,1.5542022085700864,0.989170014970971,3.14514519840916,5.914878701657459
raw_CU_diffT/TC23NMC09/TC23NMC09_05deg.parquet,TC23NMC09_05deg.parquet,TC23NMC09,NMC,lithium-ion,5.0,,5.0,discharge,100,0.0049938580354919,1.5591960666055782,0.992348349553493,3.10986434334576,5.826538701657459
raw_CU_diffT/TC23NMC09/TC23NMC09_05deg.parquet,TC23NMC09_05deg.parquet,TC23NMC09,NMC,lithium-ion,5.0,,5.0,discharge,101,0.0039678237476396,1.563163890353218,0.9948736659210884,3.07916046407436,5.7768342265193375
raw_CU_diffT/TC23NMC09/TC23NMC09_05deg.parquet,TC23NMC09_05deg.parquet,TC23NMC09,NMC,lithium-ion,5.0,,5.0,discharge,102,0.0032207310459392,1.566384621399157,0.9969234960907806,3.05208002397164,5.737984806629833
raw_CU_diffT/TC23NMC09/TC23NMC09_05deg.parquet,TC23NMC09_05deg.parquet,TC23NMC09,NMC,lithium-ion,5.0,,5.0,discharge,103,0.0026431021208461,1.5690277235200032,0.9986056950672269,3.02843231571292,5.729078038674033
raw_CU_diffT/TC23NMC09/TC23NMC09_05deg.parquet,TC23NMC09_05deg.parquet,TC23NMC09,NMC,lithium-ion,5.0,,5.0,discharge,104,0.0021907576788003,1.5712184811988035,1.0000000000000002,3.00802663197355,5.700271491712707
raw_CU_diffT/TC23NMC09/TC23NMC09_05deg.parquet,TC23NMC09_05deg.parquet,TC23NMC09,NMC,lithium-ion,5.0,,5.0,charge,0,0.0157140035663173,0.0157140035663173,0.011144021838782098,3.20712507892596,5.623107016574585
raw_CU_diffT/TC23NMC09/TC23NMC09_05deg.parquet,TC23NMC09_05deg.parquet,TC23NMC09,NMC,lithium-ion,5.0,,5.0,charge,1,0.0157124089915888,0.0314264125579061,0.022286912840631203,3.29732964349348,5.665900718232044
raw_CU_diffT/TC23NMC09/TC23NMC09_05deg.parquet,TC23NMC09_05deg.parquet,TC23NMC09,NMC,lithium-ion,5.0,,5.0,charge,2,0.0157141996909883,0.0471406122488944,0.03343107376666802,3.36388649980228,5.6917323756906075
raw_CU_diffT/TC23NMC09/TC23NMC09_05deg.parquet,TC23NMC09_05deg.parquet,TC23NMC09,NMC,lithium-ion,5.0,,5.0,charge,3,0.0157129484045603,0.0628535606534547,0.04457434730819959,3.41709384338439,5.711330082872928
raw_CU_diffT/TC23NMC09/TC23NMC09_05deg.parquet,TC23NMC09_05deg.parquet,TC23NMC09,NMC,lithium-ion,5.0,,5.0,charge,4,0.0157146637356322,0.0785682243890869,0.055718837324377185,3.46057511340848,5.73536908839779
raw_CU_diffT/TC23NMC09/TC23NMC09_05deg.parquet,TC23NMC09_05deg.parquet,TC23NMC09,NMC,lithium-ion,5.0,,5.0,charge,5,0.0157144694500658,0.09428269383915269,0.06686318955755215,3.49490243184855,5.738954005524862
raw_CU_diffT/TC23NMC09/TC23NMC09_05deg.parquet,TC23NMC09_05deg.parquet,TC23NMC09,NMC,lithium-ion,5.0,,5.0,charge,6,0.0157129201831478,0.10999561402230049,0.07800644308508563,3.51111255444525,5.75102276243094
raw_CU_diffT/TC23NMC09/TC23NMC09_05deg.parquet,TC23NMC09_05deg.parquet,TC23NMC09,NMC,lithium-ion,5.0,,5.0,charge,7,0.0157143552946687,0.12570996931696918,0.08915071436179185,3.51855014010727,5.776368784530387
raw_CU_diffT/TC23NMC09/TC23NMC09_05deg.parquet,TC23NMC09_05deg.parquet,TC23NMC09,NMC,lithium-ion,5.0,,5.0,charge,8,0.0157128655980858,0.14142283491505497,0.10029392917881337,3.52503418914595,5.774885552486188
raw_CU_diffT/TC23NMC09/TC23NMC09_05deg.parquet,TC23NMC09_05deg.parquet,TC23NMC09,NMC,lithium-ion,5.0,,5.0,charge,9,0.0157143503305131,0.15713718524556808,0.11143819693505086,3.53151823818463,5.78315453038674
raw_CU_diffT/TC23NMC09/TC23NMC09_05deg.parquet,TC23NMC09_05deg.parquet,TC23NMC09,NMC,lithium-ion,5.0,,5.0,charge,10,0.0157135475422094,0.1728507327877775,0.12258189537167793,3.53876511652198,5.789095193370165
raw_CU_diffT/TC23NMC09/TC23NMC09_05deg.parquet,TC23NMC09_05deg.parquet,TC23NMC09,NMC,lithium-ion,5.0,,5.0,charge,11,0.0157147284430153,0.1885654612307928,0.1337264312768925,3.54639340950866,5.790781325966851
raw_CU_diffT/TC23NMC09/TC23NMC09_05deg.parquet,TC23NMC09_05deg.parquet,TC23NMC09,NMC,lithium-ion,5.0,,5.0,charge,12,0.0157140706423925,0.2042795318731853,0.1448705006845353,3.55497523911868,5.79284640883978
raw_CU_diffT/TC23NMC09/TC23NMC09_05deg.parquet,TC23NMC09_05deg.parquet,TC23NMC09,NMC,lithium-ion,5.0,,5.0,charge,13,0.0157142596499604,0.2199937915231457,0.1560147041321416,3.56431989802736,5.776756491712707
raw_CU_diffT/TC23NMC09/TC23NMC09_05deg.parquet,TC23NMC09_05deg.parquet,TC23NMC09,NMC,lithium-ion,5.0,,5.0,charge,14,0.0157141355657316,0.23570792708887728,0.16715881958197257,3.57404597158538,5.797693314917127
raw_CU_diffT/TC23NMC09/TC23NMC09_05deg.parquet,TC23NMC09_05deg.parquet,TC23NMC09,NMC,lithium-ion,5.0,,5.0,charge,15,0.0157139528920693,0.25142187998094656,0.178302805483705,3.5843441671174,5.785935635359116
raw_CU_diffT/TC23NMC09/TC23NMC09_05deg.parquet,TC23NMC09_05deg.parquet,TC23NMC09,NMC,lithium-ion,5.0,,5.0,charge,16,0.0157143319525589,0.26713621193350545,0.1894470602067061,3.59502377729876,5.766463038674032
raw_CU_diffT/TC23NMC09/TC23NMC09_05deg.parquet,TC23NMC09_05deg.parquet,TC23NMC09,NMC,lithium-ion,5.0,,5.0,charge,17,0.0157146164543664,0.28285082838787184,0.20059151669206154,3.60570338748011,5.779906022099446
raw_CU_diffT/TC23NMC09/TC23NMC09_05deg.parquet,TC23NMC09_05deg.parquet,TC23NMC09,NMC,lithium-ion,5.0,,5.0,charge,18,0.0157144390399289,0.29856526742780076,0.21173584735904377,3.61657370498614,5.763380580110497
raw_CU_diffT/TC23NMC09/TC23NMC09_05deg.parquet,TC23NMC09_05deg.parquet,TC23NMC09,NMC,lithium-ion,5.0,,5.0,charge,19,0.0157143526118372,0.31427962003963794,0.22288011673314553,3.62687190051816,5.769671546961327
raw_CU_diffT/TC23NMC09/TC23NMC09_05deg.parquet,TC23NMC09_05deg.parquet,TC23NMC09,NMC,lithium-ion,5.0,,5.0,charge,20,0.0157141211354241,0.329993741175062,0.23402422194932335,3.63755151069951,5.76913856353591
raw_CU_diffT/TC23NMC09/TC23NMC09_05deg.parquet,TC23NMC09_05deg.parquet,TC23NMC09,NMC,lithium-ion,5.0,,5.0,charge,21,0.0157121899753106,0.3457059311503726,0.24516695762969903,3.64823112088087,5.7676549171270715
raw_CU_diffT/TC23NMC09/TC23NMC09_05deg.parquet,TC23NMC09_05deg.parquet,TC23NMC09,NMC,lithium-ion,5.0,,5.0,charge,22,0.015714195969274,0.3614201271196466,0.25631111591637884,3.65948285303623,5.775244917127072
raw_CU_diffT/TC23NMC09/TC23NMC09_05deg.parquet,TC23NMC09_05deg.parquet,TC23NMC09,NMC,lithium-ion,5.0,,5.0,charge,23,0.0157145697667957,0.3771346968864423,0.2674555392919475,3.67073458519158,5.768421436464089
raw_CU_diffT/TC23NMC09/TC23NMC09_05deg.parquet,TC23NMC09_05deg.parquet,TC23NMC09,NMC,lithium-ion,5.0,,5.0,charge,24,0.0157144456782046,0.3928491425646469,0.2785998746666472,3.6816049026976,5.770592071823203
raw_CU_diffT/TC23NMC09/TC23NMC09_05deg.parquet,TC23NMC09_05deg.parquet,TC23NMC09,NMC,lithium-ion,5.0,,5.0,charge,25,0.0157140553422235,0.4085631979068704,0.28974393322375047,3.69247522020363,5.776843784530387
raw_CU_diffT/TC23NMC09/TC23NMC09_05deg.parquet,TC23NMC09_05deg.parquet,TC23NMC09,NMC,lithium-ion,5.0,,5.0,charge,26,0.0157140025865094,0.4242772004933798,0.30088795436767457,3.70315483038498,5.768944696132596
raw_CU_diffT/TC23NMC09/TC23NMC09_05deg.parquet,TC23NMC09_05deg.parquet,TC23NMC09,NMC,lithium-ion,5.0,,5.0,charge,27,0.0157145596682687,0.4399917601616485,0.3120323705815925,3.714025147891,5.773866906077347
raw_CU_diffT/TC23NMC09/TC23NMC09_05deg.parquet,TC23NMC09_05deg.parquet,TC23NMC09,NMC,lithium-ion,5.0,,5.0,charge,28,0.015714440844029,0.4557062010056775,0.3231767025280024,3.72508617272169,5.779838729281768
raw_CU_diffT/TC23NMC09/TC23NMC09_05deg.parquet,TC23NMC09_05deg.parquet,TC23NMC09,NMC,lithium-ion,5.0,,5.0,charge,29,0.01571441138071,0.4714206123863875,0.3343210135796817,3.73633790487705,5.775970718232044
raw_CU_diffT/TC23NMC09/TC23NMC09_05deg.parquet,TC23NMC09_05deg.parquet,TC23NMC09,NMC,lithium-ion,5.0,,5.0,charge,30,0.0157144811273951,0.4871350935137826,0.3454653740941589,3.74778034435707,5.776243121546961
raw_CU_diffT/TC23NMC09/TC23NMC09_05deg.parquet,TC23NMC09_05deg.parquet,TC23NMC09,NMC,lithium-ion,5.0,,5.0,charge,31,0.0157141663943855,0.5028492599081681,0.35660951140698555,3.7586506618631,5.771455165745857
raw_CU_diffT/TC23NMC09/TC23NMC09_05deg.parquet,TC23NMC09_05deg.parquet,TC23NMC09,NMC,lithium-ion,5.0,,5.0,charge,32,0.0157121552455017,0.5185614151536698,0.3677522224577532,3.76933027204445,5.7705333977900555
raw_CU_diffT/TC23NMC09/TC23NMC09_05deg.parquet,TC23NMC09_05deg.parquet,TC23NMC09,NMC,lithium-ion,5.0,,5.0,charge,33,0.0157144477645022,0.534275862918172,0.3788965593120087,3.77943776025181,5.7711343093922665
raw_CU_diffT/TC23NMC09/TC23NMC09_05deg.parquet,TC23NMC09_05deg.parquet,TC23NMC09,NMC,lithium-ion,5.0,,5.0,charge,34,0.0157141157831145,0.5499899787012865,0.39004066073244764,3.78878241916049,5.766452872928176
raw_CU_diffT/TC23NMC09/TC23NMC09_05deg.parquet,TC23NMC09_05deg.parquet,TC23NMC09,NMC,lithium-ion,5.0,,5.0,charge,35,0.0157140961010905,0.565704074802377,0.40118474819483285,3.79736424877051,5.778114005524861
raw_CU_diffT/TC23NMC09/TC23NMC09_05deg.parquet,TC23NMC09_05deg.parquet,TC23NMC09,NMC,lithium-ion,5.0,,5.0,charge,36,0.0157145586524718,0.5814186334548489,0.41232916368837025,3.80556466373119,5.768159944751381
raw_CU_diffT/TC23NMC09/TC23NMC09_05deg.parquet,TC23NMC09_05deg.parquet,TC23NMC09,NMC,lithium-ion,5.0,,5.0,charge,37,0.0157142171061688,0.5971328505610177,0.4234733369648658,3.81262083474387,5.769236077348066
raw_CU_diffT/TC23NMC09/TC23NMC09_05deg.parquet,TC23NMC09_05deg.parquet,TC23NMC09,NMC,lithium-ion,5.0,,5.0,charge,38,0.0157145417007434,0.6128473922617611,0.4346177404366144,3.81948629843189,5.764719005524861
raw_CU_diffT/TC23NMC09/TC23NMC09_05deg.parquet,TC23NMC09_05deg.parquet,TC23NMC09,NMC,lithium-ion,5.0,,5.0,charge,39,0.0157123100120415,0.6285597022738026,0.4457605612443699,3.82597034747057,5.783017486187846
raw_CU_diffT/TC23NMC09/TC23NMC09_05deg.parquet,TC23NMC09_05deg.parquet,TC23NMC09,NMC,lithium-ion,5.0,,5.0,charge,40,0.0157141800133883,0.644273882287191,0.4569047082154905,3.83188227453525,5.770854475138122
raw_CU_diffT/TC23NMC09/TC23NMC09_05deg.parquet,TC23NMC09_05deg.parquet,TC23NMC09,NMC,lithium-ion,5.0,,5.0,charge,41,0.0157141468878579,0.6599880291750488,0.4680488316947216,3.83760349427526,5.792788895027624
raw_CU_diffT/TC23NMC09/TC23NMC09_05deg.parquet,TC23NMC09_05deg.parquet,TC23NMC09,NMC,lithium-ion,5.0,,5.0,charge,42,0.0157138421437809,0.6757018713188297,0.47919273905623105,3.8431340066906,5.775748259668508
raw_CU_diffT/TC23NMC09/TC23NMC09_05deg.parquet,TC23NMC09_05deg.parquet,TC23NMC09,NMC,lithium-ion,5.0,,5.0,charge,43,0.0157138910574278,0.6914157623762576,0.490336681106211,3.84847381178128,5.784443093922651
raw_CU_diffT/TC23NMC09/TC23NMC09_05deg.parquet,TC23NMC09_05deg.parquet,TC23NMC09,NMC,lithium-ion,5.0,,5.0,charge,44,0.0157142149848854,0.707129977361143,0.5014808528783395,3.85362290954729,5.7861688121546955
raw_CU_diffT/TC23NMC09/TC23NMC09_05deg.parquet,TC23NMC09_05deg.parquet,TC23NMC09,NMC,lithium-ion,5.0,,5.0,charge,45,0.0157140430853993,0.7228440204465423,0.5126249027431756,3.8587720073133,5.787078591160221
raw_CU_diffT/TC23NMC09/TC23NMC09_05deg.parquet,TC23NMC09_05deg.parquet,TC23NMC09,NMC,lithium-ion,5.0,,5.0,charge,46,0.0157142409650558,0.7385582614115981,0.5237690929398632,3.86392110507931,5.7816123204419885
raw_CU_diffT/TC23NMC09/TC23NMC09_05deg.parquet,TC23NMC09_05deg.parquet,TC23NMC09,NMC,lithium-ion,5.0,,5.0,charge,47,0.0157135092502209,0.7542717706618189,0.5349127642206636,3.86907020284532,5.953571850828729
raw_CU_diffT/TC23NMC09/TC23NMC09_05deg.parquet,TC23NMC09_05deg.parquet,TC23NMC09,NMC,lithium-ion,5.0,,5.0,charge,48,0.0157139980144916,0.7699857686763105,0.5460567821222143,3.873837885962,6.31995682320442
raw_CU_diffT/TC23NMC09/TC23NMC09_05deg.parquet,TC23NMC09_05deg.parquet,TC23NMC09,NMC,lithium-ion,5.0,,5.0,charge,49,0.015713192771898,0.7856989614482085,0.5572002289636269,3.87917769105268,6.094320193370165
raw_CU_diffT/TC23NMC09/TC23NMC09_05deg.parquet,TC23NMC09_05deg.parquet,TC23NMC09,NMC,lithium-ion,5.0,,5.0,charge,50,0.0157137250405849,0.8014126864887934,0.5683440532781542,3.88470820346802,5.711902541436463
raw_CU_diffT/TC23NMC09/TC23NMC09_05deg.parquet,TC23NMC09_05deg.parquet,TC23NMC09,NMC,lithium-ion,5.0,,5.0,charge,51,0.0157141374267744,0.8171268239155678,0.5794881700477953,3.8906201305327,5.577318812154697
raw_CU_diffT/TC23NMC09/TC23NMC09_05deg.parquet,TC23NMC09_05deg.parquet,TC23NMC09,NMC,lithium-ion,5.0,,5.0,charge,52,0.0157143227927126,0.8328411467082804,0.5906324182748371,3.89653205759738,5.606397127071824
raw_CU_diffT/TC23NMC09/TC23NMC09_05deg.parquet,TC23NMC09_05deg.parquet,TC23NMC09,NMC,lithium-ion,5.0,,5.0,charge,53,0.0157140042200104,0.8485551509282907,0.6017764405772038,3.90282539931139,5.655994254143646
raw_CU_diffT/TC23NMC09/TC23NMC09_05deg.parquet,TC23NMC09_05deg.parquet,TC23NMC09,NMC,lithium-ion,5.0,,5.0,charge,54,0.0157136027361319,0.8642687536644226,0.6129201781561331,3.90930944835007,5.695104723756907
raw_CU_diffT/TC23NMC09/TC23NMC09_05deg.parquet,TC23NMC09_05deg.parquet,TC23NMC09,NMC,lithium-ion,5.0,,5.0,charge,55,0.0157138173220394,0.8799825709864619,0.6240640679146156,3.91598420471342,5.729038812154696
raw_CU_diffT/TC23NMC09/TC23NMC09_05deg.parquet,TC23NMC09_05deg.parquet,TC23NMC09,NMC,lithium-ion,5.0,,5.0,charge,56,0.0157139858862673,0.8956965568727292,0.6352080772150993,3.92284966840144,5.781642209944751
raw_CU_diffT/TC23NMC09/TC23NMC09_05deg.parquet,TC23NMC09_05deg.parquet,TC23NMC09,NMC,lithium-ion,5.0,,5.0,charge,57,0.0157143835413625,0.9114109404140917,0.6463523685237326,3.92990583941412,5.774431464088397
raw_CU_diffT/TC23NMC09/TC23NMC09_05deg.parquet,TC23NMC09_05deg.parquet,TC23NMC09,NMC,lithium-ion,5.0,,5.0,charge,58,0.0157142758971921,0.9271252163112838,0.6574965834935143,3.9369620104268,5.768925303867403
raw_CU_diffT/TC23NMC09/TC23NMC09_05deg.parquet,TC23NMC09_05deg.parquet,TC23NMC09,NMC,lithium-ion,5.0,,5.0,charge,59,0.0157130388250875,0.9428382551363712,0.6686399211592726,3.94382747411481,5.792448867403315
raw_CU_diffT/TC23NMC09/TC23NMC09_05deg.parquet,TC23NMC09_05deg.parquet,TC23NMC09,NMC,lithium-ion,5.0,,5.0,charge,60,0.0157136612615781,0.9585519163979493,0.6797837002431468,3.95069293780283,5.786788867403315
raw_CU_diffT/TC23NMC09/TC23NMC09_05deg.parquet,TC23NMC09_05deg.parquet,TC23NMC09,NMC,lithium-ion,5.0,,5.0,charge,61,0.0157142947793247,0.9742662111772741,0.690927928603717,3.95774910881551,5.781699806629835
raw_CU_diffT/TC23NMC09/TC23NMC09_05deg.parquet,TC23NMC09_05deg.parquet,TC23NMC09,NMC,lithium-ion,5.0,,5.0,charge,62,0.0157140490275112,0.9899802602047852,0.7020719826825667,3.96499598715286,5.788184723756906
raw_CU_diffT/TC23NMC09/TC23NMC09_05deg.parquet,TC23NMC09_05deg.parquet,TC23NMC09,NMC,lithium-ion,5.0,,5.0,charge,63,0.0157142491758463,1.0056945093806315,0.7132161787021642,3.9722428654902,5.791024116022099
raw_CU_diffT/TC23NMC09/TC23NMC09_05deg.parquet,TC23NMC09_05deg.parquet,TC23NMC09,NMC,lithium-ion,5.0,,5.0,charge,64,0.0157142531423098,1.0214087625229413,0.7243603775346895,3.97968045115222,5.794319723756907
raw_CU_diffT/TC23NMC09/TC23NMC09_05deg.parquet,TC23NMC09_05deg.parquet,TC23NMC09,NMC,lithium-ion,5.0,,5.0,charge,65,0.0157175916795838,1.037126354202525,0.735506943983598,3.9867366221649,5.794677900552485
raw_CU_diffT/TC23NMC09/TC23NMC09_05deg.parquet,TC23NMC09_05deg.parquet,TC23NMC09,NMC,lithium-ion,5.0,,5.0,charge,66,0.0157175241593194,1.0528438783618446,0.7466534625486367,3.99417420782692,5.801501961325967
raw_CU_diffT/TC23NMC09/TC23NMC09_05deg.parquet,TC23NMC09_05deg.parquet,TC23NMC09,NMC,lithium-ion,5.0,,5.0,charge,67,0.0157141679090435,1.0685580462708881,0.7577976009356252,4.00142108616426,5.7877187292817664
raw_CU_diffT/TC23NMC09/TC23NMC09_05deg.parquet,TC23NMC09_05deg.parquet,TC23NMC09,NMC,lithium-ion,5.0,,5.0,charge,68,0.0157123735842473,1.0842704198551354,0.7689404668273752,4.00828654985228,5.768701602209945
raw_CU_diffT/TC23NMC09/TC23NMC09_05deg.parquet,TC23NMC09_05deg.parquet,TC23NMC09,NMC,lithium-ion,5.0,,5.0,charge,69,0.0157122297712379,1.0999826496263734,0.7800832307301375,4.01515201354029,5.763536243093922
raw_CU_diffT/TC23NMC09/TC23NMC09_05deg.parquet,TC23NMC09_05deg.parquet,TC23NMC09,NMC,lithium-ion,5.0,,5.0,charge,70,0.0157138683600982,1.1156965179864715,0.791227156683676,4.02144535525431,5.771658121546961
raw_CU_diffT/TC23NMC09/TC23NMC09_05deg.parquet,TC23NMC09_05deg.parquet,TC23NMC09,NMC,lithium-ion,5.0,,5.0,charge,71,0.0157145598741763,1.1314110778606479,0.8023715730436192,4.02716657499432,5.763854917127072
raw_CU_diffT/TC23NMC09/TC23NMC09_05deg.parquet,TC23NMC09_05deg.parquet,TC23NMC09,NMC,lithium-ion,5.0,,5.0,charge,72,0.0157141847890594,1.1471252626497073,0.8135157234015394,4.03231567276033,5.765929779005525
raw_CU_diffT/TC23NMC09/TC23NMC09_05deg.parquet,TC23NMC09_05deg.parquet,TC23NMC09,NMC,lithium-ion,5.0,,5.0,charge,73,0.0157135936564908,1.162838856306198,0.8246594545413891,4.03689264855234,5.7520116850828735
raw_CU_diffT/TC23NMC09/TC23NMC09_05deg.parquet,TC23NMC09_05deg.parquet,TC23NMC09,NMC,lithium-ion,5.0,,5.0,charge,74,0.0157138646127817,1.1785527209189797,0.8358033778374142,4.04070679504568,5.76653
raw_CU_diffT/TC23NMC09/TC23NMC09_05deg.parquet,TC23NMC09_05deg.parquet,TC23NMC09,NMC,lithium-ion,5.0,,5.0,charge,75,0.0157135318824326,1.1942662528014123,0.8469470651684758,4.04394881956502,5.756858425414365
raw_CU_diffT/TC23NMC09/TC23NMC09_05deg.parquet,TC23NMC09_05deg.parquet,TC23NMC09,NMC,lithium-ion,5.0,,5.0,charge,76,0.0157146120382434,1.2099808648396557,0.8580915185220152,4.04700013675969,5.7622852209944755
raw_CU_diffT/TC23NMC09/TC23NMC09_05deg.parquet,TC23NMC09_05deg.parquet,TC23NMC09,NMC,lithium-ion,5.0,,5.0,charge,77,0.0157141387398413,1.2256950035794971,0.8692356362228542,4.0498607466297,5.765406878453038
raw_CU_diffT/TC23NMC09/TC23NMC09_05deg.parquet,TC23NMC09_05deg.parquet,TC23NMC09,NMC,lithium-ion,5.0,,5.0,charge,78,0.0157161421943375,1.2414111457738346,0.8803811747290636,4.0527213564997,5.768788093922653
raw_CU_diffT/TC23NMC09/TC23NMC09_05deg.parquet,TC23NMC09_05deg.parquet,TC23NMC09,NMC,lithium-ion,5.0,,5.0,charge,79,0.0157154641030955,1.25712660987693,0.8915262323480454,4.05558196636971,5.770312016574584
raw_CU_diffT/TC23NMC09/TC23NMC09_05deg.parquet,TC23NMC09_05deg.parquet,TC23NMC09,NMC,lithium-ion,5.0,,5.0,charge,80,0.0141040342885171,1.271230644165447,0.9015284997818563,4.05806116159038,5.764767209944751
raw_CU_diffT/TC23NMC09/TC23NMC09_05deg.parquet,TC23NMC09_05deg.parquet,TC23NMC09,NMC,lithium-ion,5.0,,5.0,charge,81,0.0126496567852059,1.283880300950653,0.9104993550366939,4.06015894216172,5.746097292817679
raw_CU_diffT/TC23NMC09/TC23NMC09_05deg.parquet,TC23NMC09_05deg.parquet,TC23NMC09,NMC,lithium-ion,5.0,,5.0,charge,82,0.0114436925181751,1.295323993468828,0.9186149672548435,4.06225672273306,5.745408839779005
raw_CU_diffT/TC23NMC09/TC23NMC09_05deg.parquet,TC23NMC09_05deg.parquet,TC23NMC09,NMC,lithium-ion,5.0,,5.0,charge,83,0.0104857726600767,1.3058097661289048,0.9260512440144385,4.0643545033044,5.734030718232045
raw_CU_diffT/TC23NMC09/TC23NMC09_05deg.parquet,TC23NMC09_05deg.parquet,TC23NMC09,NMC,lithium-ion,5.0,,5.0,charge,84,0.0095676611433686,1.3153774272722734,0.9328364165058276,4.0660708692264,5.730473646408839
raw_CU_diffT/TC23NMC09/TC23NMC09_05deg.parquet,TC23NMC09_05deg.parquet,TC23NMC09,NMC,lithium-ion,5.0,,5.0,charge,85,0.0087866896696812,1.3241641169419545,0.9390677413974303,4.0677872351484,5.706182651933702
raw_CU_diffT/TC23NMC09/TC23NMC09_05deg.parquet,TC23NMC09_05deg.parquet,TC23NMC09,NMC,lithium-ion,5.0,,5.0,charge,86,0.0080488831855686,1.332213000127523,0.9447758303398336,4.06931289374574,5.699757182320442
raw_CU_diffT/TC23NMC09/TC23NMC09_05deg.parquet,TC23NMC09_05deg.parquet,TC23NMC09,NMC,lithium-ion,5.0,,5.0,charge,87,0.0074166177421621,1.3396296178696852,0.9500355306917997,4.07102925966774,5.69287546961326
raw_CU_diffT/TC23NMC09/TC23NMC09_05deg.parquet,TC23NMC09_05deg.parquet,TC23NMC09,NMC,lithium-ion,5.0,,5.0,charge,88,0.0068803153859439,1.346509933255629,0.9549148973404757,4.07236421094041,5.686721160220995
raw_CU_diffT/TC23NMC09/TC23NMC09_05deg.parquet,TC23NMC09_05deg.parquet,TC23NMC09,NMC,lithium-ion,5.0,,5.0,charge,89,0.0063620207641652,1.3528719540197942,0.9594267009706221,4.07388986953775,5.683569861878453
raw_CU_diffT/TC23NMC09/TC23NMC09_05deg.parquet,TC23NMC09_05deg.parquet,TC23NMC09,NMC,lithium-ion,5.0,,5.0,charge,90,0.0058943324314267,1.3587662864512209,0.9636068304369064,4.07522482081042,5.680681961325966
raw_CU_diffT/TC23NMC09/TC23NMC09_05deg.parquet,TC23NMC09_05deg.parquet,TC23NMC09,NMC,lithium-ion,5.0,,5.0,charge,91,0.0054724139309533,1.364238700382174,0.9674877446864181,4.07675047940775,5.673092679558009
raw_CU_diffT/TC23NMC09/TC23NMC09_05deg.parquet,TC23NMC09_05deg.parquet,TC23NMC09,NMC,lithium-ion,5.0,,5.0,charge,92,0.0050850713417964,1.3693237717239706,0.9710939641864704,4.07789472335576,5.669040248618785
raw_CU_diffT/TC23NMC09/TC23NMC09_05deg.parquet,TC23NMC09_05deg.parquet,TC23NMC09,NMC,lithium-ion,5.0,,5.0,charge,93,0.0047218110431047,1.3740455827670752,0.9744425675618541,4.07922967462843,5.658853839779006
raw_CU_diffT/TC23NMC09/TC23NMC09_05deg.parquet,TC23NMC09_05deg.parquet,TC23NMC09,NMC,lithium-ion,5.0,,5.0,charge,94,0.0043838357384636,1.3784294185055388,0.9775514863679938,4.08037391857643,5.6531266022099445
raw_CU_diffT/TC23NMC09/TC23NMC09_05deg.parquet,TC23NMC09_05deg.parquet,TC23NMC09,NMC,lithium-ion,5.0,,5.0,charge,95,0.0040974146783284,1.3825268331838672,0.9804572817284908,4.08132745519976,5.656227817679558
raw_CU_diffT/TC23NMC09/TC23NMC09_05deg.parquet,TC23NMC09_05deg.parquet,TC23NMC09,NMC,lithium-ion,5.0,,5.0,charge,96,0.0038418693053796,1.3863687024892468,0.9831818499940007,4.08247169914777,5.662023425414364
raw_CU_diffT/TC23NMC09/TC23NMC09_05deg.parquet,TC23NMC09_05deg.parquet,TC23NMC09,NMC,lithium-ion,5.0,,5.0,charge,97,0.0035808247015148,1.3899495271907616,0.9857212912322646,4.08361594309577,5.650102928176796
raw_CU_diffT/TC23NMC09/TC23NMC09_05deg.parquet,TC23NMC09_05deg.parquet,TC23NMC09,NMC,lithium-ion,5.0,,5.0,charge,98,0.0033467004468639,1.3932962276376255,0.9880946967562174,4.08437877239444,5.6510418784530385
raw_CU_diffT/TC23NMC09/TC23NMC09_05deg.parquet,TC23NMC09_05deg.parquet,TC23NMC09,NMC,lithium-ion,5.0,,5.0,charge,99,0.0031453051536387,1.3964415327912643,0.9903252772173875,4.08533230901777,5.6521666574585625
raw_CU_diffT/TC23NMC09/TC23NMC09_05deg.parquet,TC23NMC09_05deg.parquet,TC23NMC09,NMC,lithium-ion,5.0,,5.0,charge,100,0.0029505271027761,1.3993920598940404,0.9924177254168861,4.08647655296577,5.665735524861878
raw_CU_diffT/TC23NMC09/TC23NMC09_05deg.parquet,TC23NMC09_05deg.parquet,TC23NMC09,NMC,lithium-ion,5.0,,5.0,charge,101,0.0027868263105083,1.4021788862045486,0.9943940806553286,4.08723938226444,5.643035607734807
raw_CU_diffT/TC23NMC09/TC23NMC09_05deg.parquet,TC23NMC09_05deg.parquet,TC23NMC09,NMC,lithium-ion,5.0,,5.0,charge,102,0.0025988097442855,1.404777695948834,0.9962370987266262,4.08800221156311,5.652310994475138
raw_CU_diffT/TC23NMC09/TC23NMC09_05deg.parquet,TC23NMC09_05deg.parquet,TC23NMC09,NMC,lithium-ion,5.0,,5.0,charge,103,0.0024688030134512,1.4072464989622853,0.9979879189158569,4.08895574818645,5.985431049723759
raw_CU_diffT/TC23NMC09/TC23NMC09_05deg.parquet,TC23NMC09_05deg.parquet,TC23NMC09,NMC,lithium-ion,5.0,,5.0,charge,104,0.0028372027432597,1.410083701705545,0.9999999999999997,4.09009999213445,6.093912099447513
raw_CU_diffT/TC23NMC09/TC23NMC09_15deg.parquet,TC23NMC09_15deg.parquet,TC23NMC09,NMC,lithium-ion,15.0,,15.0,discharge,0,0.0162502645880033,0.0162502645880033,0.010065432944628945,4.20814782610336,15.664834999999998
raw_CU_diffT/TC23NMC09/TC23NMC09_15deg.parquet,TC23NMC09_15deg.parquet,TC23NMC09,NMC,lithium-ion,15.0,,15.0,discharge,1,0.0162489803840875,0.0324992449720908,0.020130070451846293,4.18697931306532,15.685393121546962
raw_CU_diffT/TC23NMC09/TC23NMC09_15deg.parquet,TC23NMC09_15deg.parquet,TC23NMC09,NMC,lithium-ion,15.0,,15.0,discharge,2,0.0162472978858673,0.0487465428579581,0.030193665817692755,4.16809928792328,15.68468732044199
raw_CU_diffT/TC23NMC09/TC23NMC09_15deg.parquet,TC23NMC09_15deg.parquet,TC23NMC09,NMC,lithium-ion,15.0,,15.0,discharge,3,0.0162481558043497,0.0649946986623078,0.04025779257925342,4.15112633602791,15.679482983425416
raw_CU_diffT/TC23NMC09/TC23NMC09_15deg.parquet,TC23NMC09_15deg.parquet,TC23NMC09,NMC,lithium-ion,15.0,,15.0,discharge,4,0.0162477152369047,0.0812424138992125,0.05032164645282193,4.13606045737921,15.689434944751381
raw_CU_diffT/TC23NMC09/TC23NMC09_15deg.parquet,TC23NMC09_15deg.parquet,TC23NMC09,NMC,lithium-ion,15.0,,15.0,discharge,5,0.0162473489843523,0.0974897628835648,0.06038527346912993,4.12252023732785,15.67255461325967
raw_CU_diffT/TC23NMC09/TC23NMC09_15deg.parquet,TC23NMC09_15deg.parquet,TC23NMC09,NMC,lithium-ion,15.0,,15.0,discharge,6,0.0162484299517707,0.1137381928353355,0.0704495700379247,4.11069638319849,15.680628093922653
raw_CU_diffT/TC23NMC09/TC23NMC09_15deg.parquet,TC23NMC09_15deg.parquet,TC23NMC09,NMC,lithium-ion,15.0,,15.0,discharge,7,0.0162462614410698,0.1299844542764053,0.08051252342864801,4.10039818766647,15.672968756906078
raw_CU_diffT/TC23NMC09/TC23NMC09_15deg.parquet,TC23NMC09_15deg.parquet,TC23NMC09,NMC,lithium-ion,15.0,,15.0,discharge,8,0.0162493373698933,0.14623379164629857,0.09057738205329213,4.09105352875778,15.66635091160221
raw_CU_diffT/TC23NMC09/TC23NMC09_15deg.parquet,TC23NMC09_15deg.parquet,TC23NMC09,NMC,lithium-ion,15.0,,15.0,discharge,9,0.0162464867153542,0.16248027836165277,0.10064047497917142,4.0828531137971,15.666032790055251
raw_CU_diffT/TC23NMC09/TC23NMC09_15deg.parquet,TC23NMC09_15deg.parquet,TC23NMC09,NMC,lithium-ion,15.0,,15.0,discharge,10,0.0162456851043242,0.17872596346597697,0.11070307138623857,4.07541552813508,15.666515524861879
raw_CU_diffT/TC23NMC09/TC23NMC09_15deg.parquet,TC23NMC09_15deg.parquet,TC23NMC09,NMC,lithium-ion,15.0,,15.0,discharge,11,0.0162486434509861,0.19497460691696306,0.12076750019669774,4.0689314790964,15.657958701657458
raw_CU_diffT/TC23NMC09/TC23NMC09_15deg.parquet,TC23NMC09_15deg.parquet,TC23NMC09,NMC,lithium-ion,15.0,,15.0,discharge,12,0.0162484898023423,0.21122309671930536,0.13083183383700675,4.06321025935639,15.665153259668509
raw_CU_diffT/TC23NMC09/TC23NMC09_15deg.parquet,TC23NMC09_15deg.parquet,TC23NMC09,NMC,lithium-ion,15.0,,15.0,discharge,13,0.0162490057833497,0.22747210250265507,0.1408964870765569,4.05825186891505,15.656640662983426
raw_CU_diffT/TC23NMC09/TC23NMC09_15deg.parquet,TC23NMC09_15deg.parquet,TC23NMC09,NMC,lithium-ion,15.0,,15.0,discharge,14,0.0162466290269971,0.24371873152965218,0.15095966815043468,4.05367489312304,15.669599668508289
raw_CU_diffT/TC23NMC09/TC23NMC09_15deg.parquet,TC23NMC09_15deg.parquet,TC23NMC09,NMC,lithium-ion,15.0,,15.0,discharge,15,0.0162468264241476,0.2599655579537998,0.16102297149233905,4.04967003930503,15.6620776519337
raw_CU_diffT/TC23NMC09/TC23NMC09_15deg.parquet,TC23NMC09_15deg.parquet,TC23NMC09,NMC,lithium-ion,15.0,,15.0,discharge,16,0.0162465003177829,0.2762120582715827,0.1710860728435786,4.04604660013636,15.664774751381216
raw_CU_diffT/TC23NMC09/TC23NMC09_15deg.parquet,TC23NMC09_15deg.parquet,TC23NMC09,NMC,lithium-ion,15.0,,15.0,discharge,17,0.0162497162071355,0.2924617744787182,0.1811511661204549,4.04242316096768,15.665291243093924
raw_CU_diffT/TC23NMC09/TC23NMC09_15deg.parquet,TC23NMC09_15deg.parquet,TC23NMC09,NMC,lithium-ion,15.0,,15.0,discharge,18,0.0162488157876512,0.3087105902663694,0.19121570167644655,4.03918113644834,15.669358397790056
raw_CU_diffT/TC23NMC09/TC23NMC09_15deg.parquet,TC23NMC09_15deg.parquet,TC23NMC09,NMC,lithium-ion,15.0,,15.0,discharge,19,0.0162457961626246,0.324956386428994,0.20127836687315523,4.035939111929,15.676217348066299
raw_CU_diffT/TC23NMC09/TC23NMC09_15deg.parquet,TC23NMC09_15deg.parquet,TC23NMC09,NMC,lithium-ion,15.0,,15.0,discharge,20,0.0162485234863297,0.3412049099153237,0.21134272137736554,4.03269708740966,15.68621196132597
raw_CU_diffT/TC23NMC09/TC23NMC09_15deg.parquet,TC23NMC09_15deg.parquet,TC23NMC09,NMC,lithium-ion,15.0,,15.0,discharge,21,0.016249121830037,0.3574540317453607,0.2214074464963699,4.02926435556566,15.685143480662985
raw_CU_diffT/TC23NMC09/TC23NMC09_15deg.parquet,TC23NMC09_15deg.parquet,TC23NMC09,NMC,lithium-ion,15.0,,15.0,discharge,22,0.0162487013267669,0.37370273307212765,0.23147191115515559,4.02545020907231,15.698361519337018
raw_CU_diffT/TC23NMC09/TC23NMC09_15deg.parquet,TC23NMC09_15deg.parquet,TC23NMC09,NMC,lithium-ion,15.0,,15.0,discharge,23,0.0162460107957506,0.38994874386787826,0.24153470929587423,4.02106394060497,15.692709254143647
raw_CU_diffT/TC23NMC09/TC23NMC09_15deg.parquet,TC23NMC09_15deg.parquet,TC23NMC09,NMC,lithium-ion,15.0,,15.0,discharge,24,0.0162482886835176,0.40619703255139583,0.25159891836294734,4.0162962574883,15.700523591160223
raw_CU_diffT/TC23NMC09/TC23NMC09_15deg.parquet,TC23NMC09_15deg.parquet,TC23NMC09,NMC,lithium-ion,15.0,,15.0,discharge,25,0.0162468032359273,0.42244383578732314,0.2616622073420408,4.01057503774828,15.69745627071823
raw_CU_diffT/TC23NMC09/TC23NMC09_15deg.parquet,TC23NMC09_15deg.parquet,TC23NMC09,NMC,lithium-ion,15.0,,15.0,discharge,26,0.0162527582338202,0.43869659402114336,0.27172918485381337,4.00428169603427,15.706245248618782
raw_CU_diffT/TC23NMC09/TC23NMC09_15deg.parquet,TC23NMC09_15deg.parquet,TC23NMC09,NMC,lithium-ion,15.0,,15.0,discharge,27,0.0162465036983953,0.45494309771953867,0.28179228829900826,3.99722552502159,15.699256906077347
raw_CU_diffT/TC23NMC09/TC23NMC09_15deg.parquet,TC23NMC09_15deg.parquet,TC23NMC09,NMC,lithium-ion,15.0,,15.0,discharge,28,0.0162461150004422,0.4711892127199809,0.2918551509842351,3.98921581738557,15.708037375690607
raw_CU_diffT/TC23NMC09/TC23NMC09_15deg.parquet,TC23NMC09_15deg.parquet,TC23NMC09,NMC,lithium-ion,15.0,,15.0,discharge,29,0.0162475228050998,0.48743673552508066,0.30191888566531794,3.98063398777556,15.69163950276243
raw_CU_diffT/TC23NMC09/TC23NMC09_15deg.parquet,TC23NMC09_15deg.parquet,TC23NMC09,NMC,lithium-ion,15.0,,15.0,discharge,30,0.0162484563430315,0.5036851918681121,0.3119831985808906,3.97148003619154,15.70368585635359
raw_CU_diffT/TC23NMC09/TC23NMC09_15deg.parquet,TC23NMC09_15deg.parquet,TC23NMC09,NMC,lithium-ion,15.0,,15.0,discharge,31,0.0162474429146501,0.5199326347827622,0.3220468837777352,3.96213537728285,15.688710607734805
raw_CU_diffT/TC23NMC09/TC23NMC09_15deg.parquet,TC23NMC09_15deg.parquet,TC23NMC09,NMC,lithium-ion,15.0,,15.0,discharge,32,0.0162476018853753,0.5361802366681375,0.33211066744123346,3.95279071837416,15.694346353591161
raw_CU_diffT/TC23NMC09/TC23NMC09_15deg.parquet,TC23NMC09_15deg.parquet,TC23NMC09,NMC,lithium-ion,15.0,,15.0,discharge,33,0.0162458673227768,0.5524261039909143,0.34217337671462383,3.94363676679015,15.674838480662984
raw_CU_diffT/TC23NMC09/TC23NMC09_15deg.parquet,TC23NMC09_15deg.parquet,TC23NMC09,NMC,lithium-ion,15.0,,15.0,discharge,34,0.0162477014497633,0.5686738054406776,0.3522372220484208,3.93467352253079,15.685014696132596
raw_CU_diffT/TC23NMC09/TC23NMC09_15deg.parquet,TC23NMC09_15deg.parquet,TC23NMC09,NMC,lithium-ion,15.0,,15.0,discharge,35,0.0162483147922069,0.5849221202328845,0.36230144728724667,3.92628240024544,15.671736878453041
raw_CU_diffT/TC23NMC09/TC23NMC09_15deg.parquet,TC23NMC09_15deg.parquet,TC23NMC09,NMC,lithium-ion,15.0,,15.0,discharge,36,0.0162472344533887,0.6011693546862732,0.37236500336294154,3.91865410725876,15.655132928176796
raw_CU_diffT/TC23NMC09/TC23NMC09_15deg.parquet,TC23NMC09_15deg.parquet,TC23NMC09,NMC,lithium-ion,15.0,,15.0,discharge,37,0.0162468477865382,0.6174162024728114,0.38242831993673565,3.91121652159675,15.65639958563536
raw_CU_diffT/TC23NMC09/TC23NMC09_15deg.parquet,TC23NMC09_15deg.parquet,TC23NMC09,NMC,lithium-ion,15.0,,15.0,discharge,38,0.0162486041712492,0.6336648066440606,0.39249272441727967,3.90435105790873,15.64081281767956
raw_CU_diffT/TC23NMC09/TC23NMC09_15deg.parquet,TC23NMC09_15deg.parquet,TC23NMC09,NMC,lithium-ion,15.0,,15.0,discharge,39,0.016249001965262,0.6499138086093226,0.40255737529190183,3.89824842351939,15.63466856353591
raw_CU_diffT/TC23NMC09/TC23NMC09_15deg.parquet,TC23NMC09_15deg.parquet,TC23NMC09,NMC,lithium-ion,15.0,,15.0,discharge,40,0.0162492292751839,0.6661630378845065,0.4126221669625562,3.89233649645471,15.635332209944753
raw_CU_diffT/TC23NMC09/TC23NMC09_15deg.parquet,TC23NMC09_15deg.parquet,TC23NMC09,NMC,lithium-ion,15.0,,15.0,discharge,41,0.016245787255284,0.6824088251397905,0.4226848266420477,3.8871873986887,15.633385027624307
raw_CU_diffT/TC23NMC09/TC23NMC09_15deg.parquet,TC23NMC09_15deg.parquet,TC23NMC09,NMC,lithium-ion,15.0,,15.0,discharge,42,0.0162461031834028,0.6986549283231933,0.43274768200778646,3.88241971557202,15.644035386740333
raw_CU_diffT/TC23NMC09/TC23NMC09_15deg.parquet,TC23NMC09_15deg.parquet,TC23NMC09,NMC,lithium-ion,15.0,,15.0,discharge,43,0.0162464247879609,0.7149013531111542,0.4428107365757657,3.87746132513068,15.632858977900554
raw_CU_diffT/TC23NMC09/TC23NMC09_15deg.parquet,TC23NMC09_15deg.parquet,TC23NMC09,NMC,lithium-ion,15.0,,15.0,discharge,44,0.0162491247404469,0.7311504778516011,0.45287546349748137,3.87288434933867,15.631420883977903
raw_CU_diffT/TC23NMC09/TC23NMC09_15deg.parquet,TC23NMC09_15deg.parquet,TC23NMC09,NMC,lithium-ion,15.0,,15.0,discharge,45,0.0162466872882628,0.747397165139864,0.4629386806584555,3.86830737354666,15.638538093922651
raw_CU_diffT/TC23NMC09/TC23NMC09_15deg.parquet,TC23NMC09_15deg.parquet,TC23NMC09,NMC,lithium-ion,15.0,,15.0,discharge,46,0.0162469515881679,0.7636441167280319,0.47300206152710084,3.86392110507931,15.633488011049726
raw_CU_diffT/TC23NMC09/TC23NMC09_15deg.parquet,TC23NMC09_15deg.parquet,TC23NMC09,NMC,lithium-ion,15.0,,15.0,discharge,47,0.0162500780278132,0.7798941947558451,0.4830673789161292,3.85953483661197,15.643327817679559
raw_CU_diffT/TC23NMC09/TC23NMC09_15deg.parquet,TC23NMC09_15deg.parquet,TC23NMC09,NMC,lithium-ion,15.0,,15.0,discharge,48,0.0162487987505321,0.7961429935063772,0.49313190391930933,3.85495786081996,15.636848259668508
raw_CU_diffT/TC23NMC09/TC23NMC09_15deg.parquet,TC23NMC09_15deg.parquet,TC23NMC09,NMC,lithium-ion,15.0,,15.0,discharge,49,0.0162498455337028,0.81239283904008,0.5031970773012131,3.85038088502795,15.647067955801104
raw_CU_diffT/TC23NMC09/TC23NMC09_15deg.parquet,TC23NMC09_15deg.parquet,TC23NMC09,NMC,lithium-ion,15.0,,15.0,discharge,50,0.0162459916354208,0.8286388306755008,0.513259863574001,3.84580390923594,15.644164447513814
raw_CU_diffT/TC23NMC09/TC23NMC09_15deg.parquet,TC23NMC09_15deg.parquet,TC23NMC09,NMC,lithium-ion,15.0,,15.0,discharge,51,0.0162491492628005,0.8448879799383013,0.5233246056848913,3.84103622611927,15.645473618784528
raw_CU_diffT/TC23NMC09/TC23NMC09_15deg.parquet,TC23NMC09_15deg.parquet,TC23NMC09,NMC,lithium-ion,15.0,,15.0,discharge,52,0.0162471643555677,0.8611351442938691,0.5333881183419136,3.83626854300259,15.651462154696134
raw_CU_diffT/TC23NMC09/TC23NMC09_15deg.parquet,TC23NMC09_15deg.parquet,TC23NMC09,NMC,lithium-ion,15.0,,15.0,discharge,53,0.016246966393715,0.8773821106875841,0.5434515083811321,3.83092873791191,15.651695138121548
raw_CU_diffT/TC23NMC09/TC23NMC09_15deg.parquet,TC23NMC09_15deg.parquet,TC23NMC09,NMC,lithium-ion,15.0,,15.0,discharge,54,0.0162455453439721,0.8936276560315561,0.5535140182204732,3.8257796401459,15.658312154696134
raw_CU_diffT/TC23NMC09/TC23NMC09_15deg.parquet,TC23NMC09_15deg.parquet,TC23NMC09,NMC,lithium-ion,15.0,,15.0,discharge,55,0.0162487792628075,0.9098764352943637,0.5635785311529339,3.82043983505522,15.663068314917126
raw_CU_diffT/TC23NMC09/TC23NMC09_15deg.parquet,TC23NMC09_15deg.parquet,TC23NMC09,NMC,lithium-ion,15.0,,15.0,discharge,56,0.0162485194918063,0.92612495478617,0.5736428831829317,3.81452790799055,15.660432403314918
raw_CU_diffT/TC23NMC09/TC23NMC09_15deg.parquet,TC23NMC09_15deg.parquet,TC23NMC09,NMC,lithium-ion,15.0,,15.0,discharge,57,0.0162460987400569,0.9423710535262269,0.5837057357964568,3.8084252736012,15.662250165745858
raw_CU_diffT/TC23NMC09/TC23NMC09_15deg.parquet,TC23NMC09_15deg.parquet,TC23NMC09,NMC,lithium-ion,15.0,,15.0,discharge,58,0.0162491263130834,0.9586201798393102,0.5937704636922654,3.80175051723785,15.68106814917127
raw_CU_diffT/TC23NMC09/TC23NMC09_15deg.parquet,TC23NMC09_15deg.parquet,TC23NMC09,NMC,lithium-ion,15.0,,15.0,discharge,59,0.016246939997502,0.9748671198368123,0.6038338373816386,3.7945036389005,15.67907776243094
raw_CU_diffT/TC23NMC09/TC23NMC09_15deg.parquet,TC23NMC09_15deg.parquet,TC23NMC09,NMC,lithium-ion,15.0,,15.0,discharge,60,0.0162476412255218,0.9911147610623341,0.6138976454124697,3.78649393126449,15.672459419889504
raw_CU_diffT/TC23NMC09/TC23NMC09_15deg.parquet,TC23NMC09_15deg.parquet,TC23NMC09,NMC,lithium-ion,15.0,,15.0,discharge,61,0.0162470519819611,1.0073618130442952,0.6239610884651483,3.77791210165447,15.685927872928179
raw_CU_diffT/TC23NMC09/TC23NMC09_15deg.parquet,TC23NMC09_15deg.parquet,TC23NMC09,NMC,lithium-ion,15.0,,15.0,discharge,62,0.0162525743068073,1.0236143873511026,0.6340279520523134,3.76818602809645,15.678870911602212
raw_CU_diffT/TC23NMC09/TC23NMC09_15deg.parquet,TC23NMC09_15deg.parquet,TC23NMC09,NMC,lithium-ion,15.0,,15.0,discharge,63,0.0162482599818056,1.0398626473329082,0.6440921433415125,3.75769712523976,15.69518129834254
raw_CU_diffT/TC23NMC09/TC23NMC09_15deg.parquet,TC23NMC09_15deg.parquet,TC23NMC09,NMC,lithium-ion,15.0,,15.0,discharge,64,0.0162485552863025,1.0561112026192108,0.6541565175426632,3.74606397843507,15.690588922651934
raw_CU_diffT/TC23NMC09/TC23NMC09_15deg.parquet,TC23NMC09_15deg.parquet,TC23NMC09,NMC,lithium-ion,15.0,,15.0,discharge,65,0.0162456394463927,1.0723568420656036,0.6642190856691541,3.73366800233171,15.697094254143645
raw_CU_diffT/TC23NMC09/TC23NMC09_15deg.parquet,TC23NMC09_15deg.parquet,TC23NMC09,NMC,lithium-ion,15.0,,15.0,discharge,66,0.0162464118058314,1.088603253871435,0.6742821321959872,3.72089061157902,15.708235359116022
raw_CU_diffT/TC23NMC09/TC23NMC09_15deg.parquet,TC23NMC09_15deg.parquet,TC23NMC09,NMC,lithium-ion,15.0,,15.0,discharge,67,0.0162468932138614,1.1048501470852963,0.6843454769075185,3.70792251350166,15.698679198895029
raw_CU_diffT/TC23NMC09/TC23NMC09_15deg.parquet,TC23NMC09_15deg.parquet,TC23NMC09,NMC,lithium-ion,15.0,,15.0,discharge,68,0.0162492177789111,1.1210993648642074,0.694410261457368,3.69476370809963,15.713457209944753
raw_CU_diffT/TC23NMC09/TC23NMC09_15deg.parquet,TC23NMC09_15deg.parquet,TC23NMC09,NMC,lithium-ion,15.0,,15.0,discharge,69,0.0162500929975605,1.1373494578617678,0.7044755881186754,3.68179561002227,15.714612651933704
raw_CU_diffT/TC23NMC09/TC23NMC09_15deg.parquet,TC23NMC09_15deg.parquet,TC23NMC09,NMC,lithium-ion,15.0,,15.0,discharge,70,0.016246685238153,1.1535961430999209,0.7145388040098092,3.66920892659425,15.72109085635359
raw_CU_diffT/TC23NMC09/TC23NMC09_15deg.parquet,TC23NMC09_15deg.parquet,TC23NMC09,NMC,lithium-ion,15.0,,15.0,discharge,71,0.0162495150697132,1.1698456581696342,0.7246037727019302,3.65738507246489,15.732154613259668
raw_CU_diffT/TC23NMC09/TC23NMC09_15deg.parquet,TC23NMC09_15deg.parquet,TC23NMC09,NMC,lithium-ion,15.0,,15.0,discharge,72,0.0162493599569151,1.1860950181265493,0.7346686453170022,3.64594263298486,15.731931381215468
raw_CU_diffT/TC23NMC09/TC23NMC09_15deg.parquet,TC23NMC09_15deg.parquet,TC23NMC09,NMC,lithium-ion,15.0,,15.0,discharge,73,0.0162473742586033,1.2023423923851526,0.7447322879882109,3.63507231547884,15.729371767955804
raw_CU_diffT/TC23NMC09/TC23NMC09_15deg.parquet,TC23NMC09_15deg.parquet,TC23NMC09,NMC,lithium-ion,15.0,,15.0,discharge,74,0.0162468009915473,1.2185891933767,0.7547955755771327,3.62439270529749,15.742709447513812
raw_CU_diffT/TC23NMC09/TC23NMC09_15deg.parquet,TC23NMC09_15deg.parquet,TC23NMC09,NMC,lithium-ion,15.0,,15.0,discharge,75,0.0162464812833814,1.2348356746600813,0.7648586651384417,3.6139038024408,15.733128535911602
raw_CU_diffT/TC23NMC09/TC23NMC09_15deg.parquet,TC23NMC09_15deg.parquet,TC23NMC09,NMC,lithium-ion,15.0,,15.0,discharge,76,0.0162488132999177,1.251084487959999,0.7749231991535283,3.60360560690878,15.748439281767958
raw_CU_diffT/TC23NMC09/TC23NMC09_15deg.parquet,TC23NMC09_15deg.parquet,TC23NMC09,NMC,lithium-ion,15.0,,15.0,discharge,77,0.0162476278980359,1.2673321158580348,0.784986998929299,3.59311670405209,15.734894392265192
raw_CU_diffT/TC23NMC09/TC23NMC09_15deg.parquet,TC23NMC09_15deg.parquet,TC23NMC09,NMC,lithium-ion,15.0,,15.0,discharge,78,0.0162488138162397,1.2835809296742746,0.7950515332641962,3.58300921584473,15.753997127071822
raw_CU_diffT/TC23NMC09/TC23NMC09_15deg.parquet,TC23NMC09_15deg.parquet,TC23NMC09,NMC,lithium-ion,15.0,,15.0,discharge,79,0.0162463720276588,1.2998273017019335,0.8051145551523824,3.57309243496205,15.74905997237569
raw_CU_diffT/TC23NMC09/TC23NMC09_15deg.parquet,TC23NMC09_15deg.parquet,TC23NMC09,NMC,lithium-ion,15.0,,15.0,discharge,80,0.0162524096692967,1.3160797113712301,0.8151813167628803,3.56336636140403,15.755953397790055
raw_CU_diffT/TC23NMC09/TC23NMC09_15deg.parquet,TC23NMC09_15deg.parquet,TC23NMC09,NMC,lithium-ion,15.0,,15.0,discharge,81,0.0162457265358244,1.3323254379070546,0.8252439388326673,3.55306816587201,15.758796160220992
raw_CU_diffT/TC23NMC09/TC23NMC09_15deg.parquet,TC23NMC09_15deg.parquet,TC23NMC09,NMC,lithium-ion,15.0,,15.0,discharge,82,0.0162446297058731,1.3485700676129277,0.8353058815246961,3.54219784836598,15.746534972375692
raw_CU_diffT/TC23NMC09/TC23NMC09_15deg.parquet,TC23NMC09_15deg.parquet,TC23NMC09,NMC,lithium-ion,15.0,,15.0,discharge,83,0.0162498956699092,1.364819963282837,0.845371085961025,3.53209036015863,15.760209696132595
raw_CU_diffT/TC23NMC09/TC23NMC09_15deg.parquet,TC23NMC09_15deg.parquet,TC23NMC09,NMC,lithium-ion,15.0,,15.0,discharge,84,0.01624560000013,1.3810655632829671,0.8554336296544545,3.52427135984728,15.750343784530385
raw_CU_diffT/TC23NMC09/TC23NMC09_15deg.parquet,TC23NMC09_15deg.parquet,TC23NMC09,NMC,lithium-ion,15.0,,15.0,discharge,85,0.0162496126152949,1.397315175898262,0.8654986587664232,3.51797801813327,15.749249972375692
raw_CU_diffT/TC23NMC09/TC23NMC09_15deg.parquet,TC23NMC09_15deg.parquet,TC23NMC09,NMC,lithium-ion,15.0,,15.0,discharge,86,0.0162461915779324,1.4135613674761944,0.8755615688838372,3.51206609106859,15.746767817679556
raw_CU_diffT/TC23NMC09/TC23NMC09_15deg.parquet,TC23NMC09_15deg.parquet,TC23NMC09,NMC,lithium-ion,15.0,,15.0,discharge,87,0.0162458742017784,1.4298072416779728,0.8856242824180892,3.50634487132858,15.744526850828729
raw_CU_diffT/TC23NMC09/TC23NMC09_15deg.parquet,TC23NMC09_15deg.parquet,TC23NMC09,NMC,lithium-ion,15.0,,15.0,discharge,88,0.0162494601529654,1.4460567018309383,0.8956892170947123,3.5004329442639,15.755824475138123
raw_CU_diffT/TC23NMC09/TC23NMC09_15deg.parquet,TC23NMC09_15deg.parquet,TC23NMC09,NMC,lithium-ion,15.0,,15.0,discharge,89,0.0162463507746469,1.4623030526055851,0.905752225818758,3.49375818790055,15.761950193370168
raw_CU_diffT/TC23NMC09/TC23NMC09_15deg.parquet,TC23NMC09_15deg.parquet,TC23NMC09,NMC,lithium-ion,15.0,,15.0,discharge,90,0.0162478337405016,1.4785508863460868,0.9158161530935934,3.48517635829053,15.776081132596687
raw_CU_diffT/TC23NMC09/TC23NMC09_15deg.parquet,TC23NMC09_15deg.parquet,TC23NMC09,NMC,lithium-ion,15.0,,15.0,discharge,91,0.0162502577834552,1.494801144129542,0.9258815818234772,3.47068260161584,15.785766187845304
raw_CU_diffT/TC23NMC09/TC23NMC09_15deg.parquet,TC23NMC09_15deg.parquet,TC23NMC09,NMC,lithium-ion,15.0,,15.0,discharge,92,0.0162525402972616,1.5110536844268034,0.9359484243450898,3.44264862488978,15.818766546961328
raw_CU_diffT/TC23NMC09/TC23NMC09_15deg.parquet,TC23NMC09_15deg.parquet,TC23NMC09,NMC,lithium-ion,15.0,,15.0,discharge,93,0.0162525234773107,1.5273062079041142,0.9460152564484051,3.40183725741103,15.836824325068871
raw_CU_diffT/TC23NMC09/TC23NMC09_15deg.parquet,TC23NMC09_15deg.parquet,TC23NMC09,NMC,lithium-ion,15.0,,15.0,discharge,94,0.0162501894990231,1.5435563974031372,0.9560806428828316,3.35072769440025,15.872404779005526
raw_CU_diffT/TC23NMC09/TC23NMC09_15deg.parquet,TC23NMC09_15deg.parquet,TC23NMC09,NMC,lithium-ion,15.0,,15.0,discharge,95,0.0162479025111444,1.5598042999142816,0.9661446127542838,3.28779427726012,15.89884861878453
raw_CU_diffT/TC23NMC09/TC23NMC09_15deg.parquet,TC23NMC09_15deg.parquet,TC23NMC09,NMC,lithium-ion,15.0,,15.0,discharge,96,0.0162462367795017,1.5760505366937834,0.976207550869603,3.20617154230262,15.933546049723759
raw_CU_diffT/TC23NMC09/TC23NMC09_15deg.parquet,TC23NMC09_15deg.parquet,TC23NMC09,NMC,lithium-ion,15.0,,15.0,discharge,97,0.0162467586511786,1.592297295344962,0.9862708122328507,3.08926795228171,15.980636629834251
raw_CU_diffT/TC23NMC09/TC23NMC09_15deg.parquet,TC23NMC09_15deg.parquet,TC23NMC09,NMC,lithium-ion,15.0,,15.0,discharge,98,0.0101301515096749,1.602427446854637,0.9925454399589027,2.98228114314349,15.914935718232044
raw_CU_diffT/TC23NMC09/TC23NMC09_15deg.parquet,TC23NMC09_15deg.parquet,TC23NMC09,NMC,lithium-ion,15.0,,15.0,discharge,99,0.0043278351282097,1.6067552819828466,0.9952261061131364,2.9231618724967,15.786360193370164
raw_CU_diffT/TC23NMC09/TC23NMC09_15deg.parquet,TC23NMC09_15deg.parquet,TC23NMC09,NMC,lithium-ion,15.0,,15.0,discharge,100,0.0024767589457004,1.609232040928547,0.9967602135089239,2.88883455405663,15.716765414364643
raw_CU_diffT/TC23NMC09/TC23NMC09_15deg.parquet,TC23NMC09_15deg.parquet,TC23NMC09,NMC,lithium-ion,15.0,,15.0,discharge,101,0.0017414484994222,1.6109734894279693,0.9978388687518914,2.86842887031726,15.674149254143645
raw_CU_diffT/TC23NMC09/TC23NMC09_15deg.parquet,TC23NMC09_15deg.parquet,TC23NMC09,NMC,lithium-ion,15.0,,15.0,discharge,102,0.001362989567412,1.6123364789953814,0.9986831060885033,2.8543165282919,15.652944309392266
raw_CU_diffT/TC23NMC09/TC23NMC09_15deg.parquet,TC23NMC09_15deg.parquet,TC23NMC09,NMC,lithium-ion,15.0,,15.0,discharge,103,0.001140939088357,1.6134774180837383,0.9993898050979608,2.84325550346121,15.639683922651935
raw_CU_diffT/TC23NMC09/TC23NMC09_15deg.parquet,TC23NMC09_15deg.parquet,TC23NMC09,NMC,lithium-ion,15.0,,15.0,discharge,104,0.0009851368205367,1.614462554904275,1.0000000000000004,2.83410155187719,15.634883812154694
raw_CU_diffT/TC23NMC09/TC23NMC09_15deg.parquet,TC23NMC09_15deg.parquet,TC23NMC09,NMC,lithium-ion,15.0,,15.0,charge,0,0.0162483777255555,0.0162483777255555,0.010603068498163,3.14114034459115,15.619426712707183
raw_CU_diffT/TC23NMC09/TC23NMC09_15deg.parquet,TC23NMC09_15deg.parquet,TC23NMC09,NMC,lithium-ion,15.0,,15.0,charge,1,0.0162467102628246,0.0324950879883801,0.0212050488740622,3.25022493430071,15.624613314917127
raw_CU_diffT/TC23NMC09/TC23NMC09_15deg.parquet,TC23NMC09_15deg.parquet,TC23NMC09,NMC,lithium-ion,15.0,,15.0,charge,2,0.0162455968314959,0.048740684819876,0.031806302667354465,3.3266985714922,15.62370002762431
raw_CU_diffT/TC23NMC09/TC23NMC09_15deg.parquet,TC23NMC09_15deg.parquet,TC23NMC09,NMC,lithium-ion,15.0,,15.0,charge,3,0.0162464055819688,0.0649870904018448,0.04240808422020569,3.38600854946366,15.6322991160221
raw_CU_diffT/TC23NMC09/TC23NMC09_15deg.parquet,TC23NMC09_15deg.parquet,TC23NMC09,NMC,lithium-ion,15.0,,15.0,charge,4,0.0162517747001934,0.0812388651020382,0.05301336945381026,3.43425750260443,15.624888784530388
raw_CU_diffT/TC23NMC09/TC23NMC09_15deg.parquet,TC23NMC09_15deg.parquet,TC23NMC09,NMC,lithium-ion,15.0,,15.0,charge,5,0.0162458115778661,0.0974846766799043,0.06361476338235242,3.47392462613518,15.62413046961326
raw_CU_diffT/TC23NMC09/TC23NMC09_15deg.parquet,TC23NMC09_15deg.parquet,TC23NMC09,NMC,lithium-ion,15.0,,15.0,charge,6,0.0162502732780032,0.1137349499579075,0.07421906884538566,3.5015771882119,15.636503701657459
raw_CU_diffT/TC23NMC09/TC23NMC09_15deg.parquet,TC23NMC09_15deg.parquet,TC23NMC09,NMC,lithium-ion,15.0,,15.0,charge,7,0.0162451566628279,0.1299801066207354,0.08482003540147699,3.51206609106859,15.6715385359116
raw_CU_diffT/TC23NMC09/TC23NMC09_15deg.parquet,TC23NMC09_15deg.parquet,TC23NMC09,NMC,lithium-ion,15.0,,15.0,charge,8,0.0162490406296221,0.1462291472503575,0.09542353648542452,3.51816872545793,15.693157375690607
raw_CU_diffT/TC23NMC09/TC23NMC09_15deg.parquet,TC23NMC09_15deg.parquet,TC23NMC09,NMC,lithium-ion,15.0,,15.0,charge,9,0.0162457538845986,0.16247490113495608,0.10602489276555171,3.52427135984728,15.690649281767957
raw_CU_diffT/TC23NMC09/TC23NMC09_15deg.parquet,TC23NMC09_15deg.parquet,TC23NMC09,NMC,lithium-ion,15.0,,15.0,charge,10,0.0162457603901639,0.17872066152511998,0.11662625329096146,3.53056470156129,15.701419779005525
raw_CU_diffT/TC23NMC09/TC23NMC09_15deg.parquet,TC23NMC09_15deg.parquet,TC23NMC09,NMC,lithium-ion,15.0,,15.0,charge,11,0.0162520552296441,0.19497271675476407,0.12723172158733276,3.53723945792464,15.698999309392267
raw_CU_diffT/TC23NMC09/TC23NMC09_15deg.parquet,TC23NMC09_15deg.parquet,TC23NMC09,NMC,lithium-ion,15.0,,15.0,charge,12,0.0162483620437883,0.21122107879855237,0.13783477985217557,3.54486775091132,15.68636671270718
raw_CU_diffT/TC23NMC09/TC23NMC09_15deg.parquet,TC23NMC09_15deg.parquet,TC23NMC09,NMC,lithium-ion,15.0,,15.0,charge,13,0.016252313687607,0.22747339248615936,0.1484404168083067,3.55364028784601,15.693105635359116
raw_CU_diffT/TC23NMC09/TC23NMC09_15deg.parquet,TC23NMC09_15deg.parquet,TC23NMC09,NMC,lithium-ion,15.0,,15.0,charge,14,0.0162518042406928,0.24372519672685217,0.15904572131890887,3.56317565407936,15.682016077348067
raw_CU_diffT/TC23NMC09/TC23NMC09_15deg.parquet,TC23NMC09_15deg.parquet,TC23NMC09,NMC,lithium-ion,15.0,,15.0,charge,15,0.0162455778042386,0.25997077453109074,0.16964696269574234,3.57366455693605,15.684083674033149
raw_CU_diffT/TC23NMC09/TC23NMC09_15deg.parquet,TC23NMC09_15deg.parquet,TC23NMC09,NMC,lithium-ion,15.0,,15.0,charge,16,0.0162494635679721,0.2762202380990628,0.1802507397730457,3.58453487444207,15.687228397790058
raw_CU_diffT/TC23NMC09/TC23NMC09_15deg.parquet,TC23NMC09_15deg.parquet,TC23NMC09,NMC,lithium-ion,15.0,,15.0,charge,17,0.0162489903063735,0.2924692284054363,0.19085420801797012,3.59540519194809,15.676924005524862
raw_CU_diffT/TC23NMC09/TC23NMC09_15deg.parquet,TC23NMC09_15deg.parquet,TC23NMC09,NMC,lithium-ion,15.0,,15.0,charge,18,0.016248874887322,0.30871810329275834,0.20145760094484558,3.60646621677878,15.675243342541439
raw_CU_diffT/TC23NMC09/TC23NMC09_15deg.parquet,TC23NMC09_15deg.parquet,TC23NMC09,NMC,lithium-ion,15.0,,15.0,charge,19,0.0162453295043685,0.32496343279712686,0.21205868029070127,3.6173365342848,15.682361049723756
raw_CU_diffT/TC23NMC09/TC23NMC09_15deg.parquet,TC23NMC09_15deg.parquet,TC23NMC09,NMC,lithium-ion,15.0,,15.0,charge,20,0.0162464274342537,0.34120986023138056,0.222660476103516,3.62820685179083,15.672443314917128
raw_CU_diffT/TC23NMC09/TC23NMC09_15deg.parquet,TC23NMC09_15deg.parquet,TC23NMC09,NMC,lithium-ion,15.0,,15.0,charge,21,0.0162467345163574,0.35745659474773794,0.23326247230634103,3.63850504732285,15.677303011049723
raw_CU_diffT/TC23NMC09/TC23NMC09_15deg.parquet,TC23NMC09_15deg.parquet,TC23NMC09,NMC,lithium-ion,15.0,,15.0,charge,22,0.01625182033725,0.3737084150849879,0.24386778732093944,3.64937536482887,15.669617209944752
raw_CU_diffT/TC23NMC09/TC23NMC09_15deg.parquet,TC23NMC09_15deg.parquet,TC23NMC09,NMC,lithium-ion,15.0,,15.0,charge,23,0.016249358806958,0.3899577738919459,0.25447149603522057,3.66062709698423,15.674873314917127
raw_CU_diffT/TC23NMC09/TC23NMC09_15deg.parquet,TC23NMC09_15deg.parquet,TC23NMC09,NMC,lithium-ion,15.0,,15.0,charge,24,0.0162455195942981,0.406203293486244,0.26507269942647804,3.67245095111359,15.682456160220996
raw_CU_diffT/TC23NMC09/TC23NMC09_15deg.parquet,TC23NMC09_15deg.parquet,TC23NMC09,NMC,lithium-ion,15.0,,15.0,charge,25,0.0162460167919061,0.42244931027815014,0.2756742272698368,3.68427480524294,15.676751602209945
raw_CU_diffT/TC23NMC09/TC23NMC09_15deg.parquet,TC23NMC09_15deg.parquet,TC23NMC09,NMC,lithium-ion,15.0,,15.0,charge,26,0.0162525550810255,0.43870186535917566,0.2862800217500602,3.69590795204763,15.677216546961327
raw_CU_diffT/TC23NMC09/TC23NMC09_15deg.parquet,TC23NMC09_15deg.parquet,TC23NMC09,NMC,lithium-ion,15.0,,15.0,charge,27,0.0162497820953027,0.45495164745447836,0.2968840066860903,3.70735039152766,15.674381657458563
raw_CU_diffT/TC23NMC09/TC23NMC09_15deg.parquet,TC23NMC09_15deg.parquet,TC23NMC09,NMC,lithium-ion,15.0,,15.0,charge,28,0.0162489319585305,0.47120057941300886,0.3074874368554488,3.71841141635835,15.675622790055249
raw_CU_diffT/TC23NMC09/TC23NMC09_15deg.parquet,TC23NMC09_15deg.parquet,TC23NMC09,NMC,lithium-ion,15.0,,15.0,charge,29,0.0162522273710117,0.4874528067840206,0.3180930174846784,3.73004456316304,15.673080718232045
raw_CU_diffT/TC23NMC09/TC23NMC09_15deg.parquet,TC23NMC09_15deg.parquet,TC23NMC09,NMC,lithium-ion,15.0,,15.0,charge,30,0.0162458481387709,0.5036986549227915,0.3286944352714657,3.74167770996773,15.680956243093926
raw_CU_diffT/TC23NMC09/TC23NMC09_15deg.parquet,TC23NMC09_15deg.parquet,TC23NMC09,NMC,lithium-ion,15.0,,15.0,charge,31,0.0162521033620848,0.5199507582848764,0.3392999349772229,3.75312014944775,15.675519254143648
raw_CU_diffT/TC23NMC09/TC23NMC09_15deg.parquet,TC23NMC09_15deg.parquet,TC23NMC09,NMC,lithium-ion,15.0,,15.0,charge,32,0.0162497963905002,0.5362005546753765,0.3499039292417509,3.76399046695377,15.695457375690605
raw_CU_diffT/TC23NMC09/TC23NMC09_15deg.parquet,TC23NMC09_15deg.parquet,TC23NMC09,NMC,lithium-ion,15.0,,15.0,charge,33,0.0162522583002007,0.5524528129755772,0.3605095300541837,3.77467007713513,15.689013011049724
raw_CU_diffT/TC23NMC09/TC23NMC09_15deg.parquet,TC23NMC09_15deg.parquet,TC23NMC09,NMC,lithium-ion,15.0,,15.0,charge,34,0.0162496297242625,0.5687024426998397,0.37111341555871336,3.78458685801782,15.684902458563537
raw_CU_diffT/TC23NMC09/TC23NMC09_15deg.parquet,TC23NMC09_15deg.parquet,TC23NMC09,NMC,lithium-ion,15.0,,15.0,charge,35,0.0162520055146819,0.5849544482145216,0.3817188514130059,3.79355010227717,15.702453784530388
raw_CU_diffT/TC23NMC09/TC23NMC09_15deg.parquet,TC23NMC09_15deg.parquet,TC23NMC09,NMC,lithium-ion,15.0,,15.0,charge,36,0.0162520898880536,0.6012065381025752,0.3923243423261268,3.80194122456252,15.691002872928177
raw_CU_diffT/TC23NMC09/TC23NMC09_15deg.parquet,TC23NMC09_15deg.parquet,TC23NMC09,NMC,lithium-ion,15.0,,15.0,charge,37,0.016249874017833,0.6174564121204081,0.4029283872472767,3.8095695175492,15.683791270718235
raw_CU_diffT/TC23NMC09/TC23NMC09_15deg.parquet,TC23NMC09_15deg.parquet,TC23NMC09,NMC,lithium-ion,15.0,,15.0,charge,38,0.0162500469983445,0.6337064591187527,0.41353254504887804,3.81681639588655,15.695776408839778
raw_CU_diffT/TC23NMC09/TC23NMC09_15deg.parquet,TC23NMC09_15deg.parquet,TC23NMC09,NMC,lithium-ion,15.0,,15.0,charge,39,0.0162475356846841,0.6499539948034367,0.42413506406344403,3.82330044492523,15.696749861878452
raw_CU_diffT/TC23NMC09/TC23NMC09_15deg.parquet,TC23NMC09_15deg.parquet,TC23NMC09,NMC,lithium-ion,15.0,,15.0,charge,40,0.0162521407642901,0.6662061355677269,0.4347405881764468,3.82959378663924,15.696069198895028
raw_CU_diffT/TC23NMC09/TC23NMC09_15deg.parquet,TC23NMC09_15deg.parquet,TC23NMC09,NMC,lithium-ion,15.0,,15.0,charge,41,0.0162493945202961,0.682455530088023,0.44534432019588344,3.83531500637926,15.700980745856354
raw_CU_diffT/TC23NMC09/TC23NMC09_15deg.parquet,TC23NMC09_15deg.parquet,TC23NMC09,NMC,lithium-ion,15.0,,15.0,charge,42,0.0162471241999138,0.6987026542879368,0.4559465706912607,3.8408455187946,15.701074640883979
raw_CU_diffT/TC23NMC09/TC23NMC09_15deg.parquet,TC23NMC09_15deg.parquet,TC23NMC09,NMC,lithium-ion,15.0,,15.0,charge,43,0.0162522798525057,0.7149549341404424,0.4665521855679016,3.84618532388528,15.713895828729282
raw_CU_diffT/TC23NMC09/TC23NMC09_15deg.parquet,TC23NMC09_15deg.parquet,TC23NMC09,NMC,lithium-ion,15.0,,15.0,charge,44,0.0162498417873592,0.7312047759278016,0.47715620945667975,3.85152512897596,15.708812790055248
raw_CU_diffT/TC23NMC09/TC23NMC09_15deg.parquet,TC23NMC09_15deg.parquet,TC23NMC09,NMC,lithium-ion,15.0,,15.0,charge,45,0.0162522648292315,0.7474570407570331,0.48776181452970774,3.8564835194173,15.709286519337018
raw_CU_diffT/TC23NMC09/TC23NMC09_15deg.parquet,TC23NMC09_15deg.parquet,TC23NMC09,NMC,lithium-ion,15.0,,15.0,charge,46,0.0162490822823321,0.7637061230393652,0.4983653427946173,3.86144190985864,15.717265773480662
raw_CU_diffT/TC23NMC09/TC23NMC09_15deg.parquet,TC23NMC09_15deg.parquet,TC23NMC09,NMC,lithium-ion,15.0,,15.0,charge,47,0.0162496720170957,0.779955795056461,0.5089692558978288,3.86640030029999,15.70858002762431
raw_CU_diffT/TC23NMC09/TC23NMC09_15deg.parquet,TC23NMC09_15deg.parquet,TC23NMC09,NMC,lithium-ion,15.0,,15.0,charge,48,0.0162517183059106,0.7962075133623716,0.5195745043306861,3.87135869074133,15.721151602209945
raw_CU_diffT/TC23NMC09/TC23NMC09_15deg.parquet,TC23NMC09_15deg.parquet,TC23NMC09,NMC,lithium-ion,15.0,,15.0,charge,49,0.0162483700481543,0.8124558834105259,0.5301775678188714,3.87631708118267,15.713594723756906
raw_CU_diffT/TC23NMC09/TC23NMC09_15deg.parquet,TC23NMC09_15deg.parquet,TC23NMC09,NMC,lithium-ion,15.0,,15.0,charge,50,0.0162518180416372,0.8287077014521631,0.5407828813354408,3.88127547162402,15.714137872928179
raw_CU_diffT/TC23NMC09/TC23NMC09_15deg.parquet,TC23NMC09_15deg.parquet,TC23NMC09,NMC,lithium-ion,15.0,,15.0,charge,51,0.0162502129042688,0.8449579143564319,0.5513871474008891,3.88623386206536,15.726261325966851
raw_CU_diffT/TC23NMC09/TC23NMC09_15deg.parquet,TC23NMC09_15deg.parquet,TC23NMC09,NMC,lithium-ion,15.0,,15.0,charge,52,0.0162500126054407,0.8612079269618725,0.5619912827589997,3.8911922525067,15.707614751381215
raw_CU_diffT/TC23NMC09/TC23NMC09_15deg.parquet,TC23NMC09_15deg.parquet,TC23NMC09,NMC,lithium-ion,15.0,,15.0,charge,53,0.016249435058125,0.8774573620199976,0.5725950412318697,3.89615064294805,15.72168635359116
raw_CU_diffT/TC23NMC09/TC23NMC09_15deg.parquet,TC23NMC09_15deg.parquet,TC23NMC09,NMC,lithium-ion,15.0,,15.0,charge,54,0.0162523112147375,0.893709673234735,0.583200676574301,3.90149044803873,15.728665690607736
raw_CU_diffT/TC23NMC09/TC23NMC09_15deg.parquet,TC23NMC09_15deg.parquet,TC23NMC09,NMC,lithium-ion,15.0,,15.0,charge,55,0.0162522564772434,0.9099619297119784,0.5938062761971417,3.90702096045407,15.734885359116022
raw_CU_diffT/TC23NMC09/TC23NMC09_15deg.parquet,TC23NMC09_15deg.parquet,TC23NMC09,NMC,lithium-ion,15.0,,15.0,charge,56,0.0162517161209209,0.9262136458328993,0.6044115232041584,3.91293288751875,15.725407817679558
raw_CU_diffT/TC23NMC09/TC23NMC09_15deg.parquet,TC23NMC09_15deg.parquet,TC23NMC09,NMC,lithium-ion,15.0,,15.0,charge,57,0.0162490762747784,0.9424627221076778,0.6150150475487687,3.91941693655743,15.729526961325963
raw_CU_diffT/TC23NMC09/TC23NMC09_15deg.parquet,TC23NMC09_15deg.parquet,TC23NMC09,NMC,lithium-ion,15.0,,15.0,charge,58,0.0162524605347522,0.9587151826424299,0.625620780331718,3.92666381489478,15.72488218232044
raw_CU_diffT/TC23NMC09/TC23NMC09_15deg.parquet,TC23NMC09_15deg.parquet,TC23NMC09,NMC,lithium-ion,15.0,,15.0,charge,59,0.0162475200809204,0.9749627027233504,0.636223289163866,3.93467352253079,15.727717265193373
raw_CU_diffT/TC23NMC09/TC23NMC09_15deg.parquet,TC23NMC09_15deg.parquet,TC23NMC09,NMC,lithium-ion,15.0,,15.0,charge,60,0.0162481511666401,0.9912108538899905,0.6468262098183649,3.94382747411481,15.72923270718232
raw_CU_diffT/TC23NMC09/TC23NMC09_15deg.parquet,TC23NMC09_15deg.parquet,TC23NMC09,NMC,lithium-ion,15.0,,15.0,charge,61,0.0162517601033677,1.0074626139933582,0.6574314855266405,3.95336284034817,15.71825632596685
raw_CU_diffT/TC23NMC09/TC23NMC09_15deg.parquet,TC23NMC09_15deg.parquet,TC23NMC09,NMC,lithium-ion,15.0,,15.0,charge,62,0.0162517643575253,1.0237143783508835,0.6680367640110163,3.96270749925685,15.710760193370165
raw_CU_diffT/TC23NMC09/TC23NMC09_15deg.parquet,TC23NMC09_15deg.parquet,TC23NMC09,NMC,lithium-ion,15.0,,15.0,charge,63,0.0162489082895446,1.039963286640428,0.6786401787349018,3.97186145084087,15.713689392265193
raw_CU_diffT/TC23NMC09/TC23NMC09_15deg.parquet,TC23NMC09_15deg.parquet,TC23NMC09,NMC,lithium-ion,15.0,,15.0,charge,64,0.0162464283549001,1.0562097149953282,0.6892419751484952,3.98044328045089,15.697301049723757
raw_CU_diffT/TC23NMC09/TC23NMC09_15deg.parquet,TC23NMC09_15deg.parquet,TC23NMC09,NMC,lithium-ion,15.0,,15.0,charge,65,0.016248021170639,1.0724577361659673,0.6998448109725866,3.98921581738557,15.698094226519338
raw_CU_diffT/TC23NMC09/TC23NMC09_15deg.parquet,TC23NMC09_15deg.parquet,TC23NMC09,NMC,lithium-ion,15.0,,15.0,charge,66,0.0162486127098416,1.0887063488758089,0.7104480328124877,3.99741623234626,15.687659668508287
raw_CU_diffT/TC23NMC09/TC23NMC09_15deg.parquet,TC23NMC09_15deg.parquet,TC23NMC09,NMC,lithium-ion,15.0,,15.0,charge,67,0.0162490980319002,1.104955446907709,0.7210515713549616,4.00504452533294,15.68267008287293
raw_CU_diffT/TC23NMC09/TC23NMC09_15deg.parquet,TC23NMC09_15deg.parquet,TC23NMC09,NMC,lithium-ion,15.0,,15.0,charge,68,0.0162456634511151,1.121201110358824,0.7316528686216637,4.01229140367029,15.688934198895028
raw_CU_diffT/TC23NMC09/TC23NMC09_15deg.parquet,TC23NMC09_15deg.parquet,TC23NMC09,NMC,lithium-ion,15.0,,15.0,charge,69,0.016245568940516,1.13744667929934,0.7422541042143717,4.01896616003363,15.665774198895031
raw_CU_diffT/TC23NMC09/TC23NMC09_15deg.parquet,TC23NMC09_15deg.parquet,TC23NMC09,NMC,lithium-ion,15.0,,15.0,charge,70,0.0162519340126711,1.153698613312011,0.7528594934091926,4.02487808709831,15.677440607734805
raw_CU_diffT/TC23NMC09/TC23NMC09_15deg.parquet,TC23NMC09_15deg.parquet,TC23NMC09,NMC,lithium-ion,15.0,,15.0,charge,71,0.016251829533922,1.169950442845933,0.7634648144251867,4.03021789218899,15.673640939226518
raw_CU_diffT/TC23NMC09/TC23NMC09_15deg.parquet,TC23NMC09_15deg.parquet,TC23NMC09,NMC,lithium-ion,15.0,,15.0,charge,72,0.0162498399398581,1.1862002827857911,0.7740688371083564,4.03498557530567,15.660414834254144
raw_CU_diffT/TC23NMC09/TC23NMC09_15deg.parquet,TC23NMC09_15deg.parquet,TC23NMC09,NMC,lithium-ion,15.0,,15.0,charge,73,0.0162493615163104,1.2024496443021016,0.784672547590657,4.03879972179901,15.652349972375692
raw_CU_diffT/TC23NMC09/TC23NMC09_15deg.parquet,TC23NMC09_15deg.parquet,TC23NMC09,NMC,lithium-ion,15.0,,15.0,charge,74,0.0162497808561371,1.2186994251582386,0.7952765317180551,4.04223245364302,15.664507955801104
raw_CU_diffT/TC23NMC09/TC23NMC09_15deg.parquet,TC23NMC09_15deg.parquet,TC23NMC09,NMC,lithium-ion,15.0,,15.0,charge,75,0.0162480141808859,1.2349474393391244,0.8058793629809015,4.04528377083769,15.666299806629834
raw_CU_diffT/TC23NMC09/TC23NMC09_15deg.parquet,TC23NMC09_15deg.parquet,TC23NMC09,NMC,lithium-ion,15.0,,15.0,charge,76,0.0162500661413442,1.2511975054804687,0.8164835332744906,4.04814438070769,15.657924751381216
raw_CU_diffT/TC23NMC09/TC23NMC09_15deg.parquet,TC23NMC09_15deg.parquet,TC23NMC09,NMC,lithium-ion,15.0,,15.0,charge,77,0.0162517997127711,1.2674493051932398,0.8270888348303447,4.05081428325303,15.678431187845304
raw_CU_diffT/TC23NMC09/TC23NMC09_15deg.parquet,TC23NMC09_15deg.parquet,TC23NMC09,NMC,lithium-ion,15.0,,15.0,charge,78,0.016249936578614,1.2836992417718538,0.8376929205762623,4.05367489312304,15.676863480662984
raw_CU_diffT/TC23NMC09/TC23NMC09_15deg.parquet,TC23NMC09_15deg.parquet,TC23NMC09,NMC,lithium-ion,15.0,,15.0,charge,79,0.0162498685731466,1.2999491103450005,0.8482969619444187,4.05653550299305,15.679396546961325
raw_CU_diffT/TC23NMC09/TC23NMC09_15deg.parquet,TC23NMC09_15deg.parquet,TC23NMC09,NMC,lithium-ion,15.0,,15.0,charge,80,0.0162518690155369,1.3162009793605374,0.8589023087246013,4.05939611286305,15.676036049723757
raw_CU_diffT/TC23NMC09/TC23NMC09_15deg.parquet,TC23NMC09_15deg.parquet,TC23NMC09,NMC,lithium-ion,15.0,,15.0,charge,81,0.0162495573877601,1.3324505367482975,0.8695061470251022,4.06282884470706,15.683540856353591
raw_CU_diffT/TC23NMC09/TC23NMC09_15deg.parquet,TC23NMC09_15deg.parquet,TC23NMC09,NMC,lithium-ion,15.0,,15.0,charge,82,0.0162518356187054,1.3487023723670029,0.8801114720117926,4.06645228387573,15.68429011049724
raw_CU_diffT/TC23NMC09/TC23NMC09_15deg.parquet,TC23NMC09_15deg.parquet,TC23NMC09,NMC,lithium-ion,15.0,,15.0,charge,83,0.0162518583718829,1.3649542307388858,0.8907168118463347,4.07045713769374,15.689589337016574
raw_CU_diffT/TC23NMC09/TC23NMC09_15deg.parquet,TC23NMC09_15deg.parquet,TC23NMC09,NMC,lithium-ion,15.0,,15.0,charge,84,0.0162468333206028,1.3812010640594885,0.901318872525023,4.07503411348575,15.696827237569062
raw_CU_diffT/TC23NMC09/TC23NMC09_15deg.parquet,TC23NMC09_15deg.parquet,TC23NMC09,NMC,lithium-ion,15.0,,15.0,charge,85,0.0162502043293668,1.3974512683888554,0.911923132994819,4.07999250392709,15.689976961325968
raw_CU_diffT/TC23NMC09/TC23NMC09_15deg.parquet,TC23NMC09_15deg.parquet,TC23NMC09,NMC,lithium-ion,15.0,,15.0,charge,86,0.0162490519274567,1.413700320316312,0.9225266414513004,4.08571372366711,15.701411049723756
raw_CU_diffT/TC23NMC09/TC23NMC09_15deg.parquet,TC23NMC09_15deg.parquet,TC23NMC09,NMC,lithium-ion,15.0,,15.0,charge,87,0.0162476785029924,1.4299479988193045,0.9331292536636201,4.09200706538112,15.706943397790056
raw_CU_diffT/TC23NMC09/TC23NMC09_15deg.parquet,TC23NMC09_15deg.parquet,TC23NMC09,NMC,lithium-ion,15.0,,15.0,charge,88,0.0162496671737974,1.446197665993102,0.9437331636062808,4.0990632363938,15.705150994475138
raw_CU_diffT/TC23NMC09/TC23NMC09_15deg.parquet,TC23NMC09_15deg.parquet,TC23NMC09,NMC,lithium-ion,15.0,,15.0,charge,89,0.0162522858043034,1.4624499517974054,0.9543387823668369,4.10707294402982,15.70540049723757
raw_CU_diffT/TC23NMC09/TC23NMC09_15deg.parquet,TC23NMC09_15deg.parquet,TC23NMC09,NMC,lithium-ion,15.0,,15.0,charge,90,0.0132464915913779,1.4756964433887834,0.9629829350370948,4.11393840771783,15.693984088397793
raw_CU_diffT/TC23NMC09/TC23NMC09_15deg.parquet,TC23NMC09_15deg.parquet,TC23NMC09,NMC,lithium-ion,15.0,,15.0,charge,91,0.010013396640193,1.4857098400289763,0.9695172938677769,4.11889679815917,15.677432071823205
raw_CU_diffT/TC23NMC09/TC23NMC09_15deg.parquet,TC23NMC09_15deg.parquet,TC23NMC09,NMC,lithium-ion,15.0,,15.0,charge,92,0.0079491354922734,1.4936589755212497,0.974704594997119,4.12328306662652,15.656365276243093
raw_CU_diffT/TC23NMC09/TC23NMC09_15deg.parquet,TC23NMC09_15deg.parquet,TC23NMC09,NMC,lithium-ion,15.0,,15.0,charge,93,0.006505822021732,1.5001647975429817,0.9789500450782547,4.12690650579519,15.638416906077348
raw_CU_diffT/TC23NMC09/TC23NMC09_15deg.parquet,TC23NMC09_15deg.parquet,TC23NMC09,NMC,lithium-ion,15.0,,15.0,charge,94,0.0053936643189199,1.5055584618619016,0.9824697436718969,4.12995782298986,15.628456160220995
raw_CU_diffT/TC23NMC09/TC23NMC09_15deg.parquet,TC23NMC09_15deg.parquet,TC23NMC09,NMC,lithium-ion,15.0,,15.0,charge,95,0.0045586589829122,1.5101171208448139,0.9854445497892832,4.1326277255352,15.619409281767956
raw_CU_diffT/TC23NMC09/TC23NMC09_15deg.parquet,TC23NMC09_15deg.parquet,TC23NMC09,NMC,lithium-ion,15.0,,15.0,charge,96,0.0039038680053406,1.5140209888501546,0.9879920644130545,4.13510692075587,15.604857182320442
raw_CU_diffT/TC23NMC09/TC23NMC09_15deg.parquet,TC23NMC09_15deg.parquet,TC23NMC09,NMC,lithium-ion,15.0,,15.0,charge,97,0.003372691192136,1.5173936800422905,0.9901929534087063,4.13720470132721,15.611455966850828
raw_CU_diffT/TC23NMC09/TC23NMC09_15deg.parquet,TC23NMC09_15deg.parquet,TC23NMC09,NMC,lithium-ion,15.0,,15.0,charge,98,0.0029632648234205,1.520356944865711,0.9921266664495786,4.13911177457388,15.60320185082873
raw_CU_diffT/TC23NMC09/TC23NMC09_15deg.parquet,TC23NMC09_15deg.parquet,TC23NMC09,NMC,lithium-ion,15.0,,15.0,charge,99,0.0026054287276528,1.522962373593364,0.9938268693703253,4.14101884782055,15.596161574585635
raw_CU_diffT/TC23NMC09/TC23NMC09_15deg.parquet,TC23NMC09_15deg.parquet,TC23NMC09,NMC,lithium-ion,15.0,,15.0,charge,100,0.0023083299550959,1.5252707035484598,0.9953331970199927,4.14235379909322,15.596945773480662
raw_CU_diffT/TC23NMC09/TC23NMC09_15deg.parquet,TC23NMC09_15deg.parquet,TC23NMC09,NMC,lithium-ion,15.0,,15.0,charge,101,0.0020683418442626,1.5273390453927225,0.9966829176273515,4.14387945769056,15.61448002762431
raw_CU_diffT/TC23NMC09/TC23NMC09_15deg.parquet,TC23NMC09_15deg.parquet,TC23NMC09,NMC,lithium-ion,15.0,,15.0,charge,102,0.0018689167298198,1.5292079621225423,0.9979025010490538,4.14502370163856,15.601237624309395
raw_CU_diffT/TC23NMC09/TC23NMC09_15deg.parquet,TC23NMC09_15deg.parquet,TC23NMC09,NMC,lithium-ion,15.0,,15.0,charge,103,0.0016839086095633,1.5308918707321055,0.9990013552628971,4.14616794558656,15.58552953038674
raw_CU_diffT/TC23NMC09/TC23NMC09_15deg.parquet,TC23NMC09_15deg.parquet,TC23NMC09,NMC,lithium-ion,15.0,,15.0,charge,104,0.0015303453811412,1.5324222161132468,1.0000000000000002,4.14731218953457,15.595394917127074
raw_CU_diffT/TC23NMC09/TC23NMC09_25deg.parquet,TC23NMC09_25deg.parquet,TC23NMC09,NMC,lithium-ion,25.0,,25.0,discharge,0,0.0162426484730978,0.0162426484730978,0.00998167525268277,4.21463187514204,25.632514364640883
raw_CU_diffT/TC23NMC09/TC23NMC09_25deg.parquet,TC23NMC09_25deg.parquet,TC23NMC09,NMC,lithium-ion,25.0,,25.0,discharge,1,0.0162384382539282,0.032481086727026,0.019960763178516527,4.193463362104,25.664339917127073
raw_CU_diffT/TC23NMC09/TC23NMC09_25deg.parquet,TC23NMC09_25deg.parquet,TC23NMC09,NMC,lithium-ion,25.0,,25.0,discharge,2,0.0162411277361351,0.0487222144631611,0.029941503885177963,4.17439262963729,25.64497674033149
raw_CU_diffT/TC23NMC09/TC23NMC09_25deg.parquet,TC23NMC09_25deg.parquet,TC23NMC09,NMC,lithium-ion,25.0,,25.0,discharge,3,0.0162408672450954,0.0649630817082565,0.039922084510989976,4.15703826309259,25.64922074585635
raw_CU_diffT/TC23NMC09/TC23NMC09_25deg.parquet,TC23NMC09_25deg.parquet,TC23NMC09,NMC,lithium-ion,25.0,,25.0,discharge,4,0.0162405190438046,0.0812036007520611,0.04990245115493732,4.14140026246989,25.650765331491712
raw_CU_diffT/TC23NMC09/TC23NMC09_25deg.parquet,TC23NMC09_25deg.parquet,TC23NMC09,NMC,lithium-ion,25.0,,25.0,discharge,5,0.0162434738736689,0.09744707462572999,0.05988463364512312,4.12728792044452,25.64285845303867
raw_CU_diffT/TC23NMC09/TC23NMC09_25deg.parquet,TC23NMC09_25deg.parquet,TC23NMC09,NMC,lithium-ion,25.0,,25.0,discharge,6,0.0162421435652095,0.1136892181909395,0.06986599861425935,4.11508265166583,25.629856187845302
raw_CU_diffT/TC23NMC09/TC23NMC09_25deg.parquet,TC23NMC09_25deg.parquet,TC23NMC09,NMC,lithium-ion,25.0,,25.0,discharge,7,0.0162393449879033,0.1299285631788428,0.07984564375981593,4.10402162683514,25.645846243093924
raw_CU_diffT/TC23NMC09/TC23NMC09_25deg.parquet,TC23NMC09_25deg.parquet,TC23NMC09,NMC,lithium-ion,25.0,,25.0,discharge,8,0.0162383323774144,0.1461668955562572,0.08982466662083101,4.09486767525113,25.63139220994475
raw_CU_diffT/TC23NMC09/TC23NMC09_25deg.parquet,TC23NMC09_25deg.parquet,TC23NMC09,NMC,lithium-ion,25.0,,25.0,discharge,9,0.0162422718920086,0.1624091674482658,0.09980611045127098,4.08628584564111,25.638766215469612
raw_CU_diffT/TC23NMC09/TC23NMC09_25deg.parquet,TC23NMC09_25deg.parquet,TC23NMC09,NMC,lithium-ion,25.0,,25.0,discharge,10,0.0162417105060342,0.1786508779543,0.10978720929040629,4.07884825997909,25.625536325966856
raw_CU_diffT/TC23NMC09/TC23NMC09_25deg.parquet,TC23NMC09_25deg.parquet,TC23NMC09,NMC,lithium-ion,25.0,,25.0,discharge,11,0.0162389358081957,0.1948898137624957,0.11976660298072955,4.07217350361574,25.63480900552486
raw_CU_diffT/TC23NMC09/TC23NMC09_25deg.parquet,TC23NMC09_25deg.parquet,TC23NMC09,NMC,lithium-ion,25.0,,25.0,discharge,12,0.0162415796029614,0.2111313933654571,0.12974762137535087,4.06626157655107,25.626777127071822
raw_CU_diffT/TC23NMC09/TC23NMC09_25deg.parquet,TC23NMC09_25deg.parquet,TC23NMC09,NMC,lithium-ion,25.0,,25.0,discharge,13,0.0162424522607795,0.2273738456262366,0.1397291760487054,4.06130318610972,25.641855524861878
raw_CU_diffT/TC23NMC09/TC23NMC09_25deg.parquet,TC23NMC09_25deg.parquet,TC23NMC09,NMC,lithium-ion,25.0,,25.0,discharge,14,0.0162418094420299,0.24361565506826652,0.14971033568746842,4.05653550299305,25.636901574585632
raw_CU_diffT/TC23NMC09/TC23NMC09_25deg.parquet,TC23NMC09_25deg.parquet,TC23NMC09,NMC,lithium-ion,25.0,,25.0,discharge,15,0.0162393099685783,0.2598549650368448,0.15968995931242566,4.05253064917504,25.628043121546966
raw_CU_diffT/TC23NMC09/TC23NMC09_25deg.parquet,TC23NMC09_25deg.parquet,TC23NMC09,NMC,lithium-ion,25.0,,25.0,discharge,16,0.0162409426976529,0.2760959077344977,0.16967058630647172,4.04909791733103,25.64176143646409
raw_CU_diffT/TC23NMC09/TC23NMC09_25deg.parquet,TC23NMC09_25deg.parquet,TC23NMC09,NMC,lithium-ion,25.0,,25.0,discharge,17,0.0162408880925505,0.2923367958270482,0.1796511797437736,4.04547447816236,25.631105055248618
raw_CU_diffT/TC23NMC09/TC23NMC09_25deg.parquet,TC23NMC09_25deg.parquet,TC23NMC09,NMC,lithium-ion,25.0,,25.0,discharge,18,0.0162411131243694,0.30857790895141757,0.18963191147099426,4.04242316096768,25.644908729281767
raw_CU_diffT/TC23NMC09/TC23NMC09_25deg.parquet,TC23NMC09_25deg.parquet,TC23NMC09,NMC,lithium-ion,25.0,,25.0,discharge,19,0.0162383743498536,0.32481628330127116,0.19961096012554036,4.03937184377301,25.650714281767957
raw_CU_diffT/TC23NMC09/TC23NMC09_25deg.parquet,TC23NMC09_25deg.parquet,TC23NMC09,NMC,lithium-ion,25.0,,25.0,discharge,20,0.016241895756924,0.34105817905819513,0.20959217280782294,4.03632052657834,25.637373508287297
raw_CU_diffT/TC23NMC09/TC23NMC09_25deg.parquet,TC23NMC09_25deg.parquet,TC23NMC09,NMC,lithium-ion,25.0,,25.0,discharge,21,0.0162397442717774,0.3572979233299725,0.2195720633272772,4.03345991670833,25.66126892265193
raw_CU_diffT/TC23NMC09/TC23NMC09_25deg.parquet,TC23NMC09_25deg.parquet,TC23NMC09,NMC,lithium-ion,25.0,,25.0,discharge,22,0.0162396388448285,0.373537562174801,0.22955188905818613,4.03002718486432,25.64951066115703
raw_CU_diffT/TC23NMC09/TC23NMC09_25deg.parquet,TC23NMC09_25deg.parquet,TC23NMC09,NMC,lithium-ion,25.0,,25.0,discharge,23,0.0162382323378382,0.3897757945126392,0.23953085044138475,4.02659445302032,25.659049419889502
raw_CU_diffT/TC23NMC09/TC23NMC09_25deg.parquet,TC23NMC09_25deg.parquet,TC23NMC09,NMC,lithium-ion,25.0,,25.0,discharge,24,0.0162386215450271,0.4060144160576663,0.24951005100600576,4.02258959920231,25.672220690607734
raw_CU_diffT/TC23NMC09/TC23NMC09_25deg.parquet,TC23NMC09_25deg.parquet,TC23NMC09,NMC,lithium-ion,25.0,,25.0,discharge,25,0.0162387358038104,0.4222531518614767,0.2594893217866431,4.01782191608563,25.667285469613258
raw_CU_diffT/TC23NMC09/TC23NMC09_25deg.parquet,TC23NMC09_25deg.parquet,TC23NMC09,NMC,lithium-ion,25.0,,25.0,discharge,26,0.0162412937838481,0.4384944456453248,0.2694701645354284,4.01229140367029,25.662222707182316
raw_CU_diffT/TC23NMC09/TC23NMC09_25deg.parquet,TC23NMC09_25deg.parquet,TC23NMC09,NMC,lithium-ion,25.0,,25.0,discharge,27,0.0162411050676736,0.4547355507129984,0.27945089131152784,4.00599806195627,25.67660011049724
raw_CU_diffT/TC23NMC09/TC23NMC09_25deg.parquet,TC23NMC09_25deg.parquet,TC23NMC09,NMC,lithium-ion,25.0,,25.0,discharge,28,0.0162393444865163,0.47097489519951474,0.28943053614896463,3.99875118361893,25.676111049723755
raw_CU_diffT/TC23NMC09/TC23NMC09_25deg.parquet,TC23NMC09_25deg.parquet,TC23NMC09,NMC,lithium-ion,25.0,,25.0,discharge,29,0.016242113552863,0.4872170087523777,0.2994118826744648,3.99036006133358,25.680219640883976
raw_CU_diffT/TC23NMC09/TC23NMC09_25deg.parquet,TC23NMC09_25deg.parquet,TC23NMC09,NMC,lithium-ion,25.0,,25.0,discharge,30,0.0162418473953988,0.5034588561477765,0.30939306563689967,3.98158752439889,25.664609447513815
raw_CU_diffT/TC23NMC09/TC23NMC09_25deg.parquet,TC23NMC09_25deg.parquet,TC23NMC09,NMC,lithium-ion,25.0,,25.0,discharge,31,0.016238036274559,0.5196968924223355,0.31937190653235975,3.97205215816554,25.67087900552486
raw_CU_diffT/TC23NMC09/TC23NMC09_25deg.parquet,TC23NMC09_25deg.parquet,TC23NMC09,NMC,lithium-ion,25.0,,25.0,discharge,32,0.0162409611695551,0.5359378535918906,0.3293525448780354,3.96232608460752,25.64961712707182
raw_CU_diffT/TC23NMC09/TC23NMC09_25deg.parquet,TC23NMC09_25deg.parquet,TC23NMC09,NMC,lithium-ion,25.0,,25.0,discharge,33,0.0162392110817247,0.5521770646736153,0.3393321077335645,3.95279071837416,25.65203859116022
raw_CU_diffT/TC23NMC09/TC23NMC09_25deg.parquet,TC23NMC09_25deg.parquet,TC23NMC09,NMC,lithium-ion,25.0,,25.0,discharge,34,0.0162418391385165,0.5684189038121318,0.34931328562185654,3.94344605946548,25.64436867403315
raw_CU_diffT/TC23NMC09/TC23NMC09_25deg.parquet,TC23NMC09_25deg.parquet,TC23NMC09,NMC,lithium-ion,25.0,,25.0,discharge,35,0.0162416573052755,0.5846605611174073,0.359294351767266,3.93467352253079,25.633443038674034
raw_CU_diffT/TC23NMC09/TC23NMC09_25deg.parquet,TC23NMC09_25deg.parquet,TC23NMC09,NMC,lithium-ion,25.0,,25.0,discharge,36,0.0162379865536521,0.6008985476710593,0.3692731621074907,3.92628240024544,25.631645414364638
raw_CU_diffT/TC23NMC09/TC23NMC09_25deg.parquet,TC23NMC09_25deg.parquet,TC23NMC09,NMC,lithium-ion,25.0,,25.0,discharge,37,0.0162388743438441,0.6171374220149034,0.37925251802582144,3.91865410725876,25.612450773480656
raw_CU_diffT/TC23NMC09/TC23NMC09_25deg.parquet,TC23NMC09_25deg.parquet,TC23NMC09,NMC,lithium-ion,25.0,,25.0,discharge,38,0.0162401037882568,0.6333775258031602,0.3892326294807193,3.91159793624608,25.618659696132596
raw_CU_diffT/TC23NMC09/TC23NMC09_25deg.parquet,TC23NMC09_25deg.parquet,TC23NMC09,NMC,lithium-ion,25.0,,25.0,discharge,39,0.0162395011386624,0.6496170269418226,0.3992123705863756,3.90492317988273,25.61790071823204
raw_CU_diffT/TC23NMC09/TC23NMC09_25deg.parquet,TC23NMC09_25deg.parquet,TC23NMC09,NMC,lithium-ion,25.0,,25.0,discharge,40,0.0162398894900005,0.6658569164318231,0.4091923503475041,3.89901125281805,25.597498093922656
raw_CU_diffT/TC23NMC09/TC23NMC09_25deg.parquet,TC23NMC09_25deg.parquet,TC23NMC09,NMC,lithium-ion,25.0,,25.0,discharge,41,0.0162414809422466,0.6820983973740697,0.41917330811166753,3.89367144772738,25.604577817679555
raw_CU_diffT/TC23NMC09/TC23NMC09_25deg.parquet,TC23NMC09_25deg.parquet,TC23NMC09,NMC,lithium-ion,25.0,,25.0,discharge,42,0.0162387762002092,0.6983371735742789,0.42915260371730396,3.88852234996137,25.58747453038674
raw_CU_diffT/TC23NMC09/TC23NMC09_25deg.parquet,TC23NMC09_25deg.parquet,TC23NMC09,NMC,lithium-ion,25.0,,25.0,discharge,43,0.0162409182546289,0.7145780918289079,0.4391332156902574,3.88394537416936,25.59672190607735
raw_CU_diffT/TC23NMC09/TC23NMC09_25deg.parquet,TC23NMC09_25deg.parquet,TC23NMC09,NMC,lithium-ion,25.0,,25.0,discharge,44,0.0162409086808137,0.7308190005097216,0.4491138217797667,3.87955910570201,25.603970082872923
raw_CU_diffT/TC23NMC09/TC23NMC09_25deg.parquet,TC23NMC09_25deg.parquet,TC23NMC09,NMC,lithium-ion,25.0,,25.0,discharge,45,0.0162404965265503,0.747059497036272,0.4590941745860742,3.87536354455934,25.587398149171275
raw_CU_diffT/TC23NMC09/TC23NMC09_25deg.parquet,TC23NMC09_25deg.parquet,TC23NMC09,NMC,lithium-ion,25.0,,25.0,discharge,46,0.0162416765207008,0.7633011735569728,0.46907525254003424,3.87116798341666,25.592478259668507
raw_CU_diffT/TC23NMC09/TC23NMC09_25deg.parquet,TC23NMC09_25deg.parquet,TC23NMC09,NMC,lithium-ion,25.0,,25.0,discharge,47,0.0162416373922308,0.7795428109492036,0.47905630644818165,3.86678171494932,25.607750635359118
raw_CU_diffT/TC23NMC09/TC23NMC09_25deg.parquet,TC23NMC09_25deg.parquet,TC23NMC09,NMC,lithium-ion,25.0,,25.0,discharge,48,0.0162410535777481,0.7957838645269517,0.48903700158192204,3.86258615380665,25.600713508287296
raw_CU_diffT/TC23NMC09/TC23NMC09_25deg.parquet,TC23NMC09_25deg.parquet,TC23NMC09,NMC,lithium-ion,25.0,,25.0,discharge,49,0.0162391374816797,0.8120230020086314,0.4990165192076508,3.8581998853393,25.59389544198895
raw_CU_diffT/TC23NMC09/TC23NMC09_25deg.parquet,TC23NMC09_25deg.parquet,TC23NMC09,NMC,lithium-ion,25.0,,25.0,discharge,50,0.0162420508272562,0.8282650528358876,0.508997827186073,3.85381361687196,25.604982624309393
raw_CU_diffT/TC23NMC09/TC23NMC09_25deg.parquet,TC23NMC09_25deg.parquet,TC23NMC09,NMC,lithium-ion,25.0,,25.0,discharge,51,0.0162385818686723,0.8445036347045599,0.5189770033681871,3.84923664107995,25.61517552486188
raw_CU_diffT/TC23NMC09/TC23NMC09_25deg.parquet,TC23NMC09_25deg.parquet,TC23NMC09,NMC,lithium-ion,25.0,,25.0,discharge,52,0.0162404502500563,0.8607440849546162,0.5289573277359714,3.84465966528794,25.605935276243088
raw_CU_diffT/TC23NMC09/TC23NMC09_25deg.parquet,TC23NMC09_25deg.parquet,TC23NMC09,NMC,lithium-ion,25.0,,25.0,discharge,53,0.016240011212265,0.8769840961668812,0.5389373822996864,3.8397012748466,25.615368701657452
raw_CU_diffT/TC23NMC09/TC23NMC09_25deg.parquet,TC23NMC09_25deg.parquet,TC23NMC09,NMC,lithium-ion,25.0,,25.0,discharge,54,0.0162398702102191,0.8932239663771003,0.5489173502127153,3.83474288440525,25.61864279005525
raw_CU_diffT/TC23NMC09/TC23NMC09_25deg.parquet,TC23NMC09_25deg.parquet,TC23NMC09,NMC,lithium-ion,25.0,,25.0,discharge,55,0.0162399912197202,0.9094639575968205,0.5588973924903125,3.82940307931458,25.60846723756906
raw_CU_diffT/TC23NMC09/TC23NMC09_25deg.parquet,TC23NMC09_25deg.parquet,TC23NMC09,NMC,lithium-ion,25.0,,25.0,discharge,56,0.0162406611693447,0.9257046187661653,0.5688778464753723,3.8240632742239,25.63032856353591
raw_CU_diffT/TC23NMC09/TC23NMC09_25deg.parquet,TC23NMC09_25deg.parquet,TC23NMC09,NMC,lithium-ion,25.0,,25.0,discharge,57,0.0162382556422207,0.941942874408386,0.5788568221799285,3.81796063983455,25.612264281767953
raw_CU_diffT/TC23NMC09/TC23NMC09_25deg.parquet,TC23NMC09_25deg.parquet,TC23NMC09,NMC,lithium-ion,25.0,,25.0,discharge,58,0.0162400609688628,0.9581829353772487,0.5888369073208121,3.81185800544521,25.627215497237568
raw_CU_diffT/TC23NMC09/TC23NMC09_25deg.parquet,TC23NMC09_25deg.parquet,TC23NMC09,NMC,lithium-ion,25.0,,25.0,discharge,59,0.0162434570494453,0.974426392426694,0.5988190794719244,3.80499254175719,25.633357872928176
raw_CU_diffT/TC23NMC09/TC23NMC09_25deg.parquet,TC23NMC09_25deg.parquet,TC23NMC09,NMC,lithium-ion,25.0,,25.0,discharge,60,0.0162454582682553,0.9906718506949493,0.6088024814419485,3.79755495609518,25.631636519337018
raw_CU_diffT/TC23NMC09/TC23NMC09_25deg.parquet,TC23NMC09_25deg.parquet,TC23NMC09,NMC,lithium-ion,25.0,,25.0,discharge,61,0.0162381581617609,1.0069100088567102,0.6187813972413547,3.78935454113449,25.6528482320442
raw_CU_diffT/TC23NMC09/TC23NMC09_25deg.parquet,TC23NMC09_25deg.parquet,TC23NMC09,NMC,lithium-ion,25.0,,25.0,discharge,62,0.0162382246874089,1.023148233544119,0.628760353923097,3.78039129687514,25.64439403314917
raw_CU_diffT/TC23NMC09/TC23NMC09_25deg.parquet,TC23NMC09_25deg.parquet,TC23NMC09,NMC,lithium-ion,25.0,,25.0,discharge,63,0.0162458900514703,1.0393941235955895,0.638744021239,3.77047451599245,25.653615856353593
raw_CU_diffT/TC23NMC09/TC23NMC09_25deg.parquet,TC23NMC09_25deg.parquet,TC23NMC09,NMC,lithium-ion,25.0,,25.0,discharge,64,0.0162399982895651,1.0556341218851546,0.6487240678612641,3.75941349116176,25.647921823204417
raw_CU_diffT/TC23NMC09/TC23NMC09_25deg.parquet,TC23NMC09_25deg.parquet,TC23NMC09,NMC,lithium-ion,25.0,,25.0,discharge,65,0.0162394734592565,1.0718735953444112,0.658703791956958,3.74758963703241,25.655345469613255
raw_CU_diffT/TC23NMC09/TC23NMC09_25deg.parquet,TC23NMC09_25deg.parquet,TC23NMC09,NMC,lithium-ion,25.0,,25.0,discharge,66,0.0162373136994483,1.0881109090438594,0.6686821888047547,3.73481224627971,25.662610635359115
raw_CU_diffT/TC23NMC09/TC23NMC09_25deg.parquet,TC23NMC09_25deg.parquet,TC23NMC09,NMC,lithium-ion,25.0,,25.0,discharge,67,0.0162384420796981,1.1043493511235576,0.6786612790816579,3.72127202622835,25.663699198895024
raw_CU_diffT/TC23NMC09/TC23NMC09_25deg.parquet,TC23NMC09_25deg.parquet,TC23NMC09,NMC,lithium-ion,25.0,,25.0,discharge,68,0.0162457757914004,1.1205951269149579,0.6886448761807538,3.70773180617699,25.67530011049724
raw_CU_diffT/TC23NMC09/TC23NMC09_25deg.parquet,TC23NMC09_25deg.parquet,TC23NMC09,NMC,lithium-ion,25.0,,25.0,discharge,69,0.0162394783973311,1.136834605312289,0.6986246033110671,3.69400087880096,25.66683770718232
raw_CU_diffT/TC23NMC09/TC23NMC09_25deg.parquet,TC23NMC09_25deg.parquet,TC23NMC09,NMC,lithium-ion,25.0,,25.0,discharge,70,0.0162404962539365,1.1530751015662255,0.7086049559498439,3.68065136607427,25.684776270718235
raw_CU_diffT/TC23NMC09/TC23NMC09_25deg.parquet,TC23NMC09_25deg.parquet,TC23NMC09,NMC,lithium-ion,25.0,,25.0,discharge,71,0.016241465336359,1.1693165669025845,0.7185859041236438,3.66787397532158,25.674195497237573
raw_CU_diffT/TC23NMC09/TC23NMC09_25deg.parquet,TC23NMC09_25deg.parquet,TC23NMC09,NMC,lithium-ion,25.0,,25.0,discharge,72,0.0162413929092779,1.1855579598118624,0.7285668077884707,3.65585941386755,25.69402370165746
raw_CU_diffT/TC23NMC09/TC23NMC09_25deg.parquet,TC23NMC09_25deg.parquet,TC23NMC09,NMC,lithium-ion,25.0,,25.0,discharge,73,0.0162381332716872,1.2017960930835496,0.7385457082920566,3.64441697438753,25.683729779005525
raw_CU_diffT/TC23NMC09/TC23NMC09_25deg.parquet,TC23NMC09_25deg.parquet,TC23NMC09,NMC,lithium-ion,25.0,,25.0,discharge,74,0.016239824040485,1.2180359171240347,0.7485256478321701,3.63373736420617,25.690344392265192
raw_CU_diffT/TC23NMC09/TC23NMC09_25deg.parquet,TC23NMC09_25deg.parquet,TC23NMC09,NMC,lithium-ion,25.0,,25.0,discharge,75,0.0162412101829445,1.2342771273069792,0.7585064392052778,3.62343916867415,25.70292494475138
raw_CU_diffT/TC23NMC09/TC23NMC09_25deg.parquet,TC23NMC09_25deg.parquet,TC23NMC09,NMC,lithium-ion,25.0,,25.0,discharge,76,0.016239175557657,1.2505163028646362,0.7684859802300256,3.61352238779146,25.697474005524864
raw_CU_diffT/TC23NMC09/TC23NMC09_25deg.parquet,TC23NMC09_25deg.parquet,TC23NMC09,NMC,lithium-ion,25.0,,25.0,discharge,77,0.0162448993171127,1.266761202181749,0.7784690387050344,3.60322419225944,25.703169668508284
raw_CU_diffT/TC23NMC09/TC23NMC09_25deg.parquet,TC23NMC09_25deg.parquet,TC23NMC09,NMC,lithium-ion,25.0,,25.0,discharge,78,0.0162418635030165,1.2830030656847655,0.7884502315661635,3.59273528940275,25.685147292817682
raw_CU_diffT/TC23NMC09/TC23NMC09_25deg.parquet,TC23NMC09_25deg.parquet,TC23NMC09,NMC,lithium-ion,25.0,,25.0,discharge,79,0.0162452093064521,1.2992482749912175,0.7984334805404569,3.58243709387073,25.70556555248619
raw_CU_diffT/TC23NMC09/TC23NMC09_25deg.parquet,TC23NMC09_25deg.parquet,TC23NMC09,NMC,lithium-ion,25.0,,25.0,discharge,80,0.016245343171596,1.3154936181628136,0.8084168117795608,3.57252031298805,25.704957679558014
raw_CU_diffT/TC23NMC09/TC23NMC09_25deg.parquet,TC23NMC09_25deg.parquet,TC23NMC09,NMC,lithium-ion,25.0,,25.0,discharge,81,0.0162414809261544,1.331735099088968,0.8183977695338349,3.56317565407936,25.686699198895028
raw_CU_diffT/TC23NMC09/TC23NMC09_25deg.parquet,TC23NMC09_25deg.parquet,TC23NMC09,NMC,lithium-ion,25.0,,25.0,discharge,82,0.0162408793129028,1.3479759784018708,0.8283783575757364,3.55287745854734,25.69816599447514
raw_CU_diffT/TC23NMC09/TC23NMC09_25deg.parquet,TC23NMC09_25deg.parquet,TC23NMC09,NMC,lithium-ion,25.0,,25.0,discharge,83,0.016239979040233,1.3642159574421038,0.838358392368613,3.54181643371665,25.69059729281768
raw_CU_diffT/TC23NMC09/TC23NMC09_25deg.parquet,TC23NMC09_25deg.parquet,TC23NMC09,NMC,lithium-ion,25.0,,25.0,discharge,84,0.0162421573260817,1.3804581147681856,0.8483397657942863,3.5322810674833,25.705903674033152
raw_CU_diffT/TC23NMC09/TC23NMC09_25deg.parquet,TC23NMC09_25deg.parquet,TC23NMC09,NMC,lithium-ion,25.0,,25.0,discharge,85,0.0162434146008104,1.396701529368996,0.8583219118592287,3.52598772576928,25.680936712707187
raw_CU_diffT/TC23NMC09/TC23NMC09_25deg.parquet,TC23NMC09_25deg.parquet,TC23NMC09,NMC,lithium-ion,25.0,,25.0,discharge,86,0.016244492436048,1.412946021805044,0.8683047202916006,3.52083862800327,25.690572403314917
raw_CU_diffT/TC23NMC09/TC23NMC09_25deg.parquet,TC23NMC09_25deg.parquet,TC23NMC09,NMC,lithium-ion,25.0,,25.0,discharge,87,0.0162393191213536,1.4291853409263977,0.8782843495412582,3.51588023756193,25.67569685082873
raw_CU_diffT/TC23NMC09/TC23NMC09_25deg.parquet,TC23NMC09_25deg.parquet,TC23NMC09,NMC,lithium-ion,25.0,,25.0,discharge,88,0.0162375465294585,1.4454228874558561,0.8882628894712348,3.51054043247125,25.691247541436468
raw_CU_diffT/TC23NMC09/TC23NMC09_25deg.parquet,TC23NMC09_25deg.parquet,TC23NMC09,NMC,lithium-ion,25.0,,25.0,discharge,89,0.0162389717968904,1.4616618592527466,0.8982423052778691,3.50520062738057,25.67466773480663
raw_CU_diffT/TC23NMC09/TC23NMC09_25deg.parquet,TC23NMC09_25deg.parquet,TC23NMC09,NMC,lithium-ion,25.0,,25.0,discharge,90,0.0162420068516313,1.477903866104378,0.9082235862317326,3.49852587101723,25.69241179558011
raw_CU_diffT/TC23NMC09/TC23NMC09_25deg.parquet,TC23NMC09_25deg.parquet,TC23NMC09,NMC,lithium-ion,25.0,,25.0,discharge,91,0.0162385603674496,1.4941424264718275,0.9182027492005937,3.48879979745921,25.692884143646406
raw_CU_diffT/TC23NMC09/TC23NMC09_25deg.parquet,TC23NMC09_25deg.parquet,TC23NMC09,NMC,lithium-ion,25.0,,25.0,discharge,92,0.0162373897870904,1.510379816258918,0.9281811928069063,3.4674405770965,25.72456698895028
raw_CU_diffT/TC23NMC09/TC23NMC09_25deg.parquet,TC23NMC09_25deg.parquet,TC23NMC09,NMC,lithium-ion,25.0,,25.0,discharge,93,0.0162417960205882,1.5266216122795062,0.9381623441977243,3.43063406343575,25.747635193370165
raw_CU_diffT/TC23NMC09/TC23NMC09_25deg.parquet,TC23NMC09_25deg.parquet,TC23NMC09,NMC,lithium-ion,25.0,,25.0,discharge,94,0.0162419013075679,1.542863513587074,0.9481435602910715,3.38505501284033,25.761295276243093
raw_CU_diffT/TC23NMC09/TC23NMC09_25deg.parquet,TC23NMC09_25deg.parquet,TC23NMC09,NMC,lithium-ion,25.0,,25.0,discharge,95,0.0162461910586008,1.5591097046456748,0.9581274125863778,3.32974988868688,25.784818729281763
raw_CU_diffT/TC23NMC09/TC23NMC09_25deg.parquet,TC23NMC09_25deg.parquet,TC23NMC09,NMC,lithium-ion,25.0,,25.0,discharge,96,0.0162386568901846,1.5753483615358594,0.9681066348718337,3.26052312983273,25.784178204419888
raw_CU_diffT/TC23NMC09/TC23NMC09_25deg.parquet,TC23NMC09_25deg.parquet,TC23NMC09,NMC,lithium-ion,25.0,,25.0,discharge,97,0.0162382285883701,1.5915865901242296,0.9780855939508531,3.16745795539521,25.814705165745856
raw_CU_diffT/TC23NMC09/TC23NMC09_25deg.parquet,TC23NMC09_25deg.parquet,TC23NMC09,NMC,lithium-ion,25.0,,25.0,discharge,98,0.016242366953016,1.6078289570772457,0.988067096199605,3.02347392527158,25.823436712707185
raw_CU_diffT/TC23NMC09/TC23NMC09_25deg.parquet,TC23NMC09_25deg.parquet,TC23NMC09,NMC,lithium-ion,25.0,,25.0,discharge,99,0.0112423115254265,1.6190712686026723,0.9949758896098769,2.82895245411118,25.827597375690605
raw_CU_diffT/TC23NMC09/TC23NMC09_25deg.parquet,TC23NMC09_25deg.parquet,TC23NMC09,NMC,lithium-ion,25.0,,25.0,discharge,100,0.0027193170355034,1.6217905856381756,0.9966470049826216,2.78566189141175,25.73797428176796
raw_CU_diffT/TC23NMC09/TC23NMC09_25deg.parquet,TC23NMC09_25deg.parquet,TC23NMC09,NMC,lithium-ion,25.0,,25.0,discharge,101,0.0017837011309012,1.6235742867690768,0.9977431516772932,2.76563762232171,25.682800773480665
raw_CU_diffT/TC23NMC09/TC23NMC09_25deg.parquet,TC23NMC09_25deg.parquet,TC23NMC09,NMC,lithium-ion,25.0,,25.0,discharge,102,0.0014143096548507,1.6249885964239275,0.9986122943977574,2.75324164621835,25.653574171270716
raw_CU_diffT/TC23NMC09/TC23NMC09_25deg.parquet,TC23NMC09_25deg.parquet,TC23NMC09,NMC,lithium-ion,25.0,,25.0,discharge,103,0.0012014609792299,1.6261900574031574,0.9993506341668725,2.743706279985,25.65061223756906
raw_CU_diffT/TC23NMC09/TC23NMC09_25deg.parquet,TC23NMC09_25deg.parquet,TC23NMC09,NMC,lithium-ion,25.0,,25.0,discharge,104,0.0010566784323204,1.6272467358354779,1.0000000000000004,2.73512445037498,25.630185939226518
raw_CU_diffT/TC23NMC09/TC23NMC09_25deg.parquet,TC23NMC09_25deg.parquet,TC23NMC09,NMC,lithium-ion,25.0,,25.0,charge,0,0.0162455190677443,0.0162455190677443,0.01030424837142365,3.12168819747511,25.582395883977902
raw_CU_diffT/TC23NMC09/TC23NMC09_25deg.parquet,TC23NMC09_25deg.parquet,TC23NMC09,NMC,lithium-ion,25.0,,25.0,charge,1,0.0162384563575439,0.0324839754252882,0.020604016989397945,3.23592188495068,25.57088635359116
raw_CU_diffT/TC23NMC09/TC23NMC09_25deg.parquet,TC23NMC09_25deg.parquet,TC23NMC09,NMC,lithium-ion,25.0,,25.0,charge,2,0.0162409250731797,0.0487249004984679,0.030905351470485856,3.31487471736285,25.57032102209945
raw_CU_diffT/TC23NMC09/TC23NMC09_25deg.parquet,TC23NMC09_25deg.parquet,TC23NMC09,NMC,lithium-ion,25.0,,25.0,charge,3,0.0162398940983777,0.0649647945968456,0.04120603202230378,3.37551964660697,25.56389994475138
raw_CU_diffT/TC23NMC09/TC23NMC09_25deg.parquet,TC23NMC09_25deg.parquet,TC23NMC09,NMC,lithium-ion,25.0,,25.0,charge,4,0.0162425488962569,0.08120734349310249,0.05150839646594499,3.42472213637107,25.561647872928177
raw_CU_diffT/TC23NMC09/TC23NMC09_25deg.parquet,TC23NMC09_25deg.parquet,TC23NMC09,NMC,lithium-ion,25.0,,25.0,charge,5,0.016240796286638,0.09744813977974048,0.06180964925998386,3.46534279652516,25.568937486187846
raw_CU_diffT/TC23NMC09/TC23NMC09_25deg.parquet,TC23NMC09_25deg.parquet,TC23NMC09,NMC,lithium-ion,25.0,,25.0,charge,6,0.0162375589877972,0.11368569876753769,0.07210884869203603,3.49680950509522,25.560804033149175
raw_CU_diffT/TC23NMC09/TC23NMC09_25deg.parquet,TC23NMC09_25deg.parquet,TC23NMC09,NMC,lithium-ion,25.0,,25.0,charge,7,0.0162416402078509,0.12992733897538858,0.08241063677052765,3.51187538374392,25.60272082872928
raw_CU_diffT/TC23NMC09/TC23NMC09_25deg.parquet,TC23NMC09_25deg.parquet,TC23NMC09,NMC,lithium-ion,25.0,,25.0,charge,8,0.0162374478795045,0.1461647868548931,0.09270976572853469,3.51855014010727,25.627856436464086
raw_CU_diffT/TC23NMC09/TC23NMC09_25deg.parquet,TC23NMC09_25deg.parquet,TC23NMC09,NMC,lithium-ion,25.0,,25.0,charge,9,0.0162467086783966,0.1624114955332897,0.1030147686491713,3.52388994519795,25.64562596685083
raw_CU_diffT/TC23NMC09/TC23NMC09_25deg.parquet,TC23NMC09_25deg.parquet,TC23NMC09,NMC,lithium-ion,25.0,,25.0,charge,10,0.0162408588545146,0.1786523543878043,0.11331606112891908,3.52942045761329,25.643516740331492
raw_CU_diffT/TC23NMC09/TC23NMC09_25deg.parquet,TC23NMC09_25deg.parquet,TC23NMC09,NMC,lithium-ion,25.0,,25.0,charge,11,0.0162377620873693,0.1948901164751736,0.12361538938347462,3.53533238467797,25.648773756906074
raw_CU_diffT/TC23NMC09/TC23NMC09_25deg.parquet,TC23NMC09_25deg.parquet,TC23NMC09,NMC,lithium-ion,25.0,,25.0,charge,12,0.01623895882868,0.2111290753038536,0.13391547671009493,3.54200714104132,25.647668038674034
raw_CU_diffT/TC23NMC09/TC23NMC09_25deg.parquet,TC23NMC09_25deg.parquet,TC23NMC09,NMC,lithium-ion,25.0,,25.0,charge,13,0.0162414126586755,0.22737048796252912,0.1442171204581278,3.549635434028,25.64422552486188
raw_CU_diffT/TC23NMC09/TC23NMC09_25deg.parquet,TC23NMC09_25deg.parquet,TC23NMC09,NMC,lithium-ion,25.0,,25.0,charge,14,0.016241216369223,0.2436117043317521,0.1545186397031969,3.55821726363802,25.63750046961326
raw_CU_diffT/TC23NMC09/TC23NMC09_25deg.parquet,TC23NMC09_25deg.parquet,TC23NMC09,NMC,lithium-ion,25.0,,25.0,charge,15,0.0162416422862714,0.2598533466180235,0.16482042909999425,3.56775262987137,25.64239395027624
raw_CU_diffT/TC23NMC09/TC23NMC09_25deg.parquet,TC23NMC09_25deg.parquet,TC23NMC09,NMC,lithium-ion,25.0,,25.0,charge,16,0.0162394012114782,0.2760927478295017,0.1751207970222797,3.57824153272806,25.633965801104978
raw_CU_diffT/TC23NMC09/TC23NMC09_25deg.parquet,TC23NMC09_25deg.parquet,TC23NMC09,NMC,lithium-ion,25.0,,25.0,charge,17,0.0162398541343877,0.29233260196388944,0.18542145222563833,3.58911185023408,25.633644834254145
raw_CU_diffT/TC23NMC09/TC23NMC09_25deg.parquet,TC23NMC09_25deg.parquet,TC23NMC09,NMC,lithium-ion,25.0,,25.0,charge,18,0.016241811013814,0.30857441297770344,0.19572334864336244,3.59979146041544,25.63145102209945
raw_CU_diffT/TC23NMC09/TC23NMC09_25deg.parquet,TC23NMC09_25deg.parquet,TC23NMC09,NMC,lithium-ion,25.0,,25.0,charge,19,0.0162372173005322,0.3248116302782356,0.20602233134916353,3.61085248524613,25.630016353591163
raw_CU_diffT/TC23NMC09/TC23NMC09_25deg.parquet,TC23NMC09_25deg.parquet,TC23NMC09,NMC,lithium-ion,25.0,,25.0,charge,20,0.0162392189541231,0.34105084923235873,0.216322583668799,3.62172280275215,25.616272955801104
raw_CU_diffT/TC23NMC09/TC23NMC09_25deg.parquet,TC23NMC09_25deg.parquet,TC23NMC09,NMC,lithium-ion,25.0,,25.0,charge,21,0.0162452815323863,0.35729613076474503,0.22662668137570305,3.63221170560884,25.62929964088398
raw_CU_diffT/TC23NMC09/TC23NMC09_25deg.parquet,TC23NMC09_25deg.parquet,TC23NMC09,NMC,lithium-ion,25.0,,25.0,charge,22,0.0162377953410028,0.3735339261057478,0.23692603072245622,3.64231919381619,25.631865082872928
raw_CU_diffT/TC23NMC09/TC23NMC09_25deg.parquet,TC23NMC09_25deg.parquet,TC23NMC09,NMC,lithium-ion,25.0,,25.0,charge,23,0.0162415301529371,0.3897754562586849,0.24722774899504252,3.65338021864688,25.63265781767956
raw_CU_diffT/TC23NMC09/TC23NMC09_25deg.parquet,TC23NMC09_25deg.parquet,TC23NMC09,NMC,lithium-ion,25.0,,25.0,charge,24,0.0162462259994292,0.40602168225811414,0.25753244576085926,3.66520407277624,25.634058038674027
raw_CU_diffT/TC23NMC09/TC23NMC09_25deg.parquet,TC23NMC09_25deg.parquet,TC23NMC09,NMC,lithium-ion,25.0,,25.0,charge,25,0.0162408600648165,0.42226254232293065,0.26783373900828034,3.6776000488796,25.63491864640884
raw_CU_diffT/TC23NMC09/TC23NMC09_25deg.parquet,TC23NMC09_25deg.parquet,TC23NMC09,NMC,lithium-ion,25.0,,25.0,charge,26,0.0162393358806446,0.4385018782035752,0.2781340654923616,3.68942390300895,25.63935660220995
raw_CU_diffT/TC23NMC09/TC23NMC09_25deg.parquet,TC23NMC09_25deg.parquet,TC23NMC09,NMC,lithium-ion,25.0,,25.0,charge,27,0.0162397860346545,0.4547416642382297,0.2884346775012515,3.70105704981364,25.632741602209943
raw_CU_diffT/TC23NMC09/TC23NMC09_25deg.parquet,TC23NMC09_25deg.parquet,TC23NMC09,NMC,lithium-ion,25.0,,25.0,charge,28,0.0162406727798932,0.4709823370181229,0.29873585195712415,3.71249948929367,25.634842596685086
raw_CU_diffT/TC23NMC09/TC23NMC09_25deg.parquet,TC23NMC09_25deg.parquet,TC23NMC09,NMC,lithium-ion,25.0,,25.0,charge,29,0.0162395263781157,0.48722186339623863,0.3090362992704167,3.72470475807236,25.636631629834255
raw_CU_diffT/TC23NMC09/TC23NMC09_25deg.parquet,TC23NMC09_25deg.parquet,TC23NMC09,NMC,lithium-ion,25.0,,25.0,charge,30,0.0162407152190292,0.5034625786152678,0.31933750064469035,3.73710073417572,25.653607983425417
raw_CU_diffT/TC23NMC09/TC23NMC09_25deg.parquet,TC23NMC09_25deg.parquet,TC23NMC09,NMC,lithium-ion,25.0,,25.0,charge,31,0.0162429062983833,0.5197054849136511,0.3296400917822441,3.74949671027908,25.648140082872928
raw_CU_diffT/TC23NMC09/TC23NMC09_25deg.parquet,TC23NMC09_25deg.parquet,TC23NMC09,NMC,lithium-ion,25.0,,25.0,charge,32,0.0162387506934247,0.5359442356070758,0.3399400470923154,3.7615112717331,25.65564107734807
raw_CU_diffT/TC23NMC09/TC23NMC09_25deg.parquet,TC23NMC09_25deg.parquet,TC23NMC09,NMC,lithium-ion,25.0,,25.0,charge,33,0.0162415473917022,0.5521857829987781,0.35024177629914865,3.77276300388846,25.660948701657457
raw_CU_diffT/TC23NMC09/TC23NMC09_25deg.parquet,TC23NMC09_25deg.parquet,TC23NMC09,NMC,lithium-ion,25.0,,25.0,charge,34,0.0162367277325689,0.568422510731347,0.3605404484805604,3.78325190674515,25.67206895027625
raw_CU_diffT/TC23NMC09/TC23NMC09_25deg.parquet,TC23NMC09_25deg.parquet,TC23NMC09,NMC,lithium-ion,25.0,,25.0,charge,35,0.0162363515892288,0.5846588623205757,0.37083888208083576,3.7927872729785,25.66823055248619
raw_CU_diffT/TC23NMC09/TC23NMC09_25deg.parquet,TC23NMC09_25deg.parquet,TC23NMC09,NMC,lithium-ion,25.0,,25.0,charge,36,0.0162412285409681,0.6009000908615438,0.38114040904622976,3.80175051723785,25.67785693370166
raw_CU_diffT/TC23NMC09/TC23NMC09_25deg.parquet,TC23NMC09_25deg.parquet,TC23NMC09,NMC,lithium-ion,25.0,,25.0,charge,37,0.0162389461628633,0.6171390370244071,0.3914404883391442,3.8095695175492,25.667825193370167
raw_CU_diffT/TC23NMC09/TC23NMC09_25deg.parquet,TC23NMC09_25deg.parquet,TC23NMC09,NMC,lithium-ion,25.0,,25.0,charge,38,0.0162396131482647,0.6333786501726718,0.4017409906892234,3.81681639588655,25.685999668508288
raw_CU_diffT/TC23NMC09/TC23NMC09_25deg.parquet,TC23NMC09_25deg.parquet,TC23NMC09,NMC,lithium-ion,25.0,,25.0,charge,39,0.016241195531224,0.6496198457038959,0.41204249671711457,3.82368185957456,25.682641546961325
raw_CU_diffT/TC23NMC09/TC23NMC09_25deg.parquet,TC23NMC09_25deg.parquet,TC23NMC09,NMC,lithium-ion,25.0,,25.0,charge,40,0.0162395502773429,0.6658593959812388,0.4223429591892686,3.82997520128858,25.67153682320442
raw_CU_diffT/TC23NMC09/TC23NMC09_25deg.parquet,TC23NMC09_25deg.parquet,TC23NMC09,NMC,lithium-ion,25.0,,25.0,charge,41,0.0162397188329033,0.6820991148141421,0.4326435285732641,3.83588712835326,25.69385461325966
raw_CU_diffT/TC23NMC09/TC23NMC09_25deg.parquet,TC23NMC09_25deg.parquet,TC23NMC09,NMC,lithium-ion,25.0,,25.0,charge,42,0.0162416612762403,0.6983407760903824,0.4429453300150663,3.8414176407686,25.688352596685082
raw_CU_diffT/TC23NMC09/TC23NMC09_25deg.parquet,TC23NMC09_25deg.parquet,TC23NMC09,NMC,lithium-ion,25.0,,25.0,charge,43,0.0162401052546856,0.7145808813450679,0.4532461444996341,3.84675744585928,25.690943950276242
raw_CU_diffT/TC23NMC09/TC23NMC09_25deg.parquet,TC23NMC09_25deg.parquet,TC23NMC09,NMC,lithium-ion,25.0,,25.0,charge,44,0.0162419770022897,0.7308228583473576,0.4635481462009427,3.85190654362529,25.684285662983424
raw_CU_diffT/TC23NMC09/TC23NMC09_25deg.parquet,TC23NMC09_25deg.parquet,TC23NMC09,NMC,lithium-ion,25.0,,25.0,charge,45,0.0162376554544029,0.7470605138017605,0.47384740682007426,3.85686493406663,25.68421005524862
raw_CU_diffT/TC23NMC09/TC23NMC09_25deg.parquet,TC23NMC09_25deg.parquet,TC23NMC09,NMC,lithium-ion,25.0,,25.0,charge,46,0.0162409524770184,0.7633014662787789,0.4841487586829374,3.86182332450798,25.689070773480662
raw_CU_diffT/TC23NMC09/TC23NMC09_25deg.parquet,TC23NMC09_25deg.parquet,TC23NMC09,NMC,lithium-ion,25.0,,25.0,charge,47,0.0162379140957523,0.7795393803745312,0.4944481833537494,3.86659100762465,25.704282790055245
raw_CU_diffT/TC23NMC09/TC23NMC09_25deg.parquet,TC23NMC09_25deg.parquet,TC23NMC09,NMC,lithium-ion,25.0,,25.0,charge,48,0.0162462436857079,0.7957856240602391,0.5047528913376631,3.87135869074133,25.706011823204424
raw_CU_diffT/TC23NMC09/TC23NMC09_25deg.parquet,TC23NMC09_25deg.parquet,TC23NMC09,NMC,lithium-ion,25.0,,25.0,charge,49,0.0162375855194507,0.8120232095796898,0.5150521075982787,3.87593566653334,25.69914450276243
raw_CU_diffT/TC23NMC09/TC23NMC09_25deg.parquet,TC23NMC09_25deg.parquet,TC23NMC09,NMC,lithium-ion,25.0,,25.0,charge,50,0.0162452794778595,0.8282684890575492,0.5253562040020323,3.88051264232535,25.69771861878453
raw_CU_diffT/TC23NMC09/TC23NMC09_25deg.parquet,TC23NMC09_25deg.parquet,TC23NMC09,NMC,lithium-ion,25.0,,25.0,charge,51,0.0162440157815212,0.8445125048390705,0.5356594988653193,3.88508961811736,25.69957519337017
raw_CU_diffT/TC23NMC09/TC23NMC09_25deg.parquet,TC23NMC09_25deg.parquet,TC23NMC09,NMC,lithium-ion,25.0,,25.0,charge,52,0.0162385659032689,0.8607510707423394,0.5459593369662293,3.88985730123403,25.69684190607735
raw_CU_diffT/TC23NMC09/TC23NMC09_25deg.parquet,TC23NMC09_25deg.parquet,TC23NMC09,NMC,lithium-ion,25.0,,25.0,charge,53,0.0162408841173839,0.8769919548597233,0.5562606454697729,3.89443427702604,25.698267154696136
raw_CU_diffT/TC23NMC09/TC23NMC09_25deg.parquet,TC23NMC09_25deg.parquet,TC23NMC09,NMC,lithium-ion,25.0,,25.0,charge,54,0.0162380309595411,0.8932299858192644,0.5665601442652405,3.89920196014272,25.701001325966843
raw_CU_diffT/TC23NMC09/TC23NMC09_25deg.parquet,TC23NMC09_25deg.parquet,TC23NMC09,NMC,lithium-ion,25.0,,25.0,charge,55,0.0162407512153473,0.9094707370346117,0.5768613684713486,3.9039696432594,25.73575569060774
raw_CU_diffT/TC23NMC09/TC23NMC09_25deg.parquet,TC23NMC09_25deg.parquet,TC23NMC09,NMC,lithium-ion,25.0,,25.0,charge,56,0.0162429974470908,0.9257137344817025,0.587164017422932,3.90911874102541,25.715901381215467
raw_CU_diffT/TC23NMC09/TC23NMC09_25deg.parquet,TC23NMC09_25deg.parquet,TC23NMC09,NMC,lithium-ion,25.0,,25.0,charge,57,0.0162426855767795,0.941956420058482,0.5974664685606362,3.91464925344075,25.713453922651933
raw_CU_diffT/TC23NMC09/TC23NMC09_25deg.parquet,TC23NMC09_25deg.parquet,TC23NMC09,NMC,lithium-ion,25.0,,25.0,charge,58,0.0162459182653384,0.9582023383238204,0.6077709701361059,3.92056118050543,25.722609447513815
raw_CU_diffT/TC23NMC09/TC23NMC09_25deg.parquet,TC23NMC09_25deg.parquet,TC23NMC09,NMC,lithium-ion,25.0,,25.0,charge,59,0.0162369188370043,0.9744392571608247,0.6180697635317158,3.92704522954411,25.72350359116022
raw_CU_diffT/TC23NMC09/TC23NMC09_25deg.parquet,TC23NMC09_25deg.parquet,TC23NMC09,NMC,lithium-ion,25.0,,25.0,charge,60,0.0162368653488885,0.9906761225097132,0.6283685230007502,3.93429210788146,25.71173303867403
raw_CU_diffT/TC23NMC09/TC23NMC09_25deg.parquet,TC23NMC09_25deg.parquet,TC23NMC09,NMC,lithium-ion,25.0,,25.0,charge,61,0.0162431246738899,1.006919247183603,0.6386712526500652,3.94230181551748,25.70359091160221
raw_CU_diffT/TC23NMC09/TC23NMC09_25deg.parquet,TC23NMC09_25deg.parquet,TC23NMC09,NMC,lithium-ion,25.0,,25.0,charge,62,0.0162459198018261,1.0231651669854291,0.6489757552001022,3.95145576710149,25.69290908839779
raw_CU_diffT/TC23NMC09/TC23NMC09_25deg.parquet,TC23NMC09_25deg.parquet,TC23NMC09,NMC,lithium-ion,25.0,,25.0,charge,63,0.016245109249414,1.0394102762348432,0.6592797436309327,3.96118184065952,25.700284226519337
raw_CU_diffT/TC23NMC09/TC23NMC09_25deg.parquet,TC23NMC09_25deg.parquet,TC23NMC09,NMC,lithium-ion,25.0,,25.0,charge,64,0.0162396406015487,1.055649916836392,0.6695802633941494,3.9716707435162,25.691196961325964
raw_CU_diffT/TC23NMC09/TC23NMC09_25deg.parquet,TC23NMC09_25deg.parquet,TC23NMC09,NMC,lithium-ion,25.0,,25.0,charge,65,0.0162391600127479,1.0718890768491398,0.6798804783283022,3.98158752439889,25.678742320441987
raw_CU_diffT/TC23NMC09/TC23NMC09_25deg.parquet,TC23NMC09_25deg.parquet,TC23NMC09,NMC,lithium-ion,25.0,,25.0,charge,66,0.0162416447521256,1.0881307216012654,0.6901822692891478,3.99093218330758,25.69754955801105
raw_CU_diffT/TC23NMC09/TC23NMC09_25deg.parquet,TC23NMC09_25deg.parquet,TC23NMC09,NMC,lithium-ion,25.0,,25.0,charge,67,0.0162389117261662,1.1043696333274315,0.7004823267394681,3.99970472024226,25.66319314917127
raw_CU_diffT/TC23NMC09/TC23NMC09_25deg.parquet,TC23NMC09_25deg.parquet,TC23NMC09,NMC,lithium-ion,25.0,,25.0,charge,68,0.0162392863880601,1.1206089197154916,0.7107826218312693,4.00790513520294,25.653092955801103
raw_CU_diffT/TC23NMC09/TC23NMC09_25deg.parquet,TC23NMC09_25deg.parquet,TC23NMC09,NMC,lithium-ion,25.0,,25.0,charge,69,0.0162465331470059,1.1368554528624975,0.7210875134154174,4.01553342818963,25.622608425414363
raw_CU_diffT/TC23NMC09/TC23NMC09_25deg.parquet,TC23NMC09_25deg.parquet,TC23NMC09,NMC,lithium-ion,25.0,,25.0,charge,70,0.0162412201932023,1.1530966730556997,0.7313890350859696,4.02201747722831,25.621081160220992
raw_CU_diffT/TC23NMC09/TC23NMC09_25deg.parquet,TC23NMC09_25deg.parquet,TC23NMC09,NMC,lithium-ion,25.0,,25.0,charge,71,0.016237354964244,1.1693340280199438,0.7416881051094534,4.02754798964365,25.67330124309392
raw_CU_diffT/TC23NMC09/TC23NMC09_25deg.parquet,TC23NMC09_25deg.parquet,TC23NMC09,NMC,lithium-ion,25.0,,25.0,charge,72,0.0162399926884346,1.1855740207083785,0.7519888481952187,4.032506380085,25.640799889502762
raw_CU_diffT/TC23NMC09/TC23NMC09_25deg.parquet,TC23NMC09_25deg.parquet,TC23NMC09,NMC,lithium-ion,25.0,,25.0,charge,73,0.0162375374780666,1.201811558186445,0.7622880339840252,4.03670194122767,25.616685580110495
raw_CU_diffT/TC23NMC09/TC23NMC09_25deg.parquet,TC23NMC09_25deg.parquet,TC23NMC09,NMC,lithium-ion,25.0,,25.0,charge,74,0.016239543729325,1.21805110191577,0.7725884923028862,4.04013467307168,25.618002707182324
raw_CU_diffT/TC23NMC09/TC23NMC09_25deg.parquet,TC23NMC09_25deg.parquet,TC23NMC09,NMC,lithium-ion,25.0,,25.0,charge,75,0.0162392730261309,1.234290374941901,0.7828887789194496,4.04337669759102,25.618508287292816
raw_CU_diffT/TC23NMC09/TC23NMC09_25deg.parquet,TC23NMC09_25deg.parquet,TC23NMC09,NMC,lithium-ion,25.0,,25.0,charge,76,0.0162388572442779,1.250529232186179,0.793188801812862,4.04604660013636,25.663910801104976
raw_CU_diffT/TC23NMC09/TC23NMC09_25deg.parquet,TC23NMC09_25deg.parquet,TC23NMC09,NMC,lithium-ion,25.0,,25.0,charge,77,0.0162374435815712,1.2667666757677503,0.8034879280447652,4.0487165026817,25.640546823204414
raw_CU_diffT/TC23NMC09/TC23NMC09_25deg.parquet,TC23NMC09_25deg.parquet,TC23NMC09,NMC,lithium-ion,25.0,,25.0,charge,78,0.0162377666125781,1.2830044423803284,0.8137872591695815,4.05138640522703,25.685248784530387
raw_CU_diffT/TC23NMC09/TC23NMC09_25deg.parquet,TC23NMC09_25deg.parquet,TC23NMC09,NMC,lithium-ion,25.0,,25.0,charge,79,0.0162373923866784,1.2992418347670067,0.8240863529294603,4.05386560044771,25.678320497237568
raw_CU_diffT/TC23NMC09/TC23NMC09_25deg.parquet,TC23NMC09_25deg.parquet,TC23NMC09,NMC,lithium-ion,25.0,,25.0,charge,80,0.0162383319418406,1.3154801667088474,0.8343860426327319,4.05672621031771,25.641508756906077
raw_CU_diffT/TC23NMC09/TC23NMC09_25deg.parquet,TC23NMC09_25deg.parquet,TC23NMC09,NMC,lithium-ion,25.0,,25.0,charge,81,0.0162407303510662,1.3317208970599135,0.8446872536049916,4.05977752751239,25.6416185359116
raw_CU_diffT/TC23NMC09/TC23NMC09_25deg.parquet,TC23NMC09_25deg.parquet,TC23NMC09,NMC,lithium-ion,25.0,,25.0,charge,82,0.0162416378985718,1.3479625349584852,0.8549890402187479,4.06301955203173,25.661480414364643
raw_CU_diffT/TC23NMC09/TC23NMC09_25deg.parquet,TC23NMC09_25deg.parquet,TC23NMC09,NMC,lithium-ion,25.0,,25.0,charge,83,0.0162390122930271,1.3642015472515123,0.8652891614568677,4.0666429912004,25.647912458563535
raw_CU_diffT/TC23NMC09/TC23NMC09_25deg.parquet,TC23NMC09_25deg.parquet,TC23NMC09,NMC,lithium-ion,25.0,,25.0,charge,84,0.0162399138828388,1.3804414611343512,0.8755898545576231,4.07064784501841,25.653067734806633
raw_CU_diffT/TC23NMC09/TC23NMC09_25deg.parquet,TC23NMC09_25deg.parquet,TC23NMC09,NMC,lithium-ion,25.0,,25.0,charge,85,0.0162362458142182,1.3966777069485694,0.8858882210666609,4.07503411348575,25.701793922651934
raw_CU_diffT/TC23NMC09/TC23NMC09_25deg.parquet,TC23NMC09_25deg.parquet,TC23NMC09,NMC,lithium-ion,25.0,,25.0,charge,86,0.0162381620385524,1.4129158689871217,0.8961878030032507,4.08018321125176,25.686438591160222
raw_CU_diffT/TC23NMC09/TC23NMC09_25deg.parquet,TC23NMC09_25deg.parquet,TC23NMC09,NMC,lithium-ion,25.0,,25.0,charge,87,0.0162375447636791,1.4291534137508008,0.9064869934131938,4.08571372366711,25.66389406077348
raw_CU_diffT/TC23NMC09/TC23NMC09_25deg.parquet,TC23NMC09_25deg.parquet,TC23NMC09,NMC,lithium-ion,25.0,,25.0,charge,88,0.0162408905711393,1.4453943043219402,0.9167883060102414,4.09219777270579,25.70044428176795
raw_CU_diffT/TC23NMC09/TC23NMC09_25deg.parquet,TC23NMC09_25deg.parquet,TC23NMC09,NMC,lithium-ion,25.0,,25.0,charge,89,0.0162444872495935,1.4616387915715336,0.9270918999174738,4.09944465104313,25.677511464088397
raw_CU_diffT/TC23NMC09/TC23NMC09_25deg.parquet,TC23NMC09_25deg.parquet,TC23NMC09,NMC,lithium-ion,25.0,,25.0,charge,90,0.0162415625405228,1.4778803541120564,0.9373936387329387,4.10745435867915,25.662611961325965
raw_CU_diffT/TC23NMC09/TC23NMC09_25deg.parquet,TC23NMC09_25deg.parquet,TC23NMC09,NMC,lithium-ion,25.0,,25.0,charge,91,0.0162377381308455,1.4941180922429018,0.9476929517922904,4.11679901758784,25.683315773480665
raw_CU_diffT/TC23NMC09/TC23NMC09_25deg.parquet,TC23NMC09_25deg.parquet,TC23NMC09,NMC,lithium-ion,25.0,,25.0,charge,92,0.0162375752605239,1.5103556675034258,0.9579921615458483,4.12709721311986,25.659674337016575
raw_CU_diffT/TC23NMC09/TC23NMC09_25deg.parquet,TC23NMC09_25deg.parquet,TC23NMC09,NMC,lithium-ion,25.0,,25.0,charge,93,0.0162382635790704,1.526593931082496,0.9682918078878113,4.13892106724922,25.708636878453035
raw_CU_diffT/TC23NMC09/TC23NMC09_25deg.parquet,TC23NMC09_25deg.parquet,TC23NMC09,NMC,lithium-ion,25.0,,25.0,charge,94,0.0162436051051897,1.5428375361876858,0.97859484226629,4.15227057997591,25.69668953038673
raw_CU_diffT/TC23NMC09/TC23NMC09_25deg.parquet,TC23NMC09_25deg.parquet,TC23NMC09,NMC,lithium-ion,25.0,,25.0,charge,95,0.0093912931155505,1.5522288293032362,0.9845515750975364,4.15989887296259,25.63100328729282
raw_CU_diffT/TC23NMC09/TC23NMC09_25deg.parquet,TC23NMC09_25deg.parquet,TC23NMC09,NMC,lithium-ion,25.0,,25.0,charge,96,0.0061840172726819,1.5584128465759182,0.9884739890041139,4.1650479707286,25.598721740331484
raw_CU_diffT/TC23NMC09/TC23NMC09_25deg.parquet,TC23NMC09_25deg.parquet,TC23NMC09,NMC,lithium-ion,25.0,,25.0,charge,97,0.0044495812129438,1.5628624277888619,0.9912962804788152,4.16867140989728,25.59418182320442
raw_CU_diffT/TC23NMC09/TC23NMC09_25deg.parquet,TC23NMC09_25deg.parquet,TC23NMC09,NMC,lithium-ion,25.0,,25.0,charge,98,0.0033453900216198,1.5662078178104817,0.9934182028094163,4.17134131244262,25.57486897790055
raw_CU_diffT/TC23NMC09/TC23NMC09_25deg.parquet,TC23NMC09_25deg.parquet,TC23NMC09,NMC,lithium-ion,25.0,,25.0,charge,99,0.0026248588933148,1.5688326767037966,0.9950831048580285,4.17343909301395,25.584572541436465
raw_CU_diffT/TC23NMC09/TC23NMC09_25deg.parquet,TC23NMC09_25deg.parquet,TC23NMC09,NMC,lithium-ion,25.0,,25.0,charge,100,0.002133010098027,1.5709656868018236,0.9964360358254647,4.17515545893596,25.583534475138123
raw_CU_diffT/TC23NMC09/TC23NMC09_25deg.parquet,TC23NMC09_25deg.parquet,TC23NMC09,NMC,lithium-ion,25.0,,25.0,charge,101,0.0017536616978777,1.5727193484997013,0.9975483527430732,4.17649041020863,25.58129132596685
raw_CU_diffT/TC23NMC09/TC23NMC09_25deg.parquet,TC23NMC09_25deg.parquet,TC23NMC09,NMC,lithium-ion,25.0,,25.0,charge,102,0.0014838204277574,1.5742031689274587,0.9984895140665401,4.1778253614813,25.597044143646404
raw_CU_diffT/TC23NMC09/TC23NMC09_25deg.parquet,TC23NMC09_25deg.parquet,TC23NMC09,NMC,lithium-ion,25.0,,25.0,charge,103,0.0012794706402624,1.575482639567721,0.9993010598968844,4.17877889810463,25.58556947513812
raw_CU_diffT/TC23NMC09/TC23NMC09_25deg.parquet,TC23NMC09_25deg.parquet,TC23NMC09,NMC,lithium-ion,25.0,,25.0,charge,104,0.0011019381873464,1.5765845777550676,1.0,4.1795417274033,25.57671685082873
raw_CU_diffT/TC23NMC09/TC23NMC09_35deg.parquet,TC23NMC09_35deg.parquet,TC23NMC09,NMC,lithium-ion,35.0,,35.0,discharge,0,0.0164267000872054,0.0164267000872054,0.010040154103733953,4.21730177768738,35.57565825966851
raw_CU_diffT/TC23NMC09/TC23NMC09_35deg.parquet,TC23NMC09_35deg.parquet,TC23NMC09,NMC,lithium-ion,35.0,,35.0,discharge,1,0.0164266319813805,0.0328533320685859,0.020080266580545042,4.19651467929867,35.58695248618785
raw_CU_diffT/TC23NMC09/TC23NMC09_35deg.parquet,TC23NMC09_35deg.parquet,TC23NMC09,NMC,lithium-ion,35.0,,35.0,discharge,2,0.0164261302575774,0.0492794623261633,0.03012007239903317,4.1772532395073,35.57750151933702
raw_CU_diffT/TC23NMC09/TC23NMC09_35deg.parquet,TC23NMC09_35deg.parquet,TC23NMC09,NMC,lithium-ion,35.0,,35.0,discharge,3,0.0164268297599993,0.0657062920861626,0.04016030576000241,4.15970816563792,35.57190422651934
raw_CU_diffT/TC23NMC09/TC23NMC09_35deg.parquet,TC23NMC09_35deg.parquet,TC23NMC09,NMC,lithium-ion,35.0,,35.0,discharge,4,0.0164261159112795,0.0821324079974421,0.05020010280989788,4.14387945769056,35.577584392265194
raw_CU_diffT/TC23NMC09/TC23NMC09_35deg.parquet,TC23NMC09_35deg.parquet,TC23NMC09,NMC,lithium-ion,35.0,,35.0,discharge,5,0.0164257539635721,0.0985581619610142,0.06023967863393907,4.12957640834053,35.566352292817676
raw_CU_diffT/TC23NMC09/TC23NMC09_35deg.parquet,TC23NMC09_35deg.parquet,TC23NMC09,NMC,lithium-ion,35.0,,35.0,discharge,6,0.0164264788606476,0.11498464082166181,0.07027969752191329,4.1169897249125,35.57568494475138
raw_CU_diffT/TC23NMC09/TC23NMC09_35deg.parquet,TC23NMC09_35deg.parquet,TC23NMC09,NMC,lithium-ion,35.0,,35.0,discharge,7,0.016426438056943,0.13141107887860481,0.08031969147027822,4.10554728543248,35.55842839779005
raw_CU_diffT/TC23NMC09/TC23NMC09_35deg.parquet,TC23NMC09_35deg.parquet,TC23NMC09,NMC,lithium-ion,35.0,,35.0,discharge,8,0.0164263188161356,0.1478373976947404,0.09035961253753645,4.09582121187446,35.56526270718232
raw_CU_diffT/TC23NMC09/TC23NMC09_35deg.parquet,TC23NMC09_35deg.parquet,TC23NMC09,NMC,lithium-ion,35.0,,35.0,discharge,9,0.0164266454375963,0.16426404313233672,0.10039973323891363,4.08704867493978,35.54906825966851
raw_CU_diffT/TC23NMC09/TC23NMC09_35deg.parquet,TC23NMC09_35deg.parquet,TC23NMC09,NMC,lithium-ion,35.0,,35.0,discharge,10,0.0164264712877136,0.18069051442005032,0.11043974749823912,4.07922967462843,35.550722955801106
raw_CU_diffT/TC23NMC09/TC23NMC09_35deg.parquet,TC23NMC09_35deg.parquet,TC23NMC09,NMC,lithium-ion,35.0,,35.0,discharge,11,0.0164266667019599,0.1971171811220102,0.12047988119659597,4.07236421094041,35.560000303867405
raw_CU_diffT/TC23NMC09/TC23NMC09_35deg.parquet,TC23NMC09_35deg.parquet,TC23NMC09,NMC,lithium-ion,35.0,,35.0,discharge,12,0.0164263618788608,0.213543543000871,0.1305198285841982,4.06626157655107,35.54400616022099
raw_CU_diffT/TC23NMC09/TC23NMC09_35deg.parquet,TC23NMC09_35deg.parquet,TC23NMC09,NMC,lithium-ion,35.0,,35.0,discharge,13,0.0164266433748269,0.2299701863756979,0.14055994802479124,4.06092177146039,35.563589613259666
raw_CU_diffT/TC23NMC09/TC23NMC09_35deg.parquet,TC23NMC09_35deg.parquet,TC23NMC09,NMC,lithium-ion,35.0,,35.0,discharge,14,0.0164259949153649,0.2463961812910628,0.15059967112084194,4.05634479566838,35.550976906077345
raw_CU_diffT/TC23NMC09/TC23NMC09_35deg.parquet,TC23NMC09_35deg.parquet,TC23NMC09,NMC,lithium-ion,35.0,,35.0,discharge,15,0.016426551763364,0.2628227330544268,0.16063973456764438,4.0521492345257,35.56512577348066
raw_CU_diffT/TC23NMC09/TC23NMC09_35deg.parquet,TC23NMC09_35deg.parquet,TC23NMC09,NMC,lithium-ion,35.0,,35.0,discharge,16,0.0164258941438346,0.27924862719826143,0.17067939607118482,4.04833508803236,35.55499361878452
raw_CU_diffT/TC23NMC09/TC23NMC09_35deg.parquet,TC23NMC09_35deg.parquet,TC23NMC09,NMC,lithium-ion,35.0,,35.0,discharge,17,0.0164264530592717,0.29567508025753314,0.18071939918911462,4.04490235618835,35.55670237569061
raw_CU_diffT/TC23NMC09/TC23NMC09_35deg.parquet,TC23NMC09_35deg.parquet,TC23NMC09,NMC,lithium-ion,35.0,,35.0,discharge,18,0.0164262663479171,0.31210134660545025,0.1907592881873026,4.04185103899368,35.56973226519337
raw_CU_diffT/TC23NMC09/TC23NMC09_35deg.parquet,TC23NMC09_35deg.parquet,TC23NMC09,NMC,lithium-ion,35.0,,35.0,discharge,19,0.0164265210897013,0.3285278676951515,0.2007993328860729,4.03879972179901,35.570622569060774
raw_CU_diffT/TC23NMC09/TC23NMC09_35deg.parquet,TC23NMC09_35deg.parquet,TC23NMC09,NMC,lithium-ion,35.0,,35.0,discharge,20,0.016426105825195,0.3449539735203465,0.21083912377125835,4.035939111929,35.566461160220996
raw_CU_diffT/TC23NMC09/TC23NMC09_35deg.parquet,TC23NMC09_35deg.parquet,TC23NMC09,NMC,lithium-ion,35.0,,35.0,discharge,21,0.0164263904457307,0.3613803639660772,0.22087908861920102,4.033078502059,35.57844732044199
raw_CU_diffT/TC23NMC09/TC23NMC09_35deg.parquet,TC23NMC09_35deg.parquet,TC23NMC09,NMC,lithium-ion,35.0,,35.0,discharge,22,0.0164258584266875,0.3778062223927647,0.23091872829208412,4.02983647753966,35.57687488950276
raw_CU_diffT/TC23NMC09/TC23NMC09_35deg.parquet,TC23NMC09_35deg.parquet,TC23NMC09,NMC,lithium-ion,35.0,,35.0,discharge,23,0.0164268019086433,0.394233024301408,0.24095894463004175,4.02640374569565,35.58913254143646
raw_CU_diffT/TC23NMC09/TC23NMC09_35deg.parquet,TC23NMC09_35deg.parquet,TC23NMC09,NMC,lithium-ion,35.0,,35.0,discharge,24,0.0164260506909719,0.4106590749923799,0.2509987018166698,4.02258959920231,35.594158812154696
raw_CU_diffT/TC23NMC09/TC23NMC09_35deg.parquet,TC23NMC09_35deg.parquet,TC23NMC09,NMC,lithium-ion,35.0,,35.0,discharge,25,0.016426539743057,0.42708561473543694,0.2610387579165472,4.0180126234103,35.5903603038674
raw_CU_diffT/TC23NMC09/TC23NMC09_35deg.parquet,TC23NMC09_35deg.parquet,TC23NMC09,NMC,lithium-ion,35.0,,35.0,discharge,26,0.0164268513635216,0.44351246609895856,0.2710790044817931,4.01286352564429,35.59441298342542
raw_CU_diffT/TC23NMC09/TC23NMC09_35deg.parquet,TC23NMC09_35deg.parquet,TC23NMC09,NMC,lithium-ion,35.0,,35.0,discharge,27,0.0164271031045592,0.45993956920351775,0.28111940491353676,4.00676089125494,35.59958397790056
raw_CU_diffT/TC23NMC09/TC23NMC09_35deg.parquet,TC23NMC09_35deg.parquet,TC23NMC09,NMC,lithium-ion,35.0,,35.0,discharge,28,0.0164248613223183,0.47636443052583605,0.2911584351468202,3.99989542756693,35.595849281767954
raw_CU_diffT/TC23NMC09/TC23NMC09_35deg.parquet,TC23NMC09_35deg.parquet,TC23NMC09,NMC,lithium-ion,35.0,,35.0,discharge,29,0.0164265881233895,0.49279101864922553,0.3011985208172133,3.99188571993091,35.59239563535911
raw_CU_diffT/TC23NMC09/TC23NMC09_35deg.parquet,TC23NMC09_35deg.parquet,TC23NMC09,NMC,lithium-ion,35.0,,35.0,discharge,30,0.0164268505882683,0.5092178692374938,0.3112387669086171,3.98273176834689,35.591468646408835
raw_CU_diffT/TC23NMC09/TC23NMC09_35deg.parquet,TC23NMC09_35deg.parquet,TC23NMC09,NMC,lithium-ion,35.0,,35.0,discharge,31,0.0164264936096248,0.5256443628471186,0.3212787948113054,3.97300569478887,35.596384558011046
raw_CU_diffT/TC23NMC09/TC23NMC09_35deg.parquet,TC23NMC09_35deg.parquet,TC23NMC09,NMC,lithium-ion,35.0,,35.0,discharge,32,0.0164257023049469,0.5420700651520655,0.33131833906110736,3.96270749925685,35.580201132596684
raw_CU_diffT/TC23NMC09/TC23NMC09_35deg.parquet,TC23NMC09_35deg.parquet,TC23NMC09,NMC,lithium-ion,35.0,,35.0,discharge,33,0.0164257838853429,0.5584958490374083,0.3413579331736172,3.9526000110495,35.57831044198895
raw_CU_diffT/TC23NMC09/TC23NMC09_35deg.parquet,TC23NMC09_35deg.parquet,TC23NMC09,NMC,lithium-ion,35.0,,35.0,discharge,34,0.016426548060483,0.5749223970978914,0.35139799435718383,3.94268323016681,35.56790566298342
raw_CU_diffT/TC23NMC09/TC23NMC09_35deg.parquet,TC23NMC09_35deg.parquet,TC23NMC09,NMC,lithium-ion,35.0,,35.0,discharge,35,0.0164269598866962,0.5913493569845876,0.36143830725281817,3.93314786393346,35.54508933701657
raw_CU_diffT/TC23NMC09/TC23NMC09_35deg.parquet,TC23NMC09_35deg.parquet,TC23NMC09,NMC,lithium-ion,35.0,,35.0,discharge,36,0.0164267103412939,0.6077760673258815,0.3714784676239478,3.92456603432344,35.53969066298343
raw_CU_diffT/TC23NMC09/TC23NMC09_35deg.parquet,TC23NMC09_35deg.parquet,TC23NMC09,NMC,lithium-ion,35.0,,35.0,discharge,37,0.0164265934825826,0.6242026608084641,0.3815185565699303,3.91655632668742,35.53988190607735
raw_CU_diffT/TC23NMC09/TC23NMC09_35deg.parquet,TC23NMC09_35deg.parquet,TC23NMC09,NMC,lithium-ion,35.0,,35.0,discharge,38,0.0164260582573231,0.6406287190657872,0.3915583183811836,3.90950015567474,35.53142223756906
raw_CU_diffT/TC23NMC09/TC23NMC09_35deg.parquet,TC23NMC09_35deg.parquet,TC23NMC09,NMC,lithium-ion,35.0,,35.0,discharge,39,0.0164264156124409,0.6570551346782281,0.401598298611257,3.90301610663606,35.532530055248614
raw_CU_diffT/TC23NMC09/TC23NMC09_35deg.parquet,TC23NMC09_35deg.parquet,TC23NMC09,NMC,lithium-ion,35.0,,35.0,discharge,40,0.0164285472397055,0.6734836819179336,0.4116395817120297,3.89710417957138,35.51710966850829
raw_CU_diffT/TC23NMC09/TC23NMC09_35deg.parquet,TC23NMC09_35deg.parquet,TC23NMC09,NMC,lithium-ion,35.0,,35.0,discharge,41,0.0164265710164129,0.6899102529343465,0.42167965692647724,3.89157366715604,35.52218055248619
raw_CU_diffT/TC23NMC09/TC23NMC09_35deg.parquet,TC23NMC09_35deg.parquet,TC23NMC09,NMC,lithium-ion,35.0,,35.0,discharge,42,0.0164259955596248,0.7063362484939713,0.43171938041630564,3.88699669136403,35.518155524861875
raw_CU_diffT/TC23NMC09/TC23NMC09_35deg.parquet,TC23NMC09_35deg.parquet,TC23NMC09,NMC,lithium-ion,35.0,,35.0,discharge,43,0.0164265539534491,0.7227628024474203,0.44175944520170873,3.88241971557202,35.512502928176794
raw_CU_diffT/TC23NMC09/TC23NMC09_35deg.parquet,TC23NMC09_35deg.parquet,TC23NMC09,NMC,lithium-ion,35.0,,35.0,discharge,44,0.0164260976253236,0.7391889000727438,0.4517992310750554,3.87841486175401,35.516755138121546
raw_CU_diffT/TC23NMC09/TC23NMC09_35deg.parquet,TC23NMC09_35deg.parquet,TC23NMC09,NMC,lithium-ion,35.0,,35.0,discharge,45,0.0164263067396713,0.7556152068124151,0.46183914476106463,3.87421930061134,35.51230259668508
raw_CU_diffT/TC23NMC09/TC23NMC09_35deg.parquet,TC23NMC09_35deg.parquet,TC23NMC09,NMC,lithium-ion,35.0,,35.0,discharge,46,0.0164267473111297,0.7720419541235448,0.47187932772850677,3.87002373946866,35.52578828729281
raw_CU_diffT/TC23NMC09/TC23NMC09_35deg.parquet,TC23NMC09_35deg.parquet,TC23NMC09,NMC,lithium-ion,35.0,,35.0,discharge,47,0.0164263644038772,0.788468318527422,0.48191927665942286,3.86582817832598,35.51778237569061
raw_CU_diffT/TC23NMC09/TC23NMC09_35deg.parquet,TC23NMC09_35deg.parquet,TC23NMC09,NMC,lithium-ion,35.0,,35.0,discharge,48,0.0164260316188509,0.804894350146273,0.49195902218899057,3.86144190985864,35.52330850828729
raw_CU_diffT/TC23NMC09/TC23NMC09_35deg.parquet,TC23NMC09_35deg.parquet,TC23NMC09,NMC,lithium-ion,35.0,,35.0,discharge,49,0.0164264740720486,0.8213208242183215,0.5019990381501278,3.8570556413913,35.53135044198895
raw_CU_diffT/TC23NMC09/TC23NMC09_35deg.parquet,TC23NMC09_35deg.parquet,TC23NMC09,NMC,lithium-ion,35.0,,35.0,discharge,50,0.0164259600615902,0.8377467842799118,0.5120387399432226,3.85266937292396,35.52523461325967
raw_CU_diffT/TC23NMC09/TC23NMC09_35deg.parquet,TC23NMC09_35deg.parquet,TC23NMC09,NMC,lithium-ion,35.0,,35.0,discharge,51,0.0164268110467937,0.8541735953267054,0.5220789618665039,3.84809239713195,35.53101287292818
raw_CU_diffT/TC23NMC09/TC23NMC09_35deg.parquet,TC23NMC09_35deg.parquet,TC23NMC09,NMC,lithium-ion,35.0,,35.0,discharge,52,0.0164269046258763,0.8706004999525817,0.5321192409862037,3.8431340066906,35.53689209944751
raw_CU_diffT/TC23NMC09/TC23NMC09_35deg.parquet,TC23NMC09_35deg.parquet,TC23NMC09,NMC,lithium-ion,35.0,,35.0,discharge,53,0.0164269908788667,0.8870274908314484,0.5421595728245451,3.83836632357393,35.529277624309394
raw_CU_diffT/TC23NMC09/TC23NMC09_35deg.parquet,TC23NMC09_35deg.parquet,TC23NMC09,NMC,lithium-ion,35.0,,35.0,discharge,54,0.0164261573916456,0.9034536482230939,0.5521993952276316,3.83321722580792,35.53656486187845
raw_CU_diffT/TC23NMC09/TC23NMC09_35deg.parquet,TC23NMC09_35deg.parquet,TC23NMC09,NMC,lithium-ion,35.0,,35.0,discharge,55,0.0164259149675443,0.9198795631906382,0.56223906945882,3.82768671339257,35.53059524861878
raw_CU_diffT/TC23NMC09/TC23NMC09_35deg.parquet,TC23NMC09_35deg.parquet,TC23NMC09,NMC,lithium-ion,35.0,,35.0,discharge,56,0.0164268731650142,0.9363064363556525,0.5722793293493439,3.82196549365256,35.53790168508287
raw_CU_diffT/TC23NMC09/TC23NMC09_35deg.parquet,TC23NMC09_35deg.parquet,TC23NMC09,NMC,lithium-ion,35.0,,35.0,discharge,57,0.0164263226152599,0.9527327589709124,0.5823192527386628,3.81586285926321,35.5386461878453
raw_CU_diffT/TC23NMC09/TC23NMC09_35deg.parquet,TC23NMC09_35deg.parquet,TC23NMC09,NMC,lithium-ion,35.0,,35.0,discharge,58,0.0164260902274994,0.9691588491984118,0.5923590340903895,3.80918810289987,35.542027154696136
raw_CU_diffT/TC23NMC09/TC23NMC09_35deg.parquet,TC23NMC09_35deg.parquet,TC23NMC09,NMC,lithium-ion,35.0,,35.0,discharge,59,0.0164260563900377,0.9855849055884495,0.6023987947603403,3.80213193188719,35.54639734806629
raw_CU_diffT/TC23NMC09/TC23NMC09_35deg.parquet,TC23NMC09_35deg.parquet,TC23NMC09,NMC,lithium-ion,35.0,,35.0,discharge,60,0.016426183864596,1.0020110894530454,0.612438633343944,3.79431293157584,35.54811483425415
raw_CU_diffT/TC23NMC09/TC23NMC09_35deg.parquet,TC23NMC09_35deg.parquet,TC23NMC09,NMC,lithium-ion,35.0,,35.0,discharge,61,0.0164266948750721,1.0184377843281176,0.622478784261973,3.78554039464115,35.55611132596685
raw_CU_diffT/TC23NMC09/TC23NMC09_35deg.parquet,TC23NMC09_35deg.parquet,TC23NMC09,NMC,lithium-ion,35.0,,35.0,discharge,62,0.0164262319882768,1.0348640163163945,0.6325186522592245,3.77581432108313,35.542481215469614
raw_CU_diffT/TC23NMC09/TC23NMC09_35deg.parquet,TC23NMC09_35deg.parquet,TC23NMC09,NMC,lithium-ion,35.0,,35.0,discharge,63,0.0164268361417662,1.0512908524581606,0.6425588895207899,3.76494400357711,35.55858301104973
raw_CU_diffT/TC23NMC09/TC23NMC09_35deg.parquet,TC23NMC09_35deg.parquet,TC23NMC09,NMC,lithium-ion,35.0,,35.0,discharge,64,0.016426854944944,1.0677177074031046,0.652599138275035,3.75312014944775,35.56985091160222
raw_CU_diffT/TC23NMC09/TC23NMC09_35deg.parquet,TC23NMC09_35deg.parquet,TC23NMC09,NMC,lithium-ion,35.0,,35.0,discharge,65,0.0164261664357438,1.0841438738388485,0.6626389662059599,3.74015205137039,35.57045033149171
raw_CU_diffT/TC23NMC09/TC23NMC09_35deg.parquet,TC23NMC09_35deg.parquet,TC23NMC09,NMC,lithium-ion,35.0,,35.0,discharge,66,0.0164260710429801,1.1005699448818285,0.6726787358319273,3.7268025386437,35.59353143646409
raw_CU_diffT/TC23NMC09/TC23NMC09_35deg.parquet,TC23NMC09_35deg.parquet,TC23NMC09,NMC,lithium-ion,35.0,,35.0,discharge,67,0.0164263313196374,1.1169962762014658,0.6827186645414438,3.71326231859234,35.60200099447514
raw_CU_diffT/TC23NMC09/TC23NMC09_35deg.parquet,TC23NMC09_35deg.parquet,TC23NMC09,NMC,lithium-ion,35.0,,35.0,discharge,68,0.0164284614651434,1.1334247376666091,0.6927598952159947,3.69991280586564,35.603582016574585
raw_CU_diffT/TC23NMC09/TC23NMC09_35deg.parquet,TC23NMC09_35deg.parquet,TC23NMC09,NMC,lithium-ion,35.0,,35.0,discharge,69,0.0164265085962502,1.1498512462628594,0.7027999322786498,3.68656329313895,35.616794005524866
raw_CU_diffT/TC23NMC09/TC23NMC09_35deg.parquet,TC23NMC09_35deg.parquet,TC23NMC09,NMC,lithium-ion,35.0,,35.0,discharge,70,0.0164262095354363,1.1662774557982958,0.7128397865525135,3.67321378041225,35.608870303867405
raw_CU_diffT/TC23NMC09/TC23NMC09_35deg.parquet,TC23NMC09_35deg.parquet,TC23NMC09,NMC,lithium-ion,35.0,,35.0,discharge,71,0.0164264179197119,1.1827038737180078,0.7228797681928127,3.66043638965956,35.61643900552486
raw_CU_diffT/TC23NMC09/TC23NMC09_35deg.parquet,TC23NMC09_35deg.parquet,TC23NMC09,NMC,lithium-ion,35.0,,35.0,discharge,72,0.016425927740882,1.1991298014588898,0.7329194502311857,3.64842182820554,35.617547624309395
raw_CU_diffT/TC23NMC09/TC23NMC09_35deg.parquet,TC23NMC09_35deg.parquet,TC23NMC09,NMC,lithium-ion,35.0,,35.0,discharge,73,0.0164267775626646,1.2155565790215543,0.7429596516886513,3.63736080337485,35.618375773480665
raw_CU_diffT/TC23NMC09/TC23NMC09_35deg.parquet,TC23NMC09_35deg.parquet,TC23NMC09,NMC,lithium-ion,35.0,,35.0,discharge,74,0.016426305606757,1.2319828846283114,0.7529995646822127,3.62687190051816,35.61646696132596
raw_CU_diffT/TC23NMC09/TC23NMC09_35deg.parquet,TC23NMC09_35deg.parquet,TC23NMC09,NMC,lithium-ion,35.0,,35.0,discharge,75,0.0164267074358998,1.248409592064211,0.763039723277538,3.61695511963547,35.629434254143646
raw_CU_diffT/TC23NMC09/TC23NMC09_35deg.parquet,TC23NMC09_35deg.parquet,TC23NMC09,NMC,lithium-ion,35.0,,35.0,discharge,76,0.0164260292874502,1.2648356213516614,0.7730794673821316,3.60703833875278,35.620066381215466
raw_CU_diffT/TC23NMC09/TC23NMC09_35deg.parquet,TC23NMC09_35deg.parquet,TC23NMC09,NMC,lithium-ion,35.0,,35.0,discharge,77,0.0164265766552538,1.2812621980069152,0.783119546043092,3.59674014322076,35.61232516574586
raw_CU_diffT/TC23NMC09/TC23NMC09_35deg.parquet,TC23NMC09_35deg.parquet,TC23NMC09,NMC,lithium-ion,35.0,,35.0,discharge,78,0.0164264772668648,1.29768867527378,0.7931595639569311,3.58606053303941,35.621256104972375
raw_CU_diffT/TC23NMC09/TC23NMC09_35deg.parquet,TC23NMC09_35deg.parquet,TC23NMC09,NMC,lithium-ion,35.0,,35.0,discharge,79,0.0164262260898749,1.3141149013636548,0.8031994283490237,3.57538092285805,35.62212842541436
raw_CU_diffT/TC23NMC09/TC23NMC09_35deg.parquet,TC23NMC09_35deg.parquet,TC23NMC09,NMC,lithium-ion,35.0,,35.0,discharge,80,0.0164271278094477,1.3305420291731025,0.8132398438806283,3.5658455566247,35.624581878453036
raw_CU_diffT/TC23NMC09/TC23NMC09_35deg.parquet,TC23NMC09_35deg.parquet,TC23NMC09,NMC,lithium-ion,35.0,,35.0,discharge,81,0.0164265077914083,1.3469685369645108,0.8232798804513566,3.55592877574201,35.62324419889503
raw_CU_diffT/TC23NMC09/TC23NMC09_35deg.parquet,TC23NMC09_35deg.parquet,TC23NMC09,NMC,lithium-ion,35.0,,35.0,discharge,82,0.0164265160789346,1.3633950530434453,0.8333199220874989,3.54486775091132,35.624845745856355
raw_CU_diffT/TC23NMC09/TC23NMC09_35deg.parquet,TC23NMC09_35deg.parquet,TC23NMC09,NMC,lithium-ion,35.0,,35.0,discharge,83,0.0164270550304633,1.3798221080739086,0.8433602931359016,3.53361601875597,35.62756229281768
raw_CU_diffT/TC23NMC09/TC23NMC09_35deg.parquet,TC23NMC09_35deg.parquet,TC23NMC09,NMC,lithium-ion,35.0,,35.0,discharge,84,0.0164268047558884,1.396248912829797,0.8534005112141222,3.52598772576928,35.61822096685083
raw_CU_diffT/TC23NMC09/TC23NMC09_35deg.parquet,TC23NMC09_35deg.parquet,TC23NMC09,NMC,lithium-ion,35.0,,35.0,discharge,85,0.0164262505545614,1.4126751633843584,0.8634403905592621,3.52045721335394,35.61365925414364
raw_CU_diffT/TC23NMC09/TC23NMC09_35deg.parquet,TC23NMC09_35deg.parquet,TC23NMC09,NMC,lithium-ion,35.0,,35.0,discharge,86,0.0164260550329166,1.4291012184172749,0.8734801503997277,3.51530811558793,35.60965171270718
raw_CU_diffT/TC23NMC09/TC23NMC09_35deg.parquet,TC23NMC09_35deg.parquet,TC23NMC09,NMC,lithium-ion,35.0,,35.0,discharge,87,0.0164266096736209,1.4455278280908959,0.8835202492418256,3.51015901782192,35.6133144198895
raw_CU_diffT/TC23NMC09/TC23NMC09_35deg.parquet,TC23NMC09_35deg.parquet,TC23NMC09,NMC,lithium-ion,35.0,,35.0,discharge,88,0.0164262237047799,1.4619540517956757,0.8935601121761257,3.50443779808191,35.61644790055248
raw_CU_diffT/TC23NMC09/TC23NMC09_35deg.parquet,TC23NMC09_35deg.parquet,TC23NMC09,NMC,lithium-ion,35.0,,35.0,discharge,89,0.0164268407123882,1.478380892508064,0.9036003522312984,3.49814445636789,35.60872508287292
raw_CU_diffT/TC23NMC09/TC23NMC09_35deg.parquet,TC23NMC09_35deg.parquet,TC23NMC09,NMC,lithium-ion,35.0,,35.0,discharge,90,0.0164263593211608,1.4948072518292248,0.9136402980556103,3.48956262675787,35.628835055248615
raw_CU_diffT/TC23NMC09/TC23NMC09_35deg.parquet,TC23NMC09_35deg.parquet,TC23NMC09,NMC,lithium-ion,35.0,,35.0,discharge,91,0.0164260355604392,1.511233287389664,0.9236800459943139,3.47106401626517,35.64470925414364
raw_CU_diffT/TC23NMC09/TC23NMC09_35deg.parquet,TC23NMC09_35deg.parquet,TC23NMC09,NMC,lithium-ion,35.0,,35.0,discharge,92,0.0164262569564271,1.527659544346091,0.9337199292523345,3.43597386852643,35.68069392265193
raw_CU_diffT/TC23NMC09/TC23NMC09_35deg.parquet,TC23NMC09_35deg.parquet,TC23NMC09,NMC,lithium-ion,35.0,,35.0,discharge,93,0.0164264580403755,1.5440860023864664,0.943759935414762,3.39211118385301,35.69416080110497
raw_CU_diffT/TC23NMC09/TC23NMC09_35deg.parquet,TC23NMC09_35deg.parquet,TC23NMC09,NMC,lithium-ion,35.0,,35.0,discharge,94,0.0164265160546787,1.560512518441145,0.9537999770360789,3.33928525492023,35.712670441988955
raw_CU_diffT/TC23NMC09/TC23NMC09_35deg.parquet,TC23NMC09_35deg.parquet,TC23NMC09,NMC,lithium-ion,35.0,,35.0,discharge,95,0.0164258851752317,1.5769384036163767,0.9638396330579246,3.27387264255943,35.72238428176795
raw_CU_diffT/TC23NMC09/TC23NMC09_35deg.parquet,TC23NMC09_35deg.parquet,TC23NMC09,NMC,lithium-ion,35.0,,35.0,discharge,96,0.016426581333487,1.5933649849498637,0.9738797145782652,3.18843576110859,35.72654613259669
raw_CU_diffT/TC23NMC09/TC23NMC09_35deg.parquet,TC23NMC09_35deg.parquet,TC23NMC09,NMC,lithium-ion,35.0,,35.0,discharge,97,0.0164264738696446,1.6097914588195084,0.9839197304156914,3.06371317077633,35.75623400552487
raw_CU_diffT/TC23NMC09/TC23NMC09_35deg.parquet,TC23NMC09_35deg.parquet,TC23NMC09,NMC,lithium-ion,35.0,,35.0,discharge,98,0.0164259591611723,1.6262174179806808,0.9939594316584422,2.80702111177446,35.78512944751381
raw_CU_diffT/TC23NMC09/TC23NMC09_35deg.parquet,TC23NMC09_35deg.parquet,TC23NMC09,NMC,lithium-ion,35.0,,35.0,discharge,99,0.0030487398164555,1.6292661577971363,0.9958228502036706,2.7582000366597,35.70175792817679
raw_CU_diffT/TC23NMC09/TC23NMC09_35deg.parquet,TC23NMC09_35deg.parquet,TC23NMC09,NMC,lithium-ion,35.0,,35.0,discharge,100,0.0019956590936312,1.6312618168907675,0.9970426158737203,2.73398020642698,35.63601378453039
raw_CU_diffT/TC23NMC09/TC23NMC09_35deg.parquet,TC23NMC09_35deg.parquet,TC23NMC09,NMC,lithium-ion,35.0,,35.0,discharge,101,0.0015500269096804,1.632811843800448,0.9979900069477344,2.71796079115495,35.6043267679558
raw_CU_diffT/TC23NMC09/TC23NMC09_35deg.parquet,TC23NMC09_35deg.parquet,TC23NMC09,NMC,lithium-ion,35.0,,35.0,discharge,102,0.0012822625796043,1.6340941063800523,0.99877373793645,2.70518340040225,35.59603958563537
raw_CU_diffT/TC23NMC09/TC23NMC09_35deg.parquet,TC23NMC09_35deg.parquet,TC23NMC09,NMC,lithium-ion,35.0,,35.0,discharge,103,0.001084626406386,1.6351787327864382,0.9994366718311021,2.69374096092223,35.572822099447514
raw_CU_diffT/TC23NMC09/TC23NMC09_35deg.parquet,TC23NMC09_35deg.parquet,TC23NMC09,NMC,lithium-ion,35.0,,35.0,discharge,104,0.0009216614392118,1.63610039422565,0.9999999999999998,2.68401488736421,35.56788850828729
raw_CU_diffT/TC23NMC09/TC23NMC09_35deg.parquet,TC23NMC09_35deg.parquet,TC23NMC09,NMC,lithium-ion,35.0,,35.0,charge,0,0.0164260586162725,0.0164260586162725,0.010301394481233128,3.09708695259306,35.506987182320444
raw_CU_diffT/TC23NMC09/TC23NMC09_35deg.parquet,TC23NMC09_35deg.parquet,TC23NMC09,NMC,lithium-ion,35.0,,35.0,charge,1,0.0164266178926817,0.032852676508954196,0.020603139705578147,3.21799539643198,35.478445801104975
raw_CU_diffT/TC23NMC09/TC23NMC09_35deg.parquet,TC23NMC09_35deg.parquet,TC23NMC09,NMC,lithium-ion,35.0,,35.0,charge,2,0.0164264541551892,0.0492791306641434,0.03090478224402992,3.30019025336348,35.47263848066298
raw_CU_diffT/TC23NMC09/TC23NMC09_35deg.parquet,TC23NMC09_35deg.parquet,TC23NMC09,NMC,lithium-ion,35.0,,35.0,charge,3,0.0164263121342881,0.06570544279843149,0.0412063357158735,3.36293296317895,35.46723279005525
raw_CU_diffT/TC23NMC09/TC23NMC09_35deg.parquet,TC23NMC09_35deg.parquet,TC23NMC09,NMC,lithium-ion,35.0,,35.0,charge,4,0.016426415099499,0.08213185789793048,0.05150795376104414,3.41366111154038,35.47501055248619
raw_CU_diffT/TC23NMC09/TC23NMC09_35deg.parquet,TC23NMC09_35deg.parquet,TC23NMC09,NMC,lithium-ion,35.0,,35.0,charge,5,0.0164264267436728,0.09855828464160328,0.06180957910871081,3.45561672296714,35.46626013812155
raw_CU_diffT/TC23NMC09/TC23NMC09_35deg.parquet,TC23NMC09_35deg.parquet,TC23NMC09,NMC,lithium-ion,35.0,,35.0,charge,6,0.0164264536522483,0.11498473829385158,0.07211122133174958,3.48879979745921,35.483579585635354
raw_CU_diffT/TC23NMC09/TC23NMC09_35deg.parquet,TC23NMC09_35deg.parquet,TC23NMC09,NMC,lithium-ion,35.0,,35.0,charge,7,0.0164260273872389,0.13141076568109047,0.08241259622809007,3.50653557865324,35.50601436464088
raw_CU_diffT/TC23NMC09/TC23NMC09_35deg.parquet,TC23NMC09_35deg.parquet,TC23NMC09,NMC,lithium-ion,35.0,,35.0,charge,8,0.0164261048569715,0.14783687053806197,0.09271401970859151,3.51378245699059,35.551895
raw_CU_diffT/TC23NMC09/TC23NMC09_35deg.parquet,TC23NMC09_35deg.parquet,TC23NMC09,NMC,lithium-ion,35.0,,35.0,charge,9,0.016425892191152,0.16426276272921397,0.10301530981841957,3.51969438405527,35.56677066298342
raw_CU_diffT/TC23NMC09/TC23NMC09_35deg.parquet,TC23NMC09_35deg.parquet,TC23NMC09,NMC,lithium-ion,35.0,,35.0,charge,10,0.0164258408643028,0.18068860359351677,0.11331656773926463,3.52541560379528,35.570251160221
raw_CU_diffT/TC23NMC09/TC23NMC09_35deg.parquet,TC23NMC09_35deg.parquet,TC23NMC09,NMC,lithium-ion,35.0,,35.0,charge,11,0.0164263571253744,0.19711496071889117,0.12361814942669778,3.53151823818463,35.560754171270716
raw_CU_diffT/TC23NMC09/TC23NMC09_35deg.parquet,TC23NMC09_35deg.parquet,TC23NMC09,NMC,lithium-ion,35.0,,35.0,charge,12,0.0164264079294887,0.21354136864837986,0.13391976297528732,3.53800228722331,35.57107770718232
raw_CU_diffT/TC23NMC09/TC23NMC09_35deg.parquet,TC23NMC09_35deg.parquet,TC23NMC09,NMC,lithium-ion,35.0,,35.0,charge,13,0.0164261108425733,0.22996747949095317,0.1442211902095831,3.54563058020999,35.56297162983426
raw_CU_diffT/TC23NMC09/TC23NMC09_35deg.parquet,TC23NMC09_35deg.parquet,TC23NMC09,NMC,lithium-ion,35.0,,35.0,charge,14,0.0164264298585401,0.24639390934949326,0.15452281751069932,3.55440311714468,35.56906174033149
raw_CU_diffT/TC23NMC09/TC23NMC09_35deg.parquet,TC23NMC09_35deg.parquet,TC23NMC09,NMC,lithium-ion,35.0,,35.0,charge,15,0.016427024187703,0.26282093353719627,0.16482481753781766,3.56451060535203,35.55876417127072
raw_CU_diffT/TC23NMC09/TC23NMC09_35deg.parquet,TC23NMC09_35deg.parquet,TC23NMC09,NMC,lithium-ion,35.0,,35.0,charge,16,0.016426040929457,0.27924697446665325,0.1751262009269886,3.57538092285805,35.5548126519337
raw_CU_diffT/TC23NMC09/TC23NMC09_35deg.parquet,TC23NMC09_35deg.parquet,TC23NMC09,NMC,lithium-ion,35.0,,35.0,charge,17,0.0164265700437241,0.29567354451037736,0.1854279161434663,3.58644194768874,35.54870558011049
raw_CU_diffT/TC23NMC09/TC23NMC09_35deg.parquet,TC23NMC09_35deg.parquet,TC23NMC09,NMC,lithium-ion,35.0,,35.0,charge,18,0.0164262430587532,0.31209978756913054,0.1957294262954636,3.59750297251943,35.55527535911602
raw_CU_diffT/TC23NMC09/TC23NMC09_35deg.parquet,TC23NMC09_35deg.parquet,TC23NMC09,NMC,lithium-ion,35.0,,35.0,charge,19,0.0164261548462374,0.3285259424153679,0.20603088112609963,3.60856399735012,35.55144933701658
raw_CU_diffT/TC23NMC09/TC23NMC09_35deg.parquet,TC23NMC09_35deg.parquet,TC23NMC09,NMC,lithium-ion,35.0,,35.0,charge,20,0.0164261979434659,0.3449521403588338,0.21633236298461628,3.61962502218081,35.55733806629834
raw_CU_diffT/TC23NMC09/TC23NMC09_35deg.parquet,TC23NMC09_35deg.parquet,TC23NMC09,NMC,lithium-ion,35.0,,35.0,charge,21,0.0164261473534357,0.36137828771226954,0.2266338131162367,3.6301139250375,35.54906834254144
raw_CU_diffT/TC23NMC09/TC23NMC09_35deg.parquet,TC23NMC09_35deg.parquet,TC23NMC09,NMC,lithium-ion,35.0,,35.0,charge,22,0.0164265764201043,0.37780486413237385,0.23693553233158043,3.64060282789419,35.54370718232044
raw_CU_diffT/TC23NMC09/TC23NMC09_35deg.parquet,TC23NMC09_35deg.parquet,TC23NMC09,NMC,lithium-ion,35.0,,35.0,charge,23,0.0164263669668642,0.3942312310992381,0.24723712019097918,3.65166385272488,35.55819251381215
raw_CU_diffT/TC23NMC09/TC23NMC09_35deg.parquet,TC23NMC09_35deg.parquet,TC23NMC09,NMC,lithium-ion,35.0,,35.0,charge,24,0.0164261350136391,0.4106573661128772,0.25753856258385255,3.66386912150357,35.553240276243095
raw_CU_diffT/TC23NMC09/TC23NMC09_35deg.parquet,TC23NMC09_35deg.parquet,TC23NMC09,NMC,lithium-ion,35.0,,35.0,charge,25,0.016426279334504,0.4270836454473812,0.26784009548572724,3.67607439028226,35.55865461325967
raw_CU_diffT/TC23NMC09/TC23NMC09_35deg.parquet,TC23NMC09_35deg.parquet,TC23NMC09,NMC,lithium-ion,35.0,,35.0,charge,26,0.0164263829174224,0.4435100283648036,0.2781416933483164,3.68751682976228,35.55089538674033
raw_CU_diffT/TC23NMC09/TC23NMC09_35deg.parquet,TC23NMC09_35deg.parquet,TC23NMC09,NMC,lithium-ion,35.0,,35.0,charge,27,0.0164262199457236,0.45993624831052715,0.2884431890052701,3.69895926924231,35.554521519337015
raw_CU_diffT/TC23NMC09/TC23NMC09_35deg.parquet,TC23NMC09_35deg.parquet,TC23NMC09,NMC,lithium-ion,35.0,,35.0,charge,28,0.0164261301603484,0.47636237847087554,0.2987446283544637,3.71040170872233,35.55113243093923
raw_CU_diffT/TC23NMC09/TC23NMC09_35deg.parquet,TC23NMC09_35deg.parquet,TC23NMC09,NMC,lithium-ion,35.0,,35.0,charge,29,0.0164264808653498,0.49278885933622535,0.30904628764385417,3.72279768482569,35.54193582872928
raw_CU_diffT/TC23NMC09/TC23NMC09_35deg.parquet,TC23NMC09_35deg.parquet,TC23NMC09,NMC,lithium-ion,35.0,,35.0,charge,30,0.0164264560398731,0.5092153153760984,0.3193479313642616,3.73557507557838,35.556092983425415
raw_CU_diffT/TC23NMC09/TC23NMC09_35deg.parquet,TC23NMC09_35deg.parquet,TC23NMC09,NMC,lithium-ion,35.0,,35.0,charge,31,0.0164265464347913,0.5256418618108898,0.3296496317746963,3.74816175900641,35.56614328729282
raw_CU_diffT/TC23NMC09/TC23NMC09_35deg.parquet,TC23NMC09_35deg.parquet,TC23NMC09,NMC,lithium-ion,35.0,,35.0,charge,32,0.0164262403781627,0.5420681021890524,0.33995114024559525,3.7603670277851,35.56668839779005
raw_CU_diffT/TC23NMC09/TC23NMC09_35deg.parquet,TC23NMC09_35deg.parquet,TC23NMC09,NMC,lithium-ion,35.0,,35.0,charge,33,0.0164262939500344,0.5584943961390868,0.35025268231341455,3.77161875994046,35.582954309392264
raw_CU_diffT/TC23NMC09/TC23NMC09_35deg.parquet,TC23NMC09_35deg.parquet,TC23NMC09,NMC,lithium-ion,35.0,,35.0,charge,34,0.0164265111772382,0.5749209073163251,0.3605543606125217,3.78191695547248,35.581318176795584
raw_CU_diffT/TC23NMC09/TC23NMC09_35deg.parquet,TC23NMC09_35deg.parquet,TC23NMC09,NMC,lithium-ion,35.0,,35.0,charge,35,0.016426181845231,0.5913470891615561,0.3708558323752344,3.79145232170583,35.59936552486188
raw_CU_diffT/TC23NMC09/TC23NMC09_35deg.parquet,TC23NMC09_35deg.parquet,TC23NMC09,NMC,lithium-ion,35.0,,35.0,charge,36,0.0164262370309766,0.6077733261925327,0.381157338746988,3.80022485864052,35.588597596685084
raw_CU_diffT/TC23NMC09/TC23NMC09_35deg.parquet,TC23NMC09_35deg.parquet,TC23NMC09,NMC,lithium-ion,35.0,,35.0,charge,37,0.0164267528470518,0.6242000790395844,0.39145916860625585,3.8084252736012,35.59592160220995
raw_CU_diffT/TC23NMC09/TC23NMC09_35deg.parquet,TC23NMC09_35deg.parquet,TC23NMC09,NMC,lithium-ion,35.0,,35.0,charge,38,0.016426364509794,0.6406264435493784,0.4017607549247341,3.81586285926321,35.596312016574586
raw_CU_diffT/TC23NMC09/TC23NMC09_35deg.parquet,TC23NMC09_35deg.parquet,TC23NMC09,NMC,lithium-ion,35.0,,35.0,charge,39,0.0164265152513381,0.6570529588007165,0.41206243577886137,3.8229190302759,35.599611132596685
raw_CU_diffT/TC23NMC09/TC23NMC09_35deg.parquet,TC23NMC09_35deg.parquet,TC23NMC09,NMC,lithium-ion,35.0,,35.0,charge,40,0.0164265435537953,0.6734795023545117,0.42236413438251585,3.82940307931458,35.60294549723757
raw_CU_diffT/TC23NMC09/TC23NMC09_35deg.parquet,TC23NMC09_35deg.parquet,TC23NMC09,NMC,lithium-ion,35.0,,35.0,charge,41,0.0164266046764743,0.689906107030986,0.43266587131848394,3.83550571370392,35.59809331491713
raw_CU_diffT/TC23NMC09/TC23NMC09_35deg.parquet,TC23NMC09_35deg.parquet,TC23NMC09,NMC,lithium-ion,35.0,,35.0,charge,42,0.0164264340639073,0.7063325410948933,0.4429675012569429,3.84122693344393,35.605363038674035
raw_CU_diffT/TC23NMC09/TC23NMC09_35deg.parquet,TC23NMC09_35deg.parquet,TC23NMC09,NMC,lithium-ion,35.0,,35.0,charge,43,0.0164264954635139,0.7227590365584072,0.453269169701387,3.84656673853461,35.604954613259665
raw_CU_diffT/TC23NMC09/TC23NMC09_35deg.parquet,TC23NMC09_35deg.parquet,TC23NMC09,NMC,lithium-ion,35.0,,35.0,charge,44,0.0164255718965624,0.7391846084549696,0.46357025894252246,3.85190654362529,35.60356444751381
raw_CU_diffT/TC23NMC09/TC23NMC09_35deg.parquet,TC23NMC09_35deg.parquet,TC23NMC09,NMC,lithium-ion,35.0,,35.0,charge,45,0.0164257812905363,0.7556103897455059,0.4738714795024349,3.8570556413913,35.60485408839779
raw_CU_diffT/TC23NMC09/TC23NMC09_35deg.parquet,TC23NMC09_35deg.parquet,TC23NMC09,NMC,lithium-ion,35.0,,35.0,charge,46,0.0164260399049354,0.7720364296504413,0.4841728622490901,3.86182332450798,35.61137016574586
raw_CU_diffT/TC23NMC09/TC23NMC09_35deg.parquet,TC23NMC09_35deg.parquet,TC23NMC09,NMC,lithium-ion,35.0,,35.0,charge,47,0.0164264745032107,0.7884629041536519,0.49447451754854566,3.86678171494932,35.61056961325967
raw_CU_diffT/TC23NMC09/TC23NMC09_35deg.parquet,TC23NMC09_35deg.parquet,TC23NMC09,NMC,lithium-ion,35.0,,35.0,charge,48,0.0164256928059668,0.8048885969596188,0.5047756826164818,3.871549398066,35.61960237569061
raw_CU_diffT/TC23NMC09/TC23NMC09_35deg.parquet,TC23NMC09_35deg.parquet,TC23NMC09,NMC,lithium-ion,35.0,,35.0,charge,49,0.0164260489183398,0.8213146458779585,0.5150770710157793,3.87631708118267,35.614677651933704
raw_CU_diffT/TC23NMC09/TC23NMC09_35deg.parquet,TC23NMC09_35deg.parquet,TC23NMC09,NMC,lithium-ion,35.0,,35.0,charge,50,0.0164265388568733,0.8377411847348318,0.5253787666738188,3.88089405697468,35.614440386740334
raw_CU_diffT/TC23NMC09/TC23NMC09_35deg.parquet,TC23NMC09_35deg.parquet,TC23NMC09,NMC,lithium-ion,35.0,,35.0,charge,51,0.0164268309249608,0.8541680156597926,0.5356806454986577,3.88547103276669,35.61959306629835
raw_CU_diffT/TC23NMC09/TC23NMC09_35deg.parquet,TC23NMC09_35deg.parquet,TC23NMC09,NMC,lithium-ion,35.0,,35.0,charge,52,0.0164265302324508,0.8705945458922434,0.5459823357479998,3.89023871588337,35.62424662983425
raw_CU_diffT/TC23NMC09/TC23NMC09_35deg.parquet,TC23NMC09_35deg.parquet,TC23NMC09,NMC,lithium-ion,35.0,,35.0,charge,53,0.0164264044791077,0.8870209503713511,0.5562839471327267,3.89481569167538,35.62740712707183
raw_CU_diffT/TC23NMC09/TC23NMC09_35deg.parquet,TC23NMC09_35deg.parquet,TC23NMC09,NMC,lithium-ion,35.0,,35.0,charge,54,0.0164263645161484,0.9034473148874995,0.5665855334551901,3.89958337479205,35.63325091160221
raw_CU_diffT/TC23NMC09/TC23NMC09_35deg.parquet,TC23NMC09_35deg.parquet,TC23NMC09,NMC,lithium-ion,35.0,,35.0,charge,55,0.0164265111103727,0.9198738259978723,0.5768872117123635,3.9045417652334,35.62839726519337
raw_CU_diffT/TC23NMC09/TC23NMC09_35deg.parquet,TC23NMC09_35deg.parquet,TC23NMC09,NMC,lithium-ion,35.0,,35.0,charge,56,0.016425822116525,0.9362996481143973,0.5871884578757772,3.90969086299941,35.63797607734807
raw_CU_diffT/TC23NMC09/TC23NMC09_35deg.parquet,TC23NMC09_35deg.parquet,TC23NMC09,NMC,lithium-ion,35.0,,35.0,charge,57,0.0164263962962529,0.9527260444106501,0.5974900641287304,3.91503066809009,35.63145950276243
raw_CU_diffT/TC23NMC09/TC23NMC09_35deg.parquet,TC23NMC09_35deg.parquet,TC23NMC09,NMC,lithium-ion,35.0,,35.0,charge,58,0.0164266402839335,0.9691526846945836,0.6077918233954652,3.92094259515477,35.63849395027624
raw_CU_diffT/TC23NMC09/TC23NMC09_35deg.parquet,TC23NMC09_35deg.parquet,TC23NMC09,NMC,lithium-ion,35.0,,35.0,charge,59,0.0164263964974252,0.9855790811920088,0.6180934297745809,3.92742664419345,35.635733287292815
raw_CU_diffT/TC23NMC09/TC23NMC09_35deg.parquet,TC23NMC09_35deg.parquet,TC23NMC09,NMC,lithium-ion,35.0,,35.0,charge,60,0.0164266489832649,1.0020057301752736,0.6283951944969912,3.93467352253079,35.63160660220995
raw_CU_diffT/TC23NMC09/TC23NMC09_35deg.parquet,TC23NMC09_35deg.parquet,TC23NMC09,NMC,lithium-ion,35.0,,35.0,charge,61,0.0164257343480614,1.018431464523335,0.6386963856175254,3.94268323016681,35.627761933701656
raw_CU_diffT/TC23NMC09/TC23NMC09_35deg.parquet,TC23NMC09_35deg.parquet,TC23NMC09,NMC,lithium-ion,35.0,,35.0,charge,62,0.0164262740727511,1.0348577385960862,0.6489979152195585,3.95164647442616,35.63276977900552
raw_CU_diffT/TC23NMC09/TC23NMC09_35deg.parquet,TC23NMC09_35deg.parquet,TC23NMC09,NMC,lithium-ion,35.0,,35.0,charge,63,0.0164261345064044,1.0512838731024905,0.659299357294326,3.96156325530885,35.61532240331491
raw_CU_diffT/TC23NMC09/TC23NMC09_35deg.parquet,TC23NMC09_35deg.parquet,TC23NMC09,NMC,lithium-ion,35.0,,35.0,charge,64,0.0164264781968047,1.0677103512992951,0.6696010149101722,3.9722428654902,35.61503997237569
raw_CU_diffT/TC23NMC09/TC23NMC09_35deg.parquet,TC23NMC09_35deg.parquet,TC23NMC09,NMC,lithium-ion,35.0,,35.0,charge,65,0.0164266091978841,1.0841369604971793,0.6799027546816852,3.98254106102223,35.60825273480663
raw_CU_diffT/TC23NMC09/TC23NMC09_35deg.parquet,TC23NMC09_35deg.parquet,TC23NMC09,NMC,lithium-ion,35.0,,35.0,charge,66,0.0164262438793902,1.1005632043765696,0.6902042653483346,3.99188571993091,35.58897895027624
raw_CU_diffT/TC23NMC09/TC23NMC09_35deg.parquet,TC23NMC09_35deg.parquet,TC23NMC09,NMC,lithium-ion,35.0,,35.0,charge,67,0.0164259709980905,1.1169891753746601,0.7005056048809354,4.0006582568656,35.5848170718232
raw_CU_diffT/TC23NMC09/TC23NMC09_35deg.parquet,TC23NMC09_35deg.parquet,TC23NMC09,NMC,lithium-ion,35.0,,35.0,charge,68,0.0164261263511192,1.1334153017257793,0.7108070418412191,4.00866796450161,35.577793425414356
raw_CU_diffT/TC23NMC09/TC23NMC09_35deg.parquet,TC23NMC09_35deg.parquet,TC23NMC09,NMC,lithium-ion,35.0,,35.0,charge,69,0.0164261939665429,1.1498414956923222,0.7211085212056589,4.0162962574883,35.56618895027624
raw_CU_diffT/TC23NMC09/TC23NMC09_35deg.parquet,TC23NMC09_35deg.parquet,TC23NMC09,NMC,lithium-ion,35.0,,35.0,charge,70,0.01642663668431,1.1662681323766322,0.7314102782149354,4.02258959920231,35.566125745856354
raw_CU_diffT/TC23NMC09/TC23NMC09_35deg.parquet,TC23NMC09_35deg.parquet,TC23NMC09,NMC,lithium-ion,35.0,,35.0,charge,71,0.0164262833421259,1.182694415718758,0.7417118136301394,4.02792940429299,35.55869193370166
raw_CU_diffT/TC23NMC09/TC23NMC09_35deg.parquet,TC23NMC09_35deg.parquet,TC23NMC09,NMC,lithium-ion,35.0,,35.0,charge,72,0.0164262564199857,1.1991206721387437,0.7520133321614644,4.03231567276033,35.54657925414364
raw_CU_diffT/TC23NMC09/TC23NMC09_35deg.parquet,TC23NMC09_35deg.parquet,TC23NMC09,NMC,lithium-ion,35.0,,35.0,charge,73,0.0164265249100077,1.2155471970487515,0.7623150190729039,4.036511233903,35.553021381215466
raw_CU_diffT/TC23NMC09/TC23NMC09_35deg.parquet,TC23NMC09_35deg.parquet,TC23NMC09,NMC,lithium-ion,35.0,,35.0,charge,74,0.0164270088562114,1.231974205904963,0.7726170094850716,4.03994396574701,35.56089113259668
raw_CU_diffT/TC23NMC09/TC23NMC09_35deg.parquet,TC23NMC09_35deg.parquet,TC23NMC09,NMC,lithium-ion,35.0,,35.0,charge,75,0.0164261302649132,1.2484003361698761,0.7829184488998416,4.04299528294168,35.55874624309392
raw_CU_diffT/TC23NMC09/TC23NMC09_35deg.parquet,TC23NMC09_35deg.parquet,TC23NMC09,NMC,lithium-ion,35.0,,35.0,charge,76,0.0164261349377738,1.26482647110765,0.7932198912451371,4.04566518548702,35.57164983425414
raw_CU_diffT/TC23NMC09/TC23NMC09_35deg.parquet,TC23NMC09_35deg.parquet,TC23NMC09,NMC,lithium-ion,35.0,,35.0,charge,77,0.0164259216423571,1.281252392750007,0.8035211998249151,4.04833508803236,35.568451160220995
raw_CU_diffT/TC23NMC09/TC23NMC09_35deg.parquet,TC23NMC09_35deg.parquet,TC23NMC09,NMC,lithium-ion,35.0,,35.0,charge,78,0.0164258922093747,1.2976782849593818,0.8138224899461713,4.0510049905777,35.580565359116015
raw_CU_diffT/TC23NMC09/TC23NMC09_35deg.parquet,TC23NMC09_35deg.parquet,TC23NMC09,NMC,lithium-ion,35.0,,35.0,charge,79,0.0164266778377048,1.3141049627970867,0.8241242727642779,4.05367489312304,35.5780294198895
raw_CU_diffT/TC23NMC09/TC23NMC09_35deg.parquet,TC23NMC09_35deg.parquet,TC23NMC09,NMC,lithium-ion,35.0,,35.0,charge,80,0.0164266891381449,1.3305316519352315,0.8344260626693122,4.05672621031771,35.595576712707185
raw_CU_diffT/TC23NMC09/TC23NMC09_35deg.parquet,TC23NMC09_35deg.parquet,TC23NMC09,NMC,lithium-ion,35.0,,35.0,charge,81,0.016426603827347,1.3469582557625785,0.8447277990727609,4.05977752751239,35.59335033149171
raw_CU_diffT/TC23NMC09/TC23NMC09_35deg.parquet,TC23NMC09_35deg.parquet,TC23NMC09,NMC,lithium-ion,35.0,,35.0,charge,82,0.0164258182232046,1.3633840739857832,0.8550290427945282,4.06321025935639,35.59356859116022
raw_CU_diffT/TC23NMC09/TC23NMC09_35deg.parquet,TC23NMC09_35deg.parquet,TC23NMC09,NMC,lithium-ion,35.0,,35.0,charge,83,0.0164263072497622,1.3798103812355453,0.8653305932031031,4.0672151131744,35.59831154696133
raw_CU_diffT/TC23NMC09/TC23NMC09_35deg.parquet,TC23NMC09_35deg.parquet,TC23NMC09,NMC,lithium-ion,35.0,,35.0,charge,84,0.0164263657239583,1.3962367469595036,0.8756321802830292,4.07141067431708,35.60776127071823
raw_CU_diffT/TC23NMC09/TC23NMC09_35deg.parquet,TC23NMC09_35deg.parquet,TC23NMC09,NMC,lithium-ion,35.0,,35.0,charge,85,0.0164263504384246,1.4126630973979282,0.8859337577768266,4.07636906475842,35.60516348066299
raw_CU_diffT/TC23NMC09/TC23NMC09_35deg.parquet,TC23NMC09_35deg.parquet,TC23NMC09,NMC,lithium-ion,35.0,,35.0,charge,86,0.0164265974333883,1.4290896948313165,0.8962354901703851,4.08189957717376,35.61024254143646
raw_CU_diffT/TC23NMC09/TC23NMC09_35deg.parquet,TC23NMC09_35deg.parquet,TC23NMC09,NMC,lithium-ion,35.0,,35.0,charge,87,0.0164265431308665,1.445516237962183,0.9065371885088052,4.08800221156311,35.606226491712704
raw_CU_diffT/TC23NMC09/TC23NMC09_35deg.parquet,TC23NMC09_35deg.parquet,TC23NMC09,NMC,lithium-ion,35.0,,35.0,charge,88,0.0164266358751683,1.4619428738373514,0.9168389450106388,4.09524908990046,35.603018784530384
raw_CU_diffT/TC23NMC09/TC23NMC09_35deg.parquet,TC23NMC09_35deg.parquet,TC23NMC09,NMC,lithium-ion,35.0,,35.0,charge,89,0.0164267003630122,1.4783695742003637,0.9271407419552065,4.10287738288714,35.60453552486188
raw_CU_diffT/TC23NMC09/TC23NMC09_35deg.parquet,TC23NMC09_35deg.parquet,TC23NMC09,NMC,lithium-ion,35.0,,35.0,charge,90,0.0164270545925581,1.4947966287929217,0.9374427610503443,4.11203133447116,35.59798480662984
raw_CU_diffT/TC23NMC09/TC23NMC09_35deg.parquet,TC23NMC09_35deg.parquet,TC23NMC09,NMC,lithium-ion,35.0,,35.0,charge,91,0.0164258027821691,1.5112224315750908,0.9477439950884619,4.12232953000318,35.600564751381214
raw_CU_diffT/TC23NMC09/TC23NMC09_35deg.parquet,TC23NMC09_35deg.parquet,TC23NMC09,NMC,lithium-ion,35.0,,35.0,charge,92,0.016425972008747,1.5276484035838378,0.958045335254883,4.13377196948321,35.589297458563536
raw_CU_diffT/TC23NMC09/TC23NMC09_35deg.parquet,TC23NMC09_35deg.parquet,TC23NMC09,NMC,lithium-ion,35.0,,35.0,charge,93,0.0164264933851875,1.5440748969690252,0.968347002395931,4.14693077488523,35.5986026519337
raw_CU_diffT/TC23NMC09/TC23NMC09_35deg.parquet,TC23NMC09_35deg.parquet,TC23NMC09,NMC,lithium-ion,35.0,,35.0,charge,94,0.0164262265685599,1.5605011235375852,0.9786485022063126,4.16142453155993,35.59424969613259
raw_CU_diffT/TC23NMC09/TC23NMC09_35deg.parquet,TC23NMC09_35deg.parquet,TC23NMC09,NMC,lithium-ion,35.0,,35.0,charge,95,0.0122357633639044,1.5727368869014895,0.986322006126829,4.17305767836462,35.57650267955802
raw_CU_diffT/TC23NMC09/TC23NMC09_35deg.parquet,TC23NMC09_35deg.parquet,TC23NMC09,NMC,lithium-ion,35.0,,35.0,charge,96,0.0063112027387539,1.5790480896402435,0.9902799969377553,4.17877889810463,35.563608342541436
raw_CU_diffT/TC23NMC09/TC23NMC09_35deg.parquet,TC23NMC09_35deg.parquet,TC23NMC09,NMC,lithium-ion,35.0,,35.0,charge,97,0.004035665277542,1.5830837549177854,0.9928109132695033,4.18221162994864,35.556738370165746
raw_CU_diffT/TC23NMC09/TC23NMC09_35deg.parquet,TC23NMC09_35deg.parquet,TC23NMC09,NMC,lithium-ion,35.0,,35.0,charge,98,0.0028912712653568,1.5859750261831422,0.9946241374002871,4.18469082516931,35.54284361878453
raw_CU_diffT/TC23NMC09/TC23NMC09_35deg.parquet,TC23NMC09_35deg.parquet,TC23NMC09,NMC,lithium-ion,35.0,,35.0,charge,99,0.0021930184599354,1.5881680446430777,0.995999461133641,4.18678860574065,35.53490187845304
raw_CU_diffT/TC23NMC09/TC23NMC09_35deg.parquet,TC23NMC09_35deg.parquet,TC23NMC09,NMC,lithium-ion,35.0,,35.0,charge,100,0.0017449312292948,1.5899129758723725,0.9970937726392496,4.18812355701332,35.53456607734806
raw_CU_diffT/TC23NMC09/TC23NMC09_35deg.parquet,TC23NMC09_35deg.parquet,TC23NMC09,NMC,lithium-ion,35.0,,35.0,charge,101,0.001444491811881,1.5913574676842535,0.9979996673719249,4.18945850828599,35.53213914364641
raw_CU_diffT/TC23NMC09/TC23NMC09_35deg.parquet,TC23NMC09_35deg.parquet,TC23NMC09,NMC,lithium-ion,35.0,,35.0,charge,102,0.0012141424930168,1.5925716101772702,0.998761101448667,4.19022133758465,35.51916337016575
raw_CU_diffT/TC23NMC09/TC23NMC09_35deg.parquet,TC23NMC09_35deg.parquet,TC23NMC09,NMC,lithium-ion,35.0,,35.0,charge,103,0.0010475657511857,1.593619175928456,0.9994180690329239,4.19117487420799,35.52763174033149
raw_CU_diffT/TC23NMC09/TC23NMC09_35deg.parquet,TC23NMC09_35deg.parquet,TC23NMC09,NMC,lithium-ion,35.0,,35.0,charge,104,0.0009279163314471,1.594547092259903,0.9999999999999999,4.19193770350666,35.525451104972376
raw_CU_diffT/TC23NMC09/TC23NMC09_45deg.parquet,TC23NMC09_45deg.parquet,TC23NMC09,NMC,lithium-ion,45.0,,45.0,discharge,0,0.0163294894883464,0.0163294894883464,0.009962683189336432,4.21730177768738,45.600249419889494
raw_CU_diffT/TC23NMC09/TC23NMC09_45deg.parquet,TC23NMC09_45deg.parquet,TC23NMC09,NMC,lithium-ion,45.0,,45.0,discharge,1,0.0163298868785876,0.032659376366934,0.01992560882795938,4.19670538662333,45.593057955801115
raw_CU_diffT/TC23NMC09/TC23NMC09_45deg.parquet,TC23NMC09_45deg.parquet,TC23NMC09,NMC,lithium-ion,45.0,,45.0,discharge,2,0.0163300960522926,0.048989472419226604,0.02988866208424949,4.17744394683196,45.58553930939227
raw_CU_diffT/TC23NMC09/TC23NMC09_45deg.parquet,TC23NMC09_45deg.parquet,TC23NMC09,NMC,lithium-ion,45.0,,45.0,discharge,3,0.0163285916609056,0.0653180640801322,0.039850797505674516,4.15970816563792,45.58165237569061
raw_CU_diffT/TC23NMC09/TC23NMC09_45deg.parquet,TC23NMC09_45deg.parquet,TC23NMC09,NMC,lithium-ion,45.0,,45.0,discharge,4,0.0163293088887648,0.081647372968897,0.04981337051052435,4.14387945769056,45.57765024861879
raw_CU_diffT/TC23NMC09/TC23NMC09_45deg.parquet,TC23NMC09_45deg.parquet,TC23NMC09,NMC,lithium-ion,45.0,,45.0,discharge,5,0.0163285774040682,0.09797595037296519,0.059775497233799046,4.12957640834053,45.57316276243095
raw_CU_diffT/TC23NMC09/TC23NMC09_45deg.parquet,TC23NMC09_45deg.parquet,TC23NMC09,NMC,lithium-ion,45.0,,45.0,discharge,6,0.0163271581233057,0.1143031084962709,0.06973675804852202,4.1169897249125,45.5684
raw_CU_diffT/TC23NMC09/TC23NMC09_45deg.parquet,TC23NMC09_45deg.parquet,TC23NMC09,NMC,lithium-ion,45.0,,45.0,discharge,7,0.0163262062303529,0.1306293147266238,0.07969743810976057,4.10554728543248,45.56076527624309
raw_CU_diffT/TC23NMC09/TC23NMC09_45deg.parquet,TC23NMC09_45deg.parquet,TC23NMC09,NMC,lithium-ion,45.0,,45.0,discharge,8,0.0163280619097808,0.14695737663640462,0.08965925032802427,4.09582121187446,45.554852071823206
raw_CU_diffT/TC23NMC09/TC23NMC09_45deg.parquet,TC23NMC09_45deg.parquet,TC23NMC09,NMC,lithium-ion,45.0,,45.0,discharge,9,0.0163272454983751,0.16328462213477973,0.09962056445060696,4.08704867493978,45.55216038674033
raw_CU_diffT/TC23NMC09/TC23NMC09_45deg.parquet,TC23NMC09_45deg.parquet,TC23NMC09,NMC,lithium-ion,45.0,,45.0,discharge,10,0.0163283776758818,0.17961299981066153,0.10958256931896106,4.07942038195309,45.55634986187846
raw_CU_diffT/TC23NMC09/TC23NMC09_45deg.parquet,TC23NMC09_45deg.parquet,TC23NMC09,NMC,lithium-ion,45.0,,45.0,discharge,11,0.0163268264470197,0.19593982625768125,0.11954362777672968,4.07236421094041,45.56323795580109
raw_CU_diffT/TC23NMC09/TC23NMC09_45deg.parquet,TC23NMC09_45deg.parquet,TC23NMC09,NMC,lithium-ion,45.0,,45.0,discharge,12,0.016329364087746,0.21226919034542724,0.12950623445868636,4.06645228387573,45.56539240331492
raw_CU_diffT/TC23NMC09/TC23NMC09_45deg.parquet,TC23NMC09_45deg.parquet,TC23NMC09,NMC,lithium-ion,45.0,,45.0,discharge,13,0.0163285173105678,0.22859770765599505,0.13946832451868957,4.06111247878505,45.57646801104971
raw_CU_diffT/TC23NMC09/TC23NMC09_45deg.parquet,TC23NMC09_45deg.parquet,TC23NMC09,NMC,lithium-ion,45.0,,45.0,discharge,14,0.0163293795078388,0.24492708716383385,0.1494309406085031,4.05634479566838,45.587281325966856
raw_CU_diffT/TC23NMC09/TC23NMC09_45deg.parquet,TC23NMC09_45deg.parquet,TC23NMC09,NMC,lithium-ion,45.0,,45.0,discharge,15,0.016329001112219,0.26125608827605284,0.1593933258377203,4.0521492345257,45.58765201657458
raw_CU_diffT/TC23NMC09/TC23NMC09_45deg.parquet,TC23NMC09_45deg.parquet,TC23NMC09,NMC,lithium-ion,45.0,,45.0,discharge,16,0.0163292391342274,0.27758532741028025,0.16935585628506353,4.04852579535703,45.5683896961326
raw_CU_diffT/TC23NMC09/TC23NMC09_45deg.parquet,TC23NMC09_45deg.parquet,TC23NMC09,NMC,lithium-ion,45.0,,45.0,discharge,17,0.0163297803394158,0.29391510774969604,0.17931871692373552,4.04528377083769,45.551102513812154
raw_CU_diffT/TC23NMC09/TC23NMC09_45deg.parquet,TC23NMC09_45deg.parquet,TC23NMC09,NMC,lithium-ion,45.0,,45.0,discharge,18,0.0163268395494139,0.3102419472991099,0.18927978337532428,4.04242316096768,45.54225306629834
raw_CU_diffT/TC23NMC09/TC23NMC09_45deg.parquet,TC23NMC09_45deg.parquet,TC23NMC09,NMC,lithium-ion,45.0,,45.0,discharge,19,0.0163270432971729,0.3265689905962828,0.1992409741341901,4.03956255109768,45.54084892265193
raw_CU_diffT/TC23NMC09/TC23NMC09_45deg.parquet,TC23NMC09_45deg.parquet,TC23NMC09,NMC,lithium-ion,45.0,,45.0,discharge,20,0.0163292431576751,0.3428982337539579,0.20920350703625393,4.03689264855234,45.55552820441989
raw_CU_diffT/TC23NMC09/TC23NMC09_45deg.parquet,TC23NMC09_45deg.parquet,TC23NMC09,NMC,lithium-ion,45.0,,45.0,discharge,21,0.016329371902326,0.35922760565628387,0.21916611848591533,4.034222746007,45.578822569060776
raw_CU_diffT/TC23NMC09/TC23NMC09_45deg.parquet,TC23NMC09_45deg.parquet,TC23NMC09,NMC,lithium-ion,45.0,,45.0,discharge,22,0.0163273923292789,0.37555499798556274,0.2291275221905868,4.03136213613699,45.596616408839786
raw_CU_diffT/TC23NMC09/TC23NMC09_45deg.parquet,TC23NMC09_45deg.parquet,TC23NMC09,NMC,lithium-ion,45.0,,45.0,discharge,23,0.016327471528718,0.39188246951428074,0.23908897421513506,4.02831081894232,45.61206566298343
raw_CU_diffT/TC23NMC09/TC23NMC09_45deg.parquet,TC23NMC09_45deg.parquet,TC23NMC09,NMC,lithium-ion,45.0,,45.0,discharge,24,0.0163285401198743,0.408211009634155,0.24905107819118227,4.02468737977365,45.61999522099447
raw_CU_diffT/TC23NMC09/TC23NMC09_45deg.parquet,TC23NMC09_45deg.parquet,TC23NMC09,NMC,lithium-ion,45.0,,45.0,discharge,25,0.0163279635647069,0.4245389731988619,0.25901283040874507,4.0203011113063,45.624123895027616
raw_CU_diffT/TC23NMC09/TC23NMC09_45deg.parquet,TC23NMC09_45deg.parquet,TC23NMC09,NMC,lithium-ion,45.0,,45.0,discharge,26,0.0163277898929337,0.4408667630917956,0.2689744766685033,4.01553342818963,45.62054505524861
raw_CU_diffT/TC23NMC09/TC23NMC09_45deg.parquet,TC23NMC09_45deg.parquet,TC23NMC09,NMC,lithium-ion,45.0,,45.0,discharge,27,0.0163274173739494,0.457194180465745,0.27893589565302285,4.00962150112495,45.61539154696133
raw_CU_diffT/TC23NMC09/TC23NMC09_45deg.parquet,TC23NMC09_45deg.parquet,TC23NMC09,NMC,lithium-ion,45.0,,45.0,discharge,28,0.0163274392910079,0.4735216197567529,0.28889732800922246,4.00275603743693,45.61080897790055
raw_CU_diffT/TC23NMC09/TC23NMC09_45deg.parquet,TC23NMC09_45deg.parquet,TC23NMC09,NMC,lithium-ion,45.0,,45.0,discharge,29,0.0163281016183306,0.4898497213750835,0.29885916445382227,3.99493703712559,45.607788701657455
raw_CU_diffT/TC23NMC09/TC23NMC09_45deg.parquet,TC23NMC09_45deg.parquet,TC23NMC09,NMC,lithium-ion,45.0,,45.0,discharge,30,0.0163277088347416,0.5061774302098251,0.3088207612596715,3.9861645001909,45.6039559116022
raw_CU_diffT/TC23NMC09/TC23NMC09_45deg.parquet,TC23NMC09_45deg.parquet,TC23NMC09,NMC,lithium-ion,45.0,,45.0,discharge,31,0.0163287118784331,0.5225061420882582,0.31878297002626393,3.97662913395755,45.59443069060774
raw_CU_diffT/TC23NMC09/TC23NMC09_45deg.parquet,TC23NMC09_45deg.parquet,TC23NMC09,NMC,lithium-ion,45.0,,45.0,discharge,32,0.0163273780052743,0.5388335200935325,0.32874436499180615,3.96652164575019,45.574556077348056
raw_CU_diffT/TC23NMC09/TC23NMC09_45deg.parquet,TC23NMC09_45deg.parquet,TC23NMC09,NMC,lithium-ion,45.0,,45.0,discharge,33,0.0163276782883617,0.5551611983818941,0.3387059431611936,3.95622345021817,45.541958397790054
raw_CU_diffT/TC23NMC09/TC23NMC09_45deg.parquet,TC23NMC09_45deg.parquet,TC23NMC09,NMC,lithium-ion,45.0,,45.0,discharge,34,0.0163269573322536,0.5714881557141478,0.34866708147253767,3.94611596201082,45.5047985359116
raw_CU_diffT/TC23NMC09/TC23NMC09_45deg.parquet,TC23NMC09_45deg.parquet,TC23NMC09,NMC,lithium-ion,45.0,,45.0,discharge,35,0.0163278839441222,0.58781603965827,0.3586287851132811,3.9363898884528,45.471662651933705
raw_CU_diffT/TC23NMC09/TC23NMC09_45deg.parquet,TC23NMC09_45deg.parquet,TC23NMC09,NMC,lithium-ion,45.0,,45.0,discharge,36,0.0163286164640431,0.6041446561223132,0.36859093566719403,3.92742664419345,45.45023737569061
raw_CU_diffT/TC23NMC09/TC23NMC09_45deg.parquet,TC23NMC09_45deg.parquet,TC23NMC09,NMC,lithium-ion,45.0,,45.0,discharge,37,0.016329268539779,0.6204739246620922,0.3785534840549753,3.91941693655743,45.44400776243095
raw_CU_diffT/TC23NMC09/TC23NMC09_45deg.parquet,TC23NMC09_45deg.parquet,TC23NMC09,NMC,lithium-ion,45.0,,45.0,discharge,38,0.0163282415689769,0.6368021662310691,0.38851540588399286,3.91217005822008,45.450204861878454
raw_CU_diffT/TC23NMC09/TC23NMC09_45deg.parquet,TC23NMC09_45deg.parquet,TC23NMC09,NMC,lithium-ion,45.0,,45.0,discharge,39,0.0163269860651352,0.6531291522962043,0.3984765617253763,3.90549530185673,45.47145190607735
raw_CU_diffT/TC23NMC09/TC23NMC09_45deg.parquet,TC23NMC09_45deg.parquet,TC23NMC09,NMC,lithium-ion,45.0,,45.0,discharge,40,0.0163285344659585,0.6694576867621628,0.4084386622519482,3.89977408211672,45.49452544198895
raw_CU_diffT/TC23NMC09/TC23NMC09_45deg.parquet,TC23NMC09_45deg.parquet,TC23NMC09,NMC,lithium-ion,45.0,,45.0,discharge,41,0.0163291805377017,0.6857868672998645,0.41840115694932983,3.89462498435071,45.50993160220994
raw_CU_diffT/TC23NMC09/TC23NMC09_45deg.parquet,TC23NMC09_45deg.parquet,TC23NMC09,NMC,lithium-ion,45.0,,45.0,discharge,42,0.0163283329029372,0.7021152002028017,0.42836313450154145,3.8900480085587,45.507533259668506
raw_CU_diffT/TC23NMC09/TC23NMC09_45deg.parquet,TC23NMC09_45deg.parquet,TC23NMC09,NMC,lithium-ion,45.0,,45.0,discharge,43,0.0163289694151596,0.7184441696179613,0.43832550039226303,3.88604315474069,45.495801740331494
raw_CU_diffT/TC23NMC09/TC23NMC09_45deg.parquet,TC23NMC09_45deg.parquet,TC23NMC09,NMC,lithium-ion,45.0,,45.0,discharge,44,0.0163292098678884,0.7347733794858498,0.44828801298410237,3.88222900824735,45.49096779005525
raw_CU_diffT/TC23NMC09/TC23NMC09_45deg.parquet,TC23NMC09_45deg.parquet,TC23NMC09,NMC,lithium-ion,45.0,,45.0,discharge,45,0.0163266362242679,0.7511000157101176,0.4582489553862519,3.87841486175401,45.498854116022095
raw_CU_diffT/TC23NMC09/TC23NMC09_45deg.parquet,TC23NMC09_45deg.parquet,TC23NMC09,NMC,lithium-ion,45.0,,45.0,discharge,46,0.0163275197453993,0.7674275354555169,0.46821043682797947,3.874410007936,45.51399759668508
raw_CU_diffT/TC23NMC09/TC23NMC09_45deg.parquet,TC23NMC09_45deg.parquet,TC23NMC09,NMC,lithium-ion,45.0,,45.0,discharge,47,0.0163272086336378,0.7837547440891547,0.4781717284592467,3.87059586144266,45.534554530386735
raw_CU_diffT/TC23NMC09/TC23NMC09_45deg.parquet,TC23NMC09_45deg.parquet,TC23NMC09,NMC,lithium-ion,45.0,,45.0,discharge,48,0.0163267794644832,0.8000815235536379,0.48813275825279245,3.86640030029999,45.549953591160225
raw_CU_diffT/TC23NMC09/TC23NMC09_45deg.parquet,TC23NMC09_45deg.parquet,TC23NMC09,NMC,lithium-ion,45.0,,45.0,discharge,49,0.0163293321408455,0.8164108556944835,0.49809534544382456,3.86220473915731,45.54985939226519
raw_CU_diffT/TC23NMC09/TC23NMC09_45deg.parquet,TC23NMC09_45deg.parquet,TC23NMC09,NMC,lithium-ion,45.0,,45.0,discharge,50,0.0163287769846578,0.8327396326791413,0.5080575939319705,3.85781847068997,45.54374295580109
raw_CU_diffT/TC23NMC09/TC23NMC09_45deg.parquet,TC23NMC09_45deg.parquet,TC23NMC09,NMC,lithium-ion,45.0,,45.0,discharge,51,0.0163274122497056,0.8490670449288469,0.5180190097901695,3.85343220222263,45.535715524861885
raw_CU_diffT/TC23NMC09/TC23NMC09_45deg.parquet,TC23NMC09_45deg.parquet,TC23NMC09,NMC,lithium-ion,45.0,,45.0,discharge,52,0.0163288405810908,0.8653958855099377,0.5279812970787393,3.84885522643062,45.53228323204419
raw_CU_diffT/TC23NMC09/TC23NMC09_45deg.parquet,TC23NMC09_45deg.parquet,TC23NMC09,NMC,lithium-ion,45.0,,45.0,discharge,53,0.0163277296560944,0.8817236151660321,0.5379429065877745,3.84389683598927,45.52936969613259
raw_CU_diffT/TC23NMC09/TC23NMC09_45deg.parquet,TC23NMC09_45deg.parquet,TC23NMC09,NMC,lithium-ion,45.0,,45.0,discharge,54,0.0163287019991799,0.898052317165212,0.5479051093269973,3.83893844554793,45.532282569060776
raw_CU_diffT/TC23NMC09/TC23NMC09_45deg.parquet,TC23NMC09_45deg.parquet,TC23NMC09,NMC,lithium-ion,45.0,,45.0,discharge,55,0.0163290073676132,0.9143813245328253,0.5578674983726541,3.83378934778192,45.541346160220996
raw_CU_diffT/TC23NMC09/TC23NMC09_45deg.parquet,TC23NMC09_45deg.parquet,TC23NMC09,NMC,lithium-ion,45.0,,45.0,discharge,56,0.0163288960329024,0.9307102205657277,0.5678298194925836,3.82825883536657,45.55205411602209
raw_CU_diffT/TC23NMC09/TC23NMC09_45deg.parquet,TC23NMC09_45deg.parquet,TC23NMC09,NMC,lithium-ion,45.0,,45.0,discharge,57,0.0163280113918168,0.9470382319575446,0.5777916008896468,3.8223469083019,45.55622560773481
raw_CU_diffT/TC23NMC09/TC23NMC09_45deg.parquet,TC23NMC09_45deg.parquet,TC23NMC09,NMC,lithium-ion,45.0,,45.0,discharge,58,0.0163286642903626,0.9633668962479072,0.5877537806225778,3.81605356658788,45.55863342541436
raw_CU_diffT/TC23NMC09/TC23NMC09_45deg.parquet,TC23NMC09_45deg.parquet,TC23NMC09,NMC,lithium-ion,45.0,,45.0,discharge,59,0.0163287241342013,0.9796956203821084,0.5977159968664606,3.80937881022453,45.55907638121547
raw_CU_diffT/TC23NMC09/TC23NMC09_45deg.parquet,TC23NMC09_45deg.parquet,TC23NMC09,NMC,lithium-ion,45.0,,45.0,discharge,60,0.016327982893668,0.9960236032757764,0.6076777608766956,3.80194122456252,45.55010983425414
raw_CU_diffT/TC23NMC09/TC23NMC09_45deg.parquet,TC23NMC09_45deg.parquet,TC23NMC09,NMC,lithium-ion,45.0,,45.0,discharge,61,0.0163286498569501,1.0123522531327265,0.617639931803747,3.79355010227717,45.545737513812156
raw_CU_diffT/TC23NMC09/TC23NMC09_45deg.parquet,TC23NMC09_45deg.parquet,TC23NMC09,NMC,lithium-ion,45.0,,45.0,discharge,62,0.0163284132376749,1.0286806663704013,0.6276019583684853,3.78439615069315,45.5459803038674
raw_CU_diffT/TC23NMC09/TC23NMC09_45deg.parquet,TC23NMC09_45deg.parquet,TC23NMC09,NMC,lithium-ion,45.0,,45.0,discharge,63,0.0163280895415892,1.0450087559119905,0.6375637874450196,3.77371654051179,45.55041679558011
raw_CU_diffT/TC23NMC09/TC23NMC09_45deg.parquet,TC23NMC09_45deg.parquet,TC23NMC09,NMC,lithium-ion,45.0,,45.0,discharge,64,0.0163271109552223,1.0613358668672128,0.6475250194823168,3.7615112717331,45.55908696132596
raw_CU_diffT/TC23NMC09/TC23NMC09_45deg.parquet,TC23NMC09_45deg.parquet,TC23NMC09,NMC,lithium-ion,45.0,,45.0,discharge,65,0.0163269725627652,1.077662839429978,0.6574861670858535,3.74816175900641,45.56959375690608
raw_CU_diffT/TC23NMC09/TC23NMC09_45deg.parquet,TC23NMC09_45deg.parquet,TC23NMC09,NMC,lithium-ion,45.0,,45.0,discharge,66,0.0163286241399066,1.0939914635698846,0.6674483223228396,3.73404941698105,45.59791574585635
raw_CU_diffT/TC23NMC09/TC23NMC09_45deg.parquet,TC23NMC09_45deg.parquet,TC23NMC09,NMC,lithium-ion,45.0,,45.0,discharge,67,0.0163274054171837,1.1103188689870684,0.6774097340124913,3.71993707495568,45.628833756906076
raw_CU_diffT/TC23NMC09/TC23NMC09_45deg.parquet,TC23NMC09_45deg.parquet,TC23NMC09,NMC,lithium-ion,45.0,,45.0,discharge,68,0.016326197004439,1.1266450659915075,0.6873704084449649,3.70620614757966,45.638305497237575
raw_CU_diffT/TC23NMC09/TC23NMC09_45deg.parquet,TC23NMC09_45deg.parquet,TC23NMC09,NMC,lithium-ion,45.0,,45.0,discharge,69,0.0163275376806704,1.142972603672178,0.6973319008290692,3.69266592752829,45.6286435082873
raw_CU_diffT/TC23NMC09/TC23NMC09_45deg.parquet,TC23NMC09_45deg.parquet,TC23NMC09,NMC,lithium-ion,45.0,,45.0,discharge,70,0.0163288528150783,1.1593014564872561,0.7072941955816409,3.67912570747693,45.616363038674045
raw_CU_diffT/TC23NMC09/TC23NMC09_45deg.parquet,TC23NMC09_45deg.parquet,TC23NMC09,NMC,lithium-ion,45.0,,45.0,discharge,71,0.0163287654308184,1.1756302219180745,0.7172564370207458,3.66615760939957,45.6078729558011
raw_CU_diffT/TC23NMC09/TC23NMC09_45deg.parquet,TC23NMC09_45deg.parquet,TC23NMC09,NMC,lithium-ion,45.0,,45.0,discharge,72,0.0163287037240199,1.1919589256420944,0.7272186408122999,3.65395234062088,45.607503535911604
raw_CU_diffT/TC23NMC09/TC23NMC09_45deg.parquet,TC23NMC09_45deg.parquet,TC23NMC09,NMC,lithium-ion,45.0,,45.0,discharge,73,0.0163285154633918,1.2082874411054862,0.7371807297453341,3.64231919381619,45.616204337016576
raw_CU_diffT/TC23NMC09/TC23NMC09_45deg.parquet,TC23NMC09_45deg.parquet,TC23NMC09,NMC,lithium-ion,45.0,,45.0,discharge,74,0.0163281046264764,1.2246155457319627,0.7471425680252152,3.6318302909595,45.627788314917126
raw_CU_diffT/TC23NMC09/TC23NMC09_45deg.parquet,TC23NMC09_45deg.parquet,TC23NMC09,NMC,lithium-ion,45.0,,45.0,discharge,75,0.0163288537970623,1.240944399529025,0.7571048633768991,3.62172280275215,45.63683790055247
raw_CU_diffT/TC23NMC09/TC23NMC09_45deg.parquet,TC23NMC09_45deg.parquet,TC23NMC09,NMC,lithium-ion,45.0,,45.0,discharge,76,0.0163269196854582,1.2572713192144833,0.7670659787197911,3.61180602186946,45.639097817679556
raw_CU_diffT/TC23NMC09/TC23NMC09_45deg.parquet,TC23NMC09_45deg.parquet,TC23NMC09,NMC,lithium-ion,45.0,,45.0,discharge,77,0.0163270702469666,1.27359838946145,0.7770271859208278,3.60169853366211,45.6379258839779
raw_CU_diffT/TC23NMC09/TC23NMC09_45deg.parquet,TC23NMC09_45deg.parquet,TC23NMC09,NMC,lithium-ion,45.0,,45.0,discharge,78,0.0163270167636955,1.2899254062251455,0.7869883604915189,3.59140033813008,45.63753511049724
raw_CU_diffT/TC23NMC09/TC23NMC09_45deg.parquet,TC23NMC09_45deg.parquet,TC23NMC09,NMC,lithium-ion,45.0,,45.0,discharge,79,0.0163264296248538,1.3062518358499993,0.7969491768465858,3.58072072794873,45.63419864640884
raw_CU_diffT/TC23NMC09/TC23NMC09_45deg.parquet,TC23NMC09_45deg.parquet,TC23NMC09,NMC,lithium-ion,45.0,,45.0,discharge,80,0.0163310246732248,1.3225828605232242,0.8069127966580127,3.57061323974138,45.62948875690607
raw_CU_diffT/TC23NMC09/TC23NMC09_45deg.parquet,TC23NMC09_45deg.parquet,TC23NMC09,NMC,lithium-ion,45.0,,45.0,discharge,81,0.0163256340931201,1.3389084946163443,0.8168731276561655,3.56107787350802,45.62604577348066
raw_CU_diffT/TC23NMC09/TC23NMC09_45deg.parquet,TC23NMC09_45deg.parquet,TC23NMC09,NMC,lithium-ion,45.0,,45.0,discharge,82,0.0163297639809333,1.3552382585972775,0.8268359783144655,3.55058897065133,45.620998812154696
raw_CU_diffT/TC23NMC09/TC23NMC09_45deg.parquet,TC23NMC09_45deg.parquet,TC23NMC09,NMC,lithium-ion,45.0,,45.0,discharge,83,0.0163285439168036,1.371566802514081,0.8367980846070336,3.53952794582064,45.61361781767957
raw_CU_diffT/TC23NMC09/TC23NMC09_45deg.parquet,TC23NMC09_45deg.parquet,TC23NMC09,NMC,lithium-ion,45.0,,45.0,discharge,84,0.0163287683677854,1.3878955708818663,0.846760327837993,3.53075540888596,45.606193977900546
raw_CU_diffT/TC23NMC09/TC23NMC09_45deg.parquet,TC23NMC09_45deg.parquet,TC23NMC09,NMC,lithium-ion,45.0,,45.0,discharge,85,0.0163286589150189,1.4042242297968852,0.8567225042914065,3.52503418914595,45.60356486187845
raw_CU_diffT/TC23NMC09/TC23NMC09_45deg.parquet,TC23NMC09_45deg.parquet,TC23NMC09,NMC,lithium-ion,45.0,,45.0,discharge,86,0.0163285967817964,1.4205528265786815,0.8666846428371063,3.51969438405527,45.60312179558012
raw_CU_diffT/TC23NMC09/TC23NMC09_45deg.parquet,TC23NMC09_45deg.parquet,TC23NMC09,NMC,lithium-ion,45.0,,45.0,discharge,87,0.0163277410203344,1.436880567599016,0.8766462592795072,3.51473599361393,45.603374088397786
raw_CU_diffT/TC23NMC09/TC23NMC09_45deg.parquet,TC23NMC09_45deg.parquet,TC23NMC09,NMC,lithium-ion,45.0,,45.0,discharge,88,0.0163304489410664,1.4532110165400824,0.8866095278345707,3.50958689584792,45.60879223756906
raw_CU_diffT/TC23NMC09/TC23NMC09_45deg.parquet,TC23NMC09_45deg.parquet,TC23NMC09,NMC,lithium-ion,45.0,,45.0,discharge,89,0.0163264830450022,1.4695374995850847,0.8965703767814719,3.50367496878324,45.61478994475139
raw_CU_diffT/TC23NMC09/TC23NMC09_45deg.parquet,TC23NMC09_45deg.parquet,TC23NMC09,NMC,lithium-ion,45.0,,45.0,discharge,90,0.0163280004185262,1.485865500003611,0.906532151483689,3.49642809044589,45.62257232044198
raw_CU_diffT/TC23NMC09/TC23NMC09_45deg.parquet,TC23NMC09_45deg.parquet,TC23NMC09,NMC,lithium-ion,45.0,,45.0,discharge,91,0.0163282393003433,1.5021937393039542,0.9164940719286047,3.48384140701786,45.63960491712707
raw_CU_diffT/TC23NMC09/TC23NMC09_45deg.parquet,TC23NMC09_45deg.parquet,TC23NMC09,NMC,lithium-ion,45.0,,45.0,discharge,92,0.0163266187466867,1.5185203580506408,0.9264550036676158,3.45599813761647,45.67662707182321
raw_CU_diffT/TC23NMC09/TC23NMC09_45deg.parquet,TC23NMC09_45deg.parquet,TC23NMC09,NMC,lithium-ion,45.0,,45.0,discharge,93,0.0163262667492645,1.5348466247999053,0.9364157206516709,3.41747525803373,45.70024867403314
raw_CU_diffT/TC23NMC09/TC23NMC09_45deg.parquet,TC23NMC09_45deg.parquet,TC23NMC09,NMC,lithium-ion,45.0,,45.0,discharge,94,0.016326696637656,1.5511733214375614,0.9463766999122566,3.37113337813963,45.70842232044199
raw_CU_diffT/TC23NMC09/TC23NMC09_45deg.parquet,TC23NMC09_45deg.parquet,TC23NMC09,NMC,lithium-ion,45.0,,45.0,discharge,95,0.0163268500824791,1.5675001715200405,0.9563377727901082,3.31487471736285,45.714125055248616
raw_CU_diffT/TC23NMC09/TC23NMC09_45deg.parquet,TC23NMC09_45deg.parquet,TC23NMC09,NMC,lithium-ion,45.0,,45.0,discharge,96,0.0163279715580022,1.5838281430780428,0.9662995298844108,3.24412229991137,45.72364950276243
raw_CU_diffT/TC23NMC09/TC23NMC09_45deg.parquet,TC23NMC09_45deg.parquet,TC23NMC09,NMC,lithium-ion,45.0,,45.0,discharge,97,0.0163276811020283,1.600155824180071,0.9762611097704269,3.14934075955184,45.73570897790056
raw_CU_diffT/TC23NMC09/TC23NMC09_45deg.parquet,TC23NMC09_45deg.parquet,TC23NMC09,NMC,lithium-ion,45.0,,45.0,discharge,98,0.0163271917809404,1.6164830159610115,0.9862223911197999,3.0036403635062,45.75493828729281
raw_CU_diffT/TC23NMC09/TC23NMC09_45deg.parquet,TC23NMC09_45deg.parquet,TC23NMC09,NMC,lithium-ion,45.0,,45.0,discharge,99,0.0129388376373243,1.6294218535983358,0.9941164248133161,2.78508976943775,45.7676729558011
raw_CU_diffT/TC23NMC09/TC23NMC09_45deg.parquet,TC23NMC09_45deg.parquet,TC23NMC09,NMC,lithium-ion,45.0,,45.0,discharge,100,0.0032157497361929,1.6326376033345287,0.9960783658685306,2.73626869432299,45.69840212707182
raw_CU_diffT/TC23NMC09/TC23NMC09_45deg.parquet,TC23NMC09_45deg.parquet,TC23NMC09,NMC,lithium-ion,45.0,,45.0,discharge,101,0.0021757421120405,1.6348133454465692,0.9974057943456687,2.71052320549293,45.65516950276243
raw_CU_diffT/TC23NMC09/TC23NMC09_45deg.parquet,TC23NMC09_45deg.parquet,TC23NMC09,NMC,lithium-ion,45.0,,45.0,discharge,102,0.001701538421741,1.6365148838683101,0.9984439093609841,2.69183388767556,45.62671138121547
raw_CU_diffT/TC23NMC09/TC23NMC09_45deg.parquet,TC23NMC09_45deg.parquet,TC23NMC09,NMC,lithium-ion,45.0,,45.0,discharge,103,0.0013889019099451,1.6379037857782552,0.9992912836600841,2.6771494236762,45.60475842541436
raw_CU_diffT/TC23NMC09/TC23NMC09_45deg.parquet,TC23NMC09_45deg.parquet,TC23NMC09,NMC,lithium-ion,45.0,,45.0,discharge,104,0.0011616324440858,1.639065418222341,1.0000000000000002,2.66589769152084,45.592013535911605
raw_CU_diffT/TC23NMC09/TC23NMC09_45deg.parquet,TC23NMC09_45deg.parquet,TC23NMC09,NMC,lithium-ion,45.0,,45.0,charge,0,0.0163265583578082,0.0163265583578082,0.010150123005575407,3.09441705004773,45.50547569060773
raw_CU_diffT/TC23NMC09/TC23NMC09_45deg.parquet,TC23NMC09_45deg.parquet,TC23NMC09,NMC,lithium-ion,45.0,,45.0,charge,1,0.0163270370280822,0.0326535953858904,0.0203005435975774,3.21418124993864,45.478304751381216
raw_CU_diffT/TC23NMC09/TC23NMC09_45deg.parquet,TC23NMC09_45deg.parquet,TC23NMC09,NMC,lithium-ion,45.0,,45.0,charge,2,0.0163263768015865,0.04897997218747689,0.030450553730743183,3.29580398489614,45.47230696132596
raw_CU_diffT/TC23NMC09/TC23NMC09_45deg.parquet,TC23NMC09_45deg.parquet,TC23NMC09,NMC,lithium-ion,45.0,,45.0,charge,3,0.0163290803155731,0.06530905250305,0.04060224462227273,3.35835598738694,45.478304392265194
raw_CU_diffT/TC23NMC09/TC23NMC09_45deg.parquet,TC23NMC09_45deg.parquet,TC23NMC09,NMC,lithium-ion,45.0,,45.0,charge,4,0.0163270041771021,0.0816360566801521,0.050752644791018243,3.40889342842371,45.4819482320442
raw_CU_diffT/TC23NMC09/TC23NMC09_45deg.parquet,TC23NMC09_45deg.parquet,TC23NMC09,NMC,lithium-ion,45.0,,45.0,charge,5,0.016326941449446,0.0979629981295981,0.06090300596235773,3.45065833252579,45.484746381215466
raw_CU_diffT/TC23NMC09/TC23NMC09_45deg.parquet,TC23NMC09_45deg.parquet,TC23NMC09,NMC,lithium-ion,45.0,,45.0,charge,6,0.0163267571405201,0.1142897552701182,0.07105325254994797,3.4836506996932,45.49300422651934
raw_CU_diffT/TC23NMC09/TC23NMC09_45deg.parquet,TC23NMC09_45deg.parquet,TC23NMC09,NMC,lithium-ion,45.0,,45.0,charge,7,0.0163270513202063,0.13061680659032449,0.08120368202727743,3.50462850540657,45.51451395027623
raw_CU_diffT/TC23NMC09/TC23NMC09_45deg.parquet,TC23NMC09_45deg.parquet,TC23NMC09,NMC,lithium-ion,45.0,,45.0,charge,8,0.0163268297858497,0.1469436363761742,0.09135397377803159,3.51340104234126,45.546849502762434
raw_CU_diffT/TC23NMC09/TC23NMC09_45deg.parquet,TC23NMC09_45deg.parquet,TC23NMC09,NMC,lithium-ion,45.0,,45.0,charge,9,0.0163283919939766,0.16327202837015078,0.10150523674416995,3.51912226208127,45.56560229281769
raw_CU_diffT/TC23NMC09/TC23NMC09_45deg.parquet,TC23NMC09_45deg.parquet,TC23NMC09,NMC,lithium-ion,45.0,,45.0,charge,10,0.0163287933350259,0.1796008217051767,0.11165674922162162,3.52465277449661,45.56962513812154
raw_CU_diffT/TC23NMC09/TC23NMC09_45deg.parquet,TC23NMC09_45deg.parquet,TC23NMC09,NMC,lithium-ion,45.0,,45.0,charge,11,0.0163314226725477,0.19593224437772438,0.1218098963423756,3.53037399423663,45.56814668508287
raw_CU_diffT/TC23NMC09/TC23NMC09_45deg.parquet,TC23NMC09_45deg.parquet,TC23NMC09,NMC,lithium-ion,45.0,,45.0,charge,12,0.0163289071207607,0.2122611514984851,0.13196147955973334,3.53666733595064,45.56385878453039
raw_CU_diffT/TC23NMC09/TC23NMC09_45deg.parquet,TC23NMC09_45deg.parquet,TC23NMC09,NMC,lithium-ion,45.0,,45.0,charge,13,0.0163287907207486,0.2285899422192337,0.14211299041190456,3.54372350696332,45.562792265193366
raw_CU_diffT/TC23NMC09/TC23NMC09_45deg.parquet,TC23NMC09_45deg.parquet,TC23NMC09,NMC,lithium-ion,45.0,,45.0,charge,14,0.016327220724034,0.2449171629432677,0.1522635252065735,3.551923921924,45.56091290055248
raw_CU_diffT/TC23NMC09/TC23NMC09_45deg.parquet,TC23NMC09_45deg.parquet,TC23NMC09,NMC,lithium-ion,45.0,,45.0,charge,15,0.0163263615859805,0.2612435245292482,0.16241352588028865,3.56145928815736,45.55803060773481
raw_CU_diffT/TC23NMC09/TC23NMC09_45deg.parquet,TC23NMC09_45deg.parquet,TC23NMC09,NMC,lithium-ion,45.0,,45.0,charge,16,0.0163266046568713,0.2775701291861195,0.17256367766971276,3.57175748368938,45.55644599447514
raw_CU_diffT/TC23NMC09/TC23NMC09_45deg.parquet,TC23NMC09_45deg.parquet,TC23NMC09,NMC,lithium-ion,45.0,,45.0,charge,17,0.0163270491214609,0.2938971783075804,0.18271410578009545,3.5826278011954,45.55724850828728
raw_CU_diffT/TC23NMC09/TC23NMC09_45deg.parquet,TC23NMC09_45deg.parquet,TC23NMC09,NMC,lithium-ion,45.0,,45.0,charge,18,0.0163269507942815,0.31022412910186187,0.1928644727610629,3.59349811870142,45.55863135359116
raw_CU_diffT/TC23NMC09/TC23NMC09_45deg.parquet,TC23NMC09_45deg.parquet,TC23NMC09,NMC,lithium-ion,45.0,,45.0,charge,19,0.0163269101509293,0.32655103925279116,0.20301481447430303,3.60474985085678,45.5570062154696
raw_CU_diffT/TC23NMC09/TC23NMC09_45deg.parquet,TC23NMC09_45deg.parquet,TC23NMC09,NMC,lithium-ion,45.0,,45.0,charge,20,0.0163267250417125,0.3428777642945037,0.2131650411062579,3.61581087568747,45.55694187845303
raw_CU_diffT/TC23NMC09/TC23NMC09_45deg.parquet,TC23NMC09_45deg.parquet,TC23NMC09,NMC,lithium-ion,45.0,,45.0,charge,21,0.0163271080080893,0.35920487230259296,0.22331550582610282,3.62629977854416,45.5546611878453
raw_CU_diffT/TC23NMC09/TC23NMC09_45deg.parquet,TC23NMC09_45deg.parquet,TC23NMC09,NMC,lithium-ion,45.0,,45.0,charge,22,0.0163273889567155,0.37553226125930844,0.23346614521001668,3.63640726675151,45.552771961325966
raw_CU_diffT/TC23NMC09/TC23NMC09_45deg.parquet,TC23NMC09_45deg.parquet,TC23NMC09,NMC,lithium-ion,45.0,,45.0,charge,23,0.0163278145256184,0.3918600757849268,0.2436170491675545,3.6474682915822,45.55347892265193
raw_CU_diffT/TC23NMC09/TC23NMC09_45deg.parquet,TC23NMC09_45deg.parquet,TC23NMC09,NMC,lithium-ion,45.0,,45.0,charge,24,0.0163273875417045,0.4081874633266313,0.2537676876717645,3.65967356036089,45.5571017679558
raw_CU_diffT/TC23NMC09/TC23NMC09_45deg.parquet,TC23NMC09_45deg.parquet,TC23NMC09,NMC,lithium-ion,45.0,,45.0,charge,25,0.0163271642321467,0.424514627558778,0.26391818734576733,3.67168812181492,45.55917160220993
raw_CU_diffT/TC23NMC09/TC23NMC09_45deg.parquet,TC23NMC09_45deg.parquet,TC23NMC09,NMC,lithium-ion,45.0,,45.0,charge,26,0.016327489241322,0.4408421168001,0.27406888907601706,3.68293985397027,45.55586690607735
raw_CU_diffT/TC23NMC09/TC23NMC09_45deg.parquet,TC23NMC09_45deg.parquet,TC23NMC09,NMC,lithium-ion,45.0,,45.0,charge,27,0.0163264242914423,0.4571685410915423,0.28421892873334026,3.69400087880096,45.54796726519337
raw_CU_diffT/TC23NMC09/TC23NMC09_45deg.parquet,TC23NMC09_45deg.parquet,TC23NMC09,NMC,lithium-ion,45.0,,45.0,charge,28,0.0163268728500673,0.4734954139416096,0.2943692472568591,3.70544331828099,45.548253232044196
raw_CU_diffT/TC23NMC09/TC23NMC09_45deg.parquet,TC23NMC09_45deg.parquet,TC23NMC09,NMC,lithium-ion,45.0,,45.0,charge,29,0.0163274258610717,0.4898228398026813,0.30451990958398895,3.71764858705968,45.55428107734806
raw_CU_diffT/TC23NMC09/TC23NMC09_45deg.parquet,TC23NMC09_45deg.parquet,TC23NMC09,NMC,lithium-ion,45.0,,45.0,charge,30,0.0163283975942075,0.5061512373968888,0.31467117603175715,3.73061668513704,45.55738709944751
raw_CU_diffT/TC23NMC09/TC23NMC09_45deg.parquet,TC23NMC09_45deg.parquet,TC23NMC09,NMC,lithium-ion,45.0,,45.0,charge,31,0.0163289991474622,0.522480236544351,0.324822816461561,3.7441569051884,45.559551243093914
raw_CU_diffT/TC23NMC09/TC23NMC09_45deg.parquet,TC23NMC09_45deg.parquet,TC23NMC09,NMC,lithium-ion,45.0,,45.0,charge,32,0.0163286391133815,0.5388088756577325,0.33497423306034513,3.75731571059043,45.565770801104975
raw_CU_diffT/TC23NMC09/TC23NMC09_45deg.parquet,TC23NMC09_45deg.parquet,TC23NMC09,NMC,lithium-ion,45.0,,45.0,charge,33,0.0163270409921043,0.5551359166498367,0.34512465611675575,3.76913956471979,45.57455643646409
raw_CU_diffT/TC23NMC09/TC23NMC09_45deg.parquet,TC23NMC09_45deg.parquet,TC23NMC09,NMC,lithium-ion,45.0,,45.0,charge,34,0.0163273629388785,0.5714632795887152,0.355275279325537,3.78039129687514,45.578982016574585
raw_CU_diffT/TC23NMC09/TC23NMC09_45deg.parquet,TC23NMC09_45deg.parquet,TC23NMC09,NMC,lithium-ion,45.0,,45.0,charge,35,0.0163288276561374,0.5877921072448526,0.365426813140217,3.79030807775783,45.5876829281768
raw_CU_diffT/TC23NMC09/TC23NMC09_45deg.parquet,TC23NMC09_45deg.parquet,TC23NMC09,NMC,lithium-ion,45.0,,45.0,charge,36,0.0163268839113232,0.6041189911561758,0.37557713854045205,3.79946202934185,45.594948259668506
raw_CU_diffT/TC23NMC09/TC23NMC09_45deg.parquet,TC23NMC09_45deg.parquet,TC23NMC09,NMC,lithium-ion,45.0,,45.0,charge,37,0.0163272126422734,0.6204462037984493,0.3857276683107391,3.8078531516272,45.60093546961327
raw_CU_diffT/TC23NMC09/TC23NMC09_45deg.parquet,TC23NMC09_45deg.parquet,TC23NMC09,NMC,lithium-ion,45.0,,45.0,charge,38,0.0163267963073349,0.6367730001057842,0.3958779392481023,3.81548144461388,45.60789458563535
raw_CU_diffT/TC23NMC09/TC23NMC09_45deg.parquet,TC23NMC09_45deg.parquet,TC23NMC09,NMC,lithium-ion,45.0,,45.0,charge,39,0.0163267405585935,0.6530997406643777,0.4060281755268086,3.82253761562656,45.61592999999999
raw_CU_diffT/TC23NMC09/TC23NMC09_45deg.parquet,TC23NMC09_45deg.parquet,TC23NMC09,NMC,lithium-ion,45.0,,45.0,charge,40,0.016326050186869,0.6694257908512466,0.4161779826055715,3.82921237198991,45.62128281767956
raw_CU_diffT/TC23NMC09/TC23NMC09_45deg.parquet,TC23NMC09_45deg.parquet,TC23NMC09,NMC,lithium-ion,45.0,,45.0,charge,41,0.0163260126113677,0.6857518034626143,0.42632776632387154,3.83550571370392,45.6210829558011
raw_CU_diffT/TC23NMC09/TC23NMC09_45deg.parquet,TC23NMC09_45deg.parquet,TC23NMC09,NMC,lithium-ion,45.0,,45.0,charge,42,0.0163256317506985,0.7020774352133128,0.43647731326338723,3.84103622611927,45.62047088397789
raw_CU_diffT/TC23NMC09/TC23NMC09_45deg.parquet,TC23NMC09_45deg.parquet,TC23NMC09,NMC,lithium-ion,45.0,,45.0,charge,43,0.0163238174540645,0.7184012526673773,0.4466257322656121,3.84656673853461,45.61944704419889
raw_CU_diffT/TC23NMC09/TC23NMC09_45deg.parquet,TC23NMC09_45deg.parquet,TC23NMC09,NMC,lithium-ion,45.0,,45.0,charge,44,0.016326492035933,0.7347277447033103,0.4567758140392771,3.85190654362529,45.62032309392265
raw_CU_diffT/TC23NMC09/TC23NMC09_45deg.parquet,TC23NMC09_45deg.parquet,TC23NMC09,NMC,lithium-ion,45.0,,45.0,charge,45,0.0163284848307018,0.7510562295340121,0.4669271347214484,3.85686493406663,45.62347911602209
raw_CU_diffT/TC23NMC09/TC23NMC09_45deg.parquet,TC23NMC09_45deg.parquet,TC23NMC09,NMC,lithium-ion,45.0,,45.0,charge,46,0.0163283223425996,0.7673845518766117,0.4770783543857452,3.86163261718331,45.62364908839779
raw_CU_diffT/TC23NMC09/TC23NMC09_45deg.parquet,TC23NMC09_45deg.parquet,TC23NMC09,NMC,lithium-ion,45.0,,45.0,charge,47,0.0163260339594797,0.7837105858360914,0.4872281513760379,3.86640030029999,45.62474682320441
raw_CU_diffT/TC23NMC09/TC23NMC09_45deg.parquet,TC23NMC09_45deg.parquet,TC23NMC09,NMC,lithium-ion,45.0,,45.0,charge,48,0.0163308377563025,0.8000414235923939,0.49738093485788487,3.87116798341666,45.62543317679558
raw_CU_diffT/TC23NMC09/TC23NMC09_45deg.parquet,TC23NMC09_45deg.parquet,TC23NMC09,NMC,lithium-ion,45.0,,45.0,charge,49,0.0163286861157394,0.8163701097081333,0.5075323806777519,3.87574495920867,45.62394433701658
raw_CU_diffT/TC23NMC09/TC23NMC09_45deg.parquet,TC23NMC09_45deg.parquet,TC23NMC09,NMC,lithium-ion,45.0,,45.0,charge,50,0.0163316126835657,0.832701722391699,0.5176856459272114,3.88032193500068,45.625929502762425
raw_CU_diffT/TC23NMC09/TC23NMC09_45deg.parquet,TC23NMC09_45deg.parquet,TC23NMC09,NMC,lithium-ion,45.0,,45.0,charge,51,0.0163310508343552,0.8490327732260542,0.5278385618784005,3.88489891079269,45.63029011049724
raw_CU_diffT/TC23NMC09/TC23NMC09_45deg.parquet,TC23NMC09_45deg.parquet,TC23NMC09,NMC,lithium-ion,45.0,,45.0,charge,52,0.0163286276596319,0.8653614008856861,0.5379899713564574,3.88928517926003,45.636837569060766
raw_CU_diffT/TC23NMC09/TC23NMC09_45deg.parquet,TC23NMC09_45deg.parquet,TC23NMC09,NMC,lithium-ion,45.0,,45.0,charge,53,0.0163279920252535,0.8816893929109396,0.5481409856644495,3.89386215505204,45.64051209944751
raw_CU_diffT/TC23NMC09/TC23NMC09_45deg.parquet,TC23NMC09_45deg.parquet,TC23NMC09,NMC,lithium-ion,45.0,,45.0,charge,54,0.016329283522608,0.8980186764335476,0.5582928028885688,3.89843913084405,45.64276052486188
raw_CU_diffT/TC23NMC09/TC23NMC09_45deg.parquet,TC23NMC09_45deg.parquet,TC23NMC09,NMC,lithium-ion,45.0,,45.0,charge,55,0.016328254984931,0.9143469314184786,0.5684439806770086,3.90301610663606,45.64641546961325
raw_CU_diffT/TC23NMC09/TC23NMC09_45deg.parquet,TC23NMC09_45deg.parquet,TC23NMC09,NMC,lithium-ion,45.0,,45.0,charge,56,0.0163312451388238,0.9306781765573023,0.5785970174261156,3.90778378975274,45.65177988950277
raw_CU_diffT/TC23NMC09/TC23NMC09_45deg.parquet,TC23NMC09_45deg.parquet,TC23NMC09,NMC,lithium-ion,45.0,,45.0,charge,57,0.0163288857981743,0.9470070623554766,0.5887485873873498,3.91293288751875,45.65637309392266
raw_CU_diffT/TC23NMC09/TC23NMC09_45deg.parquet,TC23NMC09_45deg.parquet,TC23NMC09,NMC,lithium-ion,45.0,,45.0,charge,58,0.0163307127864757,0.9633377751419523,0.598901293176208,3.91827269260943,45.65840027624309
raw_CU_diffT/TC23NMC09/TC23NMC09_45deg.parquet,TC23NMC09_45deg.parquet,TC23NMC09,NMC,lithium-ion,45.0,,45.0,charge,59,0.0163305465899645,0.9796683217319168,0.6090538956416961,3.92418461967411,45.66125215469613
raw_CU_diffT/TC23NMC09/TC23NMC09_45deg.parquet,TC23NMC09_45deg.parquet,TC23NMC09,NMC,lithium-ion,45.0,,45.0,charge,60,0.0163270589592309,0.9959953806911477,0.6192043298681612,3.93085937603745,45.660269668508285
raw_CU_diffT/TC23NMC09/TC23NMC09_45deg.parquet,TC23NMC09_45deg.parquet,TC23NMC09,NMC,lithium-ion,45.0,,45.0,charge,61,0.0163271872876596,1.0123225679788073,0.6293548438756376,3.93772483972547,45.65381790055248
raw_CU_diffT/TC23NMC09/TC23NMC09_45deg.parquet,TC23NMC09_45deg.parquet,TC23NMC09,NMC,lithium-ion,45.0,,45.0,charge,62,0.0163273305768502,1.0286498985556574,0.6395054469651407,3.94592525468615,45.64802085635359
raw_CU_diffT/TC23NMC09/TC23NMC09_45deg.parquet,TC23NMC09_45deg.parquet,TC23NMC09,NMC,lithium-ion,45.0,,45.0,charge,63,0.016326529484489,1.0449764280401463,0.6496555520203474,3.9548884989455,45.64299337016574
raw_CU_diffT/TC23NMC09/TC23NMC09_45deg.parquet,TC23NMC09_45deg.parquet,TC23NMC09,NMC,lithium-ion,45.0,,45.0,charge,64,0.0163276099093301,1.0613040379494765,0.6598063287691711,3.96499598715286,45.6318747237569
raw_CU_diffT/TC23NMC09/TC23NMC09_45deg.parquet,TC23NMC09_45deg.parquet,TC23NMC09,NMC,lithium-ion,45.0,,45.0,charge,65,0.0163273875821564,1.0776314255316328,0.6699569672985298,3.97529418268488,45.6168064640884
raw_CU_diffT/TC23NMC09/TC23NMC09_45deg.parquet,TC23NMC09_45deg.parquet,TC23NMC09,NMC,lithium-ion,45.0,,45.0,charge,66,0.0163274876438277,1.0939589131754606,0.680107668035627,3.98521096356756,45.60341676795581
raw_CU_diffT/TC23NMC09/TC23NMC09_45deg.parquet,TC23NMC09_45deg.parquet,TC23NMC09,NMC,lithium-ion,45.0,,45.0,charge,67,0.016327570408376,1.1102864835838366,0.6902584202269455,3.99436491515158,45.59574063535913
raw_CU_diffT/TC23NMC09/TC23NMC09_45deg.parquet,TC23NMC09_45deg.parquet,TC23NMC09,NMC,lithium-ion,45.0,,45.0,charge,68,0.0163274854429269,1.1266139690267636,0.7004091195957559,4.00275603743693,45.593057817679565
raw_CU_diffT/TC23NMC09/TC23NMC09_45deg.parquet,TC23NMC09_45deg.parquet,TC23NMC09,NMC,lithium-ion,45.0,,45.0,charge,69,0.0163262916812646,1.1429402607080281,0.7105590768101302,4.01076574507295,45.587281740331484
raw_CU_diffT/TC23NMC09/TC23NMC09_45deg.parquet,TC23NMC09_45deg.parquet,TC23NMC09,NMC,lithium-ion,45.0,,45.0,charge,70,0.01632571816688,1.1592659788749082,0.7207086774740655,4.01763120876096,45.580120966850835
raw_CU_diffT/TC23NMC09/TC23NMC09_45deg.parquet,TC23NMC09_45deg.parquet,TC23NMC09,NMC,lithium-ion,45.0,,45.0,charge,71,0.0163292524144172,1.1755952312893254,0.73086047535841,4.02354313582564,45.57466254143646
raw_CU_diffT/TC23NMC09/TC23NMC09_45deg.parquet,TC23NMC09_45deg.parquet,TC23NMC09,NMC,lithium-ion,45.0,,45.0,charge,72,0.0163285862146562,1.1919238175039817,0.7410118590703753,4.02850152626699,45.57035403314917
raw_CU_diffT/TC23NMC09/TC23NMC09_45deg.parquet,TC23NMC09_45deg.parquet,TC23NMC09,NMC,lithium-ion,45.0,,45.0,charge,73,0.0163290395039022,1.2082528570078839,0.7511635245895347,4.03269708740966,45.56717488950276
raw_CU_diffT/TC23NMC09/TC23NMC09_45deg.parquet,TC23NMC09_45deg.parquet,TC23NMC09,NMC,lithium-ion,45.0,,45.0,charge,74,0.016326242796362,1.2245790998042458,0.7613134514124595,4.036511233903,45.56707925414365
raw_CU_diffT/TC23NMC09/TC23NMC09_45deg.parquet,TC23NMC09_45deg.parquet,TC23NMC09,NMC,lithium-ion,45.0,,45.0,charge,75,0.0163259817741579,1.2409050815784037,0.7714632159594519,4.03956255109768,45.57363712707183
raw_CU_diffT/TC23NMC09/TC23NMC09_45deg.parquet,TC23NMC09_45deg.parquet,TC23NMC09,NMC,lithium-ion,45.0,,45.0,charge,76,0.0163274148701114,1.257232496448515,0.781613871453568,4.04242316096768,45.57954118784531
raw_CU_diffT/TC23NMC09/TC23NMC09_45deg.parquet,TC23NMC09_45deg.parquet,TC23NMC09,NMC,lithium-ion,45.0,,45.0,charge,77,0.0163275238348997,1.2735600202834148,0.7917645946904366,4.04509306351302,45.58425033149171
raw_CU_diffT/TC23NMC09/TC23NMC09_45deg.parquet,TC23NMC09_45deg.parquet,TC23NMC09,NMC,lithium-ion,45.0,,45.0,charge,78,0.0163268396609474,1.2898868599443623,0.8019148925804795,4.04776296605836,45.587344613259674
raw_CU_diffT/TC23NMC09/TC23NMC09_45deg.parquet,TC23NMC09_45deg.parquet,TC23NMC09,NMC,lithium-ion,45.0,,45.0,charge,79,0.0163273906035978,1.3062142505479601,0.8120655329882502,4.0504328686037,45.59214980662983
raw_CU_diffT/TC23NMC09/TC23NMC09_45deg.parquet,TC23NMC09_45deg.parquet,TC23NMC09,NMC,lithium-ion,45.0,,45.0,charge,80,0.0163274072662589,1.322541657814219,0.822216183755097,4.05310277114904,45.59620508287293
raw_CU_diffT/TC23NMC09/TC23NMC09_45deg.parquet,TC23NMC09_45deg.parquet,TC23NMC09,NMC,lithium-ion,45.0,,45.0,charge,81,0.0163300571882526,1.3388717150024716,0.8323684819624882,4.05596338101904,45.59937309392265
raw_CU_diffT/TC23NMC09/TC23NMC09_45deg.parquet,TC23NMC09_45deg.parquet,TC23NMC09,NMC,lithium-ion,45.0,,45.0,charge,82,0.0163301894225418,1.3552019044250134,0.8425208623791407,4.05901469821372,45.60465287292818
raw_CU_diffT/TC23NMC09/TC23NMC09_45deg.parquet,TC23NMC09_45deg.parquet,TC23NMC09,NMC,lithium-ion,45.0,,45.0,charge,83,0.0163300973932821,1.3715320018182955,0.8526731855817566,4.06263813738239,45.61138908839778
raw_CU_diffT/TC23NMC09/TC23NMC09_45deg.parquet,TC23NMC09_45deg.parquet,TC23NMC09,NMC,lithium-ion,45.0,,45.0,charge,84,0.0163299936109603,1.3878619954292557,0.8628254442635281,4.06645228387573,45.61656422651934
raw_CU_diffT/TC23NMC09/TC23NMC09_45deg.parquet,TC23NMC09_45deg.parquet,TC23NMC09,NMC,lithium-ion,45.0,,45.0,charge,85,0.016329862474397,1.4041918579036528,0.872977621418488,4.07102925966774,45.61955116022099
raw_CU_diffT/TC23NMC09/TC23NMC09_45deg.parquet,TC23NMC09_45deg.parquet,TC23NMC09,NMC,lithium-ion,45.0,,45.0,charge,86,0.0163299018863793,1.4205217597900321,0.8831298230756399,4.07598765010909,45.62128262430939
raw_CU_diffT/TC23NMC09/TC23NMC09_45deg.parquet,TC23NMC09_45deg.parquet,TC23NMC09,NMC,lithium-ion,45.0,,45.0,charge,87,0.0163301061602566,1.4368518659502887,0.8932821517286311,4.0817088698491,45.61937212707182
raw_CU_diffT/TC23NMC09/TC23NMC09_45deg.parquet,TC23NMC09_45deg.parquet,TC23NMC09,NMC,lithium-ion,45.0,,45.0,charge,88,0.0163288908015197,1.4531807567518085,0.9034337248004151,4.08800221156311,45.61578259668509
raw_CU_diffT/TC23NMC09/TC23NMC09_45deg.parquet,TC23NMC09_45deg.parquet,TC23NMC09,NMC,lithium-ion,45.0,,45.0,charge,89,0.0163287373461761,1.4695094940979845,0.9135852024699359,4.09563050454979,45.61058715469614
raw_CU_diffT/TC23NMC09/TC23NMC09_45deg.parquet,TC23NMC09_45deg.parquet,TC23NMC09,NMC,lithium-ion,45.0,,45.0,charge,90,0.0163291509543031,1.4858386450522876,0.9237369372771385,4.10344950486114,45.60858093922652
raw_CU_diffT/TC23NMC09/TC23NMC09_45deg.parquet,TC23NMC09_45deg.parquet,TC23NMC09,NMC,lithium-ion,45.0,,45.0,charge,91,0.0163300329021267,1.5021686779544143,0.9338892203859915,4.1129848710945,45.61040814917128
raw_CU_diffT/TC23NMC09/TC23NMC09_45deg.parquet,TC23NMC09_45deg.parquet,TC23NMC09,NMC,lithium-ion,45.0,,45.0,charge,92,0.0163305082917612,1.5184991862461756,0.9440417990417175,4.12347377395118,45.60906624309392
raw_CU_diffT/TC23NMC09/TC23NMC09_45deg.parquet,TC23NMC09_45deg.parquet,TC23NMC09,NMC,lithium-ion,45.0,,45.0,charge,93,0.0163296156109087,1.5348288018570844,0.9541938227231334,4.13529762808054,45.60746149171272
raw_CU_diffT/TC23NMC09/TC23NMC09_45deg.parquet,TC23NMC09_45deg.parquet,TC23NMC09,NMC,lithium-ion,45.0,,45.0,charge,94,0.0163299943491863,1.5511587962062707,0.9643460818638556,4.14864714080724,45.60591961325968
raw_CU_diffT/TC23NMC09/TC23NMC09_45deg.parquet,TC23NMC09_45deg.parquet,TC23NMC09,NMC,lithium-ion,45.0,,45.0,charge,95,0.0163295635386072,1.5674883597448779,0.9744980731722352,4.1633316048066,45.60602480662984
raw_CU_diffT/TC23NMC09/TC23NMC09_45deg.parquet,TC23NMC09_45deg.parquet,TC23NMC09,NMC,lithium-ion,45.0,,45.0,charge,96,0.0163298782870804,1.5838182380319583,0.9846502601578452,4.1795417274033,45.60224505524862
raw_CU_diffT/TC23NMC09/TC23NMC09_45deg.parquet,TC23NMC09_45deg.parquet,TC23NMC09,NMC,lithium-ion,45.0,,45.0,charge,97,0.0101472004386554,1.5939654384706137,0.9909587135598031,4.18983992293532,45.5853067679558
raw_CU_diffT/TC23NMC09/TC23NMC09_45deg.parquet,TC23NMC09_45deg.parquet,TC23NMC09,NMC,lithium-ion,45.0,,45.0,charge,98,0.0048272674042906,1.5987927058749043,0.9939597966331944,4.19441689872733,45.568948950276244
raw_CU_diffT/TC23NMC09/TC23NMC09_45deg.parquet,TC23NMC09_45deg.parquet,TC23NMC09,NMC,lithium-ion,45.0,,45.0,charge,99,0.0030068740387924,1.6017995799136966,0.9958291521144381,4.196896093948,45.56091422651933
raw_CU_diffT/TC23NMC09/TC23NMC09_45deg.parquet,TC23NMC09_45deg.parquet,TC23NMC09,NMC,lithium-ion,45.0,,45.0,charge,100,0.0020960137175606,1.603895593631257,0.99713223121956,4.19861245987001,45.556000966850824
raw_CU_diffT/TC23NMC09/TC23NMC09_45deg.parquet,TC23NMC09_45deg.parquet,TC23NMC09,NMC,lithium-ion,45.0,,45.0,charge,101,0.0015549482805436,1.6054505419118008,0.9980989332010146,4.19994741114268,45.547608121546965
raw_CU_diffT/TC23NMC09/TC23NMC09_45deg.parquet,TC23NMC09_45deg.parquet,TC23NMC09,NMC,lithium-ion,45.0,,45.0,charge,102,0.0012221466453181,1.606672688557119,0.9988587344101223,4.20090094776601,45.533867817679564
raw_CU_diffT/TC23NMC09/TC23NMC09_45deg.parquet,TC23NMC09_45deg.parquet,TC23NMC09,NMC,lithium-ion,45.0,,45.0,charge,103,0.000992191033667,1.607664879590786,0.999475573600357,4.20166377706468,45.52314127071822
raw_CU_diffT/TC23NMC09/TC23NMC09_45deg.parquet,TC23NMC09_45deg.parquet,TC23NMC09,NMC,lithium-ion,45.0,,45.0,charge,104,0.000843544281527,1.608508423872313,1.0000000000000002,4.20223589903868,45.52129458563535
raw_CU_diffT/TC23SIB09/TC23SIB09_05deg.parquet,TC23SIB09_05deg.parquet,TC23SIB09,SIB,sodium-ion,5.0,,5.0,discharge,0,0.0144899470434968,0.0144899470434968,0.011284575573523513,4.01818608858182,5.528903756906077
raw_CU_diffT/TC23SIB09/TC23SIB09_05deg.parquet,TC23SIB09_05deg.parquet,TC23SIB09,SIB,sodium-ion,5.0,,5.0,discharge,1,0.0144885143998233,0.0289784614433201,0.02256803542345225,3.98956652954634,5.555461491712707
raw_CU_diffT/TC23SIB09/TC23SIB09_05deg.parquet,TC23SIB09_05deg.parquet,TC23SIB09,SIB,sodium-ion,5.0,,5.0,discharge,2,0.0144897190883999,0.043468180531719997,0.03385243346861692,3.96285494111322,5.58454955801105
raw_CU_diffT/TC23SIB09/TC23SIB09_05deg.parquet,TC23SIB09_05deg.parquet,TC23SIB09,SIB,sodium-ion,5.0,,5.0,discharge,3,0.0144905176793376,0.0579586982110576,0.04513745344564661,3.93747893210176,5.626461104972376
raw_CU_diffT/TC23SIB09/TC23SIB09_05deg.parquet,TC23SIB09_05deg.parquet,TC23SIB09,SIB,sodium-ion,5.0,,5.0,discharge,4,0.0144906845983753,0.0724493828094329,0.056422603416974415,3.91267531427101,5.672007071823204
raw_CU_diffT/TC23SIB09/TC23SIB09_05deg.parquet,TC23SIB09_05deg.parquet,TC23SIB09,SIB,sodium-ion,5.0,,5.0,discharge,5,0.0144907370639966,0.0869401198734295,0.06770779424782136,3.88882568174144,5.715246657458563
raw_CU_diffT/TC23SIB09/TC23SIB09_05deg.parquet,TC23SIB09_05deg.parquet,TC23SIB09,SIB,sodium-ion,5.0,,5.0,discharge,6,0.0144904641777114,0.1014305840511409,0.07899277255850526,3.86631162863352,5.7473971546961335
raw_CU_diffT/TC23SIB09/TC23SIB09_05deg.parquet,TC23SIB09_05deg.parquet,TC23SIB09,SIB,sodium-ion,5.0,,5.0,discharge,7,0.0144897837075679,0.1159203677587088,0.09027722092820752,3.84475156082679,5.752088756906077
raw_CU_diffT/TC23SIB09/TC23SIB09_05deg.parquet,TC23SIB09_05deg.parquet,TC23SIB09,SIB,sodium-ion,5.0,,5.0,discharge,8,0.0144907483774195,0.1304111161361283,0.10156242056979582,3.82395468126101,5.763050994475138
raw_CU_diffT/TC23SIB09/TC23SIB09_05deg.parquet,TC23SIB09_05deg.parquet,TC23SIB09,SIB,sodium-ion,5.0,,5.0,discharge,9,0.0144904224268943,0.1449015385630226,0.11284736636550576,3.80334859875546,5.763923397790055
raw_CU_diffT/TC23SIB09/TC23SIB09_05deg.parquet,TC23SIB09_05deg.parquet,TC23SIB09,SIB,sodium-ion,5.0,,5.0,discharge,10,0.014490825347054,0.1593923639100766,0.12413262595000861,3.78293331331015,5.761926823204419
raw_CU_diffT/TC23SIB09/TC23SIB09_05deg.parquet,TC23SIB09_05deg.parquet,TC23SIB09,SIB,sodium-ion,5.0,,5.0,discharge,11,0.0144898375632586,0.17388220147333522,0.13541711626179737,3.7623272308046,5.76607546961326
raw_CU_diffT/TC23SIB09/TC23SIB09_05deg.parquet,TC23SIB09_05deg.parquet,TC23SIB09,SIB,sodium-ion,5.0,,5.0,discharge,12,0.0144900754315154,0.18837227690485062,0.14670179182218032,3.74153035123882,5.765028563535912
raw_CU_diffT/TC23SIB09/TC23SIB09_05deg.parquet,TC23SIB09_05deg.parquet,TC23SIB09,SIB,sodium-ion,5.0,,5.0,discharge,13,0.0144893111429639,0.2028615880478145,0.1579858721649346,3.7205426746128,5.764834502762432
raw_CU_diffT/TC23SIB09/TC23SIB09_05deg.parquet,TC23SIB09_05deg.parquet,TC23SIB09,SIB,sodium-ion,5.0,,5.0,discharge,14,0.0144890402423805,0.21735062829019502,0.16926974153396362,3.70012738916749,5.763293011049724
raw_CU_diffT/TC23SIB09/TC23SIB09_05deg.parquet,TC23SIB09_05deg.parquet,TC23SIB09,SIB,sodium-ion,5.0,,5.0,discharge,15,0.0144910896557549,0.23184171794594993,0.18055520695852242,3.67971210372217,5.772840552486187
raw_CU_diffT/TC23SIB09/TC23SIB09_05deg.parquet,TC23SIB09_05deg.parquet,TC23SIB09,SIB,sodium-ion,5.0,,5.0,discharge,16,0.0144892363210986,0.24633095426704854,0.19183922903101586,3.65967841239734,5.771716298342541
raw_CU_diffT/TC23SIB09/TC23SIB09_05deg.parquet,TC23SIB09_05deg.parquet,TC23SIB09,SIB,sodium-ion,5.0,,5.0,discharge,17,0.0144894646574851,0.2608204189245336,0.20312342892881133,3.64021711225321,5.767965331491713
raw_CU_diffT/TC23SIB09/TC23SIB09_05deg.parquet,TC23SIB09_05deg.parquet,TC23SIB09,SIB,sodium-ion,5.0,,5.0,discharge,18,0.0144889320603532,0.2753093509848868,0.21440721404713473,3.62094660916932,5.763836353591159
raw_CU_diffT/TC23SIB09/TC23SIB09_05deg.parquet,TC23SIB09_05deg.parquet,TC23SIB09,SIB,sodium-ion,5.0,,5.0,discharge,19,0.0144894671989405,0.2897988181838273,0.22569141592418143,3.60224849726613,5.769206243093922
raw_CU_diffT/TC23SIB09/TC23SIB09_05deg.parquet,TC23SIB09_05deg.parquet,TC23SIB09,SIB,sodium-ion,5.0,,5.0,discharge,20,0.014488274851914,0.3042870930357413,0.2369746892174252,3.58374118242319,5.764359502762431
raw_CU_diffT/TC23SIB09/TC23SIB09_05deg.parquet,TC23SIB09_05deg.parquet,TC23SIB09,SIB,sodium-ion,5.0,,5.0,discharge,21,0.0144892208519037,0.318776313887645,0.248258699242718,3.56561546170072,5.774788867403314
raw_CU_diffT/TC23SIB09/TC23SIB09_05deg.parquet,TC23SIB09_05deg.parquet,TC23SIB09,SIB,sodium-ion,5.0,,5.0,discharge,22,0.0144888715176723,0.3332651854053173,0.25954243721121706,3.54768053803848,5.771735994475138
raw_CU_diffT/TC23SIB09/TC23SIB09_05deg.parquet,TC23SIB09_05deg.parquet,TC23SIB09,SIB,sodium-ion,5.0,,5.0,discharge,23,0.0144895959302667,0.347754781335584,0.2708267393424866,3.52993641143648,5.774934198895028
raw_CU_diffT/TC23SIB09/TC23SIB09_05deg.parquet,TC23SIB09_05deg.parquet,TC23SIB09,SIB,sodium-ion,5.0,,5.0,discharge,24,0.014490426623759,0.362245207959343,0.28211168840665823,3.51238308189472,5.776940773480662
raw_CU_diffT/TC23SIB09/TC23SIB09_05deg.parquet,TC23SIB09_05deg.parquet,TC23SIB09,SIB,sodium-ion,5.0,,5.0,discharge,25,0.0144889333431199,0.3767341413024629,0.29339547452398307,3.49463895529272,5.7810408839779
raw_CU_diffT/TC23SIB09/TC23SIB09_05deg.parquet,TC23SIB09_05deg.parquet,TC23SIB09,SIB,sodium-ion,5.0,,5.0,discharge,26,0.0144888134786999,0.3912229547811628,0.3046791672925122,3.47708562575095,5.781767872928176
raw_CU_diffT/TC23SIB09/TC23SIB09_05deg.parquet,TC23SIB09_05deg.parquet,TC23SIB09,SIB,sodium-ion,5.0,,5.0,discharge,27,0.0144893056009082,0.40571226038207103,0.3159632433191882,3.45972309326943,5.794571740331492
raw_CU_diffT/TC23SIB09/TC23SIB09_05deg.parquet,TC23SIB09_05deg.parquet,TC23SIB09,SIB,sodium-ion,5.0,,5.0,discharge,28,0.0144890678693856,0.4202013282514566,0.3272471342037566,3.44197896666743,5.790636933701658
raw_CU_diffT/TC23SIB09/TC23SIB09_05deg.parquet,TC23SIB09_05deg.parquet,TC23SIB09,SIB,sodium-ion,5.0,,5.0,discharge,29,0.0144898215615606,0.4346911498130172,0.33853161205363846,3.42404404300519,5.783376629834254
raw_CU_diffT/TC23SIB09/TC23SIB09_05deg.parquet,TC23SIB09_05deg.parquet,TC23SIB09,SIB,sodium-ion,5.0,,5.0,discharge,30,0.0144886712326977,0.4491798210457149,0.3498151940428972,3.40591832228272,5.782950303867402
raw_CU_diffT/TC23SIB09/TC23SIB09_05deg.parquet,TC23SIB09_05deg.parquet,TC23SIB09,SIB,sodium-ion,5.0,,5.0,discharge,31,0.0144898976472159,0.46366971869293083,0.36109973114726257,3.38760180450001,5.787913176795581
raw_CU_diffT/TC23SIB09/TC23SIB09_05deg.parquet,TC23SIB09_05deg.parquet,TC23SIB09,SIB,sodium-ion,5.0,,5.0,discharge,32,0.0144895362409824,0.47815925493391326,0.3723839867933215,3.36890369259683,5.800319558011049
raw_CU_diffT/TC23SIB09/TC23SIB09_05deg.parquet,TC23SIB09_05deg.parquet,TC23SIB09,SIB,sodium-ion,5.0,,5.0,discharge,33,0.0144897626490957,0.49264901758300894,0.38366841876296925,3.35001478363341,5.788853453038674
raw_CU_diffT/TC23SIB09/TC23SIB09_05deg.parquet,TC23SIB09_05deg.parquet,TC23SIB09,SIB,sodium-ion,5.0,,5.0,discharge,34,0.0144890769556666,0.5071380945386755,0.394952316723811,3.33074428054952,5.794775165745856
raw_CU_diffT/TC23SIB09/TC23SIB09_05deg.parquet,TC23SIB09_05deg.parquet,TC23SIB09,SIB,sodium-ion,5.0,,5.0,discharge,35,0.0144895749409089,0.5216276694795844,0.40623660250885135,3.3118553715861,5.79050138121547
raw_CU_diffT/TC23SIB09/TC23SIB09_05deg.parquet,TC23SIB09_05deg.parquet,TC23SIB09,SIB,sodium-ion,5.0,,5.0,discharge,36,0.0144899475137165,0.5361176169933008,0.41752117844857556,3.29258486850221,5.815372320441989
raw_CU_diffT/TC23SIB09/TC23SIB09_05deg.parquet,TC23SIB09_05deg.parquet,TC23SIB09,SIB,sodium-ion,5.0,,5.0,discharge,37,0.0144893898357662,0.550607006829067,0.42880532007622424,3.27312356835808,5.794455607734806
raw_CU_diffT/TC23SIB09/TC23SIB09_05deg.parquet,TC23SIB09_05deg.parquet,TC23SIB09,SIB,sodium-ion,5.0,,5.0,discharge,38,0.0144890498031098,0.5650960566321769,0.4400891968910205,3.25347147115371,5.799001657458564
raw_CU_diffT/TC23SIB09/TC23SIB09_05deg.parquet,TC23SIB09_05deg.parquet,TC23SIB09,SIB,sodium-ion,5.0,,5.0,discharge,39,0.0144898731227566,0.5795859297549335,0.4513737148960673,3.23401017100959,5.792196878453039
raw_CU_diffT/TC23SIB09/TC23SIB09_05deg.parquet,TC23SIB09_05deg.parquet,TC23SIB09,SIB,sodium-ion,5.0,,5.0,discharge,40,0.014489531575846,0.5940754613307795,0.4626579669089808,3.21454887086546,5.8025780662983415
raw_CU_diffT/TC23SIB09/TC23SIB09_05deg.parquet,TC23SIB09_05deg.parquet,TC23SIB09,SIB,sodium-ion,5.0,,5.0,discharge,41,0.0144899629569503,0.6085654242877298,0.47394255487568754,3.19489677366109,5.800377872928177
raw_CU_diffT/TC23SIB09/TC23SIB09_05deg.parquet,TC23SIB09_05deg.parquet,TC23SIB09,SIB,sodium-ion,5.0,,5.0,discharge,42,0.0144890895576192,0.6230545138453489,0.48522646265076014,3.17524467645673,5.788019309392266
raw_CU_diffT/TC23SIB09/TC23SIB09_05deg.parquet,TC23SIB09_05deg.parquet,TC23SIB09,SIB,sodium-ion,5.0,,5.0,discharge,43,0.0144897181468091,0.637544231992158,0.4965108599626266,3.15559257925236,5.804477845303867
raw_CU_diffT/TC23SIB09/TC23SIB09_05deg.parquet,TC23SIB09_05deg.parquet,TC23SIB09,SIB,sodium-ion,5.0,,5.0,discharge,44,0.0144890061193728,0.6520332381115308,0.5077947027571168,3.13613127910823,5.811233480662983
raw_CU_diffT/TC23SIB09/TC23SIB09_05deg.parquet,TC23SIB09_05deg.parquet,TC23SIB09,SIB,sodium-ion,5.0,,5.0,discharge,45,0.0144894058398364,0.6665226439513672,0.5190788568485198,3.11647918190387,5.8021516574585625
raw_CU_diffT/TC23SIB09/TC23SIB09_05deg.parquet,TC23SIB09_05deg.parquet,TC23SIB09,SIB,sodium-ion,5.0,,5.0,discharge,46,0.0144895459875825,0.6810121899389496,0.5303631200850996,3.09720867881998,5.808538674033149
raw_CU_diffT/TC23SIB09/TC23SIB09_05deg.parquet,TC23SIB09_05deg.parquet,TC23SIB09,SIB,sodium-ion,5.0,,5.0,discharge,47,0.0144896941054804,0.69550188404443,0.541647498673903,3.07812897279632,5.798041850828731
raw_CU_diffT/TC23SIB09/TC23SIB09_05deg.parquet,TC23SIB09_05deg.parquet,TC23SIB09,SIB,sodium-ion,5.0,,5.0,discharge,48,0.0144897062287029,0.709991590273133,0.552931886704109,3.05904926677267,5.812115690607735
raw_CU_diffT/TC23SIB09/TC23SIB09_05deg.parquet,TC23SIB09_05deg.parquet,TC23SIB09,SIB,sodium-ion,5.0,,5.0,discharge,49,0.0144900678475385,0.7244816581206714,0.5642165563581929,3.04016035780925,5.818357237569061
raw_CU_diffT/TC23SIB09/TC23SIB09_05deg.parquet,TC23SIB09_05deg.parquet,TC23SIB09,SIB,sodium-ion,5.0,,5.0,discharge,50,0.0144896433699682,0.7389713014906396,0.5755008954348628,3.0216530429663,6.27376182320442
raw_CU_diffT/TC23SIB09/TC23SIB09_05deg.parquet,TC23SIB09_05deg.parquet,TC23SIB09,SIB,sodium-ion,5.0,,5.0,discharge,51,0.0144893780558684,0.753460679546508,0.5867850278884857,3.00352732224383,6.217485607734806
raw_CU_diffT/TC23SIB09/TC23SIB09_05deg.parquet,TC23SIB09_05deg.parquet,TC23SIB09,SIB,sodium-ion,5.0,,5.0,discharge,52,0.0144891081769196,0.7679497877234276,0.5980689501640187,2.98502000740088,5.792313453038674
raw_CU_diffT/TC23SIB09/TC23SIB09_05deg.parquet,TC23SIB09_05deg.parquet,TC23SIB09,SIB,sodium-ion,5.0,,5.0,discharge,53,0.0144899362576644,0.782439723981092,0.6093535173376813,2.9663218954977,5.588359171270719
raw_CU_diffT/TC23SIB09/TC23SIB09_05deg.parquet,TC23SIB09_05deg.parquet,TC23SIB09,SIB,sodium-ion,5.0,,5.0,discharge,54,0.0144910154677665,0.7969307394488585,0.6206389249856341,2.94781458065475,5.615896049723757
raw_CU_diffT/TC23SIB09/TC23SIB09_05deg.parquet,TC23SIB09_05deg.parquet,TC23SIB09,SIB,sodium-ion,5.0,,5.0,discharge,55,0.014489391539362,0.8114201309882205,0.6319230679400202,2.92968885993228,5.666860138121547
raw_CU_diffT/TC23SIB09/TC23SIB09_05deg.parquet,TC23SIB09_05deg.parquet,TC23SIB09,SIB,sodium-ion,5.0,,5.0,discharge,56,0.0144888914659395,0.82590902245416,0.643206821443961,2.91137234214957,5.73792767955801
raw_CU_diffT/TC23SIB09/TC23SIB09_05deg.parquet,TC23SIB09_05deg.parquet,TC23SIB09,SIB,sodium-ion,5.0,,5.0,discharge,57,0.0144909424877677,0.8403999649419277,0.6544921722560738,2.8932466214271,5.752786767955802
raw_CU_diffT/TC23SIB09/TC23SIB09_05deg.parquet,TC23SIB09_05deg.parquet,TC23SIB09,SIB,sodium-ion,5.0,,5.0,discharge,58,0.014490728682887,0.8548906936248147,0.6657773565598255,2.87512090070463,5.777521988950276
raw_CU_diffT/TC23SIB09/TC23SIB09_05deg.parquet,TC23SIB09_05deg.parquet,TC23SIB09,SIB,sodium-ion,5.0,,5.0,discharge,59,0.0144904121314537,0.8693811057562685,0.677062294337585,2.85699517998216,5.792555580110498
raw_CU_diffT/TC23SIB09/TC23SIB09_05deg.parquet,TC23SIB09_05deg.parquet,TC23SIB09,SIB,sodium-ion,5.0,,5.0,discharge,60,0.014489776463728,0.8838708822199964,0.6883467370658823,2.83906025631992,5.812203038674033
raw_CU_diffT/TC23SIB09/TC23SIB09_05deg.parquet,TC23SIB09_05deg.parquet,TC23SIB09,SIB,sodium-ion,5.0,,5.0,discharge,61,0.0144901249011843,0.8983610071211807,0.6996314511525771,2.82112533265768,5.8260830110497235
raw_CU_diffT/TC23SIB09/TC23SIB09_05deg.parquet,TC23SIB09_05deg.parquet,TC23SIB09,SIB,sodium-ion,5.0,,5.0,discharge,62,0.0144900991483947,0.9128511062695754,0.7109161451833461,2.80357200311592,5.826616408839779
raw_CU_diffT/TC23SIB09/TC23SIB09_05deg.parquet,TC23SIB09_05deg.parquet,TC23SIB09,SIB,sodium-ion,5.0,,5.0,discharge,63,0.0144896267242201,0.9273407329937955,0.7222004712965318,2.78659106475487,5.838160359116023
raw_CU_diffT/TC23SIB09/TC23SIB09_05deg.parquet,TC23SIB09_05deg.parquet,TC23SIB09,SIB,sodium-ion,5.0,,5.0,discharge,64,0.0144897293986052,0.9418304623924006,0.7334848773711454,2.77228128523713,5.854318093922651
raw_CU_diffT/TC23SIB09/TC23SIB09_05deg.parquet,TC23SIB09_05deg.parquet,TC23SIB09,SIB,sodium-ion,5.0,,5.0,discharge,65,0.014489922887805,0.9563203852802057,0.7447694341325415,2.76235983810482,5.866492265193369
raw_CU_diffT/TC23SIB09/TC23SIB09_05deg.parquet,TC23SIB09_05deg.parquet,TC23SIB09,SIB,sodium-ion,5.0,,5.0,discharge,66,0.0144891265304309,0.9708095118106366,0.7560533707015419,2.7549187527556,5.8694288674033155
raw_CU_diffT/TC23SIB09/TC23SIB09_05deg.parquet,TC23SIB09_05deg.parquet,TC23SIB09,SIB,sodium-ion,5.0,,5.0,discharge,67,0.0144897573208474,0.985299269131484,0.7673377985216217,2.74766846446661,5.880159116022099
raw_CU_diffT/TC23SIB09/TC23SIB09_05deg.parquet,TC23SIB09_05deg.parquet,TC23SIB09,SIB,sodium-ion,5.0,,5.0,discharge,68,0.0144899282769504,0.9997891974084344,0.7786223594800117,2.74003658205715,5.888523314917126
raw_CU_diffT/TC23SIB09/TC23SIB09_05deg.parquet,TC23SIB09_05deg.parquet,TC23SIB09,SIB,sodium-ion,5.0,,5.0,discharge,69,0.0144901486090646,1.014279346017499,0.7899070920300842,2.7314507143465,5.883541464088399
raw_CU_diffT/TC23SIB09/TC23SIB09_05deg.parquet,TC23SIB09_05deg.parquet,TC23SIB09,SIB,sodium-ion,5.0,,5.0,discharge,70,0.0144898072933818,1.028769153310881,0.8011915587681008,2.72172006427444,5.8806821270718235
raw_CU_diffT/TC23SIB09/TC23SIB09_05deg.parquet,TC23SIB09_05deg.parquet,TC23SIB09,SIB,sodium-ion,5.0,,5.0,discharge,71,0.014489370537836,1.0432585238487169,0.8124756853667813,2.71046303772048,5.89174179558011
raw_CU_diffT/TC23SIB09/TC23SIB09_05deg.parquet,TC23SIB09_05deg.parquet,TC23SIB09,SIB,sodium-ion,5.0,,5.0,discharge,72,0.0144896636986784,1.0577481875473953,0.823760040275177,2.6974888376244,5.89800317679558
raw_CU_diffT/TC23SIB09/TC23SIB09_05deg.parquet,TC23SIB09_05deg.parquet,TC23SIB09,SIB,sodium-ion,5.0,,5.0,discharge,73,0.0144894773580065,1.0722376649054017,0.8350442500639674,2.68298826104642,5.891828895027624
raw_CU_diffT/TC23SIB09/TC23SIB09_05deg.parquet,TC23SIB09_05deg.parquet,TC23SIB09,SIB,sodium-ion,5.0,,5.0,discharge,74,0.0144885666143383,1.0867262315197401,0.8463277505778571,2.6661981197456,5.890617513812154
raw_CU_diffT/TC23SIB09/TC23SIB09_05deg.parquet,TC23SIB09_05deg.parquet,TC23SIB09,SIB,sodium-ion,5.0,,5.0,discharge,75,0.014488770324303,1.1012150018440432,0.8576114097383234,2.64692761666171,5.894387762430939
raw_CU_diffT/TC23SIB09/TC23SIB09_05deg.parquet,TC23SIB09_05deg.parquet,TC23SIB09,SIB,sodium-ion,5.0,,5.0,discharge,76,0.0144895619877341,1.1157045638317773,0.8688956854356057,2.62536754885498,5.88134140883978
raw_CU_diffT/TC23SIB09/TC23SIB09_05deg.parquet,TC23SIB09_05deg.parquet,TC23SIB09,SIB,sodium-ion,5.0,,5.0,discharge,77,0.0144895491826908,1.1301941130144681,0.8801799511604929,2.60170871338565,5.878811464088398
raw_CU_diffT/TC23SIB09/TC23SIB09_05deg.parquet,TC23SIB09_05deg.parquet,TC23SIB09,SIB,sodium-ion,5.0,,5.0,discharge,78,0.0144893020307798,1.1446834150452478,0.8914640244068008,2.575378719073,5.8816128176795575
raw_CU_diffT/TC23SIB09/TC23SIB09_05deg.parquet,TC23SIB09_05deg.parquet,TC23SIB09,SIB,sodium-ion,5.0,,5.0,discharge,79,0.0144891534636101,1.1591725685088579,0.9027479819509983,2.54656836297728,5.893369696132598
raw_CU_diffT/TC23SIB09/TC23SIB09_05deg.parquet,TC23SIB09_05deg.parquet,TC23SIB09,SIB,sodium-ion,5.0,,5.0,discharge,80,0.0144896841628703,1.1736622526717282,0.914032352796631,2.51565923921896,5.886391160220994
raw_CU_diffT/TC23SIB09/TC23SIB09_05deg.parquet,TC23SIB09_05deg.parquet,TC23SIB09,SIB,sodium-ion,5.0,,5.0,discharge,81,0.0144894011295666,1.1881516538012948,0.9253165032197392,2.48207895661733,5.885334972375691
raw_CU_diffT/TC23SIB09/TC23SIB09_05deg.parquet,TC23SIB09_05deg.parquet,TC23SIB09,SIB,sodium-ion,5.0,,5.0,discharge,82,0.0144894551305426,1.2026411089318374,0.9366006956980802,2.44639990635309,5.900707375690608
raw_CU_diffT/TC23SIB09/TC23SIB09_05deg.parquet,TC23SIB09_05deg.parquet,TC23SIB09,SIB,sodium-ion,5.0,,5.0,discharge,83,0.014489425218701,1.2171305341505383,0.9478848648814818,2.40843129136602,5.909808784530386
raw_CU_diffT/TC23SIB09/TC23SIB09_05deg.parquet,TC23SIB09_05deg.parquet,TC23SIB09,SIB,sodium-ion,5.0,,5.0,discharge,84,0.0144894995164246,1.231620033666963,0.9591690919269499,2.3681731116561,5.920587292817679
raw_CU_diffT/TC23SIB09/TC23SIB09_05deg.parquet,TC23SIB09_05deg.parquet,TC23SIB09,SIB,sodium-ion,5.0,,5.0,discharge,85,0.0144894939843418,1.2461095276513048,0.9704533146641063,2.32581616428359,5.944586546961327
raw_CU_diffT/TC23SIB09/TC23SIB09_05deg.parquet,TC23SIB09_05deg.parquet,TC23SIB09,SIB,sodium-ion,5.0,,5.0,discharge,86,0.0144895754915067,1.2605991031428114,0.9817376008779448,2.28174204336895,5.9812251657458555
raw_CU_diffT/TC23SIB09/TC23SIB09_05deg.parquet,TC23SIB09_05deg.parquet,TC23SIB09,SIB,sodium-ion,5.0,,5.0,discharge,87,0.0062362410052318,1.2668353441480433,0.9865943013687745,2.26590588736931,5.79277861878453
raw_CU_diffT/TC23SIB09/TC23SIB09_05deg.parquet,TC23SIB09_05deg.parquet,TC23SIB09,SIB,sodium-ion,5.0,,5.0,discharge,88,0.0028371231376853,1.2696724672857287,0.9888038146515005,2.26094516380316,5.6449258839779
raw_CU_diffT/TC23SIB09/TC23SIB09_05deg.parquet,TC23SIB09_05deg.parquet,TC23SIB09,SIB,sodium-ion,5.0,,5.0,discharge,89,0.0019204575224464,1.271592924808175,0.9902994411008402,2.25789241083938,5.566394751381216
raw_CU_diffT/TC23SIB09/TC23SIB09_05deg.parquet,TC23SIB09_05deg.parquet,TC23SIB09,SIB,sodium-ion,5.0,,5.0,discharge,90,0.0015099716820292,1.2731028964902042,0.9914753867070312,2.25579364317677,5.525947403314918
raw_CU_diffT/TC23SIB09/TC23SIB09_05deg.parquet,TC23SIB09_05deg.parquet,TC23SIB09,SIB,sodium-ion,5.0,,5.0,discharge,91,0.0012782822981677,1.2743811787883719,0.9924708957419965,2.25407646963465,5.513172071823204
raw_CU_diffT/TC23SIB09/TC23SIB09_05deg.parquet,TC23SIB09_05deg.parquet,TC23SIB09,SIB,sodium-ion,5.0,,5.0,discharge,92,0.0011272114209642,1.275508390209336,0.993348752812766,2.25216849903228,5.506252044198895
raw_CU_diffT/TC23SIB09/TC23SIB09_05deg.parquet,TC23SIB09_05deg.parquet,TC23SIB09,SIB,sodium-ion,5.0,,5.0,discharge,93,0.0010058346143094,1.2765142248236454,0.9941320832614948,2.25064212255039,5.493553895027625
raw_CU_diffT/TC23SIB09/TC23SIB09_05deg.parquet,TC23SIB09_05deg.parquet,TC23SIB09,SIB,sodium-ion,5.0,,5.0,discharge,94,0.0009176841129952,1.2774319089366406,0.9948467632872141,2.2491157460685,5.474651491712708
raw_CU_diffT/TC23SIB09/TC23SIB09_05deg.parquet,TC23SIB09_05deg.parquet,TC23SIB09,SIB,sodium-ion,5.0,,5.0,discharge,95,0.0008443569928635,1.2782762659295042,0.9955043371395131,2.24797096370708,5.468826436464088
raw_CU_diffT/TC23SIB09/TC23SIB09_05deg.parquet,TC23SIB09_05deg.parquet,TC23SIB09,SIB,sodium-ion,5.0,,5.0,discharge,96,0.000783245962967,1.2790595118924712,0.9961143185449128,2.24644458722518,5.470281850828729
raw_CU_diffT/TC23SIB09/TC23SIB09_05deg.parquet,TC23SIB09_05deg.parquet,TC23SIB09,SIB,sodium-ion,5.0,,5.0,discharge,97,0.0007369264701824,1.2797964383626537,0.9966882269532694,2.24529980486376,5.47849135359116
raw_CU_diffT/TC23SIB09/TC23SIB09_05deg.parquet,TC23SIB09_05deg.parquet,TC23SIB09,SIB,sodium-ion,5.0,,5.0,discharge,98,0.000699753276942,1.2804961916395956,0.9972331853794643,2.24415502250234,5.468992983425414
raw_CU_diffT/TC23SIB09/TC23SIB09_05deg.parquet,TC23SIB09_05deg.parquet,TC23SIB09,SIB,sodium-ion,5.0,,5.0,discharge,99,0.0006602579194219,1.2811564495590175,0.997747385353237,2.24301024014093,5.463856270718232
raw_CU_diffT/TC23SIB09/TC23SIB09_05deg.parquet,TC23SIB09_05deg.parquet,TC23SIB09,SIB,sodium-ion,5.0,,5.0,discharge,100,0.0006269196856313,1.2817833692446488,0.9982356219596096,2.24186545777951,5.461375552486188
raw_CU_diffT/TC23SIB09/TC23SIB09_05deg.parquet,TC23SIB09_05deg.parquet,TC23SIB09,SIB,sodium-ion,5.0,,5.0,discharge,101,0.0005995701091755,1.2823829393538242,0.9987025590842454,2.24072067541809,5.458534917127071
raw_CU_diffT/TC23SIB09/TC23SIB09_05deg.parquet,TC23SIB09_05deg.parquet,TC23SIB09,SIB,sodium-ion,5.0,,5.0,discharge,102,0.0005762084137728,1.282959147767597,0.9991513024351908,2.23957589305667,5.468391160220994
raw_CU_diffT/TC23SIB09/TC23SIB09_05deg.parquet,TC23SIB09_05deg.parquet,TC23SIB09,SIB,sodium-ion,5.0,,5.0,discharge,103,0.0005556933972723,1.2835148411648694,0.9995840689676291,2.23862190775548,5.4598513535911595
raw_CU_diffT/TC23SIB09/TC23SIB09_05deg.parquet,TC23SIB09_05deg.parquet,TC23SIB09,SIB,sodium-ion,5.0,,5.0,discharge,104,0.0005340757916443,1.2840489169565137,0.9999999999999998,2.2376679224543,5.456034143646409
raw_CU_diffT/TC23SIB09/TC23SIB09_05deg.parquet,TC23SIB09_05deg.parquet,TC23SIB09,SIB,sodium-ion,5.0,,5.0,charge,0,0.0144893065681284,0.0144893065681284,0.009523597617683144,2.30788124062135,5.621537403314916
raw_CU_diffT/TC23SIB09/TC23SIB09_05deg.parquet,TC23SIB09_05deg.parquet,TC23SIB09,SIB,sodium-ion,5.0,,5.0,charge,1,0.0144887429286334,0.0289780494967618,0.019046824763823942,2.3597780410057,5.7095573480662996
raw_CU_diffT/TC23SIB09/TC23SIB09_05deg.parquet,TC23SIB09_05deg.parquet,TC23SIB09,SIB,sodium-ion,5.0,,5.0,charge,2,0.0144888763717029,0.0434669258684647,0.028570139620035115,2.40709571194436,5.7337882872928185
raw_CU_diffT/TC23SIB09/TC23SIB09_05deg.parquet,TC23SIB09_05deg.parquet,TC23SIB09,SIB,sodium-ion,5.0,,5.0,charge,3,0.0144896912788706,0.0579566171473353,0.038093990102152496,2.45097903579877,5.747882044198895
raw_CU_diffT/TC23SIB09/TC23SIB09_05deg.parquet,TC23SIB09_05deg.parquet,TC23SIB09,SIB,sodium-ion,5.0,,5.0,charge,4,0.0144889757896248,0.0724455929369601,0.047617370304229585,2.49257279493034,5.751982403314917
raw_CU_diffT/TC23SIB09/TC23SIB09_05deg.parquet,TC23SIB09_05deg.parquet,TC23SIB09,SIB,sodium-ion,5.0,,5.0,charge,5,0.0144892050817462,0.0869347980187063,0.05714090121647978,2.53264017758001,5.730871077348066
raw_CU_diffT/TC23SIB09/TC23SIB09_05deg.parquet,TC23SIB09_05deg.parquet,TC23SIB09,SIB,sodium-ion,5.0,,5.0,charge,6,0.0144891865204527,0.10142398453915899,0.06666441992867818,2.57060879256709,5.719822513812154
raw_CU_diffT/TC23SIB09/TC23SIB09_05deg.parquet,TC23SIB09_05deg.parquet,TC23SIB09,SIB,sodium-ion,5.0,,5.0,charge,7,0.0144898406615692,0.1159138252007282,0.07618836859773818,2.60762342225298,5.705583397790055
raw_CU_diffT/TC23SIB09/TC23SIB09_05deg.parquet,TC23SIB09_05deg.parquet,TC23SIB09,SIB,sodium-ion,5.0,,5.0,charge,8,0.0144888113541512,0.1304026365548794,0.08571164071891593,2.64234848721603,5.713017237569062
raw_CU_diffT/TC23SIB09/TC23SIB09_05deg.parquet,TC23SIB09_05deg.parquet,TC23SIB09,SIB,sodium-ion,5.0,,5.0,charge,9,0.0144892021563543,0.1448918387112337,0.09523516970835118,2.67325761097435,5.759765745856353
raw_CU_diffT/TC23SIB09/TC23SIB09_05deg.parquet,TC23SIB09_05deg.parquet,TC23SIB09,SIB,sodium-ion,5.0,,5.0,charge,10,0.0144901507553333,0.159381989466567,0.10475932219725716,2.69977840234723,5.835581988950277
raw_CU_diffT/TC23SIB09/TC23SIB09_05deg.parquet,TC23SIB09_05deg.parquet,TC23SIB09,SIB,sodium-ion,5.0,,5.0,charge,11,0.0144892786326655,0.1738712680992325,0.11428290145339162,2.72229245545515,5.911854116022099
raw_CU_diffT/TC23SIB09/TC23SIB09_05deg.parquet,TC23SIB09_05deg.parquet,TC23SIB09,SIB,sodium-ion,5.0,,5.0,charge,12,0.0144894577209514,0.1883607258201839,0.12380659842149282,2.74194455265951,5.951661850828729
raw_CU_diffT/TC23SIB09/TC23SIB09_05deg.parquet,TC23SIB09_05deg.parquet,TC23SIB09,SIB,sodium-ion,5.0,,5.0,charge,13,0.0144886855800936,0.2028494114002775,0.1333297878733234,2.75892549102057,6.020257679558011
raw_CU_diffT/TC23SIB09/TC23SIB09_05deg.parquet,TC23SIB09_05deg.parquet,TC23SIB09,SIB,sodium-ion,5.0,,5.0,charge,14,0.0144892848638253,0.21733869626410282,0.14285337122510303,2.77418925583949,6.053571906077349
raw_CU_diffT/TC23SIB09/TC23SIB09_05deg.parquet,TC23SIB09_05deg.parquet,TC23SIB09,SIB,sodium-ion,5.0,,5.0,charge,15,0.0144896095704479,0.23182830583455072,0.15237716800153506,2.78811744123676,6.063409944751381
raw_CU_diffT/TC23SIB09/TC23SIB09_05deg.parquet,TC23SIB09_05deg.parquet,TC23SIB09,SIB,sodium-ion,5.0,,5.0,charge,16,0.0144891138050358,0.24631741963958653,0.16190063891901202,2.80051925015214,6.105039917127073
raw_CU_diffT/TC23SIB09/TC23SIB09_05deg.parquet,TC23SIB09_05deg.parquet,TC23SIB09,SIB,sodium-ion,5.0,,5.0,charge,17,0.0144895308597053,0.2608069504992918,0.17142438396008752,2.81177627670609,6.107976933701659
raw_CU_diffT/TC23SIB09/TC23SIB09_05deg.parquet,TC23SIB09_05deg.parquet,TC23SIB09,SIB,sodium-ion,5.0,,5.0,charge,18,0.0144887821928832,0.275295732692175,0.1809476369140138,2.8222701150191,6.133788646408839
raw_CU_diffT/TC23SIB09/TC23SIB09_05deg.parquet,TC23SIB09_05deg.parquet,TC23SIB09,SIB,sodium-ion,5.0,,5.0,charge,19,0.014489966606865,0.28978569929904,0.19047166836497326,2.83180996803093,6.144499337016574
raw_CU_diffT/TC23SIB09/TC23SIB09_05deg.parquet,TC23SIB09_05deg.parquet,TC23SIB09,SIB,sodium-ion,5.0,,5.0,charge,20,0.0144889427978907,0.3042746420969307,0.1999950268820926,2.84096822692228,6.162052513812156
raw_CU_diffT/TC23SIB09/TC23SIB09_05deg.parquet,TC23SIB09_05deg.parquet,TC23SIB09,SIB,sodium-ion,5.0,,5.0,charge,21,0.0144893024867221,0.3187639445836528,0.20951862181713038,2.84974489169317,6.180808232044199
raw_CU_diffT/TC23SIB09/TC23SIB09_05deg.parquet,TC23SIB09_05deg.parquet,TC23SIB09,SIB,sodium-ion,5.0,,5.0,charge,22,0.0144887460025491,0.33325269058620194,0.21904185098370854,2.85813996234357,6.180914861878453
raw_CU_diffT/TC23SIB09/TC23SIB09_05deg.parquet,TC23SIB09_05deg.parquet,TC23SIB09,SIB,sodium-ion,5.0,,5.0,charge,23,0.0144887288886924,0.34774141947489434,0.2285650689016128,2.86653503299398,6.193631906077347
raw_CU_diffT/TC23SIB09/TC23SIB09_05deg.parquet,TC23SIB09_05deg.parquet,TC23SIB09,SIB,sodium-ion,5.0,,5.0,charge,24,0.0144883230202767,0.36222974249517104,0.23808802004847046,2.87454850952392,6.206493895027624
raw_CU_diffT/TC23SIB09/TC23SIB09_05deg.parquet,TC23SIB09_05deg.parquet,TC23SIB09,SIB,sodium-ion,5.0,,5.0,charge,25,0.0144892362552084,0.37671897875037946,0.24761157145055634,2.88179879781291,6.20219044198895
raw_CU_diffT/TC23SIB09/TC23SIB09_05deg.parquet,TC23SIB09_05deg.parquet,TC23SIB09,SIB,sodium-ion,5.0,,5.0,charge,26,0.0144893519416326,0.39120833069201205,0.2571351988915436,2.88866749198142,6.216225193370165
raw_CU_diffT/TC23SIB09/TC23SIB09_05deg.parquet,TC23SIB09_05deg.parquet,TC23SIB09,SIB,sodium-ion,5.0,,5.0,charge,27,0.0144893048847916,0.40569763557680366,0.26665879540279547,2.89477299790899,6.224706464088398
raw_CU_diffT/TC23SIB09/TC23SIB09_05deg.parquet,TC23SIB09_05deg.parquet,TC23SIB09,SIB,sodium-ion,5.0,,5.0,charge,28,0.0144887398762143,0.42018637545301796,0.2761820205426283,2.90049690971609,6.222545055248619
raw_CU_diffT/TC23SIB09/TC23SIB09_05deg.parquet,TC23SIB09_05deg.parquet,TC23SIB09,SIB,sodium-ion,5.0,,5.0,charge,29,0.0144896731563412,0.43467604860935916,0.28570585911308677,2.90583922740271,6.2354266022099445
raw_CU_diffT/TC23SIB09/TC23SIB09_05deg.parquet,TC23SIB09_05deg.parquet,TC23SIB09,SIB,sodium-ion,5.0,,5.0,charge,30,0.0144892890280482,0.44916533763740735,0.29522944520194583,2.91118154508934,6.235940220994476
raw_CU_diffT/TC23SIB09/TC23SIB09_05deg.parquet,TC23SIB09_05deg.parquet,TC23SIB09,SIB,sodium-ion,5.0,,5.0,charge,31,0.0144892934718016,0.46365463110920896,0.3047530342116155,2.91652386277596,6.241746464088398
raw_CU_diffT/TC23SIB09/TC23SIB09_05deg.parquet,TC23SIB09_05deg.parquet,TC23SIB09,SIB,sodium-ion,5.0,,5.0,charge,32,0.0144888292350641,0.4781434603442731,0.3142763180856414,2.92224777458306,6.255132403314917
raw_CU_diffT/TC23SIB09/TC23SIB09_05deg.parquet,TC23SIB09_05deg.parquet,TC23SIB09,SIB,sodium-ion,5.0,,5.0,charge,33,0.0144896691531779,0.492633129497451,0.3238001540248824,2.9287348746311,6.254773563535912
raw_CU_diffT/TC23SIB09/TC23SIB09_05deg.parquet,TC23SIB09_05deg.parquet,TC23SIB09,SIB,sodium-ion,5.0,,5.0,charge,34,0.0144888991845301,0.5071220286819811,0.33332348387561284,2.93541277173938,6.278559585635358
raw_CU_diffT/TC23SIB09/TC23SIB09_05deg.parquet,TC23SIB09_05deg.parquet,TC23SIB09,SIB,sodium-ion,5.0,,5.0,charge,35,0.0144893080354188,0.5216113367173999,0.34284708245772333,2.94323545120908,6.266104281767955
raw_CU_diffT/TC23SIB09/TC23SIB09_05deg.parquet,TC23SIB09_05deg.parquet,TC23SIB09,SIB,sodium-ion,5.0,,5.0,charge,36,0.0144895752888551,0.536100912006255,0.3523708567013934,2.95163052185949,6.277144502762432
raw_CU_diffT/TC23SIB09/TC23SIB09_05deg.parquet,TC23SIB09_05deg.parquet,TC23SIB09,SIB,sodium-ion,5.0,,5.0,charge,37,0.0144883145026496,0.5505892265089046,0.36189380224974627,2.96078878075084,6.273209005524863
raw_CU_diffT/TC23SIB09/TC23SIB09_05deg.parquet,TC23SIB09_05deg.parquet,TC23SIB09,SIB,sodium-ion,5.0,,5.0,charge,38,0.0144894972125197,0.5650787237214243,0.3714175251750459,2.97071022788314,6.2959581215469616
raw_CU_diffT/TC23SIB09/TC23SIB09_05deg.parquet,TC23SIB09_05deg.parquet,TC23SIB09,SIB,sodium-ion,5.0,,5.0,charge,39,0.0144893408553559,0.5795680645767802,0.3809411453291946,2.98082247207568,6.2886302486187855
raw_CU_diffT/TC23SIB09/TC23SIB09_05deg.parquet,TC23SIB09_05deg.parquet,TC23SIB09,SIB,sodium-ion,5.0,,5.0,charge,40,0.0144890717502897,0.5940571363270699,0.3904645886047359,2.99112551332845,6.311340386740331
raw_CU_diffT/TC23SIB09/TC23SIB09_05deg.parquet,TC23SIB09_05deg.parquet,TC23SIB09,SIB,sodium-ion,5.0,,5.0,charge,41,0.0144892764154615,0.6085464127425314,0.39998816640353635,3.00200094576194,6.299844917127071
raw_CU_diffT/TC23SIB09/TC23SIB09_05deg.parquet,TC23SIB09_05deg.parquet,TC23SIB09,SIB,sodium-ion,5.0,,5.0,charge,42,0.0144888021990462,0.6230352149415777,0.4095114325072049,3.01268558113518,6.312503701657458
raw_CU_diffT/TC23SIB09/TC23SIB09_05deg.parquet,TC23SIB09_05deg.parquet,TC23SIB09,SIB,sodium-ion,5.0,,5.0,charge,43,0.0144892374215983,0.637524452363176,0.41903498467594086,3.0237518106289,6.323631104972375
raw_CU_diffT/TC23SIB09/TC23SIB09_05deg.parquet,TC23SIB09_05deg.parquet,TC23SIB09,SIB,sodium-ion,5.0,,5.0,charge,44,0.0144888192737127,0.6520132716368887,0.42855826200252417,3.03481804012262,6.323475801104973
raw_CU_diffT/TC23SIB09/TC23SIB09_05deg.parquet,TC23SIB09_05deg.parquet,TC23SIB09,SIB,sodium-ion,5.0,,5.0,charge,45,0.0144890763935608,0.6665023480304495,0.438081708330016,3.04607506667658,6.3274786187845296
raw_CU_diffT/TC23SIB09/TC23SIB09_05deg.parquet,TC23SIB09_05deg.parquet,TC23SIB09,SIB,sodium-ion,5.0,,5.0,charge,46,0.0144891857227111,0.6809915337531606,0.4476052265178711,3.0571412961703,6.4378887016574575
raw_CU_diffT/TC23SIB09/TC23SIB09_05deg.parquet,TC23SIB09_05deg.parquet,TC23SIB09,SIB,sodium-ion,5.0,,5.0,charge,47,0.0144895952168705,0.6954811289700311,0.4571290138599182,3.06801672860378,6.903150414364641
raw_CU_diffT/TC23SIB09/TC23SIB09_05deg.parquet,TC23SIB09_05deg.parquet,TC23SIB09,SIB,sodium-ion,5.0,,5.0,charge,48,0.0144892040044136,0.7099703329744447,0.46665254406405426,3.07965534927821,6.710303093922652
raw_CU_diffT/TC23SIB09/TC23SIB09_05deg.parquet,TC23SIB09_05deg.parquet,TC23SIB09,SIB,sodium-ion,5.0,,5.0,charge,49,0.0144892793443112,0.7244596123187559,0.4761761237879425,3.09148476701288,6.305728397790055
raw_CU_diffT/TC23SIB09/TC23SIB09_05deg.parquet,TC23SIB09_05deg.parquet,TC23SIB09,SIB,sodium-ion,5.0,,5.0,charge,50,0.0144897552309793,0.7389493675497352,0.48570001630479404,3.10331418474755,6.124580883977901
raw_CU_diffT/TC23SIB09/TC23SIB09_05deg.parquet,TC23SIB09_05deg.parquet,TC23SIB09,SIB,sodium-ion,5.0,,5.0,charge,51,0.0144888894954671,0.7534382570452023,0.4952233397870529,3.11495280542198,6.1712220718232045
raw_CU_diffT/TC23SIB09/TC23SIB09_05deg.parquet,TC23SIB09_05deg.parquet,TC23SIB09,SIB,sodium-ion,5.0,,5.0,charge,52,0.0144890278608512,0.7679272849060534,0.5047467542147436,3.12659142609641,6.243694972375692
raw_CU_diffT/TC23SIB09/TC23SIB09_05deg.parquet,TC23SIB09_05deg.parquet,TC23SIB09,SIB,sodium-ion,5.0,,5.0,charge,53,0.014489228715601,0.7824165136216544,0.5142703006611619,3.13823004677084,6.279538397790056
raw_CU_diffT/TC23SIB09/TC23SIB09_05deg.parquet,TC23SIB09_05deg.parquet,TC23SIB09,SIB,sodium-ion,5.0,,5.0,charge,54,0.0144887254282451,0.7969052390498995,0.5237935163045674,3.14986866744527,6.3186099447513815
raw_CU_diffT/TC23SIB09/TC23SIB09_05deg.parquet,TC23SIB09_05deg.parquet,TC23SIB09,SIB,sodium-ion,5.0,,5.0,charge,55,0.0144905175708412,0.8113957566207407,0.5333179098956463,3.1615072881197,6.386391132596685
raw_CU_diffT/TC23SIB09/TC23SIB09_05deg.parquet,TC23SIB09_05deg.parquet,TC23SIB09,SIB,sodium-ion,5.0,,5.0,charge,56,0.0144899598002074,0.8258857164209481,0.5428419368726947,3.17333670585436,6.377735359116023
raw_CU_diffT/TC23SIB09/TC23SIB09_05deg.parquet,TC23SIB09_05deg.parquet,TC23SIB09,SIB,sodium-ion,5.0,,5.0,charge,57,0.0144893497806353,0.8403750662015834,0.5523655628932918,3.18516612358903,6.3808762430939225
raw_CU_diffT/TC23SIB09/TC23SIB09_05deg.parquet,TC23SIB09_05deg.parquet,TC23SIB09,SIB,sodium-ion,5.0,,5.0,charge,58,0.0144891291234801,0.8548641953250635,0.5618890438793458,3.19699554132369,6.403033729281767
raw_CU_diffT/TC23SIB09/TC23SIB09_05deg.parquet,TC23SIB09_05deg.parquet,TC23SIB09,SIB,sodium-ion,5.0,,5.0,charge,59,0.0144892812665817,0.8693534765916452,0.5714126248667127,3.20882495905836,6.423291491712708
raw_CU_diffT/TC23SIB09/TC23SIB09_05deg.parquet,TC23SIB09_05deg.parquet,TC23SIB09,SIB,sodium-ion,5.0,,5.0,charge,60,0.0144885916620185,0.8838420682536637,0.5809357525876419,3.22065437679303,6.428021574585634
raw_CU_diffT/TC23SIB09/TC23SIB09_05deg.parquet,TC23SIB09_05deg.parquet,TC23SIB09,SIB,sodium-ion,5.0,,5.0,charge,61,0.0144900632694824,0.8983321315231462,0.590459847573448,3.23248379452769,6.437084337016576
raw_CU_diffT/TC23SIB09/TC23SIB09_05deg.parquet,TC23SIB09_05deg.parquet,TC23SIB09,SIB,sodium-ion,5.0,,5.0,charge,62,0.0144894558529206,0.9128215873760668,0.5999835433137215,3.24431321226236,6.450159779005525
raw_CU_diffT/TC23SIB09/TC23SIB09_05deg.parquet,TC23SIB09_05deg.parquet,TC23SIB09,SIB,sodium-ion,5.0,,5.0,charge,63,0.0144889905134388,0.9273105778895055,0.6095069331935342,3.25614262999703,6.463041215469614
raw_CU_diffT/TC23SIB09/TC23SIB09_05deg.parquet,TC23SIB09_05deg.parquet,TC23SIB09,SIB,sodium-ion,5.0,,5.0,charge,64,0.0144932301372942,0.9418038080267997,0.6190331097126841,3.26816284479193,6.479703370165747
raw_CU_diffT/TC23SIB09/TC23SIB09_05deg.parquet,TC23SIB09_05deg.parquet,TC23SIB09,SIB,sodium-ion,5.0,,5.0,charge,65,0.0144946100041623,0.956298418030962,0.6285601931970332,3.27980146546636,6.5087137845303875
raw_CU_diffT/TC23SIB09/TC23SIB09_05deg.parquet,TC23SIB09_05deg.parquet,TC23SIB09,SIB,sodium-ion,5.0,,5.0,charge,66,0.0144945292494171,0.9707929472803791,0.6380872236025343,3.29163088320102,6.491702845303868
raw_CU_diffT/TC23SIB09/TC23SIB09_05deg.parquet,TC23SIB09_05deg.parquet,TC23SIB09,SIB,sodium-ion,5.0,,5.0,charge,67,0.0144888138356489,0.985281761116028,0.6476104973547623,3.30326950387545,6.490850000000001
raw_CU_diffT/TC23SIB09/TC23SIB09_05deg.parquet,TC23SIB09_05deg.parquet,TC23SIB09,SIB,sodium-ion,5.0,,5.0,charge,68,0.0144893756148643,0.9997711367308924,0.6571341403557994,3.31490812454988,6.495047016574585
raw_CU_diffT/TC23SIB09/TC23SIB09_05deg.parquet,TC23SIB09_05deg.parquet,TC23SIB09,SIB,sodium-ion,5.0,,5.0,charge,69,0.0144892334590072,1.0142603701898996,0.6666576899199854,3.32635594816408,6.505592513812154
raw_CU_diffT/TC23SIB09/TC23SIB09_05deg.parquet,TC23SIB09_05deg.parquet,TC23SIB09,SIB,sodium-ion,5.0,,5.0,charge,70,0.0144886805252878,1.0287490507151873,0.67618087604937,3.33799456883851,6.534224889502763
raw_CU_diffT/TC23SIB09/TC23SIB09_05deg.parquet,TC23SIB09_05deg.parquet,TC23SIB09,SIB,sodium-ion,5.0,,5.0,charge,71,0.0144890564629466,1.0432381071781338,0.6857043092767766,3.34963318951294,6.528593397790055
raw_CU_diffT/TC23SIB09/TC23SIB09_05deg.parquet,TC23SIB09_05deg.parquet,TC23SIB09,SIB,sodium-ion,5.0,,5.0,charge,72,0.01448931184893,1.0577274190270638,0.6952279103654492,3.36089021606689,6.519230193370166
raw_CU_diffT/TC23SIB09/TC23SIB09_05deg.parquet,TC23SIB09_05deg.parquet,TC23SIB09,SIB,sodium-ion,5.0,,5.0,charge,73,0.0144890196407543,1.0722164386678181,0.704751319390197,3.37233803968109,6.533090607734806
raw_CU_diffT/TC23SIB09/TC23SIB09_05deg.parquet,TC23SIB09_05deg.parquet,TC23SIB09,SIB,sodium-ion,5.0,,5.0,charge,74,0.0144887973590499,1.086705236026868,0.7142745823126107,3.38378586329528,6.55031494475138
raw_CU_diffT/TC23SIB09/TC23SIB09_05deg.parquet,TC23SIB09_05deg.parquet,TC23SIB09,SIB,sodium-ion,5.0,,5.0,charge,75,0.0144888959763509,1.101194132003219,0.7237979100546544,3.39504288984924,6.547262099447513
raw_CU_diffT/TC23SIB09/TC23SIB09_05deg.parquet,TC23SIB09_05deg.parquet,TC23SIB09,SIB,sodium-ion,5.0,,5.0,charge,76,0.0144891264775401,1.1156832584807592,0.733321389301573,3.40610911934296,6.54126182320442
raw_CU_diffT/TC23SIB09/TC23SIB09_05deg.parquet,TC23SIB09_05deg.parquet,TC23SIB09,SIB,sodium-ion,5.0,,5.0,charge,77,0.0144893853998708,1.13017264388063,0.742845038734144,3.41736614589691,6.555539309392265
raw_CU_diffT/TC23SIB09/TC23SIB09_05deg.parquet,TC23SIB09_05deg.parquet,TC23SIB09,SIB,sodium-ion,5.0,,5.0,charge,78,0.0144941345124693,1.1446667783930995,0.7523718096851408,3.4282415783304,6.568401491712708
raw_CU_diffT/TC23SIB09/TC23SIB09_05deg.parquet,TC23SIB09_05deg.parquet,TC23SIB09,SIB,sodium-ion,5.0,,5.0,charge,79,0.0144915284911806,1.1591583068842801,0.7618968677385589,3.43911701076388,6.573645220994474
raw_CU_diffT/TC23SIB09/TC23SIB09_05deg.parquet,TC23SIB09_05deg.parquet,TC23SIB09,SIB,sodium-ion,5.0,,5.0,charge,80,0.0144912015246119,1.173649508408892,0.7714217108818969,3.44980164613713,6.562644033149171
raw_CU_diffT/TC23SIB09/TC23SIB09_05deg.parquet,TC23SIB09_05deg.parquet,TC23SIB09,SIB,sodium-ion,5.0,,5.0,charge,81,0.0144912566841351,1.1881407650930271,0.7809465902807383,3.46048628151037,6.568013674033148
raw_CU_diffT/TC23SIB09/TC23SIB09_05deg.parquet,TC23SIB09_05deg.parquet,TC23SIB09,SIB,sodium-ion,5.0,,5.0,charge,82,0.0144917681614062,1.2026325332544334,0.7904718058656973,3.47098011982338,6.594930607734807
raw_CU_diffT/TC23SIB09/TC23SIB09_05deg.parquet,TC23SIB09_05deg.parquet,TC23SIB09,SIB,sodium-ion,5.0,,5.0,charge,83,0.0144901484335159,1.2171226816879492,0.7999959568285085,3.48128316107616,6.595308563535911
raw_CU_diffT/TC23SIB09/TC23SIB09_05deg.parquet,TC23SIB09_05deg.parquet,TC23SIB09,SIB,sodium-ion,5.0,,5.0,charge,84,0.0144916570535318,1.231614338741481,0.8095210993839762,3.49158620232893,6.580624226519339
raw_CU_diffT/TC23SIB09/TC23SIB09_05deg.parquet,TC23SIB09_05deg.parquet,TC23SIB09,SIB,sodium-ion,5.0,,5.0,charge,85,0.0144895320307397,1.2461038707722207,0.8190448451947545,3.50188924358171,6.585412458563535
raw_CU_diffT/TC23SIB09/TC23SIB09_05deg.parquet,TC23SIB09_05deg.parquet,TC23SIB09,SIB,sodium-ion,5.0,,5.0,charge,86,0.0144905590617989,1.2605944298340197,0.8285692660571996,3.51238308189472,6.579557872928177
raw_CU_diffT/TC23SIB09/TC23SIB09_05deg.parquet,TC23SIB09_05deg.parquet,TC23SIB09,SIB,sodium-ion,5.0,,5.0,charge,87,0.0144895249013587,1.2750839547353785,0.8380930071819459,3.52268612314749,6.586847044198894
raw_CU_diffT/TC23SIB09/TC23SIB09_05deg.parquet,TC23SIB09_05deg.parquet,TC23SIB09,SIB,sodium-ion,5.0,,5.0,charge,88,0.0144893599554,1.2895733146907784,0.8476166398902588,3.5331799614605,6.589289475138122
raw_CU_diffT/TC23SIB09/TC23SIB09_05deg.parquet,TC23SIB09_05deg.parquet,TC23SIB09,SIB,sodium-ion,5.0,,5.0,charge,89,0.0144890639374338,1.3040623786282122,0.8571400780305305,3.54348300271328,6.585509171270718
raw_CU_diffT/TC23SIB09/TC23SIB09_05deg.parquet,TC23SIB09_05deg.parquet,TC23SIB09,SIB,sodium-ion,5.0,,5.0,charge,90,0.0144921194416535,1.3185544980698656,0.8666655245065752,3.55435843514676,6.578714668508288
raw_CU_diffT/TC23SIB09/TC23SIB09_05deg.parquet,TC23SIB09_05deg.parquet,TC23SIB09,SIB,sodium-ion,5.0,,5.0,charge,91,0.014492070343444,1.3330465684133095,0.8761909387111244,3.56523386758024,6.5730541988950275
raw_CU_diffT/TC23SIB09/TC23SIB09_05deg.parquet,TC23SIB09_05deg.parquet,TC23SIB09,SIB,sodium-ion,5.0,,5.0,charge,92,0.0144909854597661,1.3475375538730756,0.8857156398383735,3.5764908941342,6.560424364640885
raw_CU_diffT/TC23SIB09/TC23SIB09_05deg.parquet,TC23SIB09_05deg.parquet,TC23SIB09,SIB,sodium-ion,5.0,,5.0,charge,93,0.0144908628690892,1.3620284167421648,0.8952402603886623,3.58812951480863,6.541242651933701
raw_CU_diffT/TC23SIB09/TC23SIB09_05deg.parquet,TC23SIB09_05deg.parquet,TC23SIB09,SIB,sodium-ion,5.0,,5.0,charge,94,0.0144889595954637,1.3765173763376284,0.9047636299465671,3.60014972960353,6.532296132596685
raw_CU_diffT/TC23SIB09/TC23SIB09_05deg.parquet,TC23SIB09_05deg.parquet,TC23SIB09,SIB,sodium-ion,5.0,,5.0,charge,95,0.0144905272271856,1.391007903564814,0.9142880298846121,3.61255153851891,6.50325632596685
raw_CU_diffT/TC23SIB09/TC23SIB09_05deg.parquet,TC23SIB09_05deg.parquet,TC23SIB09,SIB,sodium-ion,5.0,,5.0,charge,96,0.0144890855220472,1.4054969890868612,0.9238114822121172,3.62514414449452,6.467945828729281
raw_CU_diffT/TC23SIB09/TC23SIB09_05deg.parquet,TC23SIB09_05deg.parquet,TC23SIB09,SIB,sodium-ion,5.0,,5.0,charge,97,0.0144890301475201,1.4199860192343812,0.9333348981427999,3.63773675047013,6.4579141160221
raw_CU_diffT/TC23SIB09/TC23SIB09_05deg.parquet,TC23SIB09_05deg.parquet,TC23SIB09,SIB,sodium-ion,5.0,,5.0,charge,98,0.0144889674080114,1.4344749866423925,0.9428582728357718,3.64975696526504,6.473654861878453
raw_CU_diffT/TC23SIB09/TC23SIB09_05deg.parquet,TC23SIB09_05deg.parquet,TC23SIB09,SIB,sodium-ion,5.0,,5.0,charge,99,0.0144891809772458,1.4489641676196383,0.9523817879045059,3.66139558593947,6.488436546961327
raw_CU_diffT/TC23SIB09/TC23SIB09_05deg.parquet,TC23SIB09_05deg.parquet,TC23SIB09,SIB,sodium-ion,5.0,,5.0,charge,100,0.0144891390139916,1.46345330663363,0.9619052753914406,3.67208022131271,6.535969696132597
raw_CU_diffT/TC23SIB09/TC23SIB09_05deg.parquet,TC23SIB09_05deg.parquet,TC23SIB09,SIB,sodium-ion,5.0,,5.0,charge,101,0.0144896472830826,1.4779429539167126,0.9714290969558054,3.68200166844501,6.869525773480663
raw_CU_diffT/TC23SIB09/TC23SIB09_05deg.parquet,TC23SIB09_05deg.parquet,TC23SIB09,SIB,sodium-ion,5.0,,5.0,charge,102,0.0144890468408063,1.492432000757519,0.9809525238587277,3.6913507243966,7.146534640883978
raw_CU_diffT/TC23SIB09/TC23SIB09_05deg.parquet,TC23SIB09_05deg.parquet,TC23SIB09,SIB,sodium-ion,5.0,,5.0,charge,103,0.0144889522261918,1.5069209529837106,0.9904758885729239,3.70127217152891,6.835116712707182
raw_CU_diffT/TC23SIB09/TC23SIB09_05deg.parquet,TC23SIB09_05deg.parquet,TC23SIB09,SIB,sodium-ion,5.0,,5.0,charge,104,0.0144900882834121,1.5214110412671227,1.0,3.71157521278168,6.529669392265193
raw_CU_diffT/TC23SIB09/TC23SIB09_15deg.parquet,TC23SIB09_15deg.parquet,TC23SIB09,SIB,sodium-ion,15.0,,15.0,discharge,0,0.0155749940675214,0.0155749940675214,0.011122310855590145,3.98651377658255,15.861504723756905
raw_CU_diffT/TC23SIB09/TC23SIB09_15deg.parquet,TC23SIB09_15deg.parquet,TC23SIB09,SIB,sodium-ion,15.0,,15.0,discharge,1,0.015574628884334,0.031149622951855402,0.022244360928998813,3.96209175287227,15.665860110497235
raw_CU_diffT/TC23SIB09/TC23SIB09_15deg.parquet,TC23SIB09_15deg.parquet,TC23SIB09,SIB,sodium-ion,15.0,,15.0,discharge,2,0.0155746808182686,0.046724303770124,0.033366448089122376,3.94015009094507,15.625904972375691
raw_CU_diffT/TC23SIB09/TC23SIB09_15deg.parquet,TC23SIB09_15deg.parquet,TC23SIB09,SIB,sodium-ion,15.0,,15.0,discharge,3,0.015573616182208,0.062297919952332,0.04448777497844502,3.92049799374071,15.614703839779006
raw_CU_diffT/TC23SIB09/TC23SIB09_15deg.parquet,TC23SIB09_15deg.parquet,TC23SIB09,SIB,sodium-ion,15.0,,15.0,discharge,4,0.0155718124430376,0.0778697323953696,0.055607813793584863,3.902181475958,15.612049613259668
raw_CU_diffT/TC23SIB09/TC23SIB09_15deg.parquet,TC23SIB09_15deg.parquet,TC23SIB09,SIB,sodium-ion,15.0,,15.0,discharge,5,0.0155720830784505,0.09344181547382009,0.06672804587308023,3.88405575523552,15.626250027624312
raw_CU_diffT/TC23SIB09/TC23SIB09_15deg.parquet,TC23SIB09_15deg.parquet,TC23SIB09,SIB,sodium-ion,15.0,,15.0,discharge,6,0.0155726815837261,0.10901449705754619,0.07784870535317012,3.86478525215163,15.638692154696132
raw_CU_diffT/TC23SIB09/TC23SIB09_15deg.parquet,TC23SIB09_15deg.parquet,TC23SIB09,SIB,sodium-ion,15.0,,15.0,discharge,7,0.0155727655616474,0.12458726261919359,0.0889694248030129,3.84456076376656,15.646568397790054
raw_CU_diffT/TC23SIB09/TC23SIB09_15deg.parquet,TC23SIB09_15deg.parquet,TC23SIB09,SIB,sodium-ion,15.0,,15.0,discharge,8,0.0155717890194376,0.14015905163863118,0.10008944689104779,3.82357308714054,15.663464696132598
raw_CU_diffT/TC23SIB09/TC23SIB09_15deg.parquet,TC23SIB09_15deg.parquet,TC23SIB09,SIB,sodium-ion,15.0,,15.0,discharge,9,0.0155730965091302,0.15573214814776137,0.11121040267489908,3.80163142521333,15.655115994475139
raw_CU_diffT/TC23SIB09/TC23SIB09_15deg.parquet,TC23SIB09_15deg.parquet,TC23SIB09,SIB,sodium-ion,15.0,,15.0,discharge,10,0.0155722899598083,0.17130443810756968,0.12233078249112948,3.77873577798495,15.663378508287295
raw_CU_diffT/TC23SIB09/TC23SIB09_15deg.parquet,TC23SIB09_15deg.parquet,TC23SIB09,SIB,sodium-ion,15.0,,15.0,discharge,11,0.0155729605020736,0.18687739860964328,0.1334516411505289,3.75526773957585,15.662326933701657
raw_CU_diffT/TC23SIB09/TC23SIB09_15deg.parquet,TC23SIB09_15deg.parquet,TC23SIB09,SIB,sodium-ion,15.0,,15.0,discharge,12,0.015572451300101,0.2024498499097443,0.14457213618201276,3.73179970116675,15.653356602209945
raw_CU_diffT/TC23SIB09/TC23SIB09_15deg.parquet,TC23SIB09_15deg.parquet,TC23SIB09,SIB,sodium-ion,15.0,,15.0,discharge,13,0.0155745721062309,0.2180244220159752,0.15569414570942122,3.70852245981789,15.659070055248618
raw_CU_diffT/TC23SIB09/TC23SIB09_15deg.parquet,TC23SIB09_15deg.parquet,TC23SIB09,SIB,sodium-ion,15.0,,15.0,discharge,14,0.0155733406079087,0.23359776262388388,0.16681527580746372,3.68581760964974,15.648128038674033
raw_CU_diffT/TC23SIB09/TC23SIB09_15deg.parquet,TC23SIB09_15deg.parquet,TC23SIB09,SIB,sodium-ion,15.0,,15.0,discharge,15,0.0155740093209681,0.249171771944852,0.17793688344241493,3.66349435360207,15.65942359116022
raw_CU_diffT/TC23SIB09/TC23SIB09_15deg.parquet,TC23SIB09_15deg.parquet,TC23SIB09,SIB,sodium-ion,15.0,,15.0,discharge,16,0.0155722928150532,0.2647440647599052,0.1890572652976138,3.64193428579534,15.659509640883979
raw_CU_diffT/TC23SIB09/TC23SIB09_15deg.parquet,TC23SIB09_15deg.parquet,TC23SIB09,SIB,sodium-ion,15.0,,15.0,discharge,17,0.0155731999216575,0.2803172646815627,0.2001782949297292,3.62094660916932,15.67182220994475
raw_CU_diffT/TC23SIB09/TC23SIB09_15deg.parquet,TC23SIB09_15deg.parquet,TC23SIB09,SIB,sodium-ion,15.0,,15.0,discharge,18,0.015573537024658,0.29589080170622073,0.21129956529159033,3.60072212078424,15.658578812154696
raw_CU_diffT/TC23SIB09/TC23SIB09_15deg.parquet,TC23SIB09_15deg.parquet,TC23SIB09,SIB,sodium-ion,15.0,,15.0,discharge,19,0.0155732231105006,0.3114640248167213,0.22242061148316764,3.5806884294594,15.682075690607734
raw_CU_diffT/TC23SIB09/TC23SIB09_15deg.parquet,TC23SIB09_15deg.parquet,TC23SIB09,SIB,sodium-ion,15.0,,15.0,discharge,20,0.0155745731693754,0.3270385979860967,0.23354262176978174,3.56122712931528,15.669461712707184
raw_CU_diffT/TC23SIB09/TC23SIB09_15deg.parquet,TC23SIB09_15deg.parquet,TC23SIB09,SIB,sodium-ion,15.0,,15.0,discharge,21,0.0155722606363997,0.3426108586224964,0.24466298064577524,3.54195662623138,15.670633370165747
raw_CU_diffT/TC23SIB09/TC23SIB09_15deg.parquet,TC23SIB09_15deg.parquet,TC23SIB09,SIB,sodium-ion,15.0,,15.0,discharge,22,0.0155732421056712,0.3581841007281676,0.25578404040205704,3.52287692020773,15.68159320441989
raw_CU_diffT/TC23SIB09/TC23SIB09_15deg.parquet,TC23SIB09_15deg.parquet,TC23SIB09,SIB,sodium-ion,15.0,,15.0,discharge,23,0.0155737824185809,0.3737578831467485,0.2669054860029893,3.50398801124431,15.682231077348066
raw_CU_diffT/TC23SIB09/TC23SIB09_15deg.parquet,TC23SIB09_15deg.parquet,TC23SIB09,SIB,sodium-ion,15.0,,15.0,discharge,24,0.0155730295987396,0.3893309127454881,0.2780263940052388,3.48548069640136,15.692079668508287
raw_CU_diffT/TC23SIB09/TC23SIB09_15deg.parquet,TC23SIB09_15deg.parquet,TC23SIB09,SIB,sodium-ion,15.0,,15.0,discharge,25,0.0155717406854422,0.4049026534309303,0.28914638157732336,3.46678258449818,15.694905994475139
raw_CU_diffT/TC23SIB09/TC23SIB09_15deg.parquet,TC23SIB09_15deg.parquet,TC23SIB09,SIB,sodium-ion,15.0,,15.0,discharge,26,0.0155732076977886,0.4204758611287189,0.30026741676247765,3.448084472595,15.690244502762432
raw_CU_diffT/TC23SIB09/TC23SIB09_15deg.parquet,TC23SIB09_15deg.parquet,TC23SIB09,SIB,sodium-ion,15.0,,15.0,discharge,27,0.0155733589915063,0.4360492201202252,0.3113885599884922,3.42938636069182,15.691235303867403
raw_CU_diffT/TC23SIB09/TC23SIB09_15deg.parquet,TC23SIB09_15deg.parquet,TC23SIB09,SIB,sodium-ion,15.0,,15.0,discharge,28,0.0155731745668044,0.4516223946870296,0.32250957151436904,3.41030665466816,15.696353784530388
raw_CU_diffT/TC23SIB09/TC23SIB09_15deg.parquet,TC23SIB09_15deg.parquet,TC23SIB09,SIB,sodium-ion,15.0,,15.0,discharge,29,0.0155726210509222,0.4671950157379518,0.33363018776717684,3.39103615158427,15.701712817679558
raw_CU_diffT/TC23SIB09/TC23SIB09_15deg.parquet,TC23SIB09_15deg.parquet,TC23SIB09,SIB,sodium-ion,15.0,,15.0,discharge,30,0.0155728031226196,0.4827678188605714,0.34475093403981055,3.37176564850038,15.693277430939228
raw_CU_diffT/TC23SIB09/TC23SIB09_15deg.parquet,TC23SIB09_15deg.parquet,TC23SIB09,SIB,sodium-ion,15.0,,15.0,discharge,31,0.0155731300607602,0.49834094892133163,0.35587191378332805,3.35192275423578,15.713031551246537
raw_CU_diffT/TC23SIB09/TC23SIB09_15deg.parquet,TC23SIB09_15deg.parquet,TC23SIB09,SIB,sodium-ion,15.0,,15.0,discharge,32,0.0155718482400745,0.5139127971614061,0.36699197816160906,3.33227065703141,15.70425464088398
raw_CU_diffT/TC23SIB09/TC23SIB09_15deg.parquet,TC23SIB09_15deg.parquet,TC23SIB09,SIB,sodium-ion,15.0,,15.0,discharge,33,0.0155729804100205,0.5294857775714267,0.3781128510375387,3.31261855982705,15.708296077348066
raw_CU_diffT/TC23SIB09/TC23SIB09_15deg.parquet,TC23SIB09_15deg.parquet,TC23SIB09,SIB,sodium-ion,15.0,,15.0,discharge,34,0.0155730586857201,0.5450588362571468,0.38923377981118873,3.29277566556244,15.704513425414364
raw_CU_diffT/TC23SIB09/TC23SIB09_15deg.parquet,TC23SIB09_15deg.parquet,TC23SIB09,SIB,sodium-ion,15.0,,15.0,discharge,35,0.0155742679860625,0.5606331042432093,0.40035557216233153,3.27274197423761,15.704168812154695
raw_CU_diffT/TC23SIB09/TC23SIB09_15deg.parquet,TC23SIB09_15deg.parquet,TC23SIB09,SIB,sodium-ion,15.0,,15.0,discharge,36,0.0155742227024538,0.5762073269456631,0.4114773321758457,3.25270828291277,15.696086215469615
raw_CU_diffT/TC23SIB09/TC23SIB09_15deg.parquet,TC23SIB09_15deg.parquet,TC23SIB09,SIB,sodium-ion,15.0,,15.0,discharge,37,0.0155741334151374,0.5917814603608005,0.42259902842809716,3.23248379452769,15.707658508287293
raw_CU_diffT/TC23SIB09/TC23SIB09_15deg.parquet,TC23SIB09_15deg.parquet,TC23SIB09,SIB,sodium-ion,15.0,,15.0,discharge,38,0.0155735390241655,0.607354999384966,0.43372030021783325,3.21264090026309,15.708271104972377
raw_CU_diffT/TC23SIB09/TC23SIB09_15deg.parquet,TC23SIB09_15deg.parquet,TC23SIB09,SIB,sodium-ion,15.0,,15.0,discharge,39,0.015571002763575,0.622926002148541,0.44483976083007704,3.19241641187802,15.720695000000001
raw_CU_diffT/TC23SIB09/TC23SIB09_15deg.parquet,TC23SIB09_15deg.parquet,TC23SIB09,SIB,sodium-ion,15.0,,15.0,discharge,40,0.0155744043987461,0.6385004065472871,0.45596165059533533,3.17219192349294,15.705684751381215
raw_CU_diffT/TC23SIB09/TC23SIB09_15deg.parquet,TC23SIB09_15deg.parquet,TC23SIB09,SIB,sodium-ion,15.0,,15.0,discharge,41,0.0155744384560053,0.6540748450032924,0.4670835646813363,3.15234902922834,15.712957762430941
raw_CU_diffT/TC23SIB09/TC23SIB09_15deg.parquet,TC23SIB09_15deg.parquet,TC23SIB09,SIB,sodium-ion,15.0,,15.0,discharge,42,0.0155732640028762,0.6696481090061686,0.47820464007470403,3.1323153379035,15.713628922651933
raw_CU_diffT/TC23SIB09/TC23SIB09_15deg.parquet,TC23SIB09_15deg.parquet,TC23SIB09,SIB,sodium-ion,15.0,,15.0,discharge,43,0.0155712773578903,0.6852193863640589,0.48932429677840833,3.1124724436389,15.711922734806631
raw_CU_diffT/TC23SIB09/TC23SIB09_15deg.parquet,TC23SIB09_15deg.parquet,TC23SIB09,SIB,sodium-ion,15.0,,15.0,discharge,44,0.0155756775302056,0.7007950638942645,0.5004470957038109,3.09301114349477,15.715835193370166
raw_CU_diffT/TC23SIB09/TC23SIB09_15deg.parquet,TC23SIB09_15deg.parquet,TC23SIB09,SIB,sodium-ion,15.0,,15.0,discharge,45,0.0155717049346461,0.7163667688289106,0.5115670577457754,3.07354984335064,15.715706408839779
raw_CU_diffT/TC23SIB09/TC23SIB09_15deg.parquet,TC23SIB09_15deg.parquet,TC23SIB09,SIB,sodium-ion,15.0,,15.0,discharge,46,0.0155755210646749,0.7319422898935855,0.5226897449370569,3.05466093438723,15.720419530386742
raw_CU_diffT/TC23SIB09/TC23SIB09_15deg.parquet,TC23SIB09_15deg.parquet,TC23SIB09,SIB,sodium-ion,15.0,,15.0,discharge,47,0.015577125672914,0.7475194155664995,0.5338135780004691,3.03558122836357,15.720953397790053
raw_CU_diffT/TC23SIB09/TC23SIB09_15deg.parquet,TC23SIB09_15deg.parquet,TC23SIB09,SIB,sodium-ion,15.0,,15.0,discharge,48,0.0155707169503847,0.7630901325168842,0.5449328345097042,3.01707391352062,15.71471502762431
raw_CU_diffT/TC23SIB09/TC23SIB09_15deg.parquet,TC23SIB09_15deg.parquet,TC23SIB09,SIB,sodium-ion,15.0,,15.0,discharge,49,0.0155744850213218,0.7786646175382059,0.5560547818486183,2.99856659867768,15.728820082872929
raw_CU_diffT/TC23SIB09/TC23SIB09_15deg.parquet,TC23SIB09_15deg.parquet,TC23SIB09,SIB,sodium-ion,15.0,,15.0,discharge,50,0.0155742807055953,0.7942388982438012,0.567176583282949,2.98025008089497,15.723934944751381
raw_CU_diffT/TC23SIB09/TC23SIB09_15deg.parquet,TC23SIB09_15deg.parquet,TC23SIB09,SIB,sodium-ion,15.0,,15.0,discharge,51,0.0155748465404062,0.8098137447842074,0.5782987887874599,2.96193356311226,15.731913480662984
raw_CU_diffT/TC23SIB09/TC23SIB09_15deg.parquet,TC23SIB09_15deg.parquet,TC23SIB09,SIB,sodium-ion,15.0,,15.0,discharge,52,0.0155732386687139,0.8253869834529213,0.5894198460893646,2.94399863945002,15.72974138121547
raw_CU_diffT/TC23SIB09/TC23SIB09_15deg.parquet,TC23SIB09_15deg.parquet,TC23SIB09,SIB,sodium-ion,15.0,,15.0,discharge,53,0.0155729749980513,0.8409599584509726,0.600540715100535,2.92625451284802,15.730224696132595
raw_CU_diffT/TC23SIB09/TC23SIB09_15deg.parquet,TC23SIB09_15deg.parquet,TC23SIB09,SIB,sodium-ion,15.0,,15.0,discharge,54,0.015573541905479,0.8565335003564516,0.6116619889478554,2.90831958918579,15.729225165745857
raw_CU_diffT/TC23SIB09/TC23SIB09_15deg.parquet,TC23SIB09_15deg.parquet,TC23SIB09,SIB,sodium-ion,15.0,,15.0,discharge,55,0.0155710952837167,0.8721045956401683,0.6227815156299655,2.89057546258379,15.745708756906078
raw_CU_diffT/TC23SIB09/TC23SIB09_15deg.parquet,TC23SIB09_15deg.parquet,TC23SIB09,SIB,sodium-ion,15.0,,15.0,discharge,56,0.015578018032796,0.8876826136729643,0.6339059859394633,2.87321293010226,15.742331049723758
raw_CU_diffT/TC23SIB09/TC23SIB09_15deg.parquet,TC23SIB09_15deg.parquet,TC23SIB09,SIB,sodium-ion,15.0,,15.0,discharge,57,0.0155714045534418,0.903254018226406,0.6450257334752062,2.85585039762074,15.734532955801104
raw_CU_diffT/TC23SIB09/TC23SIB09_15deg.parquet,TC23SIB09_15deg.parquet,TC23SIB09,SIB,sodium-ion,15.0,,15.0,discharge,58,0.0155746410065122,0.9188286592329182,0.6561477922052238,2.83886945925968,15.74491591160221
raw_CU_diffT/TC23SIB09/TC23SIB09_15deg.parquet,TC23SIB09_15deg.parquet,TC23SIB09,SIB,sodium-ion,15.0,,15.0,discharge,59,0.015574560102998,0.9344032193359162,0.6672697931609637,2.82246091207934,15.736420331491713
raw_CU_diffT/TC23SIB09/TC23SIB09_15deg.parquet,TC23SIB09_15deg.parquet,TC23SIB09,SIB,sodium-ion,15.0,,15.0,discharge,60,0.0155752419014705,0.9499784612373867,0.6783922809980801,2.80738794432065,15.755281574585636
raw_CU_diffT/TC23SIB09/TC23SIB09_15deg.parquet,TC23SIB09_15deg.parquet,TC23SIB09,SIB,sodium-ion,15.0,,15.0,discharge,61,0.0155749618353392,0.965553423072726,0.6895145688362394,2.79689410600764,15.758159088397793
raw_CU_diffT/TC23SIB09/TC23SIB09_15deg.parquet,TC23SIB09_15deg.parquet,TC23SIB09,SIB,sodium-ion,15.0,,15.0,discharge,62,0.0155713921758476,0.9811248152485735,0.7006343075329773,2.79117019420054,15.775762348066298
raw_CU_diffT/TC23SIB09/TC23SIB09_15deg.parquet,TC23SIB09_15deg.parquet,TC23SIB09,SIB,sodium-ion,15.0,,15.0,discharge,63,0.0155709286812477,0.9966957439298212,0.7117537152420437,2.78659106475487,15.79069549723757
raw_CU_diffT/TC23SIB09/TC23SIB09_15deg.parquet,TC23SIB09_15deg.parquet,TC23SIB09,SIB,sodium-ion,15.0,,15.0,discharge,64,0.0155770373151265,1.0122727812449477,0.7228774852079821,2.78201193530919,15.780121906077348
raw_CU_diffT/TC23SIB09/TC23SIB09_15deg.parquet,TC23SIB09_15deg.parquet,TC23SIB09,SIB,sodium-ion,15.0,,15.0,discharge,65,0.015572971863636,1.0278457531085836,0.7339983519808246,2.7768604146828,15.79233179558011
raw_CU_diffT/TC23SIB09/TC23SIB09_15deg.parquet,TC23SIB09_15deg.parquet,TC23SIB09,SIB,sodium-ion,15.0,,15.0,discharge,66,0.015573780953314,1.0434195340618977,0.7451197965353903,2.77075490875523,15.78582682320442
raw_CU_diffT/TC23SIB09/TC23SIB09_15deg.parquet,TC23SIB09_15deg.parquet,TC23SIB09,SIB,sodium-ion,15.0,,15.0,discharge,67,0.0155728638241379,1.0589923978860356,0.7562405861557873,2.76388621458672,15.789695773480664
raw_CU_diffT/TC23SIB09/TC23SIB09_15deg.parquet,TC23SIB09_15deg.parquet,TC23SIB09,SIB,sodium-ion,15.0,,15.0,discharge,68,0.0155725831219336,1.0745649810079692,0.7673611753229987,2.75549114393631,15.793589502762432
raw_CU_diffT/TC23SIB09/TC23SIB09_15deg.parquet,TC23SIB09_15deg.parquet,TC23SIB09,SIB,sodium-ion,15.0,,15.0,discharge,69,0.0155727966713561,1.0901377776793253,0.7784819169886992,2.74556969680401,15.785585773480664
raw_CU_diffT/TC23SIB09/TC23SIB09_15deg.parquet,TC23SIB09_15deg.parquet,TC23SIB09,SIB,sodium-ion,15.0,,15.0,discharge,70,0.0155712960592396,1.1057090737385649,0.7896015870472862,2.73335868494887,15.772135
raw_CU_diffT/TC23SIB09/TC23SIB09_15deg.parquet,TC23SIB09_15deg.parquet,TC23SIB09,SIB,sodium-ion,15.0,,15.0,discharge,71,0.0155756282605304,1.1212847019990952,0.800724350788557,2.71923970249136,15.78195770718232
raw_CU_diffT/TC23SIB09/TC23SIB09_15deg.parquet,TC23SIB09_15deg.parquet,TC23SIB09,SIB,sodium-ion,15.0,,15.0,discharge,72,0.015571958791553,1.1368566607906483,0.8118444941131223,2.70302195237126,15.763872099447513
raw_CU_diffT/TC23SIB09/TC23SIB09_15deg.parquet,TC23SIB09_15deg.parquet,TC23SIB09,SIB,sodium-ion,15.0,,15.0,discharge,73,0.015573228533367,1.1524298893240152,0.8229655441772408,2.68470543458855,15.777881988950277
raw_CU_diffT/TC23SIB09/TC23SIB09_15deg.parquet,TC23SIB09_15deg.parquet,TC23SIB09,SIB,sodium-ion,15.0,,15.0,discharge,74,0.0155729597372995,1.1680028490613148,0.8340864022905048,2.66390855502276,15.764595303867402
raw_CU_diffT/TC23SIB09/TC23SIB09_15deg.parquet,TC23SIB09_15deg.parquet,TC23SIB09,SIB,sodium-ion,15.0,,15.0,discharge,75,0.0155755310801461,1.183578380141461,0.8452090966339679,2.6406313136739,15.780001988950279
raw_CU_diffT/TC23SIB09/TC23SIB09_15deg.parquet,TC23SIB09_15deg.parquet,TC23SIB09,SIB,sodium-ion,15.0,,15.0,discharge,76,0.0155739189307834,1.1991522990722443,0.8563306397200834,2.61468291348173,15.776365662983425
raw_CU_diffT/TC23SIB09/TC23SIB09_15deg.parquet,TC23SIB09_15deg.parquet,TC23SIB09,SIB,sodium-ion,15.0,,15.0,discharge,77,0.0155739864232583,1.2147262854955025,0.8674522310034748,2.58606335444625,15.777554861878453
raw_CU_diffT/TC23SIB09/TC23SIB09_15deg.parquet,TC23SIB09_15deg.parquet,TC23SIB09,SIB,sodium-ion,15.0,,15.0,discharge,78,0.0155705490102921,1.2302968345057947,0.8785713675844514,2.55496343362769,15.782121988950276
raw_CU_diffT/TC23SIB09/TC23SIB09_15deg.parquet,TC23SIB09_15deg.parquet,TC23SIB09,SIB,sodium-ion,15.0,,15.0,discharge,79,0.0155702181737258,1.2458670526795206,0.8896902679106264,2.52157394808629,15.770713784530386
raw_CU_diffT/TC23SIB09/TC23SIB09_15deg.parquet,TC23SIB09_15deg.parquet,TC23SIB09,SIB,sodium-ion,15.0,,15.0,discharge,80,0.0155739167197156,1.2614409693992361,0.9008118094177889,2.48570410076182,15.78586917127072
raw_CU_diffT/TC23SIB09/TC23SIB09_15deg.parquet,TC23SIB09_15deg.parquet,TC23SIB09,SIB,sodium-ion,15.0,,15.0,discharge,81,0.0155707095419277,1.2770116789411639,0.9119310606365462,2.44716309459404,15.787636795580111
raw_CU_diffT/TC23SIB09/TC23SIB09_15deg.parquet,TC23SIB09_15deg.parquet,TC23SIB09,SIB,sodium-ion,15.0,,15.0,discharge,82,0.0155731564345741,1.2925848353757379,0.9230520592139556,2.40671411782389,15.789720939226518
raw_CU_diffT/TC23SIB09/TC23SIB09_15deg.parquet,TC23SIB09_15deg.parquet,TC23SIB09,SIB,sodium-ion,15.0,,15.0,discharge,83,0.0155729469348254,1.3081577823105632,0.9341729081848023,2.36378477927066,15.797234392265194
raw_CU_diffT/TC23SIB09/TC23SIB09_15deg.parquet,TC23SIB09_15deg.parquet,TC23SIB09,SIB,sodium-ion,15.0,,15.0,discharge,84,0.0155723199361036,1.3237301022466668,0.9452933094075047,2.3185658759946,15.803981823204419
raw_CU_diffT/TC23SIB09/TC23SIB09_15deg.parquet,TC23SIB09_15deg.parquet,TC23SIB09,SIB,sodium-ion,15.0,,15.0,discharge,85,0.0155730544765002,1.339303156723167,0.9564142351752947,2.2710574079957,15.836939696132596
raw_CU_diffT/TC23SIB09/TC23SIB09_15deg.parquet,TC23SIB09_15deg.parquet,TC23SIB09,SIB,sodium-ion,15.0,,15.0,discharge,86,0.0155756041183074,1.3548787608414745,0.9675369816762822,2.22125937527396,15.857032762430936
raw_CU_diffT/TC23SIB09/TC23SIB09_15deg.parquet,TC23SIB09_15deg.parquet,TC23SIB09,SIB,sodium-ion,15.0,,15.0,discharge,87,0.0155735796449204,1.3704523404863949,0.9786582824738408,2.16898098076914,15.909997928176795
raw_CU_diffT/TC23SIB09/TC23SIB09_15deg.parquet,TC23SIB09_15deg.parquet,TC23SIB09,SIB,sodium-ion,15.0,,15.0,discharge,88,0.0091435653335339,1.3795959058199287,0.985187824348918,2.13997982761319,15.813157900552486
raw_CU_diffT/TC23SIB09/TC23SIB09_15deg.parquet,TC23SIB09_15deg.parquet,TC23SIB09,SIB,sodium-ion,15.0,,15.0,discharge,89,0.0039263322907554,1.3835222381106842,0.987991670570034,2.13005838048089,15.662412817679556
raw_CU_diffT/TC23SIB09/TC23SIB09_15deg.parquet,TC23SIB09_15deg.parquet,TC23SIB09,SIB,sodium-ion,15.0,,15.0,discharge,90,0.0025398529960373,1.3860620911067214,0.9898054134470433,2.12452526573403,15.584563591160222
raw_CU_diffT/TC23SIB09/TC23SIB09_15deg.parquet,TC23SIB09_15deg.parquet,TC23SIB09,SIB,sodium-ion,15.0,,15.0,discharge,91,0.0019377910275934,1.387999882134315,0.9911892158477782,2.12051852746906,15.537768314917127
raw_CU_diffT/TC23SIB09/TC23SIB09_15deg.parquet,TC23SIB09_15deg.parquet,TC23SIB09,SIB,sodium-ion,15.0,,15.0,discharge,92,0.0015931200076398,1.3895930021419547,0.9923268840792018,2.11746577450527,15.511694447513813
raw_CU_diffT/TC23SIB09/TC23SIB09_15deg.parquet,TC23SIB09_15deg.parquet,TC23SIB09,SIB,sodium-ion,15.0,,15.0,discharge,93,0.0013648995506698,1.3909579016926246,0.9933015770404571,2.11479461566196,15.508411602209945
raw_CU_diffT/TC23SIB09/TC23SIB09_15deg.parquet,TC23SIB09_15deg.parquet,TC23SIB09,SIB,sodium-ion,15.0,,15.0,discharge,94,0.0012129814920241,1.3921708831846487,0.994167783291187,2.11231425387889,15.498210138121545
raw_CU_diffT/TC23SIB09/TC23SIB09_15deg.parquet,TC23SIB09_15deg.parquet,TC23SIB09,SIB,sodium-ion,15.0,,15.0,discharge,95,0.0010921245679574,1.393263007752606,0.9949476840015943,2.11040628327652,15.482450497237568
raw_CU_diffT/TC23SIB09/TC23SIB09_15deg.parquet,TC23SIB09_15deg.parquet,TC23SIB09,SIB,sodium-ion,15.0,,15.0,discharge,96,0.0009982909547221,1.3942612987073282,0.995660576878125,2.10830751561392,15.492997016574584
raw_CU_diffT/TC23SIB09/TC23SIB09_15deg.parquet,TC23SIB09_15deg.parquet,TC23SIB09,SIB,sodium-ion,15.0,,15.0,discharge,97,0.0009230564767678,1.395184355184096,0.9963197438111825,2.10678113913203,15.487301574585636
raw_CU_diffT/TC23SIB09/TC23SIB09_15deg.parquet,TC23SIB09_15deg.parquet,TC23SIB09,SIB,sodium-ion,15.0,,15.0,discharge,98,0.0008660176876604,1.3960503728717564,0.9969381785846945,2.10525476265013,15.478228756906077
raw_CU_diffT/TC23SIB09/TC23SIB09_15deg.parquet,TC23SIB09_15deg.parquet,TC23SIB09,SIB,sodium-ion,15.0,,15.0,discharge,99,0.0008101790468123,1.3968605519185686,0.9975167382405291,2.103537589108,15.473946270718232
raw_CU_diffT/TC23SIB09/TC23SIB09_15deg.parquet,TC23SIB09_15deg.parquet,TC23SIB09,SIB,sodium-ion,15.0,,15.0,discharge,100,0.0007615808258901,1.3976221327444587,0.9980605932590598,2.10220200968635,15.483467375690608
raw_CU_diffT/TC23SIB09/TC23SIB09_15deg.parquet,TC23SIB09_15deg.parquet,TC23SIB09,SIB,sodium-ion,15.0,,15.0,discharge,101,0.0007248217291818,1.3983469544736404,0.9985781981166858,2.10086643026469,15.478426325966849
raw_CU_diffT/TC23SIB09/TC23SIB09_15deg.parquet,TC23SIB09_15deg.parquet,TC23SIB09,SIB,sodium-ion,15.0,,15.0,discharge,102,0.0006906992190674,1.3990376536927078,0.9990714356350359,2.09953085084304,15.481899337016577
raw_CU_diffT/TC23SIB09/TC23SIB09_15deg.parquet,TC23SIB09_15deg.parquet,TC23SIB09,SIB,sodium-ion,15.0,,15.0,discharge,103,0.0006616384430772,1.399699292135785,0.9995439204659134,2.09838606848162,15.469792596685085
raw_CU_diffT/TC23SIB09/TC23SIB09_15deg.parquet,TC23SIB09_15deg.parquet,TC23SIB09,SIB,sodium-ion,15.0,,15.0,discharge,104,0.0006386654832743,1.4003379576190593,0.9999999999999999,2.0972412861202,15.472196961325965
raw_CU_diffT/TC23SIB09/TC23SIB09_15deg.parquet,TC23SIB09_15deg.parquet,TC23SIB09,SIB,sodium-ion,15.0,,15.0,charge,0,0.0155719086688878,0.0155719086688878,0.010744214594304208,2.17699445729908,15.620933977900556
raw_CU_diffT/TC23SIB09/TC23SIB09_15deg.parquet,TC23SIB09_15deg.parquet,TC23SIB09,SIB,sodium-ion,15.0,,15.0,charge,1,0.0155737885525273,0.0311456972214151,0.021489726259742378,2.23518756067123,15.670031022099446
raw_CU_diffT/TC23SIB09/TC23SIB09_15deg.parquet,TC23SIB09_15deg.parquet,TC23SIB09,SIB,sodium-ion,15.0,,15.0,charge,2,0.0155731146539502,0.0467188118753653,0.032234772952576284,2.28803834635675,15.665411878453039
raw_CU_diffT/TC23SIB09/TC23SIB09_15deg.parquet,TC23SIB09_15deg.parquet,TC23SIB09,SIB,sodium-ion,15.0,,15.0,charge,3,0.0155736687994026,0.0622924806747679,0.0429802019914529,2.33764558201826,15.655296022099447
raw_CU_diffT/TC23SIB09/TC23SIB09_15deg.parquet,TC23SIB09_15deg.parquet,TC23SIB09,SIB,sodium-ion,15.0,,15.0,charge,4,0.0155766713198895,0.0778691519946574,0.05372770269187859,2.38477245589668,15.647696491712706
raw_CU_diffT/TC23SIB09/TC23SIB09_15deg.parquet,TC23SIB09_15deg.parquet,TC23SIB09,SIB,sodium-ion,15.0,,15.0,charge,5,0.0155736864576422,0.0934428384522996,0.06447314391448423,2.42999135917275,15.63379814917127
raw_CU_diffT/TC23SIB09/TC23SIB09_15deg.parquet,TC23SIB09_15deg.parquet,TC23SIB09,SIB,sodium-ion,15.0,,15.0,charge,6,0.0155762180485554,0.109019056500855,0.07522033186940219,2.47330229184645,15.62911914364641
raw_CU_diffT/TC23SIB09/TC23SIB09_15deg.parquet,TC23SIB09_15deg.parquet,TC23SIB09,SIB,sodium-ion,15.0,,15.0,charge,7,0.0155708197297571,0.1245898762306121,0.08596379512384504,2.51470525391778,15.613541022099447
raw_CU_diffT/TC23SIB09/TC23SIB09_15deg.parquet,TC23SIB09_15deg.parquet,TC23SIB09,SIB,sodium-ion,15.0,,15.0,charge,8,0.0155704603619074,0.1401603365925195,0.09670701042375789,2.55458183950722,15.610784254143647
raw_CU_diffT/TC23SIB09/TC23SIB09_15deg.parquet,TC23SIB09_15deg.parquet,TC23SIB09,SIB,sodium-ion,15.0,,15.0,charge,9,0.0155702271873854,0.1557305637799049,0.1074500648392759,2.59293204861476,15.607785055248621
raw_CU_diffT/TC23SIB09/TC23SIB09_15deg.parquet,TC23SIB09_15deg.parquet,TC23SIB09,SIB,sodium-ion,15.0,,15.0,charge,10,0.0155735979766058,0.1713041617565107,0.11819544501225282,2.62937428711995,15.591026408839777
raw_CU_diffT/TC23SIB09/TC23SIB09_15deg.parquet,TC23SIB09_15deg.parquet,TC23SIB09,SIB,sodium-ion,15.0,,15.0,charge,11,0.0155755650807265,0.1868797268372372,0.12894218243624192,2.66276377266134,15.594455220994476
raw_CU_diffT/TC23SIB09/TC23SIB09_15deg.parquet,TC23SIB09_15deg.parquet,TC23SIB09,SIB,sodium-ion,15.0,,15.0,charge,12,0.0155713241187414,0.2024510509559786,0.13968599370605023,2.69233731699801,15.581857983425415
raw_CU_diffT/TC23SIB09/TC23SIB09_15deg.parquet,TC23SIB09_15deg.parquet,TC23SIB09,SIB,sodium-ion,15.0,,15.0,charge,13,0.0155704438368709,0.2180214947928495,0.15042919760411488,2.71790412306971,15.575749309392263
raw_CU_diffT/TC23SIB09/TC23SIB09_15deg.parquet,TC23SIB09_15deg.parquet,TC23SIB09,SIB,sodium-ion,15.0,,15.0,charge,14,0.0155768736651951,0.2335983684580446,0.16117683791757273,2.74003658205715,15.57853220994475
raw_CU_diffT/TC23SIB09/TC23SIB09_15deg.parquet,TC23SIB09_15deg.parquet,TC23SIB09,SIB,sodium-ion,15.0,,15.0,charge,15,0.0155777173651792,0.24917608582322381,0.17192506036221789,2.75949788220128,15.571544447513809
raw_CU_diffT/TC23SIB09/TC23SIB09_15deg.parquet,TC23SIB09_15deg.parquet,TC23SIB09,SIB,sodium-ion,15.0,,15.0,charge,16,0.0155736647330093,0.2647497505562331,0.18267048659538823,2.7768604146828,15.558964005524862
raw_CU_diffT/TC23SIB09/TC23SIB09_15deg.parquet,TC23SIB09_15deg.parquet,TC23SIB09,SIB,sodium-ion,15.0,,15.0,charge,17,0.0155738486721048,0.28032359922833794,0.19341603974178134,2.79212417950173,15.56698596685083
raw_CU_diffT/TC23SIB09/TC23SIB09_15deg.parquet,TC23SIB09_15deg.parquet,TC23SIB09,SIB,sodium-ion,15.0,,15.0,charge,18,0.0155740282255193,0.2958976274538572,0.20416171677539072,2.80567077077852,15.560627265193371
raw_CU_diffT/TC23SIB09/TC23SIB09_15deg.parquet,TC23SIB09_15deg.parquet,TC23SIB09,SIB,sodium-ion,15.0,,15.0,charge,19,0.0155741696869936,0.3114717971408508,0.2149074914137619,2.8180725796939,15.55716345303867
raw_CU_diffT/TC23SIB09/TC23SIB09_15deg.parquet,TC23SIB09_15deg.parquet,TC23SIB09,SIB,sodium-ion,15.0,,15.0,charge,20,0.0155742333931727,0.32704603053402354,0.22565331000775044,2.82952040330809,15.560420497237569
raw_CU_diffT/TC23SIB09/TC23SIB09_15deg.parquet,TC23SIB09_15deg.parquet,TC23SIB09,SIB,sodium-ion,15.0,,15.0,charge,21,0.015573591365385,0.34261962189940853,0.23639868561915586,2.84039583574158,15.562842127071823
raw_CU_diffT/TC23SIB09/TC23SIB09_15deg.parquet,TC23SIB09_15deg.parquet,TC23SIB09,SIB,sodium-ion,15.0,,15.0,charge,22,0.0155740462304146,0.3581936681298231,0.2471443750756777,2.85069887699435,15.578652458563537
raw_CU_diffT/TC23SIB09/TC23SIB09_15deg.parquet,TC23SIB09_15deg.parquet,TC23SIB09,SIB,sodium-ion,15.0,,15.0,charge,23,0.0155711595389309,0.373764827668754,0.25788807278966963,2.86119271530736,15.584969309392266
raw_CU_diffT/TC23SIB09/TC23SIB09_15deg.parquet,TC23SIB09_15deg.parquet,TC23SIB09,SIB,sodium-ion,15.0,,15.0,charge,24,0.0155708110972942,0.3893356387660482,0.2686315300879361,2.87187735068061,15.586019972375693
raw_CU_diffT/TC23SIB09/TC23SIB09_15deg.parquet,TC23SIB09_15deg.parquet,TC23SIB09,SIB,sodium-ion,15.0,,15.0,charge,25,0.0155747666239948,0.404910405390043,0.27937771659741295,2.88218039193338,15.601254364640882
raw_CU_diffT/TC23SIB09/TC23SIB09_15deg.parquet,TC23SIB09_15deg.parquet,TC23SIB09,SIB,sodium-ion,15.0,,15.0,charge,26,0.0155709058882092,0.4204813112782522,0.29012123929896133,2.89133865082473,15.606992099447513
raw_CU_diffT/TC23SIB09/TC23SIB09_15deg.parquet,TC23SIB09_15deg.parquet,TC23SIB09,SIB,sodium-ion,15.0,,15.0,charge,27,0.015577035911896,0.43605834719014824,0.30086899155845026,2.89973372147514,15.607422375690607
raw_CU_diffT/TC23SIB09/TC23SIB09_15deg.parquet,TC23SIB09_15deg.parquet,TC23SIB09,SIB,sodium-ion,15.0,,15.0,charge,28,0.0155742800006638,0.45163262719081204,0.3116148423104033,2.90717480682437,15.61996002762431
raw_CU_diffT/TC23SIB09/TC23SIB09_15deg.parquet,TC23SIB09_15deg.parquet,TC23SIB09,SIB,sodium-ion,15.0,,15.0,charge,29,0.0155742515525001,0.4672068787433121,0.32236067343385855,2.91480668923383,15.619563756906075
raw_CU_diffT/TC23SIB09/TC23SIB09_15deg.parquet,TC23SIB09_15deg.parquet,TC23SIB09,SIB,sodium-ion,15.0,,15.0,charge,30,0.0155750045957126,0.4827818833390247,0.3331070241376713,2.92320175988424,15.646317458563534
raw_CU_diffT/TC23SIB09/TC23SIB09_15deg.parquet,TC23SIB09_15deg.parquet,TC23SIB09,SIB,sodium-ion,15.0,,15.0,charge,31,0.0155748400545667,0.49835672339359144,0.3438532613123452,2.93274161289607,15.652857486187846
raw_CU_diffT/TC23SIB09/TC23SIB09_15deg.parquet,TC23SIB09_15deg.parquet,TC23SIB09,SIB,sodium-ion,15.0,,15.0,charge,32,0.0155740954435224,0.5139308188371139,0.3545989847246398,2.94457103063073,15.651892651933704
raw_CU_diffT/TC23SIB09/TC23SIB09_15deg.parquet,TC23SIB09_15deg.parquet,TC23SIB09,SIB,sodium-ion,15.0,,15.0,charge,33,0.015574565988574,0.5295053848256879,0.3653450328008608,2.95792682484729,15.66970317679558
raw_CU_diffT/TC23SIB09/TC23SIB09_15deg.parquet,TC23SIB09_15deg.parquet,TC23SIB09,SIB,sodium-ion,15.0,,15.0,charge,34,0.0155761350711697,0.5450815198968576,0.3760921635035268,2.97280899554574,15.673278977900553
raw_CU_diffT/TC23SIB09/TC23SIB09_15deg.parquet,TC23SIB09_15deg.parquet,TC23SIB09,SIB,sodium-ion,15.0,,15.0,charge,35,0.0155762434078433,0.5606577633047009,0.3868393689556981,2.98845435448514,15.664619281767955
raw_CU_diffT/TC23SIB09/TC23SIB09_15deg.parquet,TC23SIB09_15deg.parquet,TC23SIB09,SIB,sodium-ion,15.0,,15.0,charge,36,0.0155754258043194,0.5762331891090202,0.39758601028256524,3.00505369872572,15.688710580110497
raw_CU_diffT/TC23SIB09/TC23SIB09_15deg.parquet,TC23SIB09_15deg.parquet,TC23SIB09,SIB,sodium-ion,15.0,,15.0,charge,37,0.0155748094186332,0.5918079985276534,0.4083322263192367,3.02184384002654,15.696302044198896
raw_CU_diffT/TC23SIB09/TC23SIB09_15deg.parquet,TC23SIB09_15deg.parquet,TC23SIB09,SIB,sodium-ion,15.0,,15.0,charge,38,0.0155757987647998,0.6073837972924532,0.4190791249791978,3.03920637250806,15.697214834254144
raw_CU_diffT/TC23SIB09/TC23SIB09_15deg.parquet,TC23SIB09_15deg.parquet,TC23SIB09,SIB,sodium-ion,15.0,,15.0,charge,39,0.0155761519393806,0.6229599492318337,0.42982626732049345,3.05675970204983,15.704341187845305
raw_CU_diffT/TC23SIB09/TC23SIB09_15deg.parquet,TC23SIB09_15deg.parquet,TC23SIB09,SIB,sodium-ion,15.0,,15.0,charge,40,0.0155751173910897,0.6385350666229235,0.4405726958502017,3.07450382865183,15.718696270718233
raw_CU_diffT/TC23SIB09/TC23SIB09_15deg.parquet,TC23SIB09_15deg.parquet,TC23SIB09,SIB,sodium-ion,15.0,,15.0,charge,41,0.0155752302417944,0.6541102968647179,0.4513192022439801,3.0926295493743,15.720909999999998
raw_CU_diffT/TC23SIB09/TC23SIB09_15deg.parquet,TC23SIB09_15deg.parquet,TC23SIB09,SIB,sodium-ion,15.0,,15.0,charge,42,0.0155755832480221,0.66968588011274,0.4620659522029337,3.11075527009677,15.737531243093922
raw_CU_diffT/TC23SIB09/TC23SIB09_15deg.parquet,TC23SIB09_15deg.parquet,TC23SIB09,SIB,sodium-ion,15.0,,15.0,charge,43,0.0155745803272439,0.6852604604399839,0.47281201017246643,3.12964417906019,15.727329033149173
raw_CU_diffT/TC23SIB09/TC23SIB09_15deg.parquet,TC23SIB09_15deg.parquet,TC23SIB09,SIB,sodium-ion,15.0,,15.0,charge,44,0.0155759067403113,0.7008363671802952,0.48355898333274033,3.14815149390314,15.754152486187843
raw_CU_diffT/TC23SIB09/TC23SIB09_15deg.parquet,TC23SIB09_15deg.parquet,TC23SIB09,SIB,sodium-ion,15.0,,15.0,charge,45,0.0155763199125436,0.7164126870928388,0.4943062415711779,3.16704040286655,15.75208464088398
raw_CU_diffT/TC23SIB09/TC23SIB09_15deg.parquet,TC23SIB09_15deg.parquet,TC23SIB09,SIB,sodium-ion,15.0,,15.0,charge,46,0.0155766223002205,0.7319893093930593,0.5050537084492986,3.18592931182997,15.757186022099448
raw_CU_diffT/TC23SIB09/TC23SIB09_15deg.parquet,TC23SIB09_15deg.parquet,TC23SIB09,SIB,sodium-ion,15.0,,15.0,charge,47,0.0155763878346395,0.7475656972276988,0.5158010135522273,3.20481822079339,15.765949226519338
raw_CU_diffT/TC23SIB09/TC23SIB09_15deg.parquet,TC23SIB09_15deg.parquet,TC23SIB09,SIB,sodium-ion,15.0,,15.0,charge,48,0.015576339464611,0.7631420366923098,0.5265482852810862,3.22389792681705,15.777072955801104
raw_CU_diffT/TC23SIB09/TC23SIB09_15deg.parquet,TC23SIB09_15deg.parquet,TC23SIB09,SIB,sodium-ion,15.0,,15.0,charge,49,0.0155761233089163,0.7787181600012262,0.5372954078681014,3.2429776328407,15.773358618784531
raw_CU_diffT/TC23SIB09/TC23SIB09_15deg.parquet,TC23SIB09_15deg.parquet,TC23SIB09,SIB,sodium-ion,15.0,,15.0,charge,50,0.0155752336994875,0.7942933937007137,0.5480419166475986,3.26205733886436,15.782621132596683
raw_CU_diffT/TC23SIB09/TC23SIB09_15deg.parquet,TC23SIB09_15deg.parquet,TC23SIB09,SIB,sodium-ion,15.0,,15.0,charge,51,0.0155752860467967,0.8098686797475104,0.5587884615453865,3.28094624782778,15.794357320441991
raw_CU_diffT/TC23SIB09/TC23SIB09_15deg.parquet,TC23SIB09_15deg.parquet,TC23SIB09,SIB,sodium-ion,15.0,,15.0,charge,52,0.0155761597682076,0.825444839515718,0.5695356092883705,3.30002595385143,15.80474
raw_CU_diffT/TC23SIB09/TC23SIB09_15deg.parquet,TC23SIB09_15deg.parquet,TC23SIB09,SIB,sodium-ion,15.0,,15.0,charge,53,0.0155757132492601,0.8410205527649781,0.5802824489448191,3.31891486281485,15.815200220994477
raw_CU_diffT/TC23SIB09/TC23SIB09_15deg.parquet,TC23SIB09_15deg.parquet,TC23SIB09,SIB,sodium-ion,15.0,,15.0,charge,54,0.0155751959808669,0.856595748745845,0.5910289316994428,3.3374221776578,15.820904475138121
raw_CU_diffT/TC23SIB09/TC23SIB09_15deg.parquet,TC23SIB09_15deg.parquet,TC23SIB09,SIB,sodium-ion,15.0,,15.0,charge,55,0.0155728955192392,0.8721686442650842,0.6017738271949886,3.35612028956098,15.821222928176795
raw_CU_diffT/TC23SIB09/TC23SIB09_15deg.parquet,TC23SIB09_15deg.parquet,TC23SIB09,SIB,sodium-ion,15.0,,15.0,charge,56,0.0155744373182941,0.8877430815833783,0.6125197864920414,3.37443680734369,15.828478093922651
raw_CU_diffT/TC23SIB09/TC23SIB09_15deg.parquet,TC23SIB09_15deg.parquet,TC23SIB09,SIB,sodium-ion,15.0,,15.0,charge,57,0.0155763681631152,0.9033194497464936,0.6232670780221267,3.3927533251264,15.844220220994474
raw_CU_diffT/TC23SIB09/TC23SIB09_15deg.parquet,TC23SIB09_15deg.parquet,TC23SIB09,SIB,sodium-ion,15.0,,15.0,charge,58,0.0155751643809933,0.9188946141274869,0.6340135389736541,3.41087904584887,15.837301546961324
raw_CU_diffT/TC23SIB09/TC23SIB09_15deg.parquet,TC23SIB09_15deg.parquet,TC23SIB09,SIB,sodium-ion,15.0,,15.0,charge,59,0.0155754751942535,0.9344700893217404,0.6447602143782996,3.42843237539063,15.853999723756905
raw_CU_diffT/TC23SIB09/TC23SIB09_15deg.parquet,TC23SIB09_15deg.parquet,TC23SIB09,SIB,sodium-ion,15.0,,15.0,charge,60,0.0155748710957039,0.9500449604174442,0.6555064729705561,3.4459857049324,15.858868149171272
raw_CU_diffT/TC23SIB09/TC23SIB09_15deg.parquet,TC23SIB09_15deg.parquet,TC23SIB09,SIB,sodium-ion,15.0,,15.0,charge,61,0.0155754467594286,0.9656204071768728,0.666253128755907,3.46296664329345,15.855068756906075
raw_CU_diffT/TC23SIB09/TC23SIB09_15deg.parquet,TC23SIB09_15deg.parquet,TC23SIB09,SIB,sodium-ion,15.0,,15.0,charge,62,0.0155743476892254,0.9811947548660982,0.6769990262112184,3.47975678459427,15.871215580110494
raw_CU_diffT/TC23SIB09/TC23SIB09_15deg.parquet,TC23SIB09_15deg.parquet,TC23SIB09,SIB,sodium-ion,15.0,,15.0,charge,63,0.0155744471006284,0.9967692019667266,0.6877449922578291,3.49654692589508,15.865830386740331
raw_CU_diffT/TC23SIB09/TC23SIB09_15deg.parquet,TC23SIB09_15deg.parquet,TC23SIB09,SIB,sodium-ion,15.0,,15.0,charge,64,0.0155738494547912,1.0123430514215177,0.6984905459442556,3.51295547307543,15.885673674033146
raw_CU_diffT/TC23SIB09/TC23SIB09_15deg.parquet,TC23SIB09_15deg.parquet,TC23SIB09,SIB,sodium-ion,15.0,,15.0,charge,65,0.0155749475581535,1.0279179989796712,0.7092368572936264,3.52936402025577,15.878780552486187
raw_CU_diffT/TC23SIB09/TC23SIB09_15deg.parquet,TC23SIB09_15deg.parquet,TC23SIB09,SIB,sodium-ion,15.0,,15.0,charge,66,0.0155756859643701,1.0434936849440413,0.7199836781242059,3.54596336449635,15.89868502762431
raw_CU_diffT/TC23SIB09/TC23SIB09_15deg.parquet,TC23SIB09_15deg.parquet,TC23SIB09,SIB,sodium-ion,15.0,,15.0,charge,67,0.0155754959090471,1.0590691808530883,0.7307303678215236,3.56237191167669,15.896478895027624
raw_CU_diffT/TC23SIB09/TC23SIB09_15deg.parquet,TC23SIB09_15deg.parquet,TC23SIB09,SIB,sodium-ion,15.0,,15.0,charge,68,0.0155753546628386,1.0746445355159269,0.7414769600626073,3.57916205297751,15.903518812154696
raw_CU_diffT/TC23SIB09/TC23SIB09_15deg.parquet,TC23SIB09_15deg.parquet,TC23SIB09,SIB,sodium-ion,15.0,,15.0,charge,69,0.0155752013110887,1.0902197368270157,0.7522234464949464,3.59595219427833,15.90299312154696
raw_CU_diffT/TC23SIB09/TC23SIB09_15deg.parquet,TC23SIB09_15deg.parquet,TC23SIB09,SIB,sodium-ion,15.0,,15.0,charge,70,0.015574424342483,1.1057941611694986,0.7629693968390248,3.61312392969962,15.905879640883978
raw_CU_diffT/TC23SIB09/TC23SIB09_15deg.parquet,TC23SIB09_15deg.parquet,TC23SIB09,SIB,sodium-ion,15.0,,15.0,charge,71,0.0155733727799944,1.121367533949493,0.7737146216321591,3.63048646218114,15.895910220994475
raw_CU_diffT/TC23SIB09/TC23SIB09_15deg.parquet,TC23SIB09_15deg.parquet,TC23SIB09,SIB,sodium-ion,15.0,,15.0,charge,72,0.0155750228373661,1.1369425567868592,0.7844609849222415,3.64823058878314,15.893842348066299
raw_CU_diffT/TC23SIB09/TC23SIB09_15deg.parquet,TC23SIB09_15deg.parquet,TC23SIB09,SIB,sodium-ion,15.0,,15.0,charge,73,0.0155742699827393,1.1525168267695984,0.7952068287620854,3.66635630950562,15.890706546961326
raw_CU_diffT/TC23SIB09/TC23SIB09_15deg.parquet,TC23SIB09_15deg.parquet,TC23SIB09,SIB,sodium-ion,15.0,,15.0,charge,74,0.0155741431824727,1.1680909699520712,0.8059525851130221,3.68543601552927,15.892428922651932
raw_CU_diffT/TC23SIB09/TC23SIB09_15deg.parquet,TC23SIB09_15deg.parquet,TC23SIB09,SIB,sodium-ion,15.0,,15.0,charge,75,0.0155710386534442,1.1836620086055154,0.816696199419152,3.70470651861316,15.886879806629834
raw_CU_diffT/TC23SIB09/TC23SIB09_15deg.parquet,TC23SIB09_15deg.parquet,TC23SIB09,SIB,sodium-ion,15.0,,15.0,charge,76,0.0155757643619702,1.1992377729674857,0.8274430743420497,3.72435861581753,15.893988922651934
raw_CU_diffT/TC23SIB09/TC23SIB09_15deg.parquet,TC23SIB09_15deg.parquet,TC23SIB09,SIB,sodium-ion,15.0,,15.0,charge,77,0.0155751297428185,1.2148129027103043,0.8381895113941318,3.74420151008213,15.904389116022102
raw_CU_diffT/TC23SIB09/TC23SIB09_15deg.parquet,TC23SIB09_15deg.parquet,TC23SIB09,SIB,sodium-ion,15.0,,15.0,charge,78,0.0155747351881196,1.230387637898424,0.8489356762136671,3.76385360728649,15.941396519337015
raw_CU_diffT/TC23SIB09/TC23SIB09_15deg.parquet,TC23SIB09_15deg.parquet,TC23SIB09,SIB,sodium-ion,15.0,,15.0,charge,79,0.0155747606275613,1.2459623985259853,0.8596818585857597,3.78274251624991,16.034272983425414
raw_CU_diffT/TC23SIB09/TC23SIB09_15deg.parquet,TC23SIB09_15deg.parquet,TC23SIB09,SIB,sodium-ion,15.0,,15.0,charge,80,0.015575208862096,1.2615376073880813,0.8704283502280986,3.80067743991215,16.151215552486185
raw_CU_diffT/TC23SIB09/TC23SIB09_15deg.parquet,TC23SIB09_15deg.parquet,TC23SIB09,SIB,sodium-ion,15.0,,15.0,charge,81,0.0155735700979483,1.2771111774860295,0.8811737111655222,3.8176583782732,16.28053102209945
raw_CU_diffT/TC23SIB09/TC23SIB09_15deg.parquet,TC23SIB09_15deg.parquet,TC23SIB09,SIB,sodium-ion,15.0,,15.0,charge,82,0.0155737431435997,1.2926849206296291,0.8919191914999737,3.83387612839331,16.386677044198898
raw_CU_diffT/TC23SIB09/TC23SIB09_15deg.parquet,TC23SIB09_15deg.parquet,TC23SIB09,SIB,sodium-ion,15.0,,15.0,charge,83,0.015574713903071,1.3082596345327002,0.9026653416333755,3.85009387851342,16.49189223756906
raw_CU_diffT/TC23SIB09/TC23SIB09_15deg.parquet,TC23SIB09_15deg.parquet,TC23SIB09,SIB,sodium-ion,15.0,,15.0,charge,84,0.0155749943135671,1.3238346288462672,0.9134116852427735,3.86554844039258,16.56377052486188
raw_CU_diffT/TC23SIB09/TC23SIB09_15deg.parquet,TC23SIB09_15deg.parquet,TC23SIB09,SIB,sodium-ion,15.0,,15.0,charge,85,0.0155754710948131,1.3394100999410803,0.924158357818911,3.88100300227174,16.62857486187845
raw_CU_diffT/TC23SIB09/TC23SIB09_15deg.parquet,TC23SIB09_15deg.parquet,TC23SIB09,SIB,sodium-ion,15.0,,15.0,charge,86,0.0155747886465962,1.3549848885876765,0.9349045595234137,3.89607597003043,16.69345685082873
raw_CU_diffT/TC23SIB09/TC23SIB09_15deg.parquet,TC23SIB09_15deg.parquet,TC23SIB09,SIB,sodium-ion,15.0,,15.0,charge,87,0.0155761077098752,1.3705609962975518,0.9456516713474935,3.91057654660841,16.743811022099447
raw_CU_diffT/TC23SIB09/TC23SIB09_15deg.parquet,TC23SIB09_15deg.parquet,TC23SIB09,SIB,sodium-ion,15.0,,15.0,charge,88,0.0155737343956894,1.3861347306932412,0.956397145646113,3.92450473200567,16.80270458563536
raw_CU_diffT/TC23SIB09/TC23SIB09_15deg.parquet,TC23SIB09_15deg.parquet,TC23SIB09,SIB,sodium-ion,15.0,,15.0,charge,89,0.0155742820237622,1.4017090127170033,0.9671429977939516,3.937669729162,16.86373458563536
raw_CU_diffT/TC23SIB09/TC23SIB09_15deg.parquet,TC23SIB09_15deg.parquet,TC23SIB09,SIB,sodium-ion,15.0,,15.0,charge,90,0.0155713955224865,1.4172804082394899,0.9778868583304989,3.95026233513761,16.922524640883978
raw_CU_diffT/TC23SIB09/TC23SIB09_15deg.parquet,TC23SIB09_15deg.parquet,TC23SIB09,SIB,sodium-ion,15.0,,15.0,charge,91,0.0155737094863354,1.4328541177258252,0.9886323154423078,3.96209175287227,16.979772486187844
raw_CU_diffT/TC23SIB09/TC23SIB09_15deg.parquet,TC23SIB09_15deg.parquet,TC23SIB09,SIB,sodium-ion,15.0,,15.0,charge,92,0.0155744728267253,1.4484285905525505,0.9993782992392606,3.97296718530576,17.036115165745855
raw_CU_diffT/TC23SIB09/TC23SIB09_15deg.parquet,TC23SIB09_15deg.parquet,TC23SIB09,SIB,sodium-ion,15.0,,15.0,charge,93,0.0001101483464471,1.4485387388989976,0.9994542987520114,3.96857885292032,16.13935917127072
raw_CU_diffT/TC23SIB09/TC23SIB09_15deg.parquet,TC23SIB09_15deg.parquet,TC23SIB09,SIB,sodium-ion,15.0,,15.0,charge,94,8.11396008297626e-05,1.4486198784998274,0.9995102829798892,3.96552609995653,15.769162154696133
raw_CU_diffT/TC23SIB09/TC23SIB09_15deg.parquet,TC23SIB09_15deg.parquet,TC23SIB09,SIB,sodium-ion,15.0,,15.0,charge,95,7.69582922918169e-05,1.4486968367921191,0.9995633822129232,3.96323653523369,15.640355662983426
raw_CU_diffT/TC23SIB09/TC23SIB09_15deg.parquet,TC23SIB09_15deg.parquet,TC23SIB09,SIB,sodium-ion,15.0,,15.0,charge,96,7.34573946052709e-05,1.4487702941867244,0.9996140659170187,3.96113776757109,15.59116281767956
raw_CU_diffT/TC23SIB09/TC23SIB09_15deg.parquet,TC23SIB09_15deg.parquet,TC23SIB09,SIB,sodium-ion,15.0,,15.0,charge,97,7.38269361133887e-05,1.4488441211228378,0.9996650045952058,3.95922979696873,15.56119635359116
raw_CU_diffT/TC23SIB09/TC23SIB09_15deg.parquet,TC23SIB09_15deg.parquet,TC23SIB09,SIB,sodium-ion,15.0,,15.0,charge,98,7.24914866467385e-05,1.4489166126094846,0.9997150218477696,3.95770342048683,15.539628259668511
raw_CU_diffT/TC23SIB09/TC23SIB09_15deg.parquet,TC23SIB09_15deg.parquet,TC23SIB09,SIB,sodium-ion,15.0,,15.0,charge,99,7.05916580678142e-05,1.4489872042675525,0.9997637282677068,3.95617704400494,15.549761325966852
raw_CU_diffT/TC23SIB09/TC23SIB09_15deg.parquet,TC23SIB09_15deg.parquet,TC23SIB09,SIB,sodium-ion,15.0,,15.0,charge,100,6.98825763144085e-05,1.4490570868438668,0.999811945439557,3.95484146458329,15.526505994475135
raw_CU_diffT/TC23SIB09/TC23SIB09_15deg.parquet,TC23SIB09_15deg.parquet,TC23SIB09,SIB,sodium-ion,15.0,,15.0,charge,101,7.13489633878072e-05,1.4491284358072547,0.9998611743805957,3.95369668222187,15.518767403314918
raw_CU_diffT/TC23SIB09/TC23SIB09_15deg.parquet,TC23SIB09_15deg.parquet,TC23SIB09,SIB,sodium-ion,15.0,,15.0,charge,102,6.91142462297177e-05,1.4491975500534844,0.9999088614245416,3.95255189986045,15.511004999999999
raw_CU_diffT/TC23SIB09/TC23SIB09_15deg.parquet,TC23SIB09_15deg.parquet,TC23SIB09,SIB,sodium-ion,15.0,,15.0,charge,103,6.5644944535095e-05,1.4492631949980195,0.9999541547399671,3.95159791455926,15.507472651933702
raw_CU_diffT/TC23SIB09/TC23SIB09_15deg.parquet,TC23SIB09_15deg.parquet,TC23SIB09,SIB,sodium-ion,15.0,,15.0,charge,104,6.64448942144915e-05,1.449329639892234,1.0000000000000002,3.95064392925808,15.494513370165745
raw_CU_diffT/TC23SIB09/TC23SIB09_25deg.parquet,TC23SIB09_25deg.parquet,TC23SIB09,SIB,sodium-ion,25.0,,25.0,discharge,0,0.0177088891036384,0.0177088891036384,0.011254806403821675,3.96571689701677,25.892607845303875
raw_CU_diffT/TC23SIB09/TC23SIB09_25deg.parquet,TC23SIB09_25deg.parquet,TC23SIB09,SIB,sodium-ion,25.0,,25.0,discharge,1,0.0177058079532474,0.0354146970568858,0.02250765459609497,3.94110407624625,25.683670220994475
raw_CU_diffT/TC23SIB09/TC23SIB09_25deg.parquet,TC23SIB09_25deg.parquet,TC23SIB09,SIB,sodium-ion,25.0,,25.0,discharge,2,0.0177093195377684,0.0531240165946542,0.03376273456043049,3.92278755846354,25.61977317679558
raw_CU_diffT/TC23SIB09/TC23SIB09_25deg.parquet,TC23SIB09_25deg.parquet,TC23SIB09,SIB,sodium-ion,25.0,,25.0,discharge,3,0.0177098108529318,0.070833827447586,0.04501812677795224,3.90905017012651,25.60135425414365
raw_CU_diffT/TC23SIB09/TC23SIB09_25deg.parquet,TC23SIB09_25deg.parquet,TC23SIB09,SIB,sodium-ion,25.0,,25.0,discharge,4,0.0177059606334391,0.0885397880810251,0.056271072005448314,3.8985563318135,25.619655110497238
raw_CU_diffT/TC23SIB09/TC23SIB09_25deg.parquet,TC23SIB09_25deg.parquet,TC23SIB09,SIB,sodium-ion,25.0,,25.0,discharge,5,0.0177079866009685,0.10624777468199359,0.06752530482767663,3.88939807292215,25.611225994475138
raw_CU_diffT/TC23SIB09/TC23SIB09_25deg.parquet,TC23SIB09_25deg.parquet,TC23SIB09,SIB,sodium-ion,25.0,,25.0,discharge,6,0.0177076919887428,0.1239554666707364,0.07877935041040364,3.87966742285008,25.623831850828733
raw_CU_diffT/TC23SIB09/TC23SIB09_25deg.parquet,TC23SIB09_25deg.parquet,TC23SIB09,SIB,sodium-ion,25.0,,25.0,discharge,7,0.017708455333137,0.1416639220038734,0.09003388113329534,3.86860119335636,25.62174718232044
raw_CU_diffT/TC23SIB09/TC23SIB09_25deg.parquet,TC23SIB09_25deg.parquet,TC23SIB09,SIB,sodium-ion,25.0,,25.0,discharge,8,0.0177059291273534,0.15936985113122681,0.10128680633723755,3.85486380501933,25.63024386740332
raw_CU_diffT/TC23SIB09/TC23SIB09_25deg.parquet,TC23SIB09_25deg.parquet,TC23SIB09,SIB,sodium-ion,25.0,,25.0,discharge,9,0.0177114287029958,0.17708127983422262,0.11254322677223552,3.8390276490197,25.62753571823205
raw_CU_diffT/TC23SIB09/TC23SIB09_25deg.parquet,TC23SIB09_25deg.parquet,TC23SIB09,SIB,sodium-ion,25.0,,25.0,discharge,10,0.0177114466042067,0.19479272643842932,0.12379965858426917,3.82071113123699,25.631475690607733
raw_CU_diffT/TC23SIB09/TC23SIB09_25deg.parquet,TC23SIB09_25deg.parquet,TC23SIB09,SIB,sodium-ion,25.0,,25.0,discharge,11,0.0177068557051199,0.21249958214354922,0.13505317267062622,3.80086823697239,25.62872591160221
raw_CU_diffT/TC23SIB09/TC23SIB09_25deg.parquet,TC23SIB09_25deg.parquet,TC23SIB09,SIB,sodium-ion,25.0,,25.0,discharge,12,0.0177090669345516,0.23020864907810082,0.14630809209410087,3.77930816916566,25.62859033149171
raw_CU_diffT/TC23SIB09/TC23SIB09_25deg.parquet,TC23SIB09_25deg.parquet,TC23SIB09,SIB,sodium-ion,25.0,,25.0,discharge,13,0.0177072995566127,0.24791594863471353,0.15756188826831755,3.75622172487703,25.635534419889503
raw_CU_diffT/TC23SIB09/TC23SIB09_25deg.parquet,TC23SIB09_25deg.parquet,TC23SIB09,SIB,sodium-ion,25.0,,25.0,discharge,14,0.0177098209909326,0.2656257696256461,0.168817286929001,3.73199049822699,25.623924779005524
raw_CU_diffT/TC23SIB09/TC23SIB09_25deg.parquet,TC23SIB09_25deg.parquet,TC23SIB09,SIB,sodium-ion,25.0,,25.0,discharge,15,0.0177059183561368,0.2833316879817829,0.18007020528734397,3.70795006863718,25.621199834254146
raw_CU_diffT/TC23SIB09/TC23SIB09_25deg.parquet,TC23SIB09_25deg.parquet,TC23SIB09,SIB,sodium-ion,25.0,,25.0,discharge,16,0.0177054589294966,0.3010371469112795,0.19132283165911101,3.68371884198714,25.630522044198894
raw_CU_diffT/TC23SIB09/TC23SIB09_25deg.parquet,TC23SIB09_25deg.parquet,TC23SIB09,SIB,sodium-ion,25.0,,25.0,discharge,17,0.0177056380924347,0.31874278500371417,0.2025755718970936,3.66025080357805,25.6380826519337
raw_CU_diffT/TC23SIB09/TC23SIB09_25deg.parquet,TC23SIB09_25deg.parquet,TC23SIB09,SIB,sodium-ion,25.0,,25.0,discharge,18,0.0177056156958512,0.3364484006995654,0.21382829790102628,3.6375459534099,25.621325801104973
raw_CU_diffT/TC23SIB09/TC23SIB09_25deg.parquet,TC23SIB09_25deg.parquet,TC23SIB09,SIB,sodium-ion,25.0,,25.0,discharge,19,0.0177063266873794,0.3541547273869448,0.22508147577249044,3.61522269736222,25.63456392265193
raw_CU_diffT/TC23SIB09/TC23SIB09_25deg.parquet,TC23SIB09_25deg.parquet,TC23SIB09,SIB,sodium-ion,25.0,,25.0,discharge,20,0.0177078292138478,0.3718625566007926,0.23633560856802802,3.59366262955549,25.632159060773482
raw_CU_diffT/TC23SIB09/TC23SIB09_25deg.parquet,TC23SIB09_25deg.parquet,TC23SIB09,SIB,sodium-ion,25.0,,25.0,discharge,21,0.0177082191369457,0.3895707757377383,0.24758998917747155,3.57248415586923,25.65720179558011
raw_CU_diffT/TC23SIB09/TC23SIB09_25deg.parquet,TC23SIB09_25deg.parquet,TC23SIB09,SIB,sodium-ion,25.0,,25.0,discharge,22,0.0177068240352821,0.4072775997730204,0.2588434831362028,3.55187807336368,25.643432486187848
raw_CU_diffT/TC23SIB09/TC23SIB09_25deg.parquet,TC23SIB09_25deg.parquet,TC23SIB09,SIB,sodium-ion,25.0,,25.0,discharge,23,0.0177098430126677,0.4249874427856881,0.27009889579270296,3.53165358497861,25.652206823204423
raw_CU_diffT/TC23SIB09/TC23SIB09_25deg.parquet,TC23SIB09_25deg.parquet,TC23SIB09,SIB,sodium-ion,25.0,,25.0,discharge,24,0.0177089239907163,0.4426963667764044,0.2813537243688532,3.51161989365377,25.6482329281768
raw_CU_diffT/TC23SIB09/TC23SIB09_25deg.parquet,TC23SIB09_25deg.parquet,TC23SIB09,SIB,sodium-ion,25.0,,25.0,discharge,25,0.0177056243993969,0.4604019911758013,0.29260645590428597,3.49196779644941,25.665259640883974
raw_CU_diffT/TC23SIB09/TC23SIB09_25deg.parquet,TC23SIB09_25deg.parquet,TC23SIB09,SIB,sodium-ion,25.0,,25.0,discharge,26,0.0177145451405165,0.4781165363163178,0.303864856977412,3.47231569924504,25.65086535911603
raw_CU_diffT/TC23SIB09/TC23SIB09_25deg.parquet,TC23SIB09_25deg.parquet,TC23SIB09,SIB,sodium-ion,25.0,,25.0,discharge,27,0.0177107231492909,0.4958272594656087,0.31512082900086313,3.45266360204068,25.667715524861876
raw_CU_diffT/TC23SIB09/TC23SIB09_25deg.parquet,TC23SIB09_25deg.parquet,TC23SIB09,SIB,sodium-ion,25.0,,25.0,discharge,28,0.0177082574222594,0.5135355168878681,0.32637523394236906,3.43320230189655,25.662272955801104
raw_CU_diffT/TC23SIB09/TC23SIB09_25deg.parquet,TC23SIB09_25deg.parquet,TC23SIB09,SIB,sodium-ion,25.0,,25.0,discharge,29,0.0177056744473381,0.5312411913352062,0.3376279972855502,3.41374100175242,25.675072596685084
raw_CU_diffT/TC23SIB09/TC23SIB09_25deg.parquet,TC23SIB09_25deg.parquet,TC23SIB09,SIB,sodium-ion,25.0,,25.0,discharge,30,0.0177117249000724,0.5489529162352786,0.34888460596729454,3.39389810748782,25.674330082872924
raw_CU_diffT/TC23SIB09/TC23SIB09_25deg.parquet,TC23SIB09_25deg.parquet,TC23SIB09,SIB,sodium-ion,25.0,,25.0,discharge,31,0.0177064959997447,0.5666594122350234,0.36013789144448605,3.37405521322322,25.672077320441982
raw_CU_diffT/TC23SIB09/TC23SIB09_25deg.parquet,TC23SIB09_25deg.parquet,TC23SIB09,SIB,sodium-ion,25.0,,25.0,discharge,32,0.0177060868756074,0.5843654991106307,0.37139091690463566,3.35402152189838,25.685400662983422
raw_CU_diffT/TC23SIB09/TC23SIB09_25deg.parquet,TC23SIB09_25deg.parquet,TC23SIB09,SIB,sodium-ion,25.0,,25.0,discharge,33,0.01770787921768,0.6020733783283108,0.3826450814798884,3.33417862763378,25.677106519337016
raw_CU_diffT/TC23SIB09/TC23SIB09_25deg.parquet,TC23SIB09_25deg.parquet,TC23SIB09,SIB,sodium-ion,25.0,,25.0,discharge,34,0.0177109534696848,0.6197843317979955,0.3939011998824505,3.31433573336917,25.689551160220994
raw_CU_diffT/TC23SIB09/TC23SIB09_25deg.parquet,TC23SIB09_25deg.parquet,TC23SIB09,SIB,sodium-ion,25.0,,25.0,discharge,35,0.0177089357344885,0.637493267532484,0.40515603592230337,3.29449283910457,25.67859229281768
raw_CU_diffT/TC23SIB09/TC23SIB09_25deg.parquet,TC23SIB09_25deg.parquet,TC23SIB09,SIB,sodium-ion,25.0,,25.0,discharge,36,0.0177063772618959,0.65519964479438,0.41640924593617856,3.27464994483997,25.70514397790055
raw_CU_diffT/TC23SIB09/TC23SIB09_25deg.parquet,TC23SIB09_25deg.parquet,TC23SIB09,SIB,sodium-ion,25.0,,25.0,discharge,37,0.0177076700362475,0.6729073148306275,0.427663277567094,3.25480705057537,25.693078563535913
raw_CU_diffT/TC23SIB09/TC23SIB09_25deg.parquet,TC23SIB09_25deg.parquet,TC23SIB09,SIB,sodium-ion,25.0,,25.0,discharge,38,0.0177097958190216,0.690617110649649,0.43891866022988035,3.23477335925053,25.695280911602207
raw_CU_diffT/TC23SIB09/TC23SIB09_25deg.parquet,TC23SIB09_25deg.parquet,TC23SIB09,SIB,sodium-ion,25.0,,25.0,discharge,39,0.0177067910583058,0.7083239017079548,0.4501721332302397,3.21454887086546,25.6960564640884
raw_CU_diffT/TC23SIB09/TC23SIB09_25deg.parquet,TC23SIB09_25deg.parquet,TC23SIB09,SIB,sodium-ion,25.0,,25.0,discharge,40,0.0177104543116231,0.7260343560195779,0.4614279343950961,3.19413358542015,25.706848453038678
raw_CU_diffT/TC23SIB09/TC23SIB09_25deg.parquet,TC23SIB09_25deg.parquet,TC23SIB09,SIB,sodium-ion,25.0,,25.0,discharge,41,0.0177135391484686,0.7437478951680465,0.4726856961144109,3.17371829997483,25.69818314917127
raw_CU_diffT/TC23SIB09/TC23SIB09_25deg.parquet,TC23SIB09_25deg.parquet,TC23SIB09,SIB,sodium-ion,25.0,,25.0,discharge,42,0.0177121801044137,0.7614600752724602,0.4839425940992676,3.15292142040905,25.708814116022097
raw_CU_diffT/TC23SIB09/TC23SIB09_25deg.parquet,TC23SIB09_25deg.parquet,TC23SIB09,SIB,sodium-ion,25.0,,25.0,discharge,43,0.0177057063297272,0.7791657816021874,0.49519537770516064,3.1323153379035,25.70026773480663
raw_CU_diffT/TC23SIB09/TC23SIB09_25deg.parquet,TC23SIB09_25deg.parquet,TC23SIB09,SIB,sodium-ion,25.0,,25.0,discharge,44,0.0177074919088642,0.7968732735110516,0.5064492961280028,3.11151845833772,25.698401988950273
raw_CU_diffT/TC23SIB09/TC23SIB09_25deg.parquet,TC23SIB09_25deg.parquet,TC23SIB09,SIB,sodium-ion,25.0,,25.0,discharge,45,0.0177058595778274,0.8145791330888791,0.5177021771300504,3.09110317289241,25.69978607734806
raw_CU_diffT/TC23SIB09/TC23SIB09_25deg.parquet,TC23SIB09_25deg.parquet,TC23SIB09,SIB,sodium-ion,25.0,,25.0,discharge,46,0.0177148515892784,0.8322939846781575,0.5289607729653362,3.0706878874471,25.681316022099445
raw_CU_diffT/TC23SIB09/TC23SIB09_25deg.parquet,TC23SIB09_25deg.parquet,TC23SIB09,SIB,sodium-ion,25.0,,25.0,discharge,47,0.017713641643212,0.8500076263213695,0.5402185998247333,3.05046339906202,25.705203508287294
raw_CU_diffT/TC23SIB09/TC23SIB09_25deg.parquet,TC23SIB09_25deg.parquet,TC23SIB09,SIB,sodium-ion,25.0,,25.0,discharge,48,0.017709911633411,0.8677175379547805,0.5514740560928443,3.03062050479742,25.6917441160221
raw_CU_diffT/TC23SIB09/TC23SIB09_25deg.parquet,TC23SIB09_25deg.parquet,TC23SIB09,SIB,sodium-ion,25.0,,25.0,discharge,49,0.0177123121786344,0.8854298501334149,0.5627310380168897,3.01077761053282,25.706629254143643
raw_CU_diffT/TC23SIB09/TC23SIB09_25deg.parquet,TC23SIB09_25deg.parquet,TC23SIB09,SIB,sodium-ion,25.0,,25.0,discharge,50,0.0177120476515228,0.9031418977849377,0.5739878518218956,2.99112551332845,25.691423867403316
raw_CU_diffT/TC23SIB09/TC23SIB09_25deg.parquet,TC23SIB09_25deg.parquet,TC23SIB09,SIB,sodium-ion,25.0,,25.0,discharge,51,0.0177106225807567,0.9208525203656944,0.5852437599294581,2.97166421318432,25.703220331491718
raw_CU_diffT/TC23SIB09/TC23SIB09_25deg.parquet,TC23SIB09_25deg.parquet,TC23SIB09,SIB,sodium-ion,25.0,,25.0,discharge,52,0.0177071452872917,0.9385596656529861,0.5964974580584879,2.9522029130402,25.69955825966851
raw_CU_diffT/TC23SIB09/TC23SIB09_25deg.parquet,TC23SIB09_25deg.parquet,TC23SIB09,SIB,sodium-ion,25.0,,25.0,discharge,53,0.0177066365655327,0.9562663022185188,0.6077508328716463,2.9329324099563,25.704165386740335
raw_CU_diffT/TC23SIB09/TC23SIB09_25deg.parquet,TC23SIB09_25deg.parquet,TC23SIB09,SIB,sodium-ion,25.0,,25.0,discharge,54,0.0177108383383367,0.9739771405568556,0.6190068781029878,2.91385270393265,25.709548370165745
raw_CU_diffT/TC23SIB09/TC23SIB09_25deg.parquet,TC23SIB09_25deg.parquet,TC23SIB09,SIB,sodium-ion,25.0,,25.0,discharge,55,0.017707269920298,0.9916844104771536,0.6302606554419753,2.89496379496923,25.704124060773477
raw_CU_diffT/TC23SIB09/TC23SIB09_25deg.parquet,TC23SIB09_25deg.parquet,TC23SIB09,SIB,sodium-ion,25.0,,25.0,discharge,56,0.0177105327808628,1.0093949432580165,0.6415165064776112,2.87588408894557,25.713235303867407
raw_CU_diffT/TC23SIB09/TC23SIB09_25deg.parquet,TC23SIB09_25deg.parquet,TC23SIB09,SIB,sodium-ion,25.0,,25.0,discharge,57,0.0177106216326199,1.0271055648906364,0.6527724139825896,2.85699517998216,25.702806685082873
raw_CU_diffT/TC23SIB09/TC23SIB09_25deg.parquet,TC23SIB09_25deg.parquet,TC23SIB09,SIB,sodium-ion,25.0,,25.0,discharge,58,0.0177103154760715,1.044815880366708,0.6640281269111233,2.83867866219945,25.717023508287298
raw_CU_diffT/TC23SIB09/TC23SIB09_25deg.parquet,TC23SIB09_25deg.parquet,TC23SIB09,SIB,sodium-ion,25.0,,25.0,discharge,59,0.017705917544901,1.062521797911609,0.675281044753889,2.82074373853721,25.707345524861875
raw_CU_diffT/TC23SIB09/TC23SIB09_25deg.parquet,TC23SIB09_25deg.parquet,TC23SIB09,SIB,sodium-ion,25.0,,25.0,discharge,60,0.0177095639240819,1.080231361835691,0.6865362800368686,2.80586156783876,25.726811795580108
raw_CU_diffT/TC23SIB09/TC23SIB09_25deg.parquet,TC23SIB09_25deg.parquet,TC23SIB09,SIB,sodium-ion,25.0,,25.0,discharge,61,0.0177089264969145,1.0979402883326055,0.6977911102058222,2.79765729424859,25.744453480662983
raw_CU_diffT/TC23SIB09/TC23SIB09_25deg.parquet,TC23SIB09_25deg.parquet,TC23SIB09,SIB,sodium-ion,25.0,,25.0,discharge,62,0.0177085944698425,1.115648882802448,0.7090457293564337,2.79231497656196,25.750098674033147
raw_CU_diffT/TC23SIB09/TC23SIB09_25deg.parquet,TC23SIB09_25deg.parquet,TC23SIB09,SIB,sodium-ion,25.0,,25.0,discharge,63,0.0177064525242376,1.1333553353266856,0.7202989872029584,2.78773584711629,25.762679060773483
raw_CU_diffT/TC23SIB09/TC23SIB09_25deg.parquet,TC23SIB09_25deg.parquet,TC23SIB09,SIB,sodium-ion,25.0,,25.0,discharge,64,0.0177071580621043,1.1510624933887899,0.731552693450964,2.78277512355014,25.7612617679558
raw_CU_diffT/TC23SIB09/TC23SIB09_25deg.parquet,TC23SIB09_25deg.parquet,TC23SIB09,SIB,sodium-ion,25.0,,25.0,discharge,65,0.0177114149220573,1.1687739083108473,0.7428091051275473,2.7768604146828,25.757321215469617
raw_CU_diffT/TC23SIB09/TC23SIB09_25deg.parquet,TC23SIB09_25deg.parquet,TC23SIB09,SIB,sodium-ion,25.0,,25.0,discharge,66,0.0177081825504535,1.1864820908613007,0.754063462484607,2.77018251757452,25.762434834254147
raw_CU_diffT/TC23SIB09/TC23SIB09_25deg.parquet,TC23SIB09_25deg.parquet,TC23SIB09,SIB,sodium-ion,25.0,,25.0,discharge,67,0.0177068376078071,1.2041889284691079,0.7653169650692967,2.76197824398435,25.76263817679558
raw_CU_diffT/TC23SIB09/TC23SIB09_25deg.parquet,TC23SIB09_25deg.parquet,TC23SIB09,SIB,sodium-ion,25.0,,25.0,discharge,68,0.0177075243668115,1.2218964528359193,0.7765709041206441,2.75186599979181,25.751678011049723
raw_CU_diffT/TC23SIB09/TC23SIB09_25deg.parquet,TC23SIB09_25deg.parquet,TC23SIB09,SIB,sodium-ion,25.0,,25.0,discharge,69,0.0177058989434917,1.239602351779411,0.7878238101413662,2.73908259675596,25.748875110497234
raw_CU_diffT/TC23SIB09/TC23SIB09_25deg.parquet,TC23SIB09_25deg.parquet,TC23SIB09,SIB,sodium-ion,25.0,,25.0,discharge,70,0.0177101457445968,1.2573124975240078,0.7990794151978092,2.72267404957562,25.737441906077343
raw_CU_diffT/TC23SIB09/TC23SIB09_25deg.parquet,TC23SIB09_25deg.parquet,TC23SIB09,SIB,sodium-ion,25.0,,25.0,discharge,71,0.0177094532104438,1.2750219507344516,0.8103345801172244,2.70244956119055,25.728422541436462
raw_CU_diffT/TC23SIB09/TC23SIB09_25deg.parquet,TC23SIB09_25deg.parquet,TC23SIB09,SIB,sodium-ion,25.0,,25.0,discharge,72,0.017713057136062,1.2927350078705135,0.8215920354956789,2.67802753748027,25.731907348066297
raw_CU_diffT/TC23SIB09/TC23SIB09_25deg.parquet,TC23SIB09_25deg.parquet,TC23SIB09,SIB,sodium-ion,25.0,,25.0,discharge,73,0.0177108563719641,1.3104458642424777,0.8328480921882127,2.64902638432431,25.72794209944751
raw_CU_diffT/TC23SIB09/TC23SIB09_25deg.parquet,TC23SIB09_25deg.parquet,TC23SIB09,SIB,sodium-ion,25.0,,25.0,discharge,74,0.0177119088335898,1.3281577730760674,0.8441048177680931,2.61620928996362,25.716881353591162
raw_CU_diffT/TC23SIB09/TC23SIB09_25deg.parquet,TC23SIB09_25deg.parquet,TC23SIB09,SIB,sodium-ion,25.0,,25.0,discharge,75,0.0177082908971573,1.3458660639732247,0.8553592439844228,2.58033944263915,25.704477209944756
raw_CU_diffT/TC23SIB09/TC23SIB09_25deg.parquet,TC23SIB09_25deg.parquet,TC23SIB09,SIB,sodium-ion,25.0,,25.0,discharge,76,0.0177103476503329,1.3635764116235576,0.8666149773611664,2.54160763941113,25.71786
raw_CU_diffT/TC23SIB09/TC23SIB09_25deg.parquet,TC23SIB09_25deg.parquet,TC23SIB09,SIB,sodium-ion,25.0,,25.0,discharge,77,0.0177114380224703,1.381287849646028,0.8778714037191153,2.50115866264098,25.719395414364637
raw_CU_diffT/TC23SIB09/TC23SIB09_25deg.parquet,TC23SIB09_25deg.parquet,TC23SIB09,SIB,sodium-ion,25.0,,25.0,discharge,78,0.0177153987642328,1.3990032484102608,0.8891303473090313,2.45861091820823,25.724626132596686
raw_CU_diffT/TC23SIB09/TC23SIB09_25deg.parquet,TC23SIB09_25deg.parquet,TC23SIB09,SIB,sodium-ion,25.0,,25.0,discharge,79,0.0177066870107897,1.4167099354210504,0.9003837541824504,2.41415520317311,25.73040649171271
raw_CU_diffT/TC23SIB09/TC23SIB09_25deg.parquet,TC23SIB09_25deg.parquet,TC23SIB09,SIB,sodium-ion,25.0,,25.0,discharge,80,0.0177076535205301,1.4344175889415804,0.9116377753168744,2.36779151753563,25.755000801104977
raw_CU_diffT/TC23SIB09/TC23SIB09_25deg.parquet,TC23SIB09_25deg.parquet,TC23SIB09,SIB,sodium-ion,25.0,,25.0,discharge,81,0.0177061176166073,1.4521237065581878,0.922890820314331,2.31932906423555,25.748757348066295
raw_CU_diffT/TC23SIB09/TC23SIB09_25deg.parquet,TC23SIB09_25deg.parquet,TC23SIB09,SIB,sodium-ion,25.0,,25.0,discharge,82,0.0177099606428132,1.469833667201001,0.9341463077301516,2.26876784327286,25.768247624309385
raw_CU_diffT/TC23SIB09/TC23SIB09_25deg.parquet,TC23SIB09_25deg.parquet,TC23SIB09,SIB,sodium-ion,25.0,,25.0,discharge,83,0.0177053274620192,1.4875389946630202,0.9453988505483429,2.21591705758733,25.791223287292816
raw_CU_diffT/TC23SIB09/TC23SIB09_25deg.parquet,TC23SIB09_25deg.parquet,TC23SIB09,SIB,sodium-ion,25.0,,25.0,discharge,84,0.0177104589373209,1.5052494536003411,0.9566546546530412,2.16115830129944,25.832794530386742
raw_CU_diffT/TC23SIB09/TC23SIB09_25deg.parquet,TC23SIB09_25deg.parquet,TC23SIB09,SIB,sodium-ion,25.0,,25.0,discharge,85,0.017706418819546,1.522955872419887,0.9679078910786977,2.10563635677061,25.87930171270718
raw_CU_diffT/TC23SIB09/TC23SIB09_25deg.parquet,TC23SIB09_25deg.parquet,TC23SIB09,SIB,sodium-ion,25.0,,25.0,discharge,86,0.0150315636829135,1.5379874361028005,0.9774611351138162,2.05908187407289,25.908934198895036
raw_CU_diffT/TC23SIB09/TC23SIB09_25deg.parquet,TC23SIB09_25deg.parquet,TC23SIB09,SIB,sodium-ion,25.0,,25.0,discharge,87,0.0062062268831846,1.5441936629859851,0.9814054752505493,2.04439050043467,25.756106187845305
raw_CU_diffT/TC23SIB09/TC23SIB09_25deg.parquet,TC23SIB09_25deg.parquet,TC23SIB09,SIB,sodium-ion,25.0,,25.0,discharge,88,0.0040924747234659,1.548286137709451,0.9840064295202148,2.03599542978426,25.6778982320442
raw_CU_diffT/TC23SIB09/TC23SIB09_25deg.parquet,TC23SIB09_25deg.parquet,TC23SIB09,SIB,sodium-ion,25.0,,25.0,discharge,89,0.0031575220541739,1.551443659763625,0.9860131787424584,2.03027151797717,25.62120740331492
raw_CU_diffT/TC23SIB09/TC23SIB09_25deg.parquet,TC23SIB09_25deg.parquet,TC23SIB09,SIB,sodium-ion,25.0,,25.0,discharge,90,0.0026095505875581,1.554053210351183,0.9876716671147139,2.02588318559173,25.57738408839779
raw_CU_diffT/TC23SIB09/TC23SIB09_25deg.parquet,TC23SIB09_25deg.parquet,TC23SIB09,SIB,sodium-ion,25.0,,25.0,discharge,91,0.0022432419125684,1.5562964522637515,0.9890973496233761,2.022067244387,25.576000110497233
raw_CU_diffT/TC23SIB09/TC23SIB09_25deg.parquet,TC23SIB09_25deg.parquet,TC23SIB09,SIB,sodium-ion,25.0,,25.0,discharge,92,0.0020019481029683,1.5582984003667197,0.9903696789150411,2.01901449142321,25.55315917127072
raw_CU_diffT/TC23SIB09/TC23SIB09_25deg.parquet,TC23SIB09_25deg.parquet,TC23SIB09,SIB,sodium-ion,25.0,,25.0,discharge,93,0.0017956184088172,1.560094018775537,0.9915108762791505,2.0163433325799,25.538580414364645
raw_CU_diffT/TC23SIB09/TC23SIB09_25deg.parquet,TC23SIB09_25deg.parquet,TC23SIB09,SIB,sodium-ion,25.0,,25.0,discharge,94,0.0016391413584207,1.5617331601339577,0.9925526253436772,2.01367217373659,25.533264171270716
raw_CU_diffT/TC23SIB09/TC23SIB09_25deg.parquet,TC23SIB09_25deg.parquet,TC23SIB09,SIB,sodium-ion,25.0,,25.0,discharge,95,0.0015092823796623,1.56324244251362,0.9935118431067105,2.01138260901375,25.527061685082877
raw_CU_diffT/TC23SIB09/TC23SIB09_25deg.parquet,TC23SIB09_25deg.parquet,TC23SIB09,SIB,sodium-ion,25.0,,25.0,discharge,96,0.0014048940216933,1.5646473365353133,0.9944047173090114,2.00947463841138,25.521991602209944
raw_CU_diffT/TC23SIB09/TC23SIB09_25deg.parquet,TC23SIB09_25deg.parquet,TC23SIB09,SIB,sodium-ion,25.0,,25.0,discharge,97,0.0013150752781674,1.5659624118134807,0.9952405076048118,2.00756666780902,25.51730872928177
raw_CU_diffT/TC23SIB09/TC23SIB09_25deg.parquet,TC23SIB09_25deg.parquet,TC23SIB09,SIB,sodium-ion,25.0,,25.0,discharge,98,0.0012354799062844,1.567197891719765,0.9960257114128916,2.00565869720665,25.523148232044196
raw_CU_diffT/TC23SIB09/TC23SIB09_25deg.parquet,TC23SIB09_25deg.parquet,TC23SIB09,SIB,sodium-ion,25.0,,25.0,discharge,99,0.0011764251419045,1.5683743168616695,0.9967733832258007,2.00394152366452,25.514727265193372
raw_CU_diffT/TC23SIB09/TC23SIB09_25deg.parquet,TC23SIB09_25deg.parquet,TC23SIB09,SIB,sodium-ion,25.0,,25.0,discharge,100,0.0011153357259013,1.5694896525875708,0.9974822299296691,2.00222435012239,25.514229419889503
raw_CU_diffT/TC23SIB09/TC23SIB09_25deg.parquet,TC23SIB09_25deg.parquet,TC23SIB09,SIB,sodium-ion,25.0,,25.0,discharge,101,0.0010546559966733,1.570544308584244,0.9981525118991208,2.0006979736405,25.512305193370167
raw_CU_diffT/TC23SIB09/TC23SIB09_25deg.parquet,TC23SIB09_25deg.parquet,TC23SIB09,SIB,sodium-ion,25.0,,25.0,discharge,102,0.0010147322915889,1.571559040875833,0.9987974205338015,1.99917159715861,25.49606425414365
raw_CU_diffT/TC23SIB09/TC23SIB09_25deg.parquet,TC23SIB09_25deg.parquet,TC23SIB09,SIB,sodium-ion,25.0,,25.0,discharge,103,0.0009649344750448,1.572523975350878,0.9994106803857011,1.99783601773695,25.488968314917127
raw_CU_diffT/TC23SIB09/TC23SIB09_25deg.parquet,TC23SIB09_25deg.parquet,TC23SIB09,SIB,sodium-ion,25.0,,25.0,discharge,104,0.0009272656784817,1.5734512410293597,1.0000000000000002,1.99630964125506,25.486317679558006
raw_CU_diffT/TC23SIB09/TC23SIB09_25deg.parquet,TC23SIB09_25deg.parquet,TC23SIB09,SIB,sodium-ion,25.0,,25.0,charge,0,0.0177090955370639,0.0177090955370639,0.012332352845203594,2.08980020077097,25.56220511049724
raw_CU_diffT/TC23SIB09/TC23SIB09_25deg.parquet,TC23SIB09_25deg.parquet,TC23SIB09,SIB,sodium-ion,25.0,,25.0,charge,1,0.0177059315620358,0.0354150270990997,0.024662502344880124,2.15448040419116,25.58917864640884
raw_CU_diffT/TC23SIB09/TC23SIB09_25deg.parquet,TC23SIB09_25deg.parquet,TC23SIB09,SIB,sodium-ion,25.0,,25.0,charge,2,0.0177071324478758,0.0531221595469755,0.036993488123737296,2.21419988404521,25.60663629834254
raw_CU_diffT/TC23SIB09/TC23SIB09_25deg.parquet,TC23SIB09_25deg.parquet,TC23SIB09,SIB,sodium-ion,25.0,,25.0,charge,3,0.0177038873235455,0.070826046870521,0.04932221404589066,2.27010342269452,25.567688038674035
raw_CU_diffT/TC23SIB09/TC23SIB09_25deg.parquet,TC23SIB09_25deg.parquet,TC23SIB09,SIB,sodium-ion,25.0,,25.0,charge,4,0.0177052391742294,0.08853128604475041,0.061651881376914575,2.32314500544028,25.593769281767955
raw_CU_diffT/TC23SIB09/TC23SIB09_25deg.parquet,TC23SIB09_25deg.parquet,TC23SIB09,SIB,sodium-ion,25.0,,25.0,charge,5,0.0177071743726803,0.10623846041743071,0.07398289635158703,2.37351542934273,25.540403342541435
raw_CU_diffT/TC23SIB09/TC23SIB09_25deg.parquet,TC23SIB09_25deg.parquet,TC23SIB09,SIB,sodium-ion,25.0,,25.0,charge,6,0.0177046819899222,0.12394314240735291,0.0863121756676803,2.4214054914621,25.538258646408842
raw_CU_diffT/TC23SIB09/TC23SIB09_25deg.parquet,TC23SIB09_25deg.parquet,TC23SIB09,SIB,sodium-ion,25.0,,25.0,charge,7,0.0177082484511643,0.14165139085851722,0.09864393861476166,2.46662439473817,25.52425309392265
raw_CU_diffT/TC23SIB09/TC23SIB09_25deg.parquet,TC23SIB09_25deg.parquet,TC23SIB09,SIB,sodium-ion,25.0,,25.0,charge,8,0.0177064703499256,0.1593578612084428,0.11097446331837515,2.50936293623115,25.552524613259674
raw_CU_diffT/TC23SIB09/TC23SIB09_25deg.parquet,TC23SIB09_25deg.parquet,TC23SIB09,SIB,sodium-ion,25.0,,25.0,charge,9,0.0177077183545735,0.1770655795630163,0.1233058571140119,2.54904872476036,25.57983046961326
raw_CU_diffT/TC23SIB09/TC23SIB09_25deg.parquet,TC23SIB09_25deg.parquet,TC23SIB09,SIB,sodium-ion,25.0,,25.0,charge,10,0.0177052885958538,0.1947708681588701,0.13563555886152587,2.58720813680767,25.53131430939227
raw_CU_diffT/TC23SIB09/TC23SIB09_25deg.parquet,TC23SIB09_25deg.parquet,TC23SIB09,SIB,sodium-ion,25.0,,25.0,charge,11,0.0177067042179594,0.2124775723768295,0.1479662464273875,2.62422276649356,25.5244208839779
raw_CU_diffT/TC23SIB09/TC23SIB09_25deg.parquet,TC23SIB09_25deg.parquet,TC23SIB09,SIB,sodium-ion,25.0,,25.0,charge,12,0.0177050143910228,0.23018258676785228,0.16029575722270287,2.66009261381803,25.525872679558013
raw_CU_diffT/TC23SIB09/TC23SIB09_25deg.parquet,TC23SIB09_25deg.parquet,TC23SIB09,SIB,sodium-ion,25.0,,25.0,charge,13,0.0177053985460392,0.24788798531389147,0.1726255355379037,2.69233731699801,25.52399883977901
raw_CU_diffT/TC23SIB09/TC23SIB09_25deg.parquet,TC23SIB09_25deg.parquet,TC23SIB09,SIB,sodium-ion,25.0,,25.0,charge,14,0.0177071323505198,0.2655951176644113,0.18495652124896358,2.72038448485278,25.52789779005525
raw_CU_diffT/TC23SIB09/TC23SIB09_25deg.parquet,TC23SIB09_25deg.parquet,TC23SIB09,SIB,sodium-ion,25.0,,25.0,charge,15,0.0177098611407444,0.2833049788051557,0.1972894072492743,2.74461571150283,25.508753093922653
raw_CU_diffT/TC23SIB09/TC23SIB09_25deg.parquet,TC23SIB09_25deg.parquet,TC23SIB09,SIB,sodium-ion,25.0,,25.0,charge,16,0.0177122907494198,0.30101726955457553,0.20962398519321915,2.76579418518908,25.543446620498617
raw_CU_diffT/TC23SIB09/TC23SIB09_25deg.parquet,TC23SIB09_25deg.parquet,TC23SIB09,SIB,sodium-ion,25.0,,25.0,charge,17,0.0177081627102563,0.31872543226483185,0.22195568843159724,2.78430150003203,25.48562502762431
raw_CU_diffT/TC23SIB09/TC23SIB09_25deg.parquet,TC23SIB09_25deg.parquet,TC23SIB09,SIB,sodium-ion,25.0,,25.0,charge,18,0.0177102384621583,0.33643567072699015,0.23428883719297341,2.80090084427261,25.478319171270716
raw_CU_diffT/TC23SIB09/TC23SIB09_25deg.parquet,TC23SIB09_25deg.parquet,TC23SIB09,SIB,sodium-ion,25.0,,25.0,charge,19,0.0177094738509507,0.35414514457794083,0.24662145349038597,2.81540142085059,25.475871132596684
raw_CU_diffT/TC23SIB09/TC23SIB09_25deg.parquet,TC23SIB09_25deg.parquet,TC23SIB09,SIB,sodium-ion,25.0,,25.0,charge,20,0.017703481926725,0.3718486265046658,0.2589498971001749,2.82837562094667,25.471163729281763
raw_CU_diffT/TC23SIB09/TC23SIB09_25deg.parquet,TC23SIB09_25deg.parquet,TC23SIB09,SIB,sodium-ion,25.0,,25.0,charge,21,0.0177056983935569,0.3895543248982227,0.271279884224763,2.84058663280181,25.469687375690604
raw_CU_diffT/TC23SIB09/TC23SIB09_25deg.parquet,TC23SIB09_25deg.parquet,TC23SIB09,SIB,sodium-ion,25.0,,25.0,charge,22,0.0177045515725927,0.40725887647081543,0.28360907272015223,2.85260684759671,25.493854337016568
raw_CU_diffT/TC23SIB09/TC23SIB09_25deg.parquet,TC23SIB09_25deg.parquet,TC23SIB09,SIB,sodium-ion,25.0,,25.0,charge,23,0.0177066005385556,0.42496547700937104,0.2959396880852068,2.86481785945185,25.50892201657458
raw_CU_diffT/TC23SIB09/TC23SIB09_25deg.parquet,TC23SIB09_25deg.parquet,TC23SIB09,SIB,sodium-ion,25.0,,25.0,charge,24,0.017704471095829,0.44266994810520005,0.3082688205377652,2.87664727718652,25.468429337016577
raw_CU_diffT/TC23SIB09/TC23SIB09_25deg.parquet,TC23SIB09_25deg.parquet,TC23SIB09,SIB,sodium-ion,25.0,,25.0,charge,25,0.0177051878718199,0.46037513597701996,0.3205984521425481,2.88714111549953,25.50931091160221
raw_CU_diffT/TC23SIB09/TC23SIB09_25deg.parquet,TC23SIB09_25deg.parquet,TC23SIB09,SIB,sodium-ion,25.0,,25.0,charge,26,0.0177127560286839,0.47808789200570384,0.33293335410010755,2.89591778027041,25.50083035911602
raw_CU_diffT/TC23SIB09/TC23SIB09_25deg.parquet,TC23SIB09_25deg.parquet,TC23SIB09,SIB,sodium-ion,25.0,,25.0,charge,27,0.0177030293887692,0.49579092139447306,0.345261482569141,2.90393125680035,25.468682872928174
raw_CU_diffT/TC23SIB09/TC23SIB09_25deg.parquet,TC23SIB09_25deg.parquet,TC23SIB09,SIB,sodium-ion,25.0,,25.0,charge,28,0.0177092564324599,0.5135001778269329,0.35759394745952444,2.91194473333028,25.50603839779005
raw_CU_diffT/TC23SIB09/TC23SIB09_25deg.parquet,TC23SIB09_25deg.parquet,TC23SIB09,SIB,sodium-ion,25.0,,25.0,charge,29,0.0177114585809695,0.5312116364079024,0.3699279458936386,2.92148458634211,25.490124392265198
raw_CU_diffT/TC23SIB09/TC23SIB09_25deg.parquet,TC23SIB09_25deg.parquet,TC23SIB09,SIB,sodium-ion,25.0,,25.0,charge,30,0.0177086587081051,0.5489202951160075,0.38225999453760046,2.9329324099563,25.524184696132593
raw_CU_diffT/TC23SIB09/TC23SIB09_25deg.parquet,TC23SIB09_25deg.parquet,TC23SIB09,SIB,sodium-ion,25.0,,25.0,charge,31,0.0177103076657451,0.5666306027817526,0.39459319149133343,2.94762378359452,25.542241270718232
raw_CU_diffT/TC23SIB09/TC23SIB09_25deg.parquet,TC23SIB09_25deg.parquet,TC23SIB09,SIB,sodium-ion,25.0,,25.0,charge,32,0.0177116789430251,0.5843422817247776,0.4069273433823318,2.9642231278351,25.50361428176796
raw_CU_diffT/TC23SIB09/TC23SIB09_25deg.parquet,TC23SIB09_25deg.parquet,TC23SIB09,SIB,sodium-ion,25.0,,25.0,charge,33,0.0177061944705844,0.6020484761953621,0.4192576759676425,2.98253964561781,25.47972856353591
raw_CU_diffT/TC23SIB09/TC23SIB09_25deg.parquet,TC23SIB09_25deg.parquet,TC23SIB09,SIB,sodium-ion,25.0,,25.0,charge,34,0.0177058315182518,0.6197543077136138,0.43158775579830394,3.00200094576194,25.497650359116022
raw_CU_diffT/TC23SIB09/TC23SIB09_25deg.parquet,TC23SIB09_25deg.parquet,TC23SIB09,SIB,sodium-ion,25.0,,25.0,charge,35,0.0177077979521395,0.6374621056657533,0.44391920502451127,3.02203463708677,25.486824806629834
raw_CU_diffT/TC23SIB09/TC23SIB09_25deg.parquet,TC23SIB09_25deg.parquet,TC23SIB09,SIB,sodium-ion,25.0,,25.0,charge,36,0.0177068654455381,0.6551689711112915,0.4562500048668799,3.04283151665256,25.50697306629834
raw_CU_diffT/TC23SIB09/TC23SIB09_25deg.parquet,TC23SIB09_25deg.parquet,TC23SIB09,SIB,sodium-ion,25.0,,25.0,charge,37,0.0177087548584801,0.6728777259697716,0.46858212046854425,3.06381919327858,25.50573245856354
raw_CU_diffT/TC23SIB09/TC23SIB09_25deg.parquet,TC23SIB09_25deg.parquet,TC23SIB09,SIB,sodium-ion,25.0,,25.0,charge,38,0.0177024469983473,0.6905801729681189,0.4809098433694807,3.08557005814555,25.51757027624309
raw_CU_diffT/TC23SIB09/TC23SIB09_25deg.parquet,TC23SIB09_25deg.parquet,TC23SIB09,SIB,sodium-ion,25.0,,25.0,charge,39,0.0177080579452158,0.7082882309133347,0.4932414736510303,3.10770251713299,25.52610160220994
raw_CU_diffT/TC23SIB09/TC23SIB09_25deg.parquet,TC23SIB09_25deg.parquet,TC23SIB09,SIB,sodium-ion,25.0,,25.0,charge,40,0.0177047498934751,0.7259929808068099,0.505570800254156,3.13059816436137,25.508390690607737
raw_CU_diffT/TC23SIB09/TC23SIB09_25deg.parquet,TC23SIB09_25deg.parquet,TC23SIB09,SIB,sodium-ion,25.0,,25.0,charge,41,0.0177031398765651,0.743696120683375,0.5178990056652604,3.15349381158976,25.528065994475135
raw_CU_diffT/TC23SIB09/TC23SIB09_25deg.parquet,TC23SIB09_25deg.parquet,TC23SIB09,SIB,sodium-ion,25.0,,25.0,charge,42,0.0177065304254384,0.7614026511088133,0.5302295722045746,3.17677105293862,25.53526314917127
raw_CU_diffT/TC23SIB09/TC23SIB09_25deg.parquet,TC23SIB09_25deg.parquet,TC23SIB09,SIB,sodium-ion,25.0,,25.0,charge,43,0.0177055027904865,0.7791081538992999,0.5425594231140705,3.20023909134772,25.51785784530387
raw_CU_diffT/TC23SIB09/TC23SIB09_25deg.parquet,TC23SIB09_25deg.parquet,TC23SIB09,SIB,sodium-ion,25.0,,25.0,charge,44,0.0177063264592661,0.796814480358566,0.5548898476143517,3.22370712975681,25.504323839779005
raw_CU_diffT/TC23SIB09/TC23SIB09_25deg.parquet,TC23SIB09_25deg.parquet,TC23SIB09,SIB,sodium-ion,25.0,,25.0,charge,45,0.0177073791518182,0.8145218595103841,0.5672210051941944,3.24736596522614,25.524395662983427
raw_CU_diffT/TC23SIB09/TC23SIB09_25deg.parquet,TC23SIB09_25deg.parquet,TC23SIB09,SIB,sodium-ion,25.0,,25.0,charge,46,0.0177058669809302,0.8322277264913144,0.5795511097205418,3.27102480069548,25.528201322314047
raw_CU_diffT/TC23SIB09/TC23SIB09_25deg.parquet,TC23SIB09_25deg.parquet,TC23SIB09,SIB,sodium-ion,25.0,,25.0,charge,47,0.0177048035834478,0.8499325300747622,0.5918804737125724,3.29468363616481,25.51897955801105
raw_CU_diffT/TC23SIB09/TC23SIB09_25deg.parquet,TC23SIB09_25deg.parquet,TC23SIB09,SIB,sodium-ion,25.0,,25.0,charge,48,0.0177049665571957,0.8676374966319579,0.6042099511971163,3.31796087751367,25.508820359116022
raw_CU_diffT/TC23SIB09/TC23SIB09_25deg.parquet,TC23SIB09_25deg.parquet,TC23SIB09,SIB,sodium-ion,25.0,,25.0,charge,49,0.0177041562009089,0.8853416528328668,0.6165388643614984,3.34104732180229,25.52788861878453
raw_CU_diffT/TC23SIB09/TC23SIB09_25deg.parquet,TC23SIB09_25deg.parquet,TC23SIB09,SIB,sodium-ion,25.0,,25.0,charge,50,0.0177003907134834,0.9030420435463502,0.6288651552959948,3.36394296903068,25.531576740331488
raw_CU_diffT/TC23SIB09/TC23SIB09_25deg.parquet,TC23SIB09_25deg.parquet,TC23SIB09,SIB,sodium-ion,25.0,,25.0,charge,51,0.0177025842251379,0.9207446277714881,0.6411929737596436,3.3870294133193,25.522506160220992
raw_CU_diffT/TC23SIB09/TC23SIB09_25deg.parquet,TC23SIB09_25deg.parquet,TC23SIB09,SIB,sodium-ion,25.0,,25.0,charge,52,0.0177065862564305,0.9384512140279186,0.653523579178837,3.40916187230674,25.512432265193368
raw_CU_diffT/TC23SIB09/TC23SIB09_25deg.parquet,TC23SIB09_25deg.parquet,TC23SIB09,SIB,sodium-ion,25.0,,25.0,charge,53,0.0177012505394316,0.9561524645673503,0.6658504688834376,3.43091273717371,25.50773273480663
raw_CU_diffT/TC23SIB09/TC23SIB09_25deg.parquet,TC23SIB09_25deg.parquet,TC23SIB09,SIB,sodium-ion,25.0,,25.0,charge,54,0.0177020101447762,0.9738544747121265,0.6781778875659926,3.45209121085997,25.56403516574586
raw_CU_diffT/TC23SIB09/TC23SIB09_25deg.parquet,TC23SIB09_25deg.parquet,TC23SIB09,SIB,sodium-ion,25.0,,25.0,charge,55,0.0177048491376419,0.9915593238497684,0.6905072832812917,3.47269729336551,25.56357961325967
raw_CU_diffT/TC23SIB09/TC23SIB09_25deg.parquet,TC23SIB09_25deg.parquet,TC23SIB09,SIB,sodium-ion,25.0,,25.0,charge,56,0.017702586189135,1.0092619100389033,0.702835103112639,3.49292178175059,25.536900386740335
raw_CU_diffT/TC23SIB09/TC23SIB09_25deg.parquet,TC23SIB09_25deg.parquet,TC23SIB09,SIB,sodium-ion,25.0,,25.0,charge,57,0.0177020427991199,1.0269639528380232,0.7151625445351972,3.51276467601519,25.513672707182327
raw_CU_diffT/TC23SIB09/TC23SIB09_25deg.parquet,TC23SIB09_25deg.parquet,TC23SIB09,SIB,sodium-ion,25.0,,25.0,charge,58,0.0177010848342335,1.0446650376722568,0.7274893188451428,3.53279836734003,25.5011508839779
raw_CU_diffT/TC23SIB09/TC23SIB09_25deg.parquet,TC23SIB09_25deg.parquet,TC23SIB09,SIB,sodium-ion,25.0,,25.0,charge,59,0.0177049801618094,1.0623700178340663,0.739818805803739,3.55245046454439,25.522193895027627
raw_CU_diffT/TC23SIB09/TC23SIB09_25deg.parquet,TC23SIB09_25deg.parquet,TC23SIB09,SIB,sodium-ion,25.0,,25.0,charge,60,0.0177024471549675,1.0800724649890339,0.7521465288137436,3.57248415586923,25.53677370165746
raw_CU_diffT/TC23SIB09/TC23SIB09_25deg.parquet,TC23SIB09_25deg.parquet,TC23SIB09,SIB,sodium-ion,25.0,,25.0,charge,61,0.0177042172358565,1.0977766822248904,0.7644754844819627,3.59270864425431,25.544907845303868
raw_CU_diffT/TC23SIB09/TC23SIB09_25deg.parquet,TC23SIB09_25deg.parquet,TC23SIB09,SIB,sodium-ion,25.0,,25.0,charge,62,0.0177049929887711,1.1154816752136616,0.7768049803730658,3.61312392969962,25.546781298342538
raw_CU_diffT/TC23SIB09/TC23SIB09_25deg.parquet,TC23SIB09_25deg.parquet,TC23SIB09,SIB,sodium-ion,25.0,,25.0,charge,63,0.0177019837985798,1.1331836590122415,0.7891323807085184,3.6339208092654,25.54799533149171
raw_CU_diffT/TC23SIB09/TC23SIB09_25deg.parquet,TC23SIB09_25deg.parquet,TC23SIB09,SIB,sodium-ion,25.0,,25.0,charge,64,0.0177024162906391,1.1508860753028807,0.80146008222506,3.65548087707213,25.551943646408837
raw_CU_diffT/TC23SIB09/TC23SIB09_25deg.parquet,TC23SIB09_25deg.parquet,TC23SIB09,SIB,sodium-ion,25.0,,25.0,charge,65,0.0177002326586896,1.1685863079615704,0.8137862630925301,3.67761333605957,25.56629674033149
raw_CU_diffT/TC23SIB09/TC23SIB09_25deg.parquet,TC23SIB09_25deg.parquet,TC23SIB09,SIB,sodium-ion,25.0,,25.0,charge,66,0.0177019621749978,1.1862882701365682,0.8261136483696393,3.7006997803482,25.58050533149171
raw_CU_diffT/TC23SIB09/TC23SIB09_25deg.parquet,TC23SIB09_25deg.parquet,TC23SIB09,SIB,sodium-ion,25.0,,25.0,charge,67,0.0177017404433447,1.2039900105799128,0.8384408792360967,3.72435861581753,25.59130563535912
raw_CU_diffT/TC23SIB09/TC23SIB09_25deg.parquet,TC23SIB09_25deg.parquet,TC23SIB09,SIB,sodium-ion,25.0,,25.0,charge,68,0.0177015402057755,1.2216915507856883,0.8507679706600653,3.74973462482899,25.600594171270718
raw_CU_diffT/TC23SIB09/TC23SIB09_25deg.parquet,TC23SIB09_25deg.parquet,TC23SIB09,SIB,sodium-ion,25.0,,25.0,charge,69,0.0177020757506083,1.2393936265362966,0.8630954350295538,3.7758738220814,25.611083232044198
raw_CU_diffT/TC23SIB09/TC23SIB09_25deg.parquet,TC23SIB09_25deg.parquet,TC23SIB09,SIB,sodium-ion,25.0,,25.0,charge,70,0.0177022377039677,1.2570958642402643,0.8754230121809723,3.80334859875546,25.629991215469612
raw_CU_diffT/TC23SIB09/TC23SIB09_25deg.parquet,TC23SIB09_25deg.parquet,TC23SIB09,SIB,sodium-ion,25.0,,25.0,charge,71,0.0177035171775821,1.2747993814178464,0.887751480338938,3.83120496955,25.666381933701658
raw_CU_diffT/TC23SIB09/TC23SIB09_25deg.parquet,TC23SIB09_25deg.parquet,TC23SIB09,SIB,sodium-ion,25.0,,25.0,charge,72,0.0177019803289188,1.2925013617467653,0.90007887825817,3.85963373152524,25.734944861878454
raw_CU_diffT/TC23SIB09/TC23SIB09_25deg.parquet,TC23SIB09_25deg.parquet,TC23SIB09,SIB,sodium-ion,25.0,,25.0,charge,73,0.0177018951595273,1.3102032569062927,0.9124062168666943,3.88691771113907,25.865700828729278
raw_CU_diffT/TC23SIB09/TC23SIB09_25deg.parquet,TC23SIB09_25deg.parquet,TC23SIB09,SIB,sodium-ion,25.0,,25.0,charge,74,0.0177024391916882,1.327905696097981,0.9247339343311886,3.91191212603006,26.066166629834257
raw_CU_diffT/TC23SIB09/TC23SIB09_25deg.parquet,TC23SIB09_25deg.parquet,TC23SIB09,SIB,sodium-ion,25.0,,25.0,charge,75,0.0177032655218505,1.3456089616198315,0.9370622272398158,3.93442617913797,26.27535773480663
raw_CU_diffT/TC23SIB09/TC23SIB09_25deg.parquet,TC23SIB09_25deg.parquet,TC23SIB09,SIB,sodium-ion,25.0,,25.0,charge,76,0.0177035068250945,1.363312468444926,0.949390688188462,3.95484146458329,26.447034613259664
raw_CU_diffT/TC23SIB09/TC23SIB09_25deg.parquet,TC23SIB09_25deg.parquet,TC23SIB09,SIB,sodium-ion,25.0,,25.0,charge,77,0.0177022475684117,1.3810147160133377,0.9617182722093337,3.97277638824552,26.59105406077348
raw_CU_diffT/TC23SIB09/TC23SIB09_25deg.parquet,TC23SIB09_25deg.parquet,TC23SIB09,SIB,sodium-ion,25.0,,25.0,charge,78,0.0177022097446765,1.398716925758014,0.9740458298903143,3.98861254424516,26.719531546961324
raw_CU_diffT/TC23SIB09/TC23SIB09_25deg.parquet,TC23SIB09_25deg.parquet,TC23SIB09,SIB,sodium-ion,25.0,,25.0,charge,79,0.0177053000024226,1.4164222257604366,0.9863755395811944,4.00196833846171,26.846591519337018
raw_CU_diffT/TC23SIB09/TC23SIB09_25deg.parquet,TC23SIB09_25deg.parquet,TC23SIB09,SIB,sodium-ion,25.0,,25.0,charge,80,0.0177018489797974,1.434124074740234,0.998702846030836,4.01322536501567,26.970951795580113
raw_CU_diffT/TC23SIB09/TC23SIB09_25deg.parquet,TC23SIB09_25deg.parquet,TC23SIB09,SIB,sodium-ion,25.0,,25.0,charge,81,5.60177704556829e-05,1.4341800925106896,0.9987418559796736,4.00845543850976,26.169458453038676
raw_CU_diffT/TC23SIB09/TC23SIB09_25deg.parquet,TC23SIB09_25deg.parquet,TC23SIB09,SIB,sodium-ion,25.0,,25.0,charge,82,5.55260159136621e-05,1.4342356185266032,0.9987805234779037,4.00540268554597,25.81352306629834
raw_CU_diffT/TC23SIB09/TC23SIB09_25deg.parquet,TC23SIB09_25deg.parquet,TC23SIB09,SIB,sodium-ion,25.0,,25.0,charge,83,5.77981614620025e-05,1.4342934166880652,0.9988207732647695,4.00330391788337,25.660163508287294
raw_CU_diffT/TC23SIB09/TC23SIB09_25deg.parquet,TC23SIB09_25deg.parquet,TC23SIB09,SIB,sodium-ion,25.0,,25.0,charge,84,5.93415664729069e-05,1.4343527582545381,0.9988620978561129,4.001395947281,25.58805701657459
raw_CU_diffT/TC23SIB09/TC23SIB09_25deg.parquet,TC23SIB09_25deg.parquet,TC23SIB09,SIB,sodium-ion,25.0,,25.0,charge,85,6.39076362142154e-05,1.4344166658907522,0.9989066021910546,3.99986957079911,25.554701933701658
raw_CU_diffT/TC23SIB09/TC23SIB09_25deg.parquet,TC23SIB09_25deg.parquet,TC23SIB09,SIB,sodium-ion,25.0,,25.0,charge,86,6.17478851679498e-05,1.4344784137759201,0.9989496025072334,3.99853399137746,25.540166104972375
raw_CU_diffT/TC23SIB09/TC23SIB09_25deg.parquet,TC23SIB09_25deg.parquet,TC23SIB09,SIB,sodium-ion,25.0,,25.0,charge,87,6.75613568692916e-05,1.4345459751327894,0.998996651239331,3.99758000607627,25.531846408839783
raw_CU_diffT/TC23SIB09/TC23SIB09_25deg.parquet,TC23SIB09_25deg.parquet,TC23SIB09,SIB,sodium-ion,25.0,,25.0,charge,88,6.778811382491e-05,1.4346137632466143,0.9990438578816268,3.99681681783533,25.5239841160221
raw_CU_diffT/TC23SIB09/TC23SIB09_25deg.parquet,TC23SIB09_25deg.parquet,TC23SIB09,SIB,sodium-ion,25.0,,25.0,charge,89,7.56605798771942e-05,1.4346894238264916,0.999096546793128,3.99586283253414,25.513096988950274
raw_CU_diffT/TC23SIB09/TC23SIB09_25deg.parquet,TC23SIB09_25deg.parquet,TC23SIB09,SIB,sodium-ion,25.0,,25.0,charge,90,7.37202735446566e-05,1.4347631441000361,0.9991478845039271,3.9950996442932,25.50336066298343
raw_CU_diffT/TC23SIB09/TC23SIB09_25deg.parquet,TC23SIB09_25deg.parquet,TC23SIB09,SIB,sodium-ion,25.0,,25.0,charge,91,7.92692832136133e-05,1.4348424133832498,0.9992030864631877,3.99452725311249,25.498514254143643
raw_CU_diffT/TC23SIB09/TC23SIB09_25deg.parquet,TC23SIB09_25deg.parquet,TC23SIB09,SIB,sodium-ion,25.0,,25.0,charge,92,8.20331570579317e-05,1.4349244465403077,0.999260213143414,3.99376406487154,25.495290276243093
raw_CU_diffT/TC23SIB09/TC23SIB09_25deg.parquet,TC23SIB09_25deg.parquet,TC23SIB09,SIB,sodium-ion,25.0,,25.0,charge,93,8.29870053933773e-05,1.435007433545701,0.9993180040695477,3.99319167369083,25.49416602209945
raw_CU_diffT/TC23SIB09/TC23SIB09_25deg.parquet,TC23SIB09_25deg.parquet,TC23SIB09,SIB,sodium-ion,25.0,,25.0,charge,94,8.72560261686152e-05,1.4350946895718697,0.9993787678787626,3.99281007957036,25.49213850828729
raw_CU_diffT/TC23SIB09/TC23SIB09_25deg.parquet,TC23SIB09_25deg.parquet,TC23SIB09,SIB,sodium-ion,25.0,,25.0,charge,95,8.52398944722106e-05,1.4351799294663419,0.9994381276836108,3.99223768838965,25.489161574585633
raw_CU_diffT/TC23SIB09/TC23SIB09_25deg.parquet,TC23SIB09_25deg.parquet,TC23SIB09,SIB,sodium-ion,25.0,,25.0,charge,96,8.90692969921907e-05,1.435268998763334,0.9995001542278735,3.99185609426918,25.487379861878456
raw_CU_diffT/TC23SIB09/TC23SIB09_25deg.parquet,TC23SIB09_25deg.parquet,TC23SIB09,SIB,sodium-ion,25.0,,25.0,charge,97,8.75711027013743e-05,1.4353565698660353,0.9995611374517369,3.99166529720894,25.484762762430943
raw_CU_diffT/TC23SIB09/TC23SIB09_25deg.parquet,TC23SIB09_25deg.parquet,TC23SIB09,SIB,sodium-ion,25.0,,25.0,charge,98,8.84887122971625e-05,1.4354450585783325,0.9996227596853842,3.99128370308847,25.481080276243098
raw_CU_diffT/TC23SIB09/TC23SIB09_25deg.parquet,TC23SIB09_25deg.parquet,TC23SIB09,SIB,sodium-ion,25.0,,25.0,charge,99,9.40107872736301e-05,1.435539069365606,0.9996882274105702,3.99090210896799,25.48106339779005
raw_CU_diffT/TC23SIB09/TC23SIB09_25deg.parquet,TC23SIB09_25deg.parquet,TC23SIB09,SIB,sodium-ion,25.0,,25.0,charge,100,8.86755727548162e-05,1.4356277449383608,0.999749979771083,3.99071131190776,25.48422317679558
raw_CU_diffT/TC23SIB09/TC23SIB09_25deg.parquet,TC23SIB09_25deg.parquet,TC23SIB09,SIB,sodium-ion,25.0,,25.0,charge,101,8.92136415823058e-05,1.435716958579943,0.9998121068347885,3.99032971778728,25.487193756906077
raw_CU_diffT/TC23SIB09/TC23SIB09_25deg.parquet,TC23SIB09_25deg.parquet,TC23SIB09,SIB,sodium-ion,25.0,,25.0,charge,102,9.17498293533815e-05,1.4358087084092963,0.9998760000622379,3.98994812366681,25.4884103038674
raw_CU_diffT/TC23SIB09/TC23SIB09_25deg.parquet,TC23SIB09_25deg.parquet,TC23SIB09,SIB,sodium-ion,25.0,,25.0,charge,103,8.91533213225677e-05,1.4358978617306188,0.9999380851198045,3.98994812366681,25.48308552486188
raw_CU_diffT/TC23SIB09/TC23SIB09_25deg.parquet,TC23SIB09_25deg.parquet,TC23SIB09,SIB,sodium-ion,25.0,,25.0,charge,104,8.89089488688889e-05,1.4359867706794878,1.0,3.98956652954634,25.480911767955796
raw_CU_diffT/TC23SIB09/TC23SIB09_35deg.parquet,TC23SIB09_35deg.parquet,TC23SIB09,SIB,sodium-ion,35.0,,35.0,discharge,0,0.0165280168345317,0.0165280168345317,0.010570834150720632,4.03497622988264,35.47313776243094
raw_CU_diffT/TC23SIB09/TC23SIB09_35deg.parquet,TC23SIB09_35deg.parquet,TC23SIB09,SIB,sodium-ion,35.0,,35.0,discharge,1,0.016529228471789,0.033057245306320704,0.02114244322904607,4.00425790318455,35.48128933701658
raw_CU_diffT/TC23SIB09/TC23SIB09_35deg.parquet,TC23SIB09_35deg.parquet,TC23SIB09,SIB,sodium-ion,35.0,,35.0,discharge,2,0.0165286834681858,0.0495859287745065,0.031713703739073285,3.97964508241404,35.480390828729284
raw_CU_diffT/TC23SIB09/TC23SIB09_35deg.parquet,TC23SIB09_35deg.parquet,TC23SIB09,SIB,sodium-ion,35.0,,35.0,discharge,3,0.0165288891521535,0.06611481792666,0.04228509579852545,3.95922979696873,35.4843241160221
raw_CU_diffT/TC23SIB09/TC23SIB09_35deg.parquet,TC23SIB09_35deg.parquet,TC23SIB09,SIB,sodium-ion,35.0,,35.0,discharge,4,0.016529000218984,0.082643818145644,0.052856558893060436,3.94243965566791,35.48691430939226
raw_CU_diffT/TC23SIB09/TC23SIB09_35deg.parquet,TC23SIB09_35deg.parquet,TC23SIB09,SIB,sodium-ion,35.0,,35.0,discharge,5,0.0165292344029651,0.0991730525486091,0.0634281717647919,3.92851147027064,35.495401602209945
raw_CU_diffT/TC23SIB09/TC23SIB09_35deg.parquet,TC23SIB09_35deg.parquet,TC23SIB09,SIB,sodium-ion,35.0,,35.0,discharge,6,0.0165289366257482,0.1157019891743573,0.07399959418696096,3.91553727017456,35.50044444751381
raw_CU_diffT/TC23SIB09/TC23SIB09_35deg.parquet,TC23SIB09_35deg.parquet,TC23SIB09,SIB,sodium-ion,35.0,,35.0,discharge,7,0.0165289206286182,0.1322309098029755,0.0845710063778355,3.90199067889776,35.49895466850828
raw_CU_diffT/TC23SIB09/TC23SIB09_35deg.parquet,TC23SIB09_35deg.parquet,TC23SIB09,SIB,sodium-ion,35.0,,35.0,discharge,8,0.0165286750677407,0.1487595848707162,0.09514226151518475,3.88577292877765,35.5071785359116
raw_CU_diffT/TC23SIB09/TC23SIB09_35deg.parquet,TC23SIB09_35deg.parquet,TC23SIB09,SIB,sodium-ion,35.0,,35.0,discharge,9,0.0165272087264506,0.1652867935971668,0.1057125788237103,3.86631162863352,35.48692386740331
raw_CU_diffT/TC23SIB09/TC23SIB09_35deg.parquet,TC23SIB09_35deg.parquet,TC23SIB09,SIB,sodium-ion,35.0,,35.0,discharge,10,0.0165270977295228,0.1818138913266896,0.11628282514186072,3.84379757552561,35.48826834254144
raw_CU_diffT/TC23SIB09/TC23SIB09_35deg.parquet,TC23SIB09_35deg.parquet,TC23SIB09,SIB,sodium-ion,35.0,,35.0,discharge,11,0.0165289189629482,0.1983428102896378,0.12685423626742165,3.8191847547551,35.48775950276243
raw_CU_diffT/TC23SIB09/TC23SIB09_35deg.parquet,TC23SIB09_35deg.parquet,TC23SIB09,SIB,sodium-ion,35.0,,35.0,discharge,12,0.0165270613574551,0.2148698716470929,0.1374244593230658,3.79323635456292,35.476183812154694
raw_CU_diffT/TC23SIB09/TC23SIB09_35deg.parquet,TC23SIB09_35deg.parquet,TC23SIB09,SIB,sodium-ion,35.0,,35.0,discharge,13,0.0165289812732989,0.2313988529203918,0.14799591030049702,3.76671556319004,35.47756331491713
raw_CU_diffT/TC23SIB09/TC23SIB09_35deg.parquet,TC23SIB09_35deg.parquet,TC23SIB09,SIB,sodium-ion,35.0,,35.0,discharge,14,0.0165286960708466,0.2479275489912384,0.15856717887081595,3.74076716299787,35.48020715469613
raw_CU_diffT/TC23SIB09/TC23SIB09_35deg.parquet,TC23SIB09_35deg.parquet,TC23SIB09,SIB,sodium-ion,35.0,,35.0,discharge,15,0.0165288955061343,0.2644564444973727,0.16913857499408763,3.71500955986594,35.47336640883978
raw_CU_diffT/TC23SIB09/TC23SIB09_35deg.parquet,TC23SIB09_35deg.parquet,TC23SIB09,SIB,sodium-ion,35.0,,35.0,discharge,16,0.0165284091763548,0.2809848536737275,0.1797096600751155,3.69020594203519,35.47980850828729
raw_CU_diffT/TC23SIB09/TC23SIB09_35deg.parquet,TC23SIB09_35deg.parquet,TC23SIB09,SIB,sodium-ion,35.0,,35.0,discharge,17,0.0165286591799435,0.297513512853671,0.19028090505109627,3.66597471538514,35.4900223480663
raw_CU_diffT/TC23SIB09/TC23SIB09_35deg.parquet,TC23SIB09_35deg.parquet,TC23SIB09,SIB,sodium-ion,35.0,,35.0,discharge,18,0.0165290252559839,0.3140425381096549,0.20085238415856105,3.64269747403628,35.48126323204419
raw_CU_diffT/TC23SIB09/TC23SIB09_35deg.parquet,TC23SIB09_35deg.parquet,TC23SIB09,SIB,sodium-ion,35.0,,35.0,discharge,19,0.016528992588865,0.33057153069851986,0.21142384237309603,3.61999262386813,35.491983922651926
raw_CU_diffT/TC23SIB09/TC23SIB09_35deg.parquet,TC23SIB09_35deg.parquet,TC23SIB09,SIB,sodium-ion,35.0,,35.0,discharge,20,0.0165288236803329,0.3471003543788528,0.2219951925586946,3.59805096194093,35.50362480662983
raw_CU_diffT/TC23SIB09/TC23SIB09_35deg.parquet,TC23SIB09_35deg.parquet,TC23SIB09,SIB,sodium-ion,35.0,,35.0,discharge,21,0.0165283906321516,0.3636287450110044,0.23256626577939474,3.57668169119444,35.49720953038675
raw_CU_diffT/TC23SIB09/TC23SIB09_35deg.parquet,TC23SIB09_35deg.parquet,TC23SIB09,SIB,sodium-ion,35.0,,35.0,discharge,22,0.0165285779150706,0.380157322926075,0.24313745878074952,3.55607560868889,35.50250665745856
raw_CU_diffT/TC23SIB09/TC23SIB09_35deg.parquet,TC23SIB09_35deg.parquet,TC23SIB09,SIB,sodium-ion,35.0,,35.0,discharge,23,0.0165274176584582,0.39668474058453324,0.25370790971605095,3.53585112030381,35.512630828729286
raw_CU_diffT/TC23SIB09/TC23SIB09_35deg.parquet,TC23SIB09_35deg.parquet,TC23SIB09,SIB,sodium-ion,35.0,,35.0,discharge,24,0.0165275573927038,0.413212297977237,0.2642784500212719,3.51562663191874,35.52695997237569
raw_CU_diffT/TC23SIB09/TC23SIB09_35deg.parquet,TC23SIB09_35deg.parquet,TC23SIB09,SIB,sodium-ion,35.0,,35.0,discharge,25,0.0165292883562275,0.42974158633346454,0.2748500973999255,3.49597453471437,35.51739226519337
raw_CU_diffT/TC23SIB09/TC23SIB09_35deg.parquet,TC23SIB09_35deg.parquet,TC23SIB09,SIB,sodium-ion,35.0,,35.0,discharge,26,0.0165290119191809,0.4462705982526454,0.2854215679775628,3.47632243751001,35.5259605801105
raw_CU_diffT/TC23SIB09/TC23SIB09_35deg.parquet,TC23SIB09_35deg.parquet,TC23SIB09,SIB,sodium-ion,35.0,,35.0,discharge,27,0.016529272504891,0.4627998707575364,0.295993205218167,3.45686113736588,35.529277403314914
raw_CU_diffT/TC23SIB09/TC23SIB09_35deg.parquet,TC23SIB09_35deg.parquet,TC23SIB09,SIB,sodium-ion,35.0,,35.0,discharge,28,0.0165289955485986,0.479328866306135,0.3065646653256607,3.43739983722175,35.524270469613256
raw_CU_diffT/TC23SIB09/TC23SIB09_35deg.parquet,TC23SIB09_35deg.parquet,TC23SIB09,SIB,sodium-ion,35.0,,35.0,discharge,29,0.0165283892053965,0.49585725551153154,0.31713573763385017,3.41793853707762,35.53748314917127
raw_CU_diffT/TC23SIB09/TC23SIB09_35deg.parquet,TC23SIB09_35deg.parquet,TC23SIB09,SIB,sodium-ion,35.0,,35.0,discharge,30,0.0165277133572331,0.5123849688687646,0.3277063776894035,3.39828643987326,35.53858273480663
raw_CU_diffT/TC23SIB09/TC23SIB09_35deg.parquet,TC23SIB09_35deg.parquet,TC23SIB09,SIB,sodium-ion,35.0,,35.0,discharge,31,0.016528468856298,0.5289134377250626,0.3382775009399703,3.37844354560866,35.5379646961326
raw_CU_diffT/TC23SIB09/TC23SIB09_35deg.parquet,TC23SIB09_35deg.parquet,TC23SIB09,SIB,sodium-ion,35.0,,35.0,discharge,32,0.0165273265763102,0.5454407643013728,0.34884789362180485,3.35860065134406,35.54760665745856
raw_CU_diffT/TC23SIB09/TC23SIB09_35deg.parquet,TC23SIB09_35deg.parquet,TC23SIB09,SIB,sodium-ion,35.0,,35.0,discharge,33,0.0165290088743565,0.5619697731757293,0.3594193622520619,3.33875775707945,35.53411334254143
raw_CU_diffT/TC23SIB09/TC23SIB09_35deg.parquet,TC23SIB09_35deg.parquet,TC23SIB09,SIB,sodium-ion,35.0,,35.0,discharge,34,0.0165272873807155,0.5784970605564448,0.36998972986554524,3.31910565987509,35.55304005524862
raw_CU_diffT/TC23SIB09/TC23SIB09_35deg.parquet,TC23SIB09_35deg.parquet,TC23SIB09,SIB,sodium-ion,35.0,,35.0,discharge,35,0.0165290181125949,0.5950260786690397,0.38056120440430824,3.29926276561049,35.541607320442
raw_CU_diffT/TC23SIB09/TC23SIB09_35deg.parquet,TC23SIB09_35deg.parquet,TC23SIB09,SIB,sodium-ion,35.0,,35.0,discharge,36,0.0165290962308142,0.6115551748998539,0.39113272890519,3.27941987134589,35.54580582872928
raw_CU_diffT/TC23SIB09/TC23SIB09_35deg.parquet,TC23SIB09_35deg.parquet,TC23SIB09,SIB,sodium-ion,35.0,,35.0,discharge,37,0.0165284566315549,0.6280836315314088,0.40170384433717016,3.25976777414152,35.549351132596684
raw_CU_diffT/TC23SIB09/TC23SIB09_35deg.parquet,TC23SIB09_35deg.parquet,TC23SIB09,SIB,sodium-ion,35.0,,35.0,discharge,38,0.0165289649319347,0.6446125964633435,0.41227528486314474,3.23992487987692,35.54498052486188
raw_CU_diffT/TC23SIB09/TC23SIB09_35deg.parquet,TC23SIB09_35deg.parquet,TC23SIB09,SIB,sodium-ion,35.0,,35.0,discharge,39,0.0165287962921751,0.6611413927555185,0.42284661753208197,3.22008198561232,35.56017359116022
raw_CU_diffT/TC23SIB09/TC23SIB09_35deg.parquet,TC23SIB09_35deg.parquet,TC23SIB09,SIB,sodium-ion,35.0,,35.0,discharge,40,0.0165286139564035,0.677670006711922,0.4334178335844147,3.20042988840795,35.54617113259669
raw_CU_diffT/TC23SIB09/TC23SIB09_35deg.parquet,TC23SIB09_35deg.parquet,TC23SIB09,SIB,sodium-ion,35.0,,35.0,discharge,41,0.0165288267396466,0.6941988334515686,0.44398918572666046,3.18039619708311,35.54906850828729
raw_CU_diffT/TC23SIB09/TC23SIB09_35deg.parquet,TC23SIB09_35deg.parquet,TC23SIB09,SIB,sodium-ion,35.0,,35.0,discharge,42,0.0165292165987341,0.7107280500503027,0.4545607872113287,3.16055330281851,35.5607276519337
raw_CU_diffT/TC23SIB09/TC23SIB09_35deg.parquet,TC23SIB09_35deg.parquet,TC23SIB09,SIB,sodium-ion,35.0,,35.0,discharge,43,0.0165291592565477,0.7272572093068504,0.4651323520216186,3.14090120561415,35.55717494475138
raw_CU_diffT/TC23SIB09/TC23SIB09_35deg.parquet,TC23SIB09_35deg.parquet,TC23SIB09,SIB,sodium-ion,35.0,,35.0,discharge,44,0.0165275562612029,0.7437847655680534,0.4757028916031649,3.12105831134955,35.55446665745856
raw_CU_diffT/TC23SIB09/TC23SIB09_35deg.parquet,TC23SIB09_35deg.parquet,TC23SIB09,SIB,sodium-ion,35.0,,35.0,discharge,45,0.0165288783999831,0.7603136439680365,0.4862742767858447,3.10159701120542,35.559309917127074
raw_CU_diffT/TC23SIB09/TC23SIB09_35deg.parquet,TC23SIB09_35deg.parquet,TC23SIB09,SIB,sodium-ion,35.0,,35.0,discharge,46,0.0165283434446595,0.776841987412696,0.4968453198268107,3.08232650812152,35.54860566298342
raw_CU_diffT/TC23SIB09/TC23SIB09_35deg.parquet,TC23SIB09_35deg.parquet,TC23SIB09,SIB,sodium-ion,35.0,,35.0,discharge,47,0.0165283938652957,0.7933703812779916,0.5074163951153349,3.06324680209787,35.55948284530386
raw_CU_diffT/TC23SIB09/TC23SIB09_35deg.parquet,TC23SIB09_35deg.parquet,TC23SIB09,SIB,sodium-ion,35.0,,35.0,discharge,48,0.0165289993250002,0.8098993806029918,0.5179878576381041,3.04435789313445,35.54573455801105
raw_CU_diffT/TC23SIB09/TC23SIB09_35deg.parquet,TC23SIB09_35deg.parquet,TC23SIB09,SIB,sodium-ion,35.0,,35.0,discharge,49,0.0165289515161187,0.8264283321191105,0.5285592895837167,3.02585057829151,35.5580291436464
raw_CU_diffT/TC23SIB09/TC23SIB09_35deg.parquet,TC23SIB09_35deg.parquet,TC23SIB09,SIB,sodium-ion,35.0,,35.0,discharge,50,0.0165275112365754,0.8429558433556859,0.5391298003688335,3.0075340605088,35.55188676795581
raw_CU_diffT/TC23SIB09/TC23SIB09_35deg.parquet,TC23SIB09_35deg.parquet,TC23SIB09,SIB,sodium-ion,35.0,,35.0,discharge,51,0.0165275852624385,0.8594834286181243,0.5497003584987183,2.98921754272609,35.5586099723757
raw_CU_diffT/TC23SIB09/TC23SIB09_35deg.parquet,TC23SIB09_35deg.parquet,TC23SIB09,SIB,sodium-ion,35.0,,35.0,discharge,52,0.0165278035081607,0.8760112321262851,0.5602710562121573,2.97128261906385,35.557547900552485
raw_CU_diffT/TC23SIB09/TC23SIB09_35deg.parquet,TC23SIB09_35deg.parquet,TC23SIB09,SIB,sodium-ion,35.0,,35.0,discharge,53,0.0165287254037679,0.892539957530053,0.5708423435429513,2.95353849246185,35.57031395027624
raw_CU_diffT/TC23SIB09/TC23SIB09_35deg.parquet,TC23SIB09_35deg.parquet,TC23SIB09,SIB,sodium-ion,35.0,,35.0,discharge,54,0.0165289722416081,0.9090689297716611,0.5814137887439783,2.93579436585985,35.56967
raw_CU_diffT/TC23SIB09/TC23SIB09_35deg.parquet,TC23SIB09_35deg.parquet,TC23SIB09,SIB,sodium-ion,35.0,,35.0,discharge,55,0.0165287550466436,0.9255976848183047,0.591985095033485,2.91843183337833,35.55553008287292
raw_CU_diffT/TC23SIB09/TC23SIB09_35deg.parquet,TC23SIB09_35deg.parquet,TC23SIB09,SIB,sodium-ion,35.0,,35.0,discharge,56,0.0165289177810303,0.942126602599335,0.6025565054031259,2.90126009795704,35.56787022099447
raw_CU_diffT/TC23SIB09/TC23SIB09_35deg.parquet,TC23SIB09_35deg.parquet,TC23SIB09,SIB,sodium-ion,35.0,,35.0,discharge,57,0.016528895942809,0.958655498542144,0.6131279018056819,2.88427915959598,35.57152162983426
raw_CU_diffT/TC23SIB09/TC23SIB09_35deg.parquet,TC23SIB09_35deg.parquet,TC23SIB09,SIB,sodium-ion,35.0,,35.0,discharge,58,0.0165289013460981,0.9751843998882421,0.6236993016640229,2.86748901829517,35.5714053038674
raw_CU_diffT/TC23SIB09/TC23SIB09_35deg.parquet,TC23SIB09_35deg.parquet,TC23SIB09,SIB,sodium-ion,35.0,,35.0,discharge,59,0.0165282827690867,0.9917126826573288,0.6342703058986746,2.85108047111482,35.57694872928177
raw_CU_diffT/TC23SIB09/TC23SIB09_35deg.parquet,TC23SIB09_35deg.parquet,TC23SIB09,SIB,sodium-ion,35.0,,35.0,discharge,60,0.0165292223497144,1.0082419050070432,0.6448419110615009,2.83524431511519,35.584344226519335
raw_CU_diffT/TC23SIB09/TC23SIB09_35deg.parquet,TC23SIB09_35deg.parquet,TC23SIB09,SIB,sodium-ion,35.0,,35.0,discharge,61,0.0165289714012823,1.0247708764083256,0.6554133557250803,2.81998055029626,35.57297806629834
raw_CU_diffT/TC23SIB09/TC23SIB09_35deg.parquet,TC23SIB09_35deg.parquet,TC23SIB09,SIB,sodium-ion,35.0,,35.0,discharge,62,0.0165284872334608,1.0412993636417864,0.6659844907291407,2.8081511325616,35.591097099447516
raw_CU_diffT/TC23SIB09/TC23SIB09_35deg.parquet,TC23SIB09_35deg.parquet,TC23SIB09,SIB,sodium-ion,35.0,,35.0,discharge,63,0.016528859394738,1.0578282230365244,0.6765558637566238,2.80261801781474,35.59794828729282
raw_CU_diffT/TC23SIB09/TC23SIB09_35deg.parquet,TC23SIB09_35deg.parquet,TC23SIB09,SIB,sodium-ion,35.0,,35.0,discharge,64,0.0165286020920576,1.074356825128582,0.6871270722208694,2.79956526485095,35.62212895027624
raw_CU_diffT/TC23SIB09/TC23SIB09_35deg.parquet,TC23SIB09_35deg.parquet,TC23SIB09,SIB,sodium-ion,35.0,,35.0,discharge,65,0.0165290538722672,1.090885879000849,0.6976985696304685,2.7967033089474,35.61330569060773
raw_CU_diffT/TC23SIB09/TC23SIB09_35deg.parquet,TC23SIB09_35deg.parquet,TC23SIB09,SIB,sodium-ion,35.0,,35.0,discharge,66,0.0165274172839505,1.1074132962847996,0.7082690203262457,2.79365055598362,35.62231767955801
raw_CU_diffT/TC23SIB09/TC23SIB09_35deg.parquet,TC23SIB09_35deg.parquet,TC23SIB09,SIB,sodium-ion,35.0,,35.0,discharge,67,0.0165291491062963,1.1239424453910958,0.7188405786447329,2.79002541183913,35.608233701657454
raw_CU_diffT/TC23SIB09/TC23SIB09_35deg.parquet,TC23SIB09_35deg.parquet,TC23SIB09,SIB,sodium-ion,35.0,,35.0,discharge,68,0.0165291303836135,1.1404715757747093,0.7294121249887421,2.78582787651392,35.61545881215469
raw_CU_diffT/TC23SIB09/TC23SIB09_35deg.parquet,TC23SIB09_35deg.parquet,TC23SIB09,SIB,sodium-ion,35.0,,35.0,discharge,69,0.0165285681548072,1.1570001439295166,0.7399833117477191,2.78010396470682,35.60752419889502
raw_CU_diffT/TC23SIB09/TC23SIB09_35deg.parquet,TC23SIB09_35deg.parquet,TC23SIB09,SIB,sodium-ion,35.0,,35.0,discharge,70,0.0165288118922415,1.173528955821758,0.7505546543940006,2.77228128523713,35.591223701657455
raw_CU_diffT/TC23SIB09/TC23SIB09_35deg.parquet,TC23SIB09_35deg.parquet,TC23SIB09,SIB,sodium-ion,35.0,,35.0,discharge,71,0.016528360052035,1.190057315873793,0.7611257080565563,2.76140585280364,35.59554005524862
raw_CU_diffT/TC23SIB09/TC23SIB09_35deg.parquet,TC23SIB09_35deg.parquet,TC23SIB09,SIB,sodium-ion,35.0,,35.0,discharge,72,0.0165286712795316,1.2065859871533247,0.7716969607710782,2.74747766740637,35.58676168508287
raw_CU_diffT/TC23SIB09/TC23SIB09_35deg.parquet,TC23SIB09_35deg.parquet,TC23SIB09,SIB,sodium-ion,35.0,,35.0,discharge,73,0.0165275581419226,1.2231135452952473,0.7822675015554776,2.73106912022603,35.5854541160221
raw_CU_diffT/TC23SIB09/TC23SIB09_35deg.parquet,TC23SIB09_35deg.parquet,TC23SIB09,SIB,sodium-ion,35.0,,35.0,discharge,74,0.0165280766391274,1.2396416219343747,0.7928383739554612,2.7116078200819,35.57364002762431
raw_CU_diffT/TC23SIB09/TC23SIB09_35deg.parquet,TC23SIB09_35deg.parquet,TC23SIB09,SIB,sodium-ion,35.0,,35.0,discharge,75,0.0165274532076178,1.2561690751419925,0.8034088476269611,2.68871217285351,35.571796988950275
raw_CU_diffT/TC23SIB09/TC23SIB09_35deg.parquet,TC23SIB09_35deg.parquet,TC23SIB09,SIB,sodium-ion,35.0,,35.0,discharge,76,0.0165292075973708,1.2726982827393634,0.8139804433546217,2.6620005844204,35.57871046961326
raw_CU_diffT/TC23SIB09/TC23SIB09_35deg.parquet,TC23SIB09_35deg.parquet,TC23SIB09,SIB,sodium-ion,35.0,,35.0,discharge,77,0.0165275320030893,1.2892258147424527,0.824550967421391,2.63109146066208,35.5661064640884
raw_CU_diffT/TC23SIB09/TC23SIB09_35deg.parquet,TC23SIB09_35deg.parquet,TC23SIB09,SIB,sodium-ion,35.0,,35.0,discharge,78,0.0165293003658974,1.3057551151083502,0.8351226224810767,2.5967479898195,35.57710237569061
raw_CU_diffT/TC23SIB09/TC23SIB09_35deg.parquet,TC23SIB09_35deg.parquet,TC23SIB09,SIB,sodium-ion,35.0,,35.0,discharge,79,0.016528511168148,1.322283626276498,0.84569377279306,2.56030575131431,35.57393091160221
raw_CU_diffT/TC23SIB09/TC23SIB09_35deg.parquet,TC23SIB09_35deg.parquet,TC23SIB09,SIB,sodium-ion,35.0,,35.0,discharge,80,0.0165291998164391,1.3388128260929373,0.8562653635442653,2.52233713632724,35.56976897790055
raw_CU_diffT/TC23SIB09/TC23SIB09_35deg.parquet,TC23SIB09_35deg.parquet,TC23SIB09,SIB,sodium-ion,35.0,,35.0,discharge,81,0.0165288126198785,1.3553416387128159,0.8668367066559222,2.4824605507378,35.57656571823205
raw_CU_diffT/TC23SIB09/TC23SIB09_35deg.parquet,TC23SIB09_35deg.parquet,TC23SIB09,SIB,sodium-ion,35.0,,35.0,discharge,82,0.0165285249435383,1.3718701636563542,0.8774078657782406,2.44105758866647,35.57810127071823
raw_CU_diffT/TC23SIB09/TC23SIB09_35deg.parquet,TC23SIB09_35deg.parquet,TC23SIB09,SIB,sodium-ion,35.0,,35.0,discharge,83,0.0165269449958603,1.3883971086522144,0.8879780144124262,2.39793745305301,35.58956182320442
raw_CU_diffT/TC23SIB09/TC23SIB09_35deg.parquet,TC23SIB09_35deg.parquet,TC23SIB09,SIB,sodium-ion,35.0,,35.0,discharge,84,0.0165287008359571,1.4049258094881716,0.8985492860303699,2.35290934683718,35.59087878453039
raw_CU_diffT/TC23SIB09/TC23SIB09_35deg.parquet,TC23SIB09_35deg.parquet,TC23SIB09,SIB,sodium-ion,35.0,,35.0,discharge,85,0.0165274329102578,1.4214532423984294,0.9091197467202744,2.30616406707922,35.605690414364645
raw_CU_diffT/TC23SIB09/TC23SIB09_35deg.parquet,TC23SIB09_35deg.parquet,TC23SIB09,SIB,sodium-ion,35.0,,35.0,discharge,86,0.0165276043981787,1.4379808467966082,0.9196903170888167,2.2575108167189,35.60362638121548
raw_CU_diffT/TC23SIB09/TC23SIB09_35deg.parquet,TC23SIB09_35deg.parquet,TC23SIB09,SIB,sodium-ion,35.0,,35.0,discharge,87,0.0165288988528782,1.4545097456494864,0.9302617153525674,2.20675879869598,35.6240270718232
raw_CU_diffT/TC23SIB09/TC23SIB09_35deg.parquet,TC23SIB09_35deg.parquet,TC23SIB09,SIB,sodium-ion,35.0,,35.0,discharge,88,0.0165292578704962,1.4710390035199827,0.9408333432334427,2.1546712012514,35.642147403314915
raw_CU_diffT/TC23SIB09/TC23SIB09_35deg.parquet,TC23SIB09_35deg.parquet,TC23SIB09,SIB,sodium-ion,35.0,,35.0,discharge,89,0.016529233871689,1.4875682373916717,0.9514049557653855,2.10201121262611,35.66239251381215
raw_CU_diffT/TC23SIB09/TC23SIB09_35deg.parquet,TC23SIB09_35deg.parquet,TC23SIB09,SIB,sodium-ion,35.0,,35.0,discharge,90,0.0165288113375696,1.5040970487292413,0.9619762980569152,2.04916042694059,35.70996240331492
raw_CU_diffT/TC23SIB09/TC23SIB09_35deg.parquet,TC23SIB09_35deg.parquet,TC23SIB09,SIB,sodium-ion,35.0,,35.0,discharge,91,0.0165293042669541,1.5206263529961954,0.9725479556116022,1.99707282949601,35.7488546961326
raw_CU_diffT/TC23SIB09/TC23SIB09_35deg.parquet,TC23SIB09_35deg.parquet,TC23SIB09,SIB,sodium-ion,35.0,,35.0,discharge,92,0.0129697509640737,1.533596103960269,0.9808430274154334,1.95776863508728,35.74787331491713
raw_CU_diffT/TC23SIB09/TC23SIB09_35deg.parquet,TC23SIB09_35deg.parquet,TC23SIB09,SIB,sodium-ion,35.0,,35.0,discharge,93,0.0064174021937039,1.5400135061539728,0.9849474093837759,1.94250487026835,35.63453171270718
raw_CU_diffT/TC23SIB09/TC23SIB09_35deg.parquet,TC23SIB09_35deg.parquet,TC23SIB09,SIB,sodium-ion,35.0,,35.0,discharge,94,0.0043908774970251,1.544404383650998,0.9877556856737788,1.93315581431676,35.56473458563536
raw_CU_diffT/TC23SIB09/TC23SIB09_35deg.parquet,TC23SIB09_35deg.parquet,TC23SIB09,SIB,sodium-ion,35.0,,35.0,discharge,95,0.0033762053957261,1.547780589046724,0.9899150074880223,1.92647791720848,35.52556129834254
raw_CU_diffT/TC23SIB09/TC23SIB09_35deg.parquet,TC23SIB09_35deg.parquet,TC23SIB09,SIB,sodium-ion,35.0,,35.0,discharge,96,0.0027600872176198,1.5505406762643439,0.9916802782105222,1.92151719364233,35.4863617679558
raw_CU_diffT/TC23SIB09/TC23SIB09_35deg.parquet,TC23SIB09_35deg.parquet,TC23SIB09,SIB,sodium-ion,35.0,,35.0,discharge,97,0.0023328081290167,1.5528734843933605,0.9931722737768485,1.91712886125689,35.47730983425414
raw_CU_diffT/TC23SIB09/TC23SIB09_35deg.parquet,TC23SIB09_35deg.parquet,TC23SIB09,SIB,sodium-ion,35.0,,35.0,discharge,98,0.0020332174154932,1.5549067018088536,0.9944726599215812,1.91369451417263,35.45501861878453
raw_CU_diffT/TC23SIB09/TC23SIB09_35deg.parquet,TC23SIB09_35deg.parquet,TC23SIB09,SIB,sodium-ion,35.0,,35.0,discharge,99,0.0017972888755011,1.5567039906843547,0.9956221531011963,1.91064176120885,35.454155773480664
raw_CU_diffT/TC23SIB09/TC23SIB09_35deg.parquet,TC23SIB09_35deg.parquet,TC23SIB09,SIB,sodium-ion,35.0,,35.0,discharge,100,0.0016226129908634,1.5583266036752181,0.9966599287151093,1.90797060236554,35.43789174033149
raw_CU_diffT/TC23SIB09/TC23SIB09_35deg.parquet,TC23SIB09_35deg.parquet,TC23SIB09,SIB,sodium-ion,35.0,,35.0,discharge,101,0.0014702750033144,1.5597968786785326,0.9976002734262495,1.90549024058246,35.431120828729284
raw_CU_diffT/TC23SIB09/TC23SIB09_35deg.parquet,TC23SIB09_35deg.parquet,TC23SIB09,SIB,sodium-ion,35.0,,35.0,discharge,102,0.001347019999285,1.5611438986778177,0.9984617878567283,1.90339147291986,35.42654080110498
raw_CU_diffT/TC23SIB09/TC23SIB09_35deg.parquet,TC23SIB09_35deg.parquet,TC23SIB09,SIB,sodium-ion,35.0,,35.0,discharge,103,0.0012444500826086,1.5623883487604262,0.9992577015809098,1.90129270525726,35.427731077348064
raw_CU_diffT/TC23SIB09/TC23SIB09_35deg.parquet,TC23SIB09_35deg.parquet,TC23SIB09,SIB,sodium-ion,35.0,,35.0,discharge,104,0.0011606199276276,1.5635489686880537,1.0000000000000002,1.89957553171513,35.436399585635364
raw_CU_diffT/TC23SIB09/TC23SIB09_35deg.parquet,TC23SIB09_35deg.parquet,TC23SIB09,SIB,sodium-ion,35.0,,35.0,charge,0,0.0165283177197082,0.0165283177197082,0.011544459043419306,2.00107956776098,35.447612679558006
raw_CU_diffT/TC23SIB09/TC23SIB09_35deg.parquet,TC23SIB09_35deg.parquet,TC23SIB09,SIB,sodium-ion,35.0,,35.0,charge,1,0.016527223825188,0.0330555415448962,0.023088154039299084,2.06938491532566,35.462879834254146
raw_CU_diffT/TC23SIB09/TC23SIB09_35deg.parquet,TC23SIB09_35deg.parquet,TC23SIB09,SIB,sodium-ion,35.0,,35.0,charge,2,0.0165268386992872,0.0495823802441834,0.0346315800380393,2.1327295393242,35.44575093922652
raw_CU_diffT/TC23SIB09/TC23SIB09_35deg.parquet,TC23SIB09_35deg.parquet,TC23SIB09,SIB,sodium-ion,35.0,,35.0,charge,3,0.0165288483782452,0.0661112286224286,0.0461764097281179,2.19149503387706,35.44087994475138
raw_CU_diffT/TC23SIB09/TC23SIB09_35deg.parquet,TC23SIB09_35deg.parquet,TC23SIB09,SIB,sodium-ion,35.0,,35.0,charge,4,0.0165284922878853,0.08263972091031391,0.05772099070137937,2.24682618134566,35.42090701657458
raw_CU_diffT/TC23SIB09/TC23SIB09_35deg.parquet,TC23SIB09_35deg.parquet,TC23SIB09,SIB,sodium-ion,35.0,,35.0,charge,5,0.0165284238969275,0.09916814480724141,0.06926552390591903,2.29910457585047,35.4250964917127
raw_CU_diffT/TC23SIB09/TC23SIB09_35deg.parquet,TC23SIB09_35deg.parquet,TC23SIB09,SIB,sodium-ion,35.0,,35.0,charge,6,0.0165282590031264,0.1156964038103678,0.080809941937834,2.34852101445174,35.41361964088398
raw_CU_diffT/TC23SIB09/TC23SIB09_35deg.parquet,TC23SIB09_35deg.parquet,TC23SIB09,SIB,sodium-ion,35.0,,35.0,charge,7,0.0165286714290313,0.1322250752393991,0.09235464803499846,2.39488470008922,35.41973549723757
raw_CU_diffT/TC23SIB09/TC23SIB09_35deg.parquet,TC23SIB09_35deg.parquet,TC23SIB09,SIB,sodium-ion,35.0,,35.0,charge,8,0.0165280588639406,0.1487531341033397,0.10389892627660491,2.43800483570268,35.42404171270718
raw_CU_diffT/TC23SIB09/TC23SIB09_35deg.parquet,TC23SIB09_35deg.parquet,TC23SIB09,SIB,sodium-ion,35.0,,35.0,charge,9,0.0165283452947694,0.1652814793981091,0.11544340458025204,2.47769062423189,35.42160701657458
raw_CU_diffT/TC23SIB09/TC23SIB09_35deg.parquet,TC23SIB09_35deg.parquet,TC23SIB09,SIB,sodium-ion,35.0,,35.0,charge,10,0.0165286201916952,0.18181009958980432,0.12698807488990696,2.5143236597973,35.43576403314918
raw_CU_diffT/TC23SIB09/TC23SIB09_35deg.parquet,TC23SIB09_35deg.parquet,TC23SIB09,SIB,sodium-ion,35.0,,35.0,charge,11,0.0165286751569997,0.19833877474680403,0.1385327835909286,2.54904872476036,35.43970748618784
raw_CU_diffT/TC23SIB09/TC23SIB09_35deg.parquet,TC23SIB09_35deg.parquet,TC23SIB09,SIB,sodium-ion,35.0,,35.0,charge,12,0.0165281548171304,0.21486692956393444,0.15007712885252392,2.58510936914507,35.44025185082872
raw_CU_diffT/TC23SIB09/TC23SIB09_35deg.parquet,TC23SIB09_35deg.parquet,TC23SIB09,SIB,sodium-ion,35.0,,35.0,charge,13,0.0165285559874691,0.23139548555140355,0.16162175431774453,2.62136081059001,35.416708729281765
raw_CU_diffT/TC23SIB09/TC23SIB09_35deg.parquet,TC23SIB09_35deg.parquet,TC23SIB09,SIB,sodium-ion,35.0,,35.0,charge,14,0.0165289155406585,0.24792440109206204,0.17316663091844903,2.65494109319165,35.4062667679558
raw_CU_diffT/TC23SIB09/TC23SIB09_35deg.parquet,TC23SIB09_35deg.parquet,TC23SIB09,SIB,sodium-ion,35.0,,35.0,charge,15,0.016528863566784,0.26445326465884605,0.1847114712171974,2.68451463752831,35.39206488950276
raw_CU_diffT/TC23SIB09/TC23SIB09_35deg.parquet,TC23SIB09_35deg.parquet,TC23SIB09,SIB,sodium-ion,35.0,,35.0,charge,16,0.0165285311504464,0.28098179580929245,0.19625607933461547,2.70969984947954,35.39065798342541
raw_CU_diffT/TC23SIB09/TC23SIB09_35deg.parquet,TC23SIB09_35deg.parquet,TC23SIB09,SIB,sodium-ion,35.0,,35.0,charge,17,0.0165285955038405,0.29751039131313295,0.2078007324006566,2.73164151140674,35.38891185082872
raw_CU_diffT/TC23SIB09/TC23SIB09_35deg.parquet,TC23SIB09_35deg.parquet,TC23SIB09,SIB,sodium-ion,35.0,,35.0,charge,18,0.0165284687426078,0.3140388600557408,0.219345296928355,2.7512936086111,35.37947044198894
raw_CU_diffT/TC23SIB09/TC23SIB09_35deg.parquet,TC23SIB09_35deg.parquet,TC23SIB09,SIB,sodium-ion,35.0,,35.0,charge,19,0.0165280005936811,0.33056686064942187,0.23088953447019783,2.76827454697216,35.382069281767954
raw_CU_diffT/TC23SIB09/TC23SIB09_35deg.parquet,TC23SIB09_35deg.parquet,TC23SIB09,SIB,sodium-ion,35.0,,35.0,charge,20,0.0165286118140467,0.34709547246346856,0.24243419892835463,2.78372910885132,35.37942486187845
raw_CU_diffT/TC23SIB09/TC23SIB09_35deg.parquet,TC23SIB09_35deg.parquet,TC23SIB09,SIB,sodium-ion,35.0,,35.0,charge,21,0.0165268176964402,0.36362229015990877,0.2539776102573317,2.79746649718835,35.37827196132597
raw_CU_diffT/TC23SIB09/TC23SIB09_35deg.parquet,TC23SIB09_35deg.parquet,TC23SIB09,SIB,sodium-ion,35.0,,35.0,charge,22,0.0165289404444588,0.38015123060436756,0.2655225042524805,2.81005910316396,35.36508549723757
raw_CU_diffT/TC23SIB09/TC23SIB09_35deg.parquet,TC23SIB09_35deg.parquet,TC23SIB09,SIB,sodium-ion,35.0,,35.0,charge,23,0.0165287751105699,0.39668000571493744,0.27706728276761855,2.82150692677816,35.37615339779005
raw_CU_diffT/TC23SIB09/TC23SIB09_35deg.parquet,TC23SIB09_35deg.parquet,TC23SIB09,SIB,sodium-ion,35.0,,35.0,charge,24,0.0165287608835858,0.41320876659852324,0.28861205134569956,2.8321915621514,35.36994665745856
raw_CU_diffT/TC23SIB09/TC23SIB09_35deg.parquet,TC23SIB09_35deg.parquet,TC23SIB09,SIB,sodium-ion,35.0,,35.0,charge,25,0.0165289237574142,0.42973769035593745,0.30015693368552415,2.84306699458489,35.368139944751384
raw_CU_diffT/TC23SIB09/TC23SIB09_35deg.parquet,TC23SIB09_35deg.parquet,TC23SIB09,SIB,sodium-ion,35.0,,35.0,charge,26,0.0165277950107717,0.4462654853667092,0.31170102763480556,2.85432402113884,35.36641248618784
raw_CU_diffT/TC23SIB09/TC23SIB09_35deg.parquet,TC23SIB09_35deg.parquet,TC23SIB09,SIB,sodium-ion,35.0,,35.0,charge,27,0.0165285838022134,0.4627940691689226,0.3232456725276643,2.86577184475304,35.36574889502762
raw_CU_diffT/TC23SIB09/TC23SIB09_35deg.parquet,TC23SIB09_35deg.parquet,TC23SIB09,SIB,sodium-ion,35.0,,35.0,charge,28,0.0165280146496999,0.47932208381862246,0.3347899198871508,2.87664727718652,35.373173287292815
raw_CU_diffT/TC23SIB09/TC23SIB09_35deg.parquet,TC23SIB09_35deg.parquet,TC23SIB09,SIB,sodium-ion,35.0,,35.0,charge,29,0.0165284809743849,0.4958505647930074,0.34633449295832297,2.88618713019835,35.36359544198895
raw_CU_diffT/TC23SIB09/TC23SIB09_35deg.parquet,TC23SIB09_35deg.parquet,TC23SIB09,SIB,sodium-ion,35.0,,35.0,charge,30,0.01652897437162,0.5123795391646274,0.3578794106504221,2.89458220084876,35.37392878453039
raw_CU_diffT/TC23SIB09/TC23SIB09_35deg.parquet,TC23SIB09_35deg.parquet,TC23SIB09,SIB,sodium-ion,35.0,,35.0,charge,31,0.0165287982558037,0.5289083374204311,0.3694242053317065,2.90278647443893,35.37081074585635
raw_CU_diffT/TC23SIB09/TC23SIB09_35deg.parquet,TC23SIB09_35deg.parquet,TC23SIB09,SIB,sodium-ion,35.0,,35.0,charge,32,0.01652859599644,0.545436933416871,0.38096885874181136,2.91175393627005,35.384950055248616
raw_CU_diffT/TC23SIB09/TC23SIB09_35deg.parquet,TC23SIB09_35deg.parquet,TC23SIB09,SIB,sodium-ion,35.0,,35.0,charge,33,0.016528366074816,0.561965299491687,0.3925133515596033,2.92262936870353,35.37826132596685
raw_CU_diffT/TC23SIB09/TC23SIB09_35deg.parquet,TC23SIB09_35deg.parquet,TC23SIB09,SIB,sodium-ion,35.0,,35.0,charge,34,0.0165290835620934,0.5784943830537804,0.40405834551747666,2.93522197467914,35.384559475138126
raw_CU_diffT/TC23SIB09/TC23SIB09_35deg.parquet,TC23SIB09_35deg.parquet,TC23SIB09,SIB,sodium-ion,35.0,,35.0,charge,35,0.0165283275298973,0.5950227105836777,0.4156028114129742,2.94972255125712,35.384805
raw_CU_diffT/TC23SIB09/TC23SIB09_35deg.parquet,TC23SIB09_35deg.parquet,TC23SIB09,SIB,sodium-ion,35.0,,35.0,charge,36,0.0165286910523588,0.6115514016360365,0.4271475312163551,2.96613109843746,35.39029317679557
raw_CU_diffT/TC23SIB09/TC23SIB09_35deg.parquet,TC23SIB09_35deg.parquet,TC23SIB09,SIB,sodium-ion,35.0,,35.0,charge,37,0.0165283615856871,0.6280797632217237,0.4386920208986456,2.98368442797923,35.39209226519337
raw_CU_diffT/TC23SIB09/TC23SIB09_35deg.parquet,TC23SIB09_35deg.parquet,TC23SIB09,SIB,sodium-ion,35.0,,35.0,charge,38,0.0165270483756374,0.6446068115973611,0.4502355933490743,3.00200094576194,35.387257900552484
raw_CU_diffT/TC23SIB09/TC23SIB09_35deg.parquet,TC23SIB09_35deg.parquet,TC23SIB09,SIB,sodium-ion,35.0,,35.0,charge,39,0.0165283282514673,0.6611351398488284,0.4617800597485636,3.02108065178559,35.39380986187845
raw_CU_diffT/TC23SIB09/TC23SIB09_35deg.parquet,TC23SIB09_35deg.parquet,TC23SIB09,SIB,sodium-ion,35.0,,35.0,charge,40,0.0165277006256799,0.6776628404745083,0.4733240877731184,3.04035115486948,35.392847099447515
raw_CU_diffT/TC23SIB09/TC23SIB09_35deg.parquet,TC23SIB09_35deg.parquet,TC23SIB09,SIB,sodium-ion,35.0,,35.0,charge,41,0.016528758497579,0.6941915989720873,0.48486885468465607,3.06038484619432,35.401296657458566
raw_CU_diffT/TC23SIB09/TC23SIB09_35deg.parquet,TC23SIB09_35deg.parquet,TC23SIB09,SIB,sodium-ion,35.0,,35.0,charge,42,0.0165289251045304,0.7107205240766177,0.4964137379653948,3.0806093345794,35.38929397790055
raw_CU_diffT/TC23SIB09/TC23SIB09_35deg.parquet,TC23SIB09_35deg.parquet,TC23SIB09,SIB,sodium-ion,35.0,,35.0,charge,43,0.0165287492947753,0.727249273371393,0.507958498449092,3.10121541708494,35.39893480662984
raw_CU_diffT/TC23SIB09/TC23SIB09_35deg.parquet,TC23SIB09_35deg.parquet,TC23SIB09,SIB,sodium-ion,35.0,,35.0,charge,44,0.0165286569951864,0.7437779303665794,0.5195031944647143,3.12220309371097,35.39193864640884
raw_CU_diffT/TC23SIB09/TC23SIB09_35deg.parquet,TC23SIB09_35deg.parquet,TC23SIB09,SIB,sodium-ion,35.0,,35.0,charge,45,0.0165274769946078,0.7603054073611871,0.5310470662906893,3.14357236445746,35.39806223756906
raw_CU_diffT/TC23SIB09/TC23SIB09_35deg.parquet,TC23SIB09_35deg.parquet,TC23SIB09,SIB,sodium-ion,35.0,,35.0,charge,46,0.0165285988184056,0.7768340061795928,0.5425917216718398,3.16513243226419,35.40555861878453
raw_CU_diffT/TC23SIB09/TC23SIB09_35deg.parquet,TC23SIB09_35deg.parquet,TC23SIB09,SIB,sodium-ion,35.0,,35.0,charge,47,0.0165264320586403,0.7933604382382331,0.5541348636461334,3.18669250007092,35.40064406077348
raw_CU_diffT/TC23SIB09/TC23SIB09_35deg.parquet,TC23SIB09_35deg.parquet,TC23SIB09,SIB,sodium-ion,35.0,,35.0,charge,48,0.0165284514798731,0.8098888897181062,0.5656794161164079,3.20863416199812,35.401587707182316
raw_CU_diffT/TC23SIB09/TC23SIB09_35deg.parquet,TC23SIB09_35deg.parquet,TC23SIB09,SIB,sodium-ion,35.0,,35.0,charge,49,0.016528982876094,0.8264178725942002,0.5772243397485883,3.23057582392533,35.40365980662983
raw_CU_diffT/TC23SIB09/TC23SIB09_35deg.parquet,TC23SIB09_35deg.parquet,TC23SIB09,SIB,sodium-ion,35.0,,35.0,charge,50,0.0165289563701654,0.8429468289643656,0.5887692448672931,3.25270828291277,35.400170138121545
raw_CU_diffT/TC23SIB09/TC23SIB09_35deg.parquet,TC23SIB09_35deg.parquet,TC23SIB09,SIB,sodium-ion,35.0,,35.0,charge,51,0.0165283202096702,0.8594751491740358,0.6003137056498649,3.27484074190021,35.41210986187845
raw_CU_diffT/TC23SIB09/TC23SIB09_35deg.parquet,TC23SIB09_35deg.parquet,TC23SIB09,SIB,sodium-ion,35.0,,35.0,charge,52,0.0165270525983349,0.8760022017723706,0.6118572810497019,3.29678240382741,35.403342237569056
raw_CU_diffT/TC23SIB09/TC23SIB09_35deg.parquet,TC23SIB09_35deg.parquet,TC23SIB09,SIB,sodium-ion,35.0,,35.0,charge,53,0.0165286767491821,0.8925308785215528,0.623401990862808,3.31872406575462,35.397171712707184
raw_CU_diffT/TC23SIB09/TC23SIB09_35deg.parquet,TC23SIB09_35deg.parquet,TC23SIB09,SIB,sodium-ion,35.0,,35.0,charge,54,0.0165291894124963,0.909060067934049,0.6349470587535316,3.34028413356135,35.405830883977906
raw_CU_diffT/TC23SIB09/TC23SIB09_35deg.parquet,TC23SIB09_35deg.parquet,TC23SIB09,SIB,sodium-ion,35.0,,35.0,charge,55,0.016528152104411,0.9255882200384601,0.6464914021203862,3.36203499842831,35.40751223756906
raw_CU_diffT/TC23SIB09/TC23SIB09_35deg.parquet,TC23SIB09_35deg.parquet,TC23SIB09,SIB,sodium-ion,35.0,,35.0,charge,56,0.0165282005129277,0.9421164205513878,0.6580357792989177,3.38359506623504,35.401887624309396
raw_CU_diffT/TC23SIB09/TC23SIB09_35deg.parquet,TC23SIB09_35deg.parquet,TC23SIB09,SIB,sodium-ion,35.0,,35.0,charge,57,0.0165274598505793,0.9586438804019671,0.669579639150381,3.4047735399213,35.40747687845304
raw_CU_diffT/TC23SIB09/TC23SIB09_35deg.parquet,TC23SIB09_35deg.parquet,TC23SIB09,SIB,sodium-ion,35.0,,35.0,charge,58,0.0165286660825173,0.9751725464844845,0.6811243415131901,3.42557041948709,35.41235696132596
raw_CU_diffT/TC23SIB09/TC23SIB09_35deg.parquet,TC23SIB09_35deg.parquet,TC23SIB09,SIB,sodium-ion,35.0,,35.0,charge,59,0.0165285559025227,0.9917011023870071,0.6926689669190786,3.4459857049324,35.40164312154697
raw_CU_diffT/TC23SIB09/TC23SIB09_35deg.parquet,TC23SIB09_35deg.parquet,TC23SIB09,SIB,sodium-ion,35.0,,35.0,charge,60,0.0165289032395165,1.0082300056265237,0.7042138349278603,3.46621019331747,35.41182044198896
raw_CU_diffT/TC23SIB09/TC23SIB09_35deg.parquet,TC23SIB09_35deg.parquet,TC23SIB09,SIB,sodium-ion,35.0,,35.0,charge,61,0.0165288393676335,1.0247588449941571,0.7157586583243378,3.48586229052184,35.412983149171275
raw_CU_diffT/TC23SIB09/TC23SIB09_35deg.parquet,TC23SIB09_35deg.parquet,TC23SIB09,SIB,sodium-ion,35.0,,35.0,charge,62,0.0165286228177536,1.0412874678119108,0.727303330468204,3.50570518478644,35.416073038674035
raw_CU_diffT/TC23SIB09/TC23SIB09_35deg.parquet,TC23SIB09_35deg.parquet,TC23SIB09,SIB,sodium-ion,35.0,,35.0,charge,63,0.0165289321292773,1.057816399941188,0.7388482186554857,3.52516648493057,35.41728165745856
raw_CU_diffT/TC23SIB09/TC23SIB09_35deg.parquet,TC23SIB09_35deg.parquet,TC23SIB09,SIB,sodium-ion,35.0,,35.0,charge,64,0.0165287882613413,1.0743451882025292,0.7503930063559832,3.54481858213493,35.418090994475136
raw_CU_diffT/TC23SIB09/TC23SIB09_35deg.parquet,TC23SIB09_35deg.parquet,TC23SIB09,SIB,sodium-ion,35.0,,35.0,charge,65,0.0165284590968736,1.0908736472994027,0.7619375641464693,3.5644706793393,35.41598220994475
raw_CU_diffT/TC23SIB09/TC23SIB09_35deg.parquet,TC23SIB09_35deg.parquet,TC23SIB09,SIB,sodium-ion,35.0,,35.0,charge,66,0.0165284717938257,1.1074021190932284,0.773482130805338,3.5843135736039,35.41983475138122
raw_CU_diffT/TC23SIB09/TC23SIB09_35deg.parquet,TC23SIB09_35deg.parquet,TC23SIB09,SIB,sodium-ion,35.0,,35.0,charge,67,0.0165284066013902,1.1239305256946186,0.7850266519295422,3.60453806198897,35.43212972375691
raw_CU_diffT/TC23SIB09/TC23SIB09_35deg.parquet,TC23SIB09_35deg.parquet,TC23SIB09,SIB,sodium-ion,35.0,,35.0,charge,68,0.0165292889795767,1.1404598146741953,0.7965717893644326,3.62495334743428,35.43242922651934
raw_CU_diffT/TC23SIB09/TC23SIB09_35deg.parquet,TC23SIB09_35deg.parquet,TC23SIB09,SIB,sodium-ion,35.0,,35.0,charge,69,0.0165284634004205,1.156988278074616,0.8081163501607977,3.6459410240603,35.4404358839779
raw_CU_diffT/TC23SIB09/TC23SIB09_35deg.parquet,TC23SIB09_35deg.parquet,TC23SIB09,SIB,sodium-ion,35.0,,35.0,charge,70,0.0165281461929926,1.1735164242676086,0.8196606893987308,3.66750109186704,35.43386604972376
raw_CU_diffT/TC23SIB09/TC23SIB09_35deg.parquet,TC23SIB09_35deg.parquet,TC23SIB09,SIB,sodium-ion,35.0,,35.0,charge,71,0.0165269171840568,1.1900433414516653,0.8312041702163717,3.68963355085448,35.45113121546961
raw_CU_diffT/TC23SIB09/TC23SIB09_35deg.parquet,TC23SIB09_35deg.parquet,TC23SIB09,SIB,sodium-ion,35.0,,35.0,charge,72,0.0165284259395057,1.2065717673911711,0.8427487048475817,3.71252919808286,35.445441353591164
raw_CU_diffT/TC23SIB09/TC23SIB09_35deg.parquet,TC23SIB09_35deg.parquet,TC23SIB09,SIB,sodium-ion,35.0,,35.0,charge,73,0.0165285905889827,1.2231003579801538,0.8542933544807645,3.73599723649196,35.46091627071823
raw_CU_diffT/TC23SIB09/TC23SIB09_35deg.parquet,TC23SIB09_35deg.parquet,TC23SIB09,SIB,sodium-ion,35.0,,35.0,charge,74,0.0165286788918333,1.2396290368719871,0.8658380657904383,3.76041926020224,35.462589834254146
raw_CU_diffT/TC23SIB09/TC23SIB09_35deg.parquet,TC23SIB09_35deg.parquet,TC23SIB09,SIB,sodium-ion,35.0,,35.0,charge,75,0.0165283380985314,1.2561573749705186,0.8773825390677619,3.78560447215346,35.45558245856354
raw_CU_diffT/TC23SIB09/TC23SIB09_35deg.parquet,TC23SIB09_35deg.parquet,TC23SIB09,SIB,sodium-ion,35.0,,35.0,charge,76,0.0165288758342737,1.2726862508047923,0.888927387934928,3.81174366940587,35.47191306629834
raw_CU_diffT/TC23SIB09/TC23SIB09_35deg.parquet,TC23SIB09_35deg.parquet,TC23SIB09,SIB,sodium-ion,35.0,,35.0,charge,77,0.0165280600170669,1.2892143108218592,0.9004716669819534,3.83826446077875,35.47550975138121
raw_CU_diffT/TC23SIB09/TC23SIB09_35deg.parquet,TC23SIB09_35deg.parquet,TC23SIB09,SIB,sodium-ion,35.0,,35.0,charge,78,0.016528531106779,1.3057428419286383,0.9120162750688714,3.86554844039258,35.47243897790055
raw_CU_diffT/TC23SIB09/TC23SIB09_35deg.parquet,TC23SIB09_35deg.parquet,TC23SIB09,SIB,sodium-ion,35.0,,35.0,charge,79,0.0165286266278652,1.3222714685565036,0.9235609498739688,3.89302321706664,35.48444314917127
raw_CU_diffT/TC23SIB09/TC23SIB09_35deg.parquet,TC23SIB09_35deg.parquet,TC23SIB09,SIB,sodium-ion,35.0,,35.0,charge,80,0.016528646563416,1.3388001151199196,0.9351056386033598,3.92049799374071,35.48493389502762
raw_CU_diffT/TC23SIB09/TC23SIB09_35deg.parquet,TC23SIB09_35deg.parquet,TC23SIB09,SIB,sodium-ion,35.0,,35.0,charge,81,0.0165279179557568,1.3553280330756763,0.9466498184254667,3.94720958217382,35.479534530386736
raw_CU_diffT/TC23SIB09/TC23SIB09_35deg.parquet,TC23SIB09_35deg.parquet,TC23SIB09,SIB,sodium-ion,35.0,,35.0,charge,82,0.0165288180117918,1.371856851087468,0.9581946269056264,3.97201320000458,35.49077596685083
raw_CU_diffT/TC23SIB09/TC23SIB09_35deg.parquet,TC23SIB09_35deg.parquet,TC23SIB09,SIB,sodium-ion,35.0,,35.0,charge,83,0.0165289692084507,1.3883858202959187,0.9697395409914301,3.99452725311249,35.495919281767954
raw_CU_diffT/TC23SIB09/TC23SIB09_35deg.parquet,TC23SIB09_35deg.parquet,TC23SIB09,SIB,sodium-ion,35.0,,35.0,charge,84,0.0105381482409753,1.398923968536894,0.9771000735528509,4.00597507672668,35.48814143646409
raw_CU_diffT/TC23SIB09/TC23SIB09_35deg.parquet,TC23SIB09_35deg.parquet,TC23SIB09,SIB,sodium-ion,35.0,,35.0,charge,85,0.0061330794505092,1.4050570479874032,0.9813838177140618,4.01131739441331,35.459826685082874
raw_CU_diffT/TC23SIB09/TC23SIB09_35deg.parquet,TC23SIB09_35deg.parquet,TC23SIB09,SIB,sodium-ion,35.0,,35.0,charge,86,0.0042503113708732,1.4093073593582763,0.984352513401967,4.01398855325662,35.46247129834254
raw_CU_diffT/TC23SIB09/TC23SIB09_35deg.parquet,TC23SIB09_35deg.parquet,TC23SIB09,SIB,sodium-ion,35.0,,35.0,charge,87,0.0032181038065676,1.4125254631648438,0.9866002477583856,4.01608732091922,35.45332077348066
raw_CU_diffT/TC23SIB09/TC23SIB09_35deg.parquet,TC23SIB09_35deg.parquet,TC23SIB09,SIB,sodium-ion,35.0,,35.0,charge,88,0.0025782874978956,1.4151037506627395,0.9884010925222859,4.01723210328064,35.44132569060773
raw_CU_diffT/TC23SIB09/TC23SIB09_35deg.parquet,TC23SIB09_35deg.parquet,TC23SIB09,SIB,sodium-ion,35.0,,35.0,charge,89,0.0021133808937648,1.4172171315565043,0.989877216080954,4.01818608858182,35.441497983425414
raw_CU_diffT/TC23SIB09/TC23SIB09_35deg.parquet,TC23SIB09_35deg.parquet,TC23SIB09,SIB,sodium-ion,35.0,,35.0,charge,90,0.0018013676994448,1.4190184992559491,0.9911354092002442,4.01875847976253,35.44301475138121
raw_CU_diffT/TC23SIB09/TC23SIB09_35deg.parquet,TC23SIB09_35deg.parquet,TC23SIB09,SIB,sodium-ion,35.0,,35.0,charge,91,0.0015499132791091,1.4205684125350582,0.9922179700921002,4.01933087094324,35.43451099447513
raw_CU_diffT/TC23SIB09/TC23SIB09_35deg.parquet,TC23SIB09_35deg.parquet,TC23SIB09,SIB,sodium-ion,35.0,,35.0,charge,92,0.0013617223839006,1.4219301349189588,0.9931690861437177,4.01952166800348,35.431530138121545
raw_CU_diffT/TC23SIB09/TC23SIB09_35deg.parquet,TC23SIB09_35deg.parquet,TC23SIB09,SIB,sodium-ion,35.0,,35.0,charge,93,0.0012274491245779,1.4231575840435366,0.9940264169614617,4.01971246506371,35.423642458563535
raw_CU_diffT/TC23SIB09/TC23SIB09_35deg.parquet,TC23SIB09_35deg.parquet,TC23SIB09,SIB,sodium-ion,35.0,,35.0,charge,94,0.0010909807659075,1.424248564809444,0.9947884293442559,4.01990326212395,35.42877660220995
raw_CU_diffT/TC23SIB09/TC23SIB09_35deg.parquet,TC23SIB09_35deg.parquet,TC23SIB09,SIB,sodium-ion,35.0,,35.0,charge,95,0.0009931934384993,1.4252417582479433,0.9954821406564045,4.02009405918419,35.41494488950276
raw_CU_diffT/TC23SIB09/TC23SIB09_35deg.parquet,TC23SIB09_35deg.parquet,TC23SIB09,SIB,sodium-ion,35.0,,35.0,charge,96,0.0009132340055478,1.426154992253491,0.9961200030664146,4.02009405918419,35.4145358839779
raw_CU_diffT/TC23SIB09/TC23SIB09_35deg.parquet,TC23SIB09_35deg.parquet,TC23SIB09,SIB,sodium-ion,35.0,,35.0,charge,97,0.0008485911422727,1.4270035833957637,0.9967127146691745,4.02009405918419,35.421169779005524
raw_CU_diffT/TC23SIB09/TC23SIB09_35deg.parquet,TC23SIB09_35deg.parquet,TC23SIB09,SIB,sodium-ion,35.0,,35.0,charge,98,0.0007956723590749,1.4277992557548387,0.997268464329672,4.02028485624442,35.41813519337016
raw_CU_diffT/TC23SIB09/TC23SIB09_35deg.parquet,TC23SIB09_35deg.parquet,TC23SIB09,SIB,sodium-ion,35.0,,35.0,charge,99,0.0007394568602878,1.4285387126151265,0.9977849494059353,4.02028485624442,35.41963516574586
raw_CU_diffT/TC23SIB09/TC23SIB09_35deg.parquet,TC23SIB09_35deg.parquet,TC23SIB09,SIB,sodium-ion,35.0,,35.0,charge,100,0.0007096585888303,1.4292483712039568,0.9982806214188101,4.02028485624442,35.414963342541434
raw_CU_diffT/TC23SIB09/TC23SIB09_35deg.parquet,TC23SIB09_35deg.parquet,TC23SIB09,SIB,sodium-ion,35.0,,35.0,charge,101,0.0006682808459554,1.4299166520499123,0.9987473925074634,4.02028485624442,35.41558140883978
raw_CU_diffT/TC23SIB09/TC23SIB09_35deg.parquet,TC23SIB09_35deg.parquet,TC23SIB09,SIB,sodium-ion,35.0,,35.0,charge,102,0.0006303910612408,1.430547043111153,0.9991876988901968,4.02047565330466,35.415326546961325
raw_CU_diffT/TC23SIB09/TC23SIB09_35deg.parquet,TC23SIB09_35deg.parquet,TC23SIB09,SIB,sodium-ion,35.0,,35.0,charge,103,0.0005927986587251,1.4311398417698782,0.9996017482782046,4.02047565330466,35.417043950276245
raw_CU_diffT/TC23SIB09/TC23SIB09_35deg.parquet,TC23SIB09_35deg.parquet,TC23SIB09,SIB,sodium-ion,35.0,,35.0,charge,104,0.0005701809816725,1.4317100227515507,1.0,4.02028485624442,35.41796397790055
raw_CU_diffT/TC23SIB09/TC23SIB09_45deg.parquet,TC23SIB09_45deg.parquet,TC23SIB09,SIB,sodium-ion,45.0,,45.0,discharge,0,0.0165310139380222,0.0165310139380222,0.010172966346664657,4.0347854328224,45.42857933701658
raw_CU_diffT/TC23SIB09/TC23SIB09_45deg.parquet,TC23SIB09_45deg.parquet,TC23SIB09,SIB,sodium-ion,45.0,,45.0,discharge,1,0.0165316097916394,0.033062623729661594,0.020346299373728834,4.0029223237629,45.453436104972376
raw_CU_diffT/TC23SIB09/TC23SIB09_45deg.parquet,TC23SIB09_45deg.parquet,TC23SIB09,SIB,sodium-ion,45.0,,45.0,discharge,2,0.0165299162914181,0.0495925400210797,0.03051859024325665,3.97792790887191,45.47847301104972
raw_CU_diffT/TC23SIB09/TC23SIB09_45deg.parquet,TC23SIB09_45deg.parquet,TC23SIB09,SIB,sodium-ion,45.0,,45.0,discharge,3,0.0165334578485037,0.0661259978695834,0.04069306053996186,3.95846660872778,45.4924444198895
raw_CU_diffT/TC23SIB09/TC23SIB09_45deg.parquet,TC23SIB09_45deg.parquet,TC23SIB09,SIB,sodium-ion,45.0,,45.0,discharge,4,0.0165314271061755,0.0826574249757589,0.05086628114481872,3.94358443802933,45.48201143646409
raw_CU_diffT/TC23SIB09/TC23SIB09_45deg.parquet,TC23SIB09_45deg.parquet,TC23SIB09,SIB,sodium-ion,45.0,,45.0,discharge,5,0.0165302624029947,0.0991876873787536,0.061038785006812334,3.9319458173549,45.460849392265196
raw_CU_diffT/TC23SIB09/TC23SIB09_45deg.parquet,TC23SIB09_45deg.parquet,TC23SIB09,SIB,sodium-ion,45.0,,45.0,discharge,6,0.0165296874931498,0.1157173748719034,0.07121093507692564,3.92164277610213,45.44714317679558
raw_CU_diffT/TC23SIB09/TC23SIB09_45deg.parquet,TC23SIB09_45deg.parquet,TC23SIB09,SIB,sodium-ion,45.0,,45.0,discharge,7,0.016528849231415,0.1322462241033184,0.08138256929190449,3.91000415542769,45.43946582872928
raw_CU_diffT/TC23SIB09/TC23SIB09_45deg.parquet,TC23SIB09_45deg.parquet,TC23SIB09,SIB,sodium-ion,45.0,,45.0,discharge,8,0.0165304452883521,0.1487766693916705,0.09155518569911723,3.8964575641509,45.43980331491713
raw_CU_diffT/TC23SIB09/TC23SIB09_45deg.parquet,TC23SIB09_45deg.parquet,TC23SIB09,SIB,sodium-ion,45.0,,45.0,discharge,9,0.0165305544583434,0.1653072238500139,0.1017278692880922,3.88004901697056,45.45217925414365
raw_CU_diffT/TC23SIB09/TC23SIB09_45deg.parquet,TC23SIB09_45deg.parquet,TC23SIB09,SIB,sodium-ion,45.0,,45.0,discharge,10,0.0165322010166365,0.1818394248666504,0.11190156614716458,3.86039691976619,45.4622429558011
raw_CU_diffT/TC23SIB09/TC23SIB09_45deg.parquet,TC23SIB09_45deg.parquet,TC23SIB09,SIB,sodium-ion,45.0,,45.0,discharge,11,0.0165323170023217,0.19837174186897208,0.12207533438228665,3.83807366371851,45.46477781767956
raw_CU_diffT/TC23SIB09/TC23SIB09_45deg.parquet,TC23SIB09_45deg.parquet,TC23SIB09,SIB,sodium-ion,45.0,,45.0,discharge,12,0.0165305786440193,0.21490232051299138,0.13224803285480524,3.81365164000824,45.462845055248614
raw_CU_diffT/TC23SIB09/TC23SIB09_45deg.parquet,TC23SIB09_45deg.parquet,TC23SIB09,SIB,sodium-ion,45.0,,45.0,discharge,13,0.0165314743124298,0.23143379482542117,0.1424212825097638,3.78808483393654,45.459423895027626
raw_CU_diffT/TC23SIB09/TC23SIB09_45deg.parquet,TC23SIB09_45deg.parquet,TC23SIB09,SIB,sodium-ion,45.0,,45.0,discharge,14,0.0165313488792688,0.24796514370468997,0.1525944549748216,3.7623272308046,45.45541082872929
raw_CU_diffT/TC23SIB09/TC23SIB09_45deg.parquet,TC23SIB09_45deg.parquet,TC23SIB09,SIB,sodium-ion,45.0,,45.0,discharge,15,0.0165293918556488,0.26449453556033875,0.1627664231135446,3.73695122179314,45.4495605801105
raw_CU_diffT/TC23SIB09/TC23SIB09_45deg.parquet,TC23SIB09_45deg.parquet,TC23SIB09,SIB,sodium-ion,45.0,,45.0,discharge,16,0.016530465633678,0.28102500119401674,0.1729390520410006,3.71214760396239,45.447237182320436
raw_CU_diffT/TC23SIB09/TC23SIB09_45deg.parquet,TC23SIB09_45deg.parquet,TC23SIB09,SIB,sodium-ion,45.0,,45.0,discharge,17,0.0165312090773233,0.29755621027134005,0.18311213847379854,3.68772558025211,45.4500570718232
raw_CU_diffT/TC23SIB09/TC23SIB09_45deg.parquet,TC23SIB09_45deg.parquet,TC23SIB09,SIB,sodium-ion,45.0,,45.0,discharge,18,0.0165309063274454,0.31408711659878547,0.19328503859834395,3.66444833890325,45.45421776243093
raw_CU_diffT/TC23SIB09/TC23SIB09_45deg.parquet,TC23SIB09_45deg.parquet,TC23SIB09,SIB,sodium-ion,45.0,,45.0,discharge,19,0.0165330977485542,0.3306202143473397,0.20345928729432455,3.64155269167486,45.457459668508285
raw_CU_diffT/TC23SIB09/TC23SIB09_45deg.parquet,TC23SIB09_45deg.parquet,TC23SIB09,SIB,sodium-ion,45.0,,45.0,discharge,20,0.0165317111761288,0.34715192552346846,0.21363268271205652,3.61942023268742,45.45496781767955
raw_CU_diffT/TC23SIB09/TC23SIB09_45deg.parquet,TC23SIB09_45deg.parquet,TC23SIB09,SIB,sodium-ion,45.0,,45.0,discharge,21,0.0165332444499804,0.36368516997344885,0.2238070216861457,3.59805096194093,45.43790306629834
raw_CU_diffT/TC23SIB09/TC23SIB09_45deg.parquet,TC23SIB09_45deg.parquet,TC23SIB09,SIB,sodium-ion,45.0,,45.0,discharge,22,0.016533661771876,0.38021883174532484,0.23398161747458487,3.57725408237515,45.41432303867404
raw_CU_diffT/TC23SIB09/TC23SIB09_45deg.parquet,TC23SIB09_45deg.parquet,TC23SIB09,SIB,sodium-ion,45.0,,45.0,discharge,23,0.0165309296044799,0.3967497613498047,0.24415453192350806,3.55702959399007,45.39015151933702
raw_CU_diffT/TC23SIB09/TC23SIB09_45deg.parquet,TC23SIB09_45deg.parquet,TC23SIB09,SIB,sodium-ion,45.0,,45.0,discharge,24,0.0165335103600778,0.4132832717098825,0.2543290345351383,3.53718669972547,45.3781876243094
raw_CU_diffT/TC23SIB09/TC23SIB09_45deg.parquet,TC23SIB09_45deg.parquet,TC23SIB09,SIB,sodium-ion,45.0,,45.0,discharge,25,0.0165311187922857,0.4298143905021682,0.2645020654077236,3.51772539958134,45.38017229281768
raw_CU_diffT/TC23SIB09/TC23SIB09_45deg.parquet,TC23SIB09_45deg.parquet,TC23SIB09,SIB,sodium-ion,45.0,,45.0,discharge,26,0.0165318632251106,0.44634625372727876,0.27467555439437885,3.49826409943721,45.39447104972375
raw_CU_diffT/TC23SIB09/TC23SIB09_45deg.parquet,TC23SIB09_45deg.parquet,TC23SIB09,SIB,sodium-ion,45.0,,45.0,discharge,27,0.0165313012377224,0.46287755496500116,0.2848486975414619,3.47918439341356,45.42130348066299
raw_CU_diffT/TC23SIB09/TC23SIB09_45deg.parquet,TC23SIB09_45deg.parquet,TC23SIB09,SIB,sodium-ion,45.0,,45.0,discharge,28,0.0165326755294138,0.47941023049441495,0.2950226864093931,3.46029548445014,45.45824107734806
raw_CU_diffT/TC23SIB09/TC23SIB09_45deg.parquet,TC23SIB09_45deg.parquet,TC23SIB09,SIB,sodium-ion,45.0,,45.0,discharge,29,0.0165298367664562,0.49594006726087114,0.3051949283403159,3.44140657548672,45.48594964088397
raw_CU_diffT/TC23SIB09/TC23SIB09_45deg.parquet,TC23SIB09_45deg.parquet,TC23SIB09,SIB,sodium-ion,45.0,,45.0,discharge,30,0.0165318511865153,0.5124719184473865,0.31536840991857956,3.4225176665233,45.49717458563536
raw_CU_diffT/TC23SIB09/TC23SIB09_45deg.parquet,TC23SIB09_45deg.parquet,TC23SIB09,SIB,sodium-ion,45.0,,45.0,discharge,31,0.0165297810256489,0.5290016994730354,0.3255406175473502,3.40362875755988,45.486467099447516
raw_CU_diffT/TC23SIB09/TC23SIB09_45deg.parquet,TC23SIB09_45deg.parquet,TC23SIB09,SIB,sodium-ion,45.0,,45.0,discharge,32,0.0165311586331955,0.545532858106231,0.3357136729375021,3.38473984859646,45.47795607734806
raw_CU_diffT/TC23SIB09/TC23SIB09_45deg.parquet,TC23SIB09_45deg.parquet,TC23SIB09,SIB,sodium-ion,45.0,,45.0,discharge,33,0.016530614809549,0.56206347291578,0.34588639366580715,3.36566014257281,45.482169198895036
raw_CU_diffT/TC23SIB09/TC23SIB09_45deg.parquet,TC23SIB09_45deg.parquet,TC23SIB09,SIB,sodium-ion,45.0,,45.0,discharge,34,0.0165323493578517,0.5785958222736317,0.3560601818120926,3.34658043654915,45.49488298342541
raw_CU_diffT/TC23SIB09/TC23SIB09_45deg.parquet,TC23SIB09_45deg.parquet,TC23SIB09,SIB,sodium-ion,45.0,,45.0,discharge,35,0.0165307248684213,0.595126547142053,0.3662329702691654,3.3275007305255,45.51316240331492
raw_CU_diffT/TC23SIB09/TC23SIB09_45deg.parquet,TC23SIB09_45deg.parquet,TC23SIB09,SIB,sodium-ion,45.0,,45.0,discharge,36,0.0165310003052544,0.6116575474473075,0.37640592822640595,3.30861182156208,45.53089160220994
raw_CU_diffT/TC23SIB09/TC23SIB09_45deg.parquet,TC23SIB09_45deg.parquet,TC23SIB09,SIB,sodium-ion,45.0,,45.0,discharge,37,0.016530286750272,0.6281878341975795,0.38657844707139055,3.28972291259866,45.53748140883978
raw_CU_diffT/TC23SIB09/TC23SIB09_45deg.parquet,TC23SIB09_45deg.parquet,TC23SIB09,SIB,sodium-ion,45.0,,45.0,discharge,38,0.0165322363065194,0.644720070504099,0.396752165647388,3.27083400363524,45.53050129834254
raw_CU_diffT/TC23SIB09/TC23SIB09_45deg.parquet,TC23SIB09_45deg.parquet,TC23SIB09,SIB,sodium-ion,45.0,,45.0,discharge,39,0.016530452279129,0.6612505227832279,0.406924786356632,3.25213589173206,45.52442947513812
raw_CU_diffT/TC23SIB09/TC23SIB09_45deg.parquet,TC23SIB09_45deg.parquet,TC23SIB09,SIB,sodium-ion,45.0,,45.0,discharge,40,0.0165328122782043,0.6777833350614322,0.41709885937795194,3.23324698276864,45.51788212707182
raw_CU_diffT/TC23SIB09/TC23SIB09_45deg.parquet,TC23SIB09_45deg.parquet,TC23SIB09,SIB,sodium-ion,45.0,,45.0,discharge,41,0.0165294230947829,0.6943127581562151,0.42727084674082305,3.21454887086546,45.5151370718232
raw_CU_diffT/TC23SIB09/TC23SIB09_45deg.parquet,TC23SIB09_45deg.parquet,TC23SIB09,SIB,sodium-ion,45.0,,45.0,discharge,42,0.0165351735964901,0.7108479317527052,0.4374463728860437,3.19604155602251,45.51620350828729
raw_CU_diffT/TC23SIB09/TC23SIB09_45deg.parquet,TC23SIB09_45deg.parquet,TC23SIB09,SIB,sodium-ion,45.0,,45.0,discharge,43,0.0165290578635483,0.7273769896162535,0.44761813549046553,3.17753424117957,45.52258154696133
raw_CU_diffT/TC23SIB09/TC23SIB09_45deg.parquet,TC23SIB09_45deg.parquet,TC23SIB09,SIB,sodium-ion,45.0,,45.0,discharge,44,0.0165326738604061,0.7439096634766597,0.4577921233313116,3.15902692633662,45.532222348066306
raw_CU_diffT/TC23SIB09/TC23SIB09_45deg.parquet,TC23SIB09_45deg.parquet,TC23SIB09,SIB,sodium-ion,45.0,,45.0,discharge,45,0.0165314689706898,0.7604411324473495,0.4679653696990343,3.14051961149367,45.53663660220994
raw_CU_diffT/TC23SIB09/TC23SIB09_45deg.parquet,TC23SIB09_45deg.parquet,TC23SIB09,SIB,sodium-ion,45.0,,45.0,discharge,46,0.0165310951092914,0.7769722275566409,0.4781383859974196,3.12182149959049,45.537027458563536
raw_CU_diffT/TC23SIB09/TC23SIB09_45deg.parquet,TC23SIB09_45deg.parquet,TC23SIB09,SIB,sodium-ion,45.0,,45.0,discharge,47,0.0165320641860488,0.7935042917426897,0.48831199865276625,3.10350498180778,45.53434502762431
raw_CU_diffT/TC23SIB09/TC23SIB09_45deg.parquet,TC23SIB09_45deg.parquet,TC23SIB09,SIB,sodium-ion,45.0,,45.0,discharge,48,0.0165329141084863,0.810037205851176,0.4984861343390889,3.08518846402507,45.52706928176796
raw_CU_diffT/TC23SIB09/TC23SIB09_45deg.parquet,TC23SIB09_45deg.parquet,TC23SIB09,SIB,sodium-ion,45.0,,45.0,discharge,49,0.0165333928150051,0.8265705986661811,0.508660564615043,3.06725354036284,45.51718513812154
raw_CU_diffT/TC23SIB09/TC23SIB09_45deg.parquet,TC23SIB09_45deg.parquet,TC23SIB09,SIB,sodium-ion,45.0,,45.0,discharge,50,0.0165329836360148,0.843103582302196,0.5188347430876831,3.0493186167006,45.513595110497235
raw_CU_diffT/TC23SIB09/TC23SIB09_45deg.parquet,TC23SIB09_45deg.parquet,TC23SIB09,SIB,sodium-ion,45.0,,45.0,discharge,51,0.0165299624425585,0.8596335447447545,0.5290070623580095,3.03138369303837,45.51394367403314
raw_CU_diffT/TC23SIB09/TC23SIB09_45deg.parquet,TC23SIB09_45deg.parquet,TC23SIB09,SIB,sodium-ion,45.0,,45.0,discharge,52,0.0165294034884248,0.8761629482331793,0.5391790376553883,3.0138303634966,45.51637237569061
raw_CU_diffT/TC23SIB09/TC23SIB09_45deg.parquet,TC23SIB09_45deg.parquet,TC23SIB09,SIB,sodium-ion,45.0,,45.0,discharge,53,0.0165306689715594,0.8926936172047387,0.5493517917142751,2.99646783101508,45.51730138121547
raw_CU_diffT/TC23SIB09/TC23SIB09_45deg.parquet,TC23SIB09_45deg.parquet,TC23SIB09,SIB,sodium-ion,45.0,,45.0,discharge,54,0.0165314506772596,0.9092250678819983,0.5595250268244639,2.97910529853355,45.53147281767956
raw_CU_diffT/TC23SIB09/TC23SIB09_45deg.parquet,TC23SIB09_45deg.parquet,TC23SIB09,SIB,sodium-ion,45.0,,45.0,discharge,55,0.0165307449276441,0.9257558128096424,0.5696978276257159,2.96193356311226,45.55493668508287
raw_CU_diffT/TC23SIB09/TC23SIB09_45deg.parquet,TC23SIB09_45deg.parquet,TC23SIB09,SIB,sodium-ion,45.0,,45.0,discharge,56,0.0165327358546043,0.9422885486642467,0.5798718536169679,2.94495262475121,45.563511049723765
raw_CU_diffT/TC23SIB09/TC23SIB09_45deg.parquet,TC23SIB09_45deg.parquet,TC23SIB09,SIB,sodium-ion,45.0,,45.0,discharge,57,0.0165304647669437,0.9588190134311905,0.5900444820110471,2.92835328051063,45.54798848066299
raw_CU_diffT/TC23SIB09/TC23SIB09_45deg.parquet,TC23SIB09_45deg.parquet,TC23SIB09,SIB,sodium-ion,45.0,,45.0,discharge,58,0.016531516689724,0.9753505301209144,0.6002177577444295,2.91156313920981,45.531863397790055
raw_CU_diffT/TC23SIB09/TC23SIB09_45deg.parquet,TC23SIB09_45deg.parquet,TC23SIB09,SIB,sodium-ion,45.0,,45.0,discharge,59,0.0165333658723493,0.9918838959932638,0.6103921714402313,2.89515459202947,45.523035580110495
raw_CU_diffT/TC23SIB09/TC23SIB09_45deg.parquet,TC23SIB09_45deg.parquet,TC23SIB09,SIB,sodium-ion,45.0,,45.0,discharge,60,0.0165333163560568,1.0084172123493205,0.6205665546643645,2.87874604484912,45.52313035911602
raw_CU_diffT/TC23SIB09/TC23SIB09_45deg.parquet,TC23SIB09_45deg.parquet,TC23SIB09,SIB,sodium-ion,45.0,,45.0,discharge,61,0.0165328617982362,1.0249500741475566,0.6307406581596542,2.86271909178925,45.52893881215469
raw_CU_diffT/TC23SIB09/TC23SIB09_45deg.parquet,TC23SIB09_45deg.parquet,TC23SIB09,SIB,sodium-ion,45.0,,45.0,discharge,62,0.0165333662379897,1.0414834403855462,0.6409150720804662,2.84707373284985,45.540607265193366
raw_CU_diffT/TC23SIB09/TC23SIB09_45deg.parquet,TC23SIB09_45deg.parquet,TC23SIB09,SIB,sodium-ion,45.0,,45.0,discharge,63,0.0165330616634709,1.058016502049017,0.6510892985701658,2.83161917097069,45.55192662983426
raw_CU_diffT/TC23SIB09/TC23SIB09_45deg.parquet,TC23SIB09_45deg.parquet,TC23SIB09,SIB,sodium-ion,45.0,,45.0,discharge,64,0.0165320538834552,1.0745485559324723,0.6612629048854334,2.81692779733248,45.55662610497238
raw_CU_diffT/TC23SIB09/TC23SIB09_45deg.parquet,TC23SIB09_45deg.parquet,TC23SIB09,SIB,sodium-ion,45.0,,45.0,discharge,65,0.0165333643368649,1.0910819202693371,0.6714373176363184,2.80528917665805,45.56579190607735
raw_CU_diffT/TC23SIB09/TC23SIB09_45deg.parquet,TC23SIB09_45deg.parquet,TC23SIB09,SIB,sodium-ion,45.0,,45.0,discharge,66,0.0165325330781057,1.1076144533474428,0.6816112188416071,2.79956526485095,45.58397593922651
raw_CU_diffT/TC23SIB09/TC23SIB09_45deg.parquet,TC23SIB09_45deg.parquet,TC23SIB09,SIB,sodium-ion,45.0,,45.0,discharge,67,0.0165322008121203,1.124146654159563,0.6917849155748229,2.79613091776669,45.59275096685083
raw_CU_diffT/TC23SIB09/TC23SIB09_45deg.parquet,TC23SIB09_45deg.parquet,TC23SIB09,SIB,sodium-ion,45.0,,45.0,discharge,68,0.0165321615127326,1.1406788156722956,0.7019585881237177,2.79288736774267,45.590681215469615
raw_CU_diffT/TC23SIB09/TC23SIB09_45deg.parquet,TC23SIB09_45deg.parquet,TC23SIB09,SIB,sodium-ion,45.0,,45.0,discharge,69,0.0165305298756304,1.157209345547926,0.7121312565848177,2.78945302065842,45.584989696132595
raw_CU_diffT/TC23SIB09/TC23SIB09_45deg.parquet,TC23SIB09_45deg.parquet,TC23SIB09,SIB,sodium-ion,45.0,,45.0,discharge,70,0.0165323522409973,1.1737416977889232,0.7223050465053524,2.78544628239345,45.57673165745856
raw_CU_diffT/TC23SIB09/TC23SIB09_45deg.parquet,TC23SIB09_45deg.parquet,TC23SIB09,SIB,sodium-ion,45.0,,45.0,discharge,71,0.016533748409138,1.1902754461980611,0.7324796956092116,2.78010396470682,45.569878591160226
raw_CU_diffT/TC23SIB09/TC23SIB09_45deg.parquet,TC23SIB09_45deg.parquet,TC23SIB09,SIB,sodium-ion,45.0,,45.0,discharge,72,0.0165320992477554,1.2068075454458165,0.7426533298410666,2.77285367641784,45.5599211878453
raw_CU_diffT/TC23SIB09/TC23SIB09_45deg.parquet,TC23SIB09_45deg.parquet,TC23SIB09,SIB,sodium-ion,45.0,,45.0,discharge,73,0.0165330801341003,1.2233406255799169,0.7528275676973464,2.76235983810482,45.552212265193376
raw_CU_diffT/TC23SIB09/TC23SIB09_45deg.parquet,TC23SIB09_45deg.parquet,TC23SIB09,SIB,sodium-ion,45.0,,45.0,discharge,74,0.0165347748138307,1.2398754003937476,0.7630028484370166,2.74881324682803,45.544229475138124
raw_CU_diffT/TC23SIB09/TC23SIB09_45deg.parquet,TC23SIB09_45deg.parquet,TC23SIB09,SIB,sodium-ion,45.0,,45.0,discharge,75,0.016530500795638,1.2564059011893856,0.7731754990026757,2.73183230846698,45.53660497237569
raw_CU_diffT/TC23SIB09/TC23SIB09_45deg.parquet,TC23SIB09_45deg.parquet,TC23SIB09,SIB,sodium-ion,45.0,,45.0,discharge,76,0.0165314216376537,1.2729373228270393,0.7833487162422769,2.71141702302166,45.53368008287292
raw_CU_diffT/TC23SIB09/TC23SIB09_45deg.parquet,TC23SIB09_45deg.parquet,TC23SIB09,SIB,sodium-ion,45.0,,45.0,discharge,77,0.016531097596256,1.2894684204232953,0.7935217340711072,2.6875673904921,45.533152154696126
raw_CU_diffT/TC23SIB09/TC23SIB09_45deg.parquet,TC23SIB09_45deg.parquet,TC23SIB09,SIB,sodium-ion,45.0,,45.0,discharge,78,0.0165290669355094,1.3059974873588047,0.8036935022582933,2.65932942557709,45.53284596685083
raw_CU_diffT/TC23SIB09/TC23SIB09_45deg.parquet,TC23SIB09_45deg.parquet,TC23SIB09,SIB,sodium-ion,45.0,,45.0,discharge,79,0.0165327291437804,1.3225302165025852,0.8138675241197934,2.62765711357782,45.532286215469604
raw_CU_diffT/TC23SIB09/TC23SIB09_45deg.parquet,TC23SIB09_45deg.parquet,TC23SIB09,SIB,sodium-ion,45.0,,45.0,discharge,80,0.0165313107081162,1.3390615272107014,0.824040673094831,2.59331364273524,45.54297273480663
raw_CU_diffT/TC23SIB09/TC23SIB09_45deg.parquet,TC23SIB09_45deg.parquet,TC23SIB09,SIB,sodium-ion,45.0,,45.0,discharge,81,0.0165316584482765,1.3555931856589778,0.8342140360645431,2.55706220129029,45.54493668508287
raw_CU_diffT/TC23SIB09/TC23SIB09_45deg.parquet,TC23SIB09_45deg.parquet,TC23SIB09,SIB,sodium-ion,45.0,,45.0,discharge,82,0.0165320709545557,1.3721252566135336,0.8443876528851391,2.51966597748393,45.54045933701658
raw_CU_diffT/TC23SIB09/TC23SIB09_45deg.parquet,TC23SIB09_45deg.parquet,TC23SIB09,SIB,sodium-ion,45.0,,45.0,discharge,83,0.0165316826487012,1.3886569392622348,0.854561030747471,2.4803617830752,45.53651008287292
raw_CU_diffT/TC23SIB09/TC23SIB09_45deg.parquet,TC23SIB09_45deg.parquet,TC23SIB09,SIB,sodium-ion,45.0,,45.0,discharge,84,0.0165306745982289,1.4051876138604638,0.8647337882689354,2.43972200924481,45.53832638121547
raw_CU_diffT/TC23SIB09/TC23SIB09_45deg.parquet,TC23SIB09_45deg.parquet,TC23SIB09,SIB,sodium-ion,45.0,,45.0,discharge,85,0.0165303050538198,1.4217179189142835,0.8749063183776801,2.39755585893253,45.542719198895036
raw_CU_diffT/TC23SIB09/TC23SIB09_45deg.parquet,TC23SIB09_45deg.parquet,TC23SIB09,SIB,sodium-ion,45.0,,45.0,discharge,86,0.0165328624660103,1.4382507813802938,0.8850804222839092,2.35386333213836,45.54554939226519
raw_CU_diffT/TC23SIB09/TC23SIB09_45deg.parquet,TC23SIB09_45deg.parquet,TC23SIB09,SIB,sodium-ion,45.0,,45.0,discharge,87,0.0165323681859442,1.454783149566238,0.8952542220167525,2.30883522592254,45.55182212707182
raw_CU_diffT/TC23SIB09/TC23SIB09_45deg.parquet,TC23SIB09_45deg.parquet,TC23SIB09,SIB,sodium-ion,45.0,,45.0,discharge,88,0.0165311171089148,1.4713142666751529,0.9054272518534138,2.26228074322482,45.561420110497245
raw_CU_diffT/TC23SIB09/TC23SIB09_45deg.parquet,TC23SIB09_45deg.parquet,TC23SIB09,SIB,sodium-ion,45.0,,45.0,discharge,89,0.0165315814517051,1.487845848126858,0.9156005674404589,2.21515386934639,45.572793066298345
raw_CU_diffT/TC23SIB09/TC23SIB09_45deg.parquet,TC23SIB09_45deg.parquet,TC23SIB09,SIB,sodium-ion,45.0,,45.0,discharge,90,0.0165310948311256,1.5043769429579836,0.9257735835676647,2.16745460428725,45.58705922651934
raw_CU_diffT/TC23SIB09/TC23SIB09_45deg.parquet,TC23SIB09_45deg.parquet,TC23SIB09,SIB,sodium-ion,45.0,,45.0,discharge,91,0.0165310406100333,1.520907983568017,0.9359465663279307,2.12090012158953,45.60233889502762
raw_CU_diffT/TC23SIB09/TC23SIB09_45deg.parquet,TC23SIB09_45deg.parquet,TC23SIB09,SIB,sodium-ion,45.0,,45.0,discharge,92,0.0165311505431218,1.5374391341111389,0.9461196167395587,2.07491803007252,45.61604574585636
raw_CU_diffT/TC23SIB09/TC23SIB09_45deg.parquet,TC23SIB09_45deg.parquet,TC23SIB09,SIB,sodium-ion,45.0,,45.0,discharge,93,0.0165308292754957,1.5539699633866346,0.956292469447358,2.02874514149528,45.63151613259669
raw_CU_diffT/TC23SIB09/TC23SIB09_45deg.parquet,TC23SIB09_45deg.parquet,TC23SIB09,SIB,sodium-ion,45.0,,45.0,discharge,94,0.0165328812584947,1.5705028446451292,0.9664665849182322,1.98047348525543,45.65985814917127
raw_CU_diffT/TC23SIB09/TC23SIB09_45deg.parquet,TC23SIB09_45deg.parquet,TC23SIB09,SIB,sodium-ion,45.0,,45.0,discharge,95,0.0165331170455095,1.5870359616906387,0.9766408454893026,1.9297214672325,45.69340674033149
raw_CU_diffT/TC23SIB09/TC23SIB09_45deg.parquet,TC23SIB09_45deg.parquet,TC23SIB09,SIB,sodium-ion,45.0,,45.0,discharge,96,0.014024017390613,1.6010599790812516,0.9852710394686088,1.88488415807691,45.69758845303868
raw_CU_diffT/TC23SIB09/TC23SIB09_45deg.parquet,TC23SIB09_45deg.parquet,TC23SIB09,SIB,sodium-ion,45.0,,45.0,discharge,97,0.0066153869011064,1.607675365982358,0.9893420606756221,1.86714003147491,45.59619372928177
raw_CU_diffT/TC23SIB09/TC23SIB09_45deg.parquet,TC23SIB09_45deg.parquet,TC23SIB09,SIB,sodium-ion,45.0,,45.0,discharge,98,0.0043667995477768,1.6120421655301347,0.9920293311000931,1.85645539610167,45.52234908839778
raw_CU_diffT/TC23SIB09/TC23SIB09_45deg.parquet,TC23SIB09_45deg.parquet,TC23SIB09,SIB,sodium-ion,45.0,,45.0,discharge,99,0.0032507546964661,1.6152929202266009,0.994029802350822,1.84920510781268,45.47973074585635
raw_CU_diffT/TC23SIB09/TC23SIB09_45deg.parquet,TC23SIB09_45deg.parquet,TC23SIB09,SIB,sodium-ion,45.0,,45.0,discharge,100,0.0025946425724166,1.6178875627990175,0.9956265109175062,1.84348119600558,45.45616132596685
raw_CU_diffT/TC23SIB09/TC23SIB09_45deg.parquet,TC23SIB09_45deg.parquet,TC23SIB09,SIB,sodium-ion,45.0,,45.0,discharge,101,0.0021641385414507,1.6200517013404683,0.996958293023204,1.83928366068038,45.443446104972374
raw_CU_diffT/TC23SIB09/TC23SIB09_45deg.parquet,TC23SIB09_45deg.parquet,TC23SIB09,SIB,sodium-ion,45.0,,45.0,discharge,102,0.0018580332363815,1.6219097345768498,0.9981017019910726,1.83546771947565,45.4335523756906
raw_CU_diffT/TC23SIB09/TC23SIB09_45deg.parquet,TC23SIB09_45deg.parquet,TC23SIB09,SIB,sodium-ion,45.0,,45.0,discharge,103,0.0016314557180393,1.623541190294889,0.9991056781644586,1.8326057635721,45.424978646408846
raw_CU_diffT/TC23SIB09/TC23SIB09_45deg.parquet,TC23SIB09_45deg.parquet,TC23SIB09,SIB,sodium-ion,45.0,,45.0,discharge,104,0.0014532680267108,1.6249944583215998,1.0,1.82993460472879,45.418008977900556
raw_CU_diffT/TC23SIB09/TC23SIB09_45deg.parquet,TC23SIB09_45deg.parquet,TC23SIB09,SIB,sodium-ion,45.0,,45.0,charge,0,0.0165303427973516,0.0165303427973516,0.011150008668714979,1.93735334964197,45.391565276243085
raw_CU_diffT/TC23SIB09/TC23SIB09_45deg.parquet,TC23SIB09_45deg.parquet,TC23SIB09,SIB,sodium-ion,45.0,,45.0,charge,1,0.0165299598000053,0.0330603025973569,0.022299758998943955,2.0085206531102,45.384817762430934
raw_CU_diffT/TC23SIB09/TC23SIB09_45deg.parquet,TC23SIB09_45deg.parquet,TC23SIB09,SIB,sodium-ion,45.0,,45.0,charge,2,0.0165310814919184,0.0495913840892753,0.033450265930213094,2.07453643595205,45.37587571823204
raw_CU_diffT/TC23SIB09/TC23SIB09_45deg.parquet,TC23SIB09_45deg.parquet,TC23SIB09,SIB,sodium-ion,45.0,,45.0,charge,3,0.0165318084808639,0.0661231925701392,0.04460126322838773,2.13578229228798,45.36891878453039
raw_CU_diffT/TC23SIB09/TC23SIB09_45deg.parquet,TC23SIB09_45deg.parquet,TC23SIB09,SIB,sodium-ion,45.0,,45.0,charge,4,0.0165295882458583,0.0826527808159975,0.05575076293877109,2.19321220741918,45.363519254143654
raw_CU_diffT/TC23SIB09/TC23SIB09_45deg.parquet,TC23SIB09_45deg.parquet,TC23SIB09,SIB,sodium-ion,45.0,,45.0,charge,5,0.0165323987068611,0.0991851795228586,0.06690215835482301,2.24720777546613,45.36365762430939
raw_CU_diffT/TC23SIB09/TC23SIB09_45deg.parquet,TC23SIB09_45deg.parquet,TC23SIB09,SIB,sodium-ion,45.0,,45.0,charge,6,0.0165320351914389,0.1157172147142975,0.0780533085732914,2.29776899642882,45.36558011049725
raw_CU_diffT/TC23SIB09/TC23SIB09_45deg.parquet,TC23SIB09_45deg.parquet,TC23SIB09,SIB,sodium-ion,45.0,,45.0,charge,7,0.0165295034505219,0.1322467181648194,0.08920275108772018,2.34527746442772,45.367101104972384
raw_CU_diffT/TC23SIB09/TC23SIB09_45deg.parquet,TC23SIB09_45deg.parquet,TC23SIB09,SIB,sodium-ion,45.0,,45.0,charge,8,0.0165290025491175,0.14877572071393688,0.1003518557352898,2.3895423824026,45.370425966850824
raw_CU_diffT/TC23SIB09/TC23SIB09_45deg.parquet,TC23SIB09_45deg.parquet,TC23SIB09,SIB,sodium-ion,45.0,,45.0,charge,9,0.0165314487616744,0.16530716947561128,0.11150261039650704,2.43018215623298,45.37858767955802
raw_CU_diffT/TC23SIB09/TC23SIB09_45deg.parquet,TC23SIB09_45deg.parquet,TC23SIB09,SIB,sodium-ion,45.0,,45.0,charge,10,0.0165301459283221,0.18183731540393339,0.12265248627357865,2.46719678591888,45.38702480662983
raw_CU_diffT/TC23SIB09/TC23SIB09_45deg.parquet,TC23SIB09_45deg.parquet,TC23SIB09,SIB,sodium-ion,45.0,,45.0,charge,11,0.0165289078023627,0.1983662232062961,0.13380152701278594,2.50134945970122,45.395558591160224
raw_CU_diffT/TC23SIB09/TC23SIB09_45deg.parquet,TC23SIB09_45deg.parquet,TC23SIB09,SIB,sodium-ion,45.0,,45.0,charge,12,0.0165288005231065,0.2148950237294026,0.14495049539023697,2.53454814818238,45.40000419889503
raw_CU_diffT/TC23SIB09/TC23SIB09_45deg.parquet,TC23SIB09_45deg.parquet,TC23SIB09,SIB,sodium-ion,45.0,,45.0,charge,13,0.0165290095661861,0.23142403329558872,0.15609960477094353,2.56927321314543,45.392747430939224
raw_CU_diffT/TC23SIB09/TC23SIB09_45deg.parquet,TC23SIB09_45deg.parquet,TC23SIB09,SIB,sodium-ion,45.0,,45.0,charge,14,0.0165284160205834,0.2479524493161721,0.16724831379464017,2.60571545165061,45.37318339779005
raw_CU_diffT/TC23SIB09/TC23SIB09_45deg.parquet,TC23SIB09_45deg.parquet,TC23SIB09,SIB,sodium-ion,45.0,,45.0,charge,15,0.0165294415645077,0.2644818908806798,0.17839771456585748,2.64024971955343,45.35591690607735
raw_CU_diffT/TC23SIB09/TC23SIB09_45deg.parquet,TC23SIB09_45deg.parquet,TC23SIB09,SIB,sodium-ion,45.0,,45.0,charge,16,0.0165283813869977,0.2810102722676775,0.18954640022858782,2.67173123449246,45.34969723756906
raw_CU_diffT/TC23SIB09/TC23SIB09_45deg.parquet,TC23SIB09_45deg.parquet,TC23SIB09,SIB,sodium-ion,45.0,,45.0,charge,17,0.0165289758939336,0.2975392481616111,0.20069548689676434,2.69920601116653,45.35001345303868
raw_CU_diffT/TC23SIB09/TC23SIB09_45deg.parquet,TC23SIB09_45deg.parquet,TC23SIB09,SIB,sodium-ion,45.0,,45.0,charge,18,0.0165297067483699,0.314068954909981,0.2118450665391883,2.72286484663586,45.35065779005526
raw_CU_diffT/TC23SIB09/TC23SIB09_45deg.parquet,TC23SIB09_45deg.parquet,TC23SIB09,SIB,sodium-ion,45.0,,45.0,charge,19,0.0165320214080897,0.33060097631807067,0.2229962074605438,2.74385252326188,45.343962182320446
raw_CU_diffT/TC23SIB09/TC23SIB09_45deg.parquet,TC23SIB09_45deg.parquet,TC23SIB09,SIB,sodium-ion,45.0,,45.0,charge,20,0.0165307853970726,0.34713176171514326,0.23414651467060096,2.76235983810482,45.33900964088398
raw_CU_diffT/TC23SIB09/TC23SIB09_45deg.parquet,TC23SIB09_45deg.parquet,TC23SIB09,SIB,sodium-ion,45.0,,45.0,charge,21,0.0165307600687778,0.36366252178392106,0.24529680479627522,2.7789591823454,45.33569505524863
raw_CU_diffT/TC23SIB09/TC23SIB09_45deg.parquet,TC23SIB09_45deg.parquet,TC23SIB09,SIB,sodium-ion,45.0,,45.0,charge,22,0.0165293038223444,0.38019182560626547,0.25644611265796646,2.79365055598362,45.32945450276243
raw_CU_diffT/TC23SIB09/TC23SIB09_45deg.parquet,TC23SIB09_45deg.parquet,TC23SIB09,SIB,sodium-ion,45.0,,45.0,charge,23,0.0165295667384302,0.39672139234469567,0.26759559786120907,2.80700635020018,45.32244356353592
raw_CU_diffT/TC23SIB09/TC23SIB09_45deg.parquet,TC23SIB09_45deg.parquet,TC23SIB09,SIB,sodium-ion,45.0,,45.0,charge,24,0.0165291301809007,0.41325052252559635,0.2787447885986745,2.81902656499508,45.32150367403315
raw_CU_diffT/TC23SIB09/TC23SIB09_45deg.parquet,TC23SIB09_45deg.parquet,TC23SIB09,SIB,sodium-ion,45.0,,45.0,charge,25,0.0165287609969503,0.42977928352254663,0.28989373031503385,2.83066518566951,45.322242486187854
raw_CU_diffT/TC23SIB09/TC23SIB09_45deg.parquet,TC23SIB09_45deg.parquet,TC23SIB09,SIB,sodium-ion,45.0,,45.0,charge,26,0.0165286348247615,0.44630791834730815,0.3010425869260197,2.8421130092837,45.32717375690608
raw_CU_diffT/TC23SIB09/TC23SIB09_45deg.parquet,TC23SIB09_45deg.parquet,TC23SIB09,SIB,sodium-ion,45.0,,45.0,charge,27,0.0165298577023176,0.4628377760496257,0.312192268389552,2.85375162995813,45.33326591160221
raw_CU_diffT/TC23SIB09/TC23SIB09_45deg.parquet,TC23SIB09_45deg.parquet,TC23SIB09,SIB,sodium-ion,45.0,,45.0,charge,28,0.0165280764921107,0.4793658525417364,0.3233407483952869,2.86539025063256,45.33991897790057
raw_CU_diffT/TC23SIB09/TC23SIB09_45deg.parquet,TC23SIB09_45deg.parquet,TC23SIB09,SIB,sodium-ion,45.0,,45.0,charge,29,0.0165285577343622,0.4958944102760986,0.3344895530074345,2.87588408894557,45.342029999999994
raw_CU_diffT/TC23SIB09/TC23SIB09_45deg.parquet,TC23SIB09_45deg.parquet,TC23SIB09,SIB,sodium-ion,45.0,,45.0,charge,30,0.0165273982805721,0.5124218085566707,0.34563757554748786,2.88504234783693,45.33858718232044
raw_CU_diffT/TC23SIB09/TC23SIB09_45deg.parquet,TC23SIB09_45deg.parquet,TC23SIB09,SIB,sodium-ion,45.0,,45.0,charge,31,0.0165285643618625,0.5289503729185332,0.3567863846300017,2.89343741848734,45.33658099447515
raw_CU_diffT/TC23SIB09/TC23SIB09_45deg.parquet,TC23SIB09_45deg.parquet,TC23SIB09,SIB,sodium-ion,45.0,,45.0,charge,32,0.0165274659681234,0.5454778388866566,0.36793445282650583,2.90202328619798,45.33808022099448
raw_CU_diffT/TC23SIB09/TC23SIB09_45deg.parquet,TC23SIB09_45deg.parquet,TC23SIB09,SIB,sodium-ion,45.0,,45.0,charge,33,0.0165276597028411,0.5620054985894977,0.37908265170050465,2.91156313920981,45.34274828729282
raw_CU_diffT/TC23SIB09/TC23SIB09_45deg.parquet,TC23SIB09_45deg.parquet,TC23SIB09,SIB,sodium-ion,45.0,,45.0,charge,34,0.0165320077451919,0.5785375063346896,0.3902337834059939,2.923010962824,45.3447432320442
raw_CU_diffT/TC23SIB09/TC23SIB09_45deg.parquet,TC23SIB09_45deg.parquet,TC23SIB09,SIB,sodium-ion,45.0,,45.0,charge,35,0.0165317189238677,0.5950692252585573,0.4013847202963902,2.93560356879962,45.345968895027625
raw_CU_diffT/TC23SIB09/TC23SIB09_45deg.parquet,TC23SIB09_45deg.parquet,TC23SIB09,SIB,sodium-ion,45.0,,45.0,charge,36,0.0165302895886437,0.611599514847201,0.4125346930748903,2.95048573949807,45.34738370165747
raw_CU_diffT/TC23SIB09/TC23SIB09_45deg.parquet,TC23SIB09_45deg.parquet,TC23SIB09,SIB,sodium-ion,45.0,,45.0,charge,37,0.0165327312964869,0.6281322461436879,0.423686312828529,2.96670348961817,45.345725856353596
raw_CU_diffT/TC23SIB09/TC23SIB09_45deg.parquet,TC23SIB09_45deg.parquet,TC23SIB09,SIB,sodium-ion,45.0,,45.0,charge,38,0.0165324706069731,0.644664716750661,0.43483775674247843,2.9840660220997,45.343434640883984
raw_CU_diffT/TC23SIB09/TC23SIB09_45deg.parquet,TC23SIB09_45deg.parquet,TC23SIB09,SIB,sodium-ion,45.0,,45.0,charge,39,0.0165298289435853,0.6611945456942463,0.44598741880773707,3.00238253988241,45.346422016574586
raw_CU_diffT/TC23SIB09/TC23SIB09_45deg.parquet,TC23SIB09_45deg.parquet,TC23SIB09,SIB,sodium-ion,45.0,,45.0,charge,40,0.0165309289636814,0.6777254746579277,0.45713782285601184,3.02108065178559,45.35118552486189
raw_CU_diffT/TC23SIB09/TC23SIB09_45deg.parquet,TC23SIB09_45deg.parquet,TC23SIB09,SIB,sodium-ion,45.0,,45.0,charge,41,0.0165312373917206,0.6942567120496482,0.46828843494445566,3.04054195192972,45.35500837016575
raw_CU_diffT/TC23SIB09/TC23SIB09_45deg.parquet,TC23SIB09_45deg.parquet,TC23SIB09,SIB,sodium-ion,45.0,,45.0,charge,42,0.0165310907914819,0.7107878028411301,0.4794389481484449,3.06038484619432,45.35697237569061
raw_CU_diffT/TC23SIB09/TC23SIB09_45deg.parquet,TC23SIB09_45deg.parquet,TC23SIB09,SIB,sodium-ion,45.0,,45.0,charge,43,0.0165310838185132,0.7273188866596433,0.4905894566490434,3.08041853751916,45.35909433701658
raw_CU_diffT/TC23SIB09/TC23SIB09_45deg.parquet,TC23SIB09_45deg.parquet,TC23SIB09,SIB,sodium-ion,45.0,,45.0,charge,44,0.0165313790800361,0.7438502657396794,0.5017401643087628,3.10083382296447,45.36224185082873
raw_CU_diffT/TC23SIB09/TC23SIB09_45deg.parquet,TC23SIB09_45deg.parquet,TC23SIB09,SIB,sodium-ion,45.0,,45.0,charge,45,0.0165292928260985,0.7603795585657779,0.5128894647532917,3.12182149959049,45.36622428176796
raw_CU_diffT/TC23SIB09/TC23SIB09_45deg.parquet,TC23SIB09_45deg.parquet,TC23SIB09,SIB,sodium-ion,45.0,,45.0,charge,46,0.0165324228041711,0.776911981369949,0.5240408764234055,3.14319077033699,45.36872720994475
raw_CU_diffT/TC23SIB09/TC23SIB09_45deg.parquet,TC23SIB09_45deg.parquet,TC23SIB09,SIB,sodium-ion,45.0,,45.0,charge,47,0.0165302940416884,0.7934422754116374,0.5351908522055631,3.16456004108348,45.37326754143646
raw_CU_diffT/TC23SIB09/TC23SIB09_45deg.parquet,TC23SIB09_45deg.parquet,TC23SIB09,SIB,sodium-ion,45.0,,45.0,charge,48,0.0165321795212782,0.8099744549329155,0.5463420997770615,3.18592931182997,45.37421820441988
raw_CU_diffT/TC23SIB09/TC23SIB09_45deg.parquet,TC23SIB09_45deg.parquet,TC23SIB09,SIB,sodium-ion,45.0,,45.0,charge,49,0.0165326677891893,0.8265071227221048,0.5574936766939044,3.20768017669694,45.371843425414376
raw_CU_diffT/TC23SIB09/TC23SIB09_45deg.parquet,TC23SIB09_45deg.parquet,TC23SIB09,SIB,sodium-ion,45.0,,45.0,charge,50,0.0165326798696659,0.8430398025917707,0.5686452617592423,3.22924024450367,45.36803022099448
raw_CU_diffT/TC23SIB09/TC23SIB09_45deg.parquet,TC23SIB09_45deg.parquet,TC23SIB09,SIB,sodium-ion,45.0,,45.0,charge,51,0.0165305482074501,0.8595703507992208,0.5797954089807029,3.25118190643088,45.36807248618784
raw_CU_diffT/TC23SIB09/TC23SIB09_45deg.parquet,TC23SIB09_45deg.parquet,TC23SIB09,SIB,sodium-ion,45.0,,45.0,charge,52,0.0165311448644565,0.8761014956636773,0.5909459586578701,3.27274197423761,45.36646665745856
raw_CU_diffT/TC23SIB09/TC23SIB09_45deg.parquet,TC23SIB09_45deg.parquet,TC23SIB09,SIB,sodium-ion,45.0,,45.0,charge,53,0.0165305128728739,0.8926320085365512,0.6020960820455339,3.29449283910457,45.36209419889502
raw_CU_diffT/TC23SIB09/TC23SIB09_45deg.parquet,TC23SIB09_45deg.parquet,TC23SIB09,SIB,sodium-ion,45.0,,45.0,charge,54,0.0165285608225523,0.9091605693591035,0.6132448887407203,3.3160529069113,45.357606657458575
raw_CU_diffT/TC23SIB09/TC23SIB09_45deg.parquet,TC23SIB09_45deg.parquet,TC23SIB09,SIB,sodium-ion,45.0,,45.0,charge,55,0.0165311586006557,0.9256917279597592,0.6243954476831969,3.3374221776578,45.3595593922652
raw_CU_diffT/TC23SIB09/TC23SIB09_45deg.parquet,TC23SIB09_45deg.parquet,TC23SIB09,SIB,sodium-ion,45.0,,45.0,charge,56,0.0165318009927943,0.9422235289525535,0.6355464399305362,3.35860065134406,45.365823176795594
raw_CU_diffT/TC23SIB09/TC23SIB09_45deg.parquet,TC23SIB09_45deg.parquet,TC23SIB09,SIB,sodium-ion,45.0,,45.0,charge,57,0.0165307730879366,0.9587543020404901,0.6466967388378633,3.37977912503031,45.372307679558006
raw_CU_diffT/TC23SIB09/TC23SIB09_45deg.parquet,TC23SIB09_45deg.parquet,TC23SIB09,SIB,sodium-ion,45.0,,45.0,charge,58,0.0165334066504047,0.9752877086908948,0.6578488141296678,3.4005760045961,45.37189643646409
raw_CU_diffT/TC23SIB09/TC23SIB09_45deg.parquet,TC23SIB09_45deg.parquet,TC23SIB09,SIB,sodium-ion,45.0,,45.0,charge,59,0.0165305780524082,0.991818286743303,0.6689989814820805,3.42099129004141,45.371600690607735
raw_CU_diffT/TC23SIB09/TC23SIB09_45deg.parquet,TC23SIB09_45deg.parquet,TC23SIB09,SIB,sodium-ion,45.0,,45.0,charge,60,0.0165301444296274,1.0083484311729303,0.680148856348256,3.44102498136625,45.37015458563536
raw_CU_diffT/TC23SIB09/TC23SIB09_45deg.parquet,TC23SIB09_45deg.parquet,TC23SIB09,SIB,sodium-ion,45.0,,45.0,charge,61,0.0165303631671601,1.0248787943400903,0.6912988787567671,3.46067707857061,45.36826314917127
raw_CU_diffT/TC23SIB09/TC23SIB09_45deg.parquet,TC23SIB09_45deg.parquet,TC23SIB09,SIB,sodium-ion,45.0,,45.0,charge,62,0.0165309546401571,1.0414097489802474,0.702449300124279,3.47975678459427,45.36787193370166
raw_CU_diffT/TC23SIB09/TC23SIB09_45deg.parquet,TC23SIB09_45deg.parquet,TC23SIB09,SIB,sodium-ion,45.0,,45.0,charge,63,0.0165301844443465,1.0579399334245938,0.7135992019810904,3.49921808473839,45.37277270718233
raw_CU_diffT/TC23SIB09/TC23SIB09_45deg.parquet,TC23SIB09_45deg.parquet,TC23SIB09,SIB,sodium-ion,45.0,,45.0,charge,64,0.0165297814511008,1.0744697148756945,0.7247488320118279,3.51829779076205,45.37835613259667
raw_CU_diffT/TC23SIB09/TC23SIB09_45deg.parquet,TC23SIB09_45deg.parquet,TC23SIB09,SIB,sodium-ion,45.0,,45.0,charge,65,0.0165308401033934,1.091000554979088,0.7358991761222664,3.53737749678571,45.38336856353591
raw_CU_diffT/TC23SIB09/TC23SIB09_45deg.parquet,TC23SIB09_45deg.parquet,TC23SIB09,SIB,sodium-ion,45.0,,45.0,charge,66,0.0165308725871629,1.107531427566251,0.7470495421435821,3.55645720280936,45.38572417127071
raw_CU_diffT/TC23SIB09/TC23SIB09_45deg.parquet,TC23SIB09_45deg.parquet,TC23SIB09,SIB,sodium-ion,45.0,,45.0,charge,67,0.0165298600798121,1.124061287646063,0.7581992252107764,3.57553690883302,45.388735110497244
raw_CU_diffT/TC23SIB09/TC23SIB09_45deg.parquet,TC23SIB09_45deg.parquet,TC23SIB09,SIB,sodium-ion,45.0,,45.0,charge,68,0.0165290563554472,1.1405903440015102,0.7693483661516675,3.59499820897714,45.39169237569062
raw_CU_diffT/TC23SIB09/TC23SIB09_45deg.parquet,TC23SIB09_45deg.parquet,TC23SIB09,SIB,sodium-ion,45.0,,45.0,charge,69,0.0165315544504496,1.1571218984519598,0.7804991921018334,3.61484110324175,45.39407964088398
raw_CU_diffT/TC23SIB09/TC23SIB09_45deg.parquet,TC23SIB09_45deg.parquet,TC23SIB09,SIB,sodium-ion,45.0,,45.0,charge,70,0.0165310084307222,1.173652906882682,0.7916496497520331,3.63506559162682,45.39807185082873
raw_CU_diffT/TC23SIB09/TC23SIB09_45deg.parquet,TC23SIB09_45deg.parquet,TC23SIB09,SIB,sodium-ion,45.0,,45.0,charge,71,0.0165315395416429,1.190184446424325,0.8028004656459452,3.65586247119261,45.40620400552487
raw_CU_diffT/TC23SIB09/TC23SIB09_45deg.parquet,TC23SIB09_45deg.parquet,TC23SIB09,SIB,sodium-ion,45.0,,45.0,charge,72,0.0165316845029373,1.2067161309272623,0.813951379318815,3.67704094487886,45.41371193370166
raw_CU_diffT/TC23SIB09/TC23SIB09_45deg.parquet,TC23SIB09_45deg.parquet,TC23SIB09,SIB,sodium-ion,45.0,,45.0,charge,73,0.0165308427173538,1.223246973644616,0.825101725192416,3.69898260680607,45.41979367403315
raw_CU_diffT/TC23SIB09/TC23SIB09_45deg.parquet,TC23SIB09_45deg.parquet,TC23SIB09,SIB,sodium-ion,45.0,,45.0,charge,74,0.0165313668676949,1.239778340512311,0.8362524246146952,3.72149665991398,45.42338422651934
raw_CU_diffT/TC23SIB09/TC23SIB09_45deg.parquet,TC23SIB09_45deg.parquet,TC23SIB09,SIB,sodium-ion,45.0,,45.0,charge,75,0.0165318668222964,1.2563102073346075,0.8474034612651983,3.74496469832308,45.42771364640884
raw_CU_diffT/TC23SIB09/TC23SIB09_45deg.parquet,TC23SIB09_45deg.parquet,TC23SIB09,SIB,sodium-ion,45.0,,45.0,charge,76,0.0165317022887513,1.2728419096233587,0.8585543869349141,3.76919592497312,45.42882279005526
raw_CU_diffT/TC23SIB09/TC23SIB09_45deg.parquet,TC23SIB09_45deg.parquet,TC23SIB09,SIB,sodium-ion,45.0,,45.0,charge,77,0.0165322926808463,1.289374202304205,0.8697057108345433,3.79419033986411,45.4272699723757
raw_CU_diffT/TC23SIB09/TC23SIB09_45deg.parquet,TC23SIB09_45deg.parquet,TC23SIB09,SIB,sodium-ion,45.0,,45.0,charge,78,0.016531037689299,1.305905239993504,0.8808561882201708,3.81975714593581,45.42805190607736
raw_CU_diffT/TC23SIB09/TC23SIB09_45deg.parquet,TC23SIB09_45deg.parquet,TC23SIB09,SIB,sodium-ion,45.0,,45.0,charge,79,0.0165320867247064,1.3224373267182103,0.8920073731987397,3.84608714024845,45.43347922651934
raw_CU_diffT/TC23SIB09/TC23SIB09_45deg.parquet,TC23SIB09_45deg.parquet,TC23SIB09,SIB,sodium-ion,45.0,,45.0,charge,80,0.0165316758966207,1.338969002614831,0.9031582810664966,3.87318032280204,45.43989820441988
raw_CU_diffT/TC23SIB09/TC23SIB09_45deg.parquet,TC23SIB09_45deg.parquet,TC23SIB09,SIB,sodium-ion,45.0,,45.0,charge,81,0.0165309536079503,1.3554999562227814,0.9143087017377668,3.90027350535563,45.44514624309393
raw_CU_diffT/TC23SIB09/TC23SIB09_45deg.parquet,TC23SIB09_45deg.parquet,TC23SIB09,SIB,sodium-ion,45.0,,45.0,charge,82,0.0165311054237032,1.3720310616464846,0.9254592248114482,3.92736668790922,45.45027831491713
raw_CU_diffT/TC23SIB09/TC23SIB09_45deg.parquet,TC23SIB09_45deg.parquet,TC23SIB09,SIB,sodium-ion,45.0,,45.0,charge,83,0.0165303957048117,1.3885614573512963,0.936609269167181,3.95312429104116,45.45717370165745
raw_CU_diffT/TC23SIB09/TC23SIB09_45deg.parquet,TC23SIB09_45deg.parquet,TC23SIB09,SIB,sodium-ion,45.0,,45.0,charge,84,0.0165320841742199,1.4050935415255161,0.9477604524254017,3.97697392357073,45.46505160220994
raw_CU_diffT/TC23SIB09/TC23SIB09_45deg.parquet,TC23SIB09_45deg.parquet,TC23SIB09,SIB,sodium-ion,45.0,,45.0,charge,85,0.0165309866000652,1.4216245281255813,0.958910895350437,3.99796160019675,45.46948662983425
raw_CU_diffT/TC23SIB09/TC23SIB09_45deg.parquet,TC23SIB09_45deg.parquet,TC23SIB09,SIB,sodium-ion,45.0,,45.0,charge,86,0.0160604131219044,1.4376849412474857,0.9697439281391502,4.01532413267827,45.474471878453045
raw_CU_diffT/TC23SIB09/TC23SIB09_45deg.parquet,TC23SIB09_45deg.parquet,TC23SIB09,SIB,sodium-ion,45.0,,45.0,charge,87,0.0083346308384746,1.4460195720859603,0.9753657840945161,4.02181123272632,45.459496408839776
raw_CU_diffT/TC23SIB09/TC23SIB09_45deg.parquet,TC23SIB09_45deg.parquet,TC23SIB09,SIB,sodium-ion,45.0,,45.0,charge,88,0.0058273424539475,1.4518469145399078,0.9792964296760158,4.02562717393105,45.445295552486186
raw_CU_diffT/TC23SIB09/TC23SIB09_45deg.parquet,TC23SIB09_45deg.parquet,TC23SIB09,SIB,sodium-ion,45.0,,45.0,charge,89,0.0044415426462784,1.4562884571861863,0.9822923287699177,4.02810753571412,45.42618226519337
raw_CU_diffT/TC23SIB09/TC23SIB09_45deg.parquet,TC23SIB09_45deg.parquet,TC23SIB09,SIB,sodium-ion,45.0,,45.0,charge,90,0.003609096986586,1.4598975541727723,0.9847267285388756,4.02982470925625,45.403162679558015
raw_CU_diffT/TC23SIB09/TC23SIB09_45deg.parquet,TC23SIB09_45deg.parquet,TC23SIB09,SIB,sodium-ion,45.0,,45.0,charge,91,0.0029802791062031,1.4628778332789754,0.9867369795225804,4.03116028867791,45.38388917127073
raw_CU_diffT/TC23SIB09/TC23SIB09_45deg.parquet,TC23SIB09_45deg.parquet,TC23SIB09,SIB,sodium-ion,45.0,,45.0,charge,92,0.0025691480181698,1.4654469812971451,0.9884699153137483,4.03230507103933,45.373332817679554
raw_CU_diffT/TC23SIB09/TC23SIB09_45deg.parquet,TC23SIB09_45deg.parquet,TC23SIB09,SIB,sodium-ion,45.0,,45.0,charge,93,0.0022440335416473,1.4676910148387925,0.9899835556386339,4.03306825928027,45.37093740331492
raw_CU_diffT/TC23SIB09/TC23SIB09_45deg.parquet,TC23SIB09_45deg.parquet,TC23SIB09,SIB,sodium-ion,45.0,,45.0,charge,94,0.0020032876149187,1.4696943024537112,0.9913348085767069,4.03383144752122,45.37601348066299
raw_CU_diffT/TC23SIB09/TC23SIB09_45deg.parquet,TC23SIB09_45deg.parquet,TC23SIB09,SIB,sodium-ion,45.0,,45.0,charge,95,0.0017939015827159,1.4714882040364272,0.9925448269316384,4.03440383870193,45.3864529281768
raw_CU_diffT/TC23SIB09/TC23SIB09_45deg.parquet,TC23SIB09_45deg.parquet,TC23SIB09,SIB,sodium-ion,45.0,,45.0,charge,96,0.0016355685307868,1.473123772567214,0.9936480468418432,4.0347854328224,45.39718339779005
raw_CU_diffT/TC23SIB09/TC23SIB09_45deg.parquet,TC23SIB09_45deg.parquet,TC23SIB09,SIB,sodium-ion,45.0,,45.0,charge,97,0.0014906147899584,1.4746143873571724,0.9946534928893634,4.03516702694287,45.404894530386755
raw_CU_diffT/TC23SIB09/TC23SIB09_45deg.parquet,TC23SIB09_45deg.parquet,TC23SIB09,SIB,sodium-ion,45.0,,45.0,charge,98,0.0013757986072808,1.4759901859644533,0.9955814933903601,4.03554862106335,45.40566486187845
raw_CU_diffT/TC23SIB09/TC23SIB09_45deg.parquet,TC23SIB09_45deg.parquet,TC23SIB09,SIB,sodium-ion,45.0,,45.0,charge,99,0.0012792915174285,1.4772694774818818,0.9964443981518648,4.03573941812358,45.40524276243094
raw_CU_diffT/TC23SIB09/TC23SIB09_45deg.parquet,TC23SIB09_45deg.parquet,TC23SIB09,SIB,sodium-ion,45.0,,45.0,charge,100,0.001186726869722,1.4784562043516039,0.9972448664208542,4.03612101224406,45.39914878453038
raw_CU_diffT/TC23SIB09/TC23SIB09_45deg.parquet,TC23SIB09_45deg.parquet,TC23SIB09,SIB,sodium-ion,45.0,,45.0,charge,101,0.0011163715759111,1.479572575927515,0.9979978787994547,4.03650260636453,45.39193662983426
raw_CU_diffT/TC23SIB09/TC23SIB09_45deg.parquet,TC23SIB09_45deg.parquet,TC23SIB09,SIB,sodium-ion,45.0,,45.0,charge,102,0.0010380546172455,1.4806106305447604,0.9986980650038655,4.03650260636453,45.38764668508288
raw_CU_diffT/TC23SIB09/TC23SIB09_45deg.parquet,TC23SIB09_45deg.parquet,TC23SIB09,SIB,sodium-ion,45.0,,45.0,charge,103,0.0009912576905812,1.4816018882353417,0.9993666858533183,4.036884200485,45.38449767955802
raw_CU_diffT/TC23SIB09/TC23SIB09_45deg.parquet,TC23SIB09_45deg.parquet,TC23SIB09,SIB,sodium-ion,45.0,,45.0,charge,104,0.0009389140631285,1.48254080229847,1.0,4.036884200485,45.38134248618784
