cell_family,chemistry_type,temperature_deg_c,pulse_direction,abs_c_rate,nominal_soc_percent,pulse_count,complete_1s_count,complete_10s_count,median_r_fast_mohm,median_r_1s_mohm,median_r_10s_mohm,median_polarization_1s_mohm
LFP,lithium-ion,5.0,charge,1.0,0,1,1,1,143.04741359726282,274.7781873632801,351.1972945383527,131.7307737660173
LFP,lithium-ion,5.0,charge,1.0,10,2,2,2,139.0420860165463,237.7765897127928,292.6432199058766,98.73450369624639
LFP,lithium-ion,5.0,charge,1.0,20,2,2,2,134.9731818075552,219.91155717019618,268.42052453673716,84.93837536264084
LFP,lithium-ion,5.0,charge,1.0,30,2,2,2,134.14668564010523,216.28768935906885,262.5078981080514,82.1410037189636
LFP,lithium-ion,5.0,charge,1.0,40,2,2,2,133.44734272918197,213.4267410871202,261.9992850819292,79.9793983579382
LFP,lithium-ion,5.0,charge,1.0,50,2,2,2,132.30296342040765,211.13798246956833,261.8721318253961,78.83501904916065
LFP,lithium-ion,5.0,charge,1.0,60,2,2,1,130.96785422683206,207.89557442802692,256.8495781924286,76.92772020119476
LFP,lithium-ion,5.0,charge,1.0,70,2,2,1,130.3320879441735,204.58958975822074,253.416440266086,74.25750181404719
LFP,lithium-ion,5.0,charge,1.0,80,2,2,1,128.99697875059803,202.0465246276029,249.72899582669038,73.04954587700476
LFP,lithium-ion,5.0,charge,1.0,90,2,2,1,128.6790956092737,199.50345949698504,244.2614057958656,70.8243638877113
LFP,lithium-ion,5.0,charge,1.0,100,2,2,1,133.19303621611905,192.00141736166114,249.60184257016098,58.80838114554204
LFP,lithium-ion,5.0,charge,2.0,0,1,1,1,133.065881199217,217.1777592816644,270.2006665535964,84.11187808244739
LFP,lithium-ion,5.0,charge,2.0,10,2,1,1,125.59526395918661,203.3180545031554,253.2892836587123,73.1766981654593
LFP,lithium-ion,5.0,charge,2.0,20,2,0,0,122.1926469948674,,,
LFP,lithium-ion,5.0,charge,2.0,30,2,0,0,121.33332993982431,,,
LFP,lithium-ion,5.0,charge,2.0,40,2,0,0,120.54056161605395,,,
LFP,lithium-ion,5.0,charge,2.0,50,2,0,0,119.7767711223796,,,
LFP,lithium-ion,5.0,charge,2.0,60,2,0,0,118.9812077920305,,,
LFP,lithium-ion,5.0,charge,2.0,70,2,0,0,118.31539302081976,,,
LFP,lithium-ion,5.0,charge,2.0,80,2,0,0,117.71141868782685,,,
LFP,lithium-ion,5.0,charge,2.0,90,2,0,0,117.0492910213997,,,
LFP,lithium-ion,5.0,charge,2.0,100,2,0,0,114.86054796074185,,,
LFP,lithium-ion,5.0,charge,3.0,0,1,1,0,121.3887314726498,184.54138855862982,,63.152657085979904
LFP,lithium-ion,5.0,charge,3.0,10,2,1,0,115.51614834771145,173.4793743066356,,53.9977334147684
LFP,lithium-ion,5.0,charge,3.0,20,2,0,0,111.4669874834779,,,
LFP,lithium-ion,5.0,charge,3.0,30,2,0,0,110.19441682722214,,,
LFP,lithium-ion,5.0,charge,3.0,40,2,0,0,109.9618702487665,,,
LFP,lithium-ion,5.0,charge,3.0,50,2,0,0,112.67825837242901,,,
LFP,lithium-ion,5.0,charge,3.0,60,2,0,0,108.69311716892541,,,
LFP,lithium-ion,5.0,charge,3.0,70,2,0,0,108.0986783010915,,,
LFP,lithium-ion,5.0,charge,3.0,80,2,0,0,107.270026534499,,,
LFP,lithium-ion,5.0,charge,3.0,90,2,0,0,109.95772802311116,,,
LFP,lithium-ion,5.0,charge,3.0,100,2,0,0,98.98315409274794,,,
LFP,lithium-ion,5.0,discharge,1.0,0,1,1,1,142.6659538276738,252.9078272399673,399.3883787635662,110.2418734122934
LFP,lithium-ion,5.0,discharge,1.0,10,2,2,2,137.0712105403157,217.68637518090927,300.84460495212073,80.61516464059355
LFP,lithium-ion,5.0,discharge,1.0,20,2,2,2,133.6380726139764,201.79221811454005,273.3795015414364,68.1541455005636
LFP,lithium-ion,5.0,discharge,1.0,30,2,2,2,132.04865690734474,197.53258402075755,249.34753605710125,65.48392711341275
LFP,lithium-ion,5.0,discharge,1.0,40,2,2,2,131.54004388121933,194.6080591205473,235.86929086483028,63.06801523932795
LFP,lithium-ion,5.0,discharge,1.0,50,2,2,2,131.03143085509694,192.1285706181974,226.3963732532722,61.097139763100394
LFP,lithium-ion,5.0,discharge,1.0,60,2,2,2,129.12413200713118,189.20404571798386,220.92878322244408,60.07991371085265
LFP,lithium-ion,5.0,discharge,1.0,70,2,2,2,128.6155189810056,186.21594418950872,215.77907633294012,57.60042520850305
LFP,lithium-ion,5.0,discharge,1.0,80,2,2,2,127.21683315916854,184.43579859807565,213.17243457405743,57.21896543890705
LFP,lithium-ion,5.0,discharge,1.0,90,2,2,2,126.89895001784079,181.1298139282727,207.64126791496756,54.2308639104319
LFP,lithium-ion,5.0,discharge,1.0,100,2,2,2,118.82471822813,162.43828521822957,187.29674687002134,43.61356699009955
LFP,lithium-ion,5.0,discharge,2.0,0,1,1,0,128.7426705343594,200.77498940617718,,72.0323188718177
LFP,lithium-ion,5.0,discharge,2.0,10,2,2,1,121.81281814510164,174.3271123976367,174.1999591427875,52.51429425253495
LFP,lithium-ion,5.0,discharge,2.0,20,2,2,2,118.69756340130775,161.77072848132374,222.58177261273804,43.07316508001595
LFP,lithium-ion,5.0,discharge,2.0,30,2,2,2,118.12537375449031,158.68726205124165,199.12199709314376,40.5618882967513
LFP,lithium-ion,5.0,discharge,2.0,40,2,2,2,117.07635940198784,155.98525538570573,185.89805858887433,38.9088959837178
LFP,lithium-ion,5.0,discharge,2.0,50,2,2,2,116.91741783342829,153.8236500532769,176.99733074946238,36.906232219848555
LFP,lithium-ion,5.0,discharge,2.0,60,2,2,2,115.70946191236133,150.9627018191798,171.68868235952456,35.25323990681835
LFP,lithium-ion,5.0,discharge,2.0,70,2,2,2,114.91475406955901,148.70573154561373,167.7151431455028,33.79097747605466
LFP,lithium-ion,5.0,discharge,2.0,80,2,2,2,114.21541116789075,147.21168080114305,165.39459624451456,32.9962696332523
LFP,lithium-ion,5.0,discharge,2.0,90,2,2,2,117.10814771569974,144.82755727272774,161.8343051087492,27.71940955702795
LFP,lithium-ion,5.0,discharge,2.0,100,2,2,2,103.97957415256586,127.280408103599,142.2527038620392,23.3008339510331
LFP,lithium-ion,5.0,discharge,3.0,0,1,1,0,129.7840633485854,192.6160305252786,,62.83196717669309
LFP,lithium-ion,5.0,discharge,3.0,10,2,2,1,126.450640570563,156.86542045843015,147.9637073441265,30.41477988786715
LFP,lithium-ion,5.0,discharge,3.0,20,2,2,2,107.48710296431305,140.9708749760853,188.1237035397445,33.4837720117722
LFP,lithium-ion,5.0,discharge,3.0,30,2,2,2,107.0206556924293,138.32154845633292,170.49132179120573,31.300892763903597
LFP,lithium-ion,5.0,discharge,3.0,40,2,2,2,106.27892837574825,136.13875092438747,159.5773341314815,29.859822548639148
LFP,lithium-ion,5.0,discharge,3.0,50,2,2,2,105.70673873145185,134.06191443768327,151.88456224705672,28.355175706231403
LFP,lithium-ion,5.0,discharge,3.0,60,2,2,2,104.98620362381965,131.5824259790673,146.58650998505541,26.5962223552476
LFP,lithium-ion,5.0,discharge,3.0,70,2,2,2,104.3928217704766,129.6963193737956,143.2169487464226,25.303497603319
LFP,lithium-ion,5.0,discharge,3.0,80,2,2,2,103.8842087533236,128.1280959042411,141.14011225971723,24.243887150917452
LFP,lithium-ion,5.0,discharge,3.0,90,2,2,2,105.32527896858795,126.24198929896929,138.57585496490896,20.916710330381353
LFP,lithium-ion,5.0,discharge,3.0,100,2,2,2,93.18214318408086,111.08955982964544,122.1942773707999,17.907416645564602
LFP,lithium-ion,15.0,charge,1.0,0,1,1,1,115.32800367352911,190.8570380528867,253.670746779152,75.5290343793576
LFP,lithium-ion,15.0,charge,1.0,10,2,2,2,108.33457456432754,158.56011089403296,196.19747482718213,50.2255363297053
LFP,lithium-ion,15.0,charge,1.0,20,2,2,2,105.2193197793257,146.7984346649331,176.4251434366328,41.5791148856073
LFP,lithium-ion,15.0,charge,1.0,30,2,2,2,103.94778721401521,144.1917929060437,174.39069133213735,40.244005692028445
LFP,lithium-ion,15.0,charge,1.0,40,2,2,2,103.50275081615446,142.28449405808124,173.30988865161783,38.7817432419267
LFP,lithium-ion,15.0,charge,1.0,50,2,2,2,102.93056116176415,141.0129614927707,173.18273539508837,38.082400331006546
LFP,lithium-ion,15.0,charge,1.0,60,2,2,2,102.6762546487045,139.55069904266864,172.73769899723402,36.874444393964104
LFP,lithium-ion,15.0,charge,1.0,70,2,2,2,100.26034277461629,136.3718676293956,170.38536375141078,36.111524854779304
LFP,lithium-ion,15.0,charge,1.0,80,2,2,2,99.3066933506333,133.3837661009169,166.38003617068443,34.0770727502835
LFP,lithium-ion,15.0,charge,1.0,90,2,2,2,98.54377381144515,131.0314308550937,163.9005476683316,32.48765704364855
LFP,lithium-ion,15.0,charge,1.0,100,2,2,2,97.9080075287997,128.9334021223397,164.2184308096623,31.02539459353995
LFP,lithium-ion,15.0,charge,2.0,0,1,1,1,107.7623834843163,162.9468960886738,210.2479068924083,55.1845126043575
LFP,lithium-ion,15.0,charge,2.0,10,2,2,2,100.89596185676194,139.4233531133982,171.02090219519727,38.5273912566362
LFP,lithium-ion,15.0,charge,2.0,20,2,2,1,97.17687501815736,129.06055367148176,153.2832487201714,31.883678653324353
LFP,lithium-ion,15.0,charge,2.0,30,2,2,1,96.28680223421765,127.24861978988885,152.83821232819818,30.9618175556712
LFP,lithium-ion,15.0,charge,2.0,40,2,2,0,95.77808212083424,125.8815828207091,,30.10350069987485
LFP,lithium-ion,15.0,charge,2.0,50,2,2,0,95.46001940573795,124.86412128729185,,29.40410188155385
LFP,lithium-ion,15.0,charge,2.0,60,2,2,0,94.9197625064232,123.5927775623629,,28.67301505593965
LFP,lithium-ion,15.0,charge,2.0,70,2,2,0,93.36187273212066,121.2083155600297,,27.846442827909
LFP,lithium-ion,15.0,charge,2.0,80,2,2,0,92.34505133390611,119.04723485214349,,26.702183518237298
LFP,lithium-ion,15.0,charge,2.0,90,2,2,0,91.93152717995079,117.3303135619636,,25.398786382012748
LFP,lithium-ion,15.0,charge,2.0,100,2,2,0,91.45484098942615,115.74107572179865,,24.286234732372453
LFP,lithium-ion,15.0,charge,3.0,0,1,1,1,102.18883293074211,148.98123092142708,190.2212700925655,46.792397990685
LFP,lithium-ion,15.0,charge,3.0,10,2,1,1,94.32579837301144,138.6818172332622,175.4291080465986,40.6042728940903
LFP,lithium-ion,15.0,charge,3.0,20,2,0,0,90.42683878325094,,,
LFP,lithium-ion,15.0,charge,3.0,30,2,0,0,89.76965915212085,,,
LFP,lithium-ion,15.0,charge,3.0,40,2,0,0,89.2380738695421,,,
LFP,lithium-ion,15.0,charge,3.0,50,2,0,0,89.0691313061581,,,
LFP,lithium-ion,15.0,charge,3.0,60,2,0,0,88.37142387254335,,,
LFP,lithium-ion,15.0,charge,3.0,70,2,0,0,87.22457409399055,,,
LFP,lithium-ion,15.0,charge,3.0,80,2,0,0,86.4841657596169,,,
LFP,lithium-ion,15.0,charge,3.0,90,2,0,0,86.16313479501005,,,
LFP,lithium-ion,15.0,charge,3.0,100,2,0,0,85.65953708042686,,,
LFP,lithium-ion,15.0,discharge,1.0,0,1,1,1,112.65778528638481,174.5814212169353,290.29088466005345,61.9236359305505
LFP,lithium-ion,15.0,discharge,1.0,10,2,2,2,105.7279328054413,145.9719384974766,200.71141543403076,40.2440056920353
LFP,lithium-ion,15.0,discharge,1.0,20,2,2,2,102.8034079052344,135.4817948336777,173.11915876682679,32.67838692844325
LFP,lithium-ion,15.0,discharge,1.0,30,2,2,2,101.84975848125485,133.00230633132787,163.70981778354027,31.15254785007295
LFP,lithium-ion,15.0,discharge,1.0,40,2,2,2,100.89610905727505,130.9678542268355,157.0978484439343,30.07174516956045
LFP,lithium-ion,15.0,discharge,1.0,50,2,2,2,100.83253242900669,129.50559177672355,152.90179097841005,28.67305934771675
LFP,lithium-ion,15.0,discharge,1.0,60,2,2,2,100.13318951808665,128.04332932661833,150.29514921952736,27.9101398085316
LFP,lithium-ion,15.0,discharge,1.0,70,2,2,2,98.0351607853262,125.94530059386145,149.97726607820317,27.910139808535202
LFP,lithium-ion,15.0,discharge,1.0,80,2,2,2,96.63647496348935,123.02077569365086,145.97193849748004,26.3843007301615
LFP,lithium-ion,15.0,discharge,1.0,90,2,2,2,96.2550151938933,120.7320170760926,141.6487277754293,24.4770018821993
LFP,lithium-ion,15.0,discharge,1.0,100,2,2,2,95.61924891124136,117.807492175882,136.75332739898815,22.18824326464065
LFP,lithium-ion,15.0,discharge,2.0,0,1,1,1,102.7398299177904,146.4805495857594,260.2827126753921,43.740719667968996
LFP,lithium-ion,15.0,discharge,2.0,10,2,2,2,97.27223995929465,126.5174885745069,182.2424025119732,29.2452486152122
LFP,lithium-ion,15.0,discharge,2.0,20,2,2,2,93.93446701951589,117.96643218592914,152.3613876225165,24.03196516641325
LFP,lithium-ion,15.0,discharge,2.0,30,2,2,2,93.0761825492864,115.45515540266625,139.23281405938275,22.37897285337985
LFP,lithium-ion,15.0,discharge,2.0,40,2,2,2,92.5039929024674,113.29355007023744,131.7307720233058,20.78955716777005
LFP,lithium-ion,15.0,discharge,2.0,50,2,2,2,92.18610976534511,111.79949932576517,127.94796269155714,19.613389560420053
LFP,lithium-ion,15.0,discharge,2.0,60,2,2,2,91.6139201185243,110.40081352242845,125.468474222006,18.786893403904152
LFP,lithium-ion,15.0,discharge,2.0,70,2,2,2,90.18344600147574,108.938551091668,124.86449626147345,18.755105090192203
LFP,lithium-ion,15.0,discharge,2.0,80,2,2,2,89.32516153124789,107.12661721007349,122.798255870182,17.8014556788255
LFP,lithium-ion,15.0,discharge,2.0,90,2,2,2,88.78476019814069,105.3782599559026,120.0326725772222,16.59349975776185
LFP,lithium-ion,15.0,discharge,2.0,100,2,2,2,88.11720561018261,103.21665462347215,117.0763594019861,15.099449013289501
LFP,lithium-ion,15.0,discharge,3.0,0,1,1,0,99.5129743915417,137.5790163121571,,38.0660419206154
LFP,lithium-ion,15.0,discharge,3.0,10,2,2,2,99.87832342711665,118.99941608875845,170.63369886043031,19.12109266164175
LFP,lithium-ion,15.0,discharge,3.0,20,2,2,2,86.57017396110429,106.80873360194904,135.12152489008494,20.23855964084475
LFP,lithium-ion,15.0,discharge,3.0,30,2,2,2,85.8708310625199,104.51997502476449,123.8472696765457,18.6491439622446
LFP,lithium-ion,15.0,discharge,3.0,40,2,2,2,85.46817909060594,102.50671516520259,116.6843030183183,17.0385360745966
LFP,lithium-ion,15.0,discharge,3.0,50,2,2,2,85.21387258203106,101.0656449499404,112.99685864396609,15.851772367909252
LFP,lithium-ion,15.0,discharge,3.0,60,2,2,2,84.81122061011831,99.77292019800966,111.02598320250095,14.961699587891248
LFP,lithium-ion,15.0,discharge,3.0,70,2,2,2,83.7728023667656,98.41661881893864,109.96637275010154,14.643816452173
LFP,lithium-ion,15.0,discharge,3.0,80,2,2,2,83.05226725913455,96.97554860367316,108.50411032578941,13.92328134453855
LFP,lithium-ion,15.0,discharge,3.0,90,2,2,2,82.56484645102935,95.53447838840876,106.53323488432414,12.9696319373794
LFP,lithium-ion,15.0,discharge,3.0,100,2,2,2,81.8019269253015,97.59012266606746,112.2975157453828,15.788195740765902
LFP,lithium-ion,25.0,charge,1.0,0,1,1,1,80.1065516144681,119.9055209086393,168.47806490344848,39.7989692941711
LFP,lithium-ion,25.0,charge,1.0,10,2,2,2,73.81246541618985,92.4404174979683,113.10282168423899,18.6279520817784
LFP,lithium-ion,25.0,charge,1.0,20,2,2,2,71.58728342689639,90.9145784195949,112.02201900372616,19.3272949926985
LFP,lithium-ion,25.0,charge,1.0,30,2,2,2,72.79523936394206,89.4523159694896,110.68690981014736,16.657076605547502
LFP,lithium-ion,25.0,charge,1.0,40,2,2,2,70.69721063118159,88.37151328897696,110.1147201557603,17.6743026577953
LFP,lithium-ion,25.0,charge,1.0,50,2,2,2,72.22304970955155,87.79932363458659,110.30545004055814,15.576273925034998
LFP,lithium-ion,25.0,charge,1.0,60,2,2,2,72.032319824757,87.22713398019941,111.32267609280593,15.194814155442351
LFP,lithium-ion,25.0,charge,1.0,70,2,2,2,70.57005737465185,85.12910524744211,109.22464736004545,14.55904787279025
LFP,lithium-ion,25.0,charge,1.0,80,2,2,2,68.66275852668579,83.60326616906545,107.31734851207975,14.94050764237965
LFP,lithium-ion,25.0,charge,1.0,90,2,2,2,68.3448753853582,82.3317336037582,106.2365458315669,13.986858218399949
LFP,lithium-ion,25.0,charge,1.0,100,2,2,2,67.64553247444135,81.56881406457636,110.30545004055811,13.9232815901349
LFP,lithium-ion,25.0,charge,2.0,0,1,1,1,78.0720984771342,111.1319447378103,148.515001663344,33.059846260676
LFP,lithium-ion,25.0,charge,2.0,10,2,2,2,71.269399342724,88.18078223760651,104.2020923485509,16.9113828948824
LFP,lithium-ion,25.0,charge,2.0,20,2,2,2,69.36210051999541,87.16355619881924,103.43917281945875,17.801455678823746
LFP,lithium-ion,25.0,charge,2.0,30,2,2,2,69.1077940102969,85.82844702290629,102.35837015324606,16.7206530126094
LFP,lithium-ion,25.0,charge,2.0,40,2,2,2,68.8534875005967,85.12910412123794,102.45373509438005,16.2756166206412
LFP,lithium-ion,25.0,charge,2.0,50,2,2,2,70.06144342166209,84.65227941555625,102.99413642748895,14.5908359938941
LFP,lithium-ion,25.0,charge,2.0,60,2,2,2,68.53560436347605,83.95293651388624,104.23388066226275,15.417332150410148
LFP,lithium-ion,25.0,charge,2.0,70,2,2,2,67.39122506983806,82.1410026322933,103.15307799604835,14.749777562455199
LFP,lithium-ion,25.0,charge,2.0,80,2,2,2,67.86804977552299,80.93304671123124,102.99413642748885,13.064996935708201
LFP,lithium-ion,25.0,charge,2.0,90,2,2,2,67.61374326582458,79.88403235872721,103.757055956581,12.2702890929026
LFP,lithium-ion,25.0,charge,2.0,100,2,2,2,66.2468457761981,78.89859463365009,110.21008364015375,12.651748857451999
LFP,lithium-ion,25.0,charge,3.0,0,1,1,1,75.6985713871057,103.9689785064761,135.0367572448578,28.2704071193704
LFP,lithium-ion,25.0,charge,3.0,10,2,2,2,68.68395013034814,84.3873771734189,98.09873654840645,15.703427043070699
LFP,lithium-ion,25.0,charge,3.0,20,2,2,1,68.36606699182416,83.39134333937625,97.35700922518261,15.025276347552001
LFP,lithium-ion,25.0,charge,3.0,30,2,2,1,66.7978435084407,82.35292508686629,95.6616324863897,15.555081578425549
LFP,lithium-ion,25.0,charge,3.0,40,2,2,0,67.8574196655272,82.05619292806409,,14.198773262536852
LFP,lithium-ion,25.0,charge,3.0,50,2,2,0,66.50115257915135,81.65358218211291,,15.1524296029615
LFP,lithium-ion,25.0,charge,3.0,60,2,2,0,66.2892090149821,81.16613474630294,,14.87692573132075
LFP,lithium-ion,25.0,charge,3.0,70,2,2,0,66.09843518042945,79.38593666662425,,13.287501486194751
LFP,lithium-ion,25.0,charge,3.0,80,2,2,0,64.78451892913189,78.47467154223885,,13.6901526131069
LFP,lithium-ion,25.0,charge,3.0,90,2,2,0,64.55134009526606,77.6480991822242,,13.0967590869581
LFP,lithium-ion,25.0,charge,3.0,100,2,2,0,65.16642195637115,78.15732787225116,,12.9909059158799
LFP,lithium-ion,25.0,discharge,1.0,0,1,1,1,78.5807125360979,113.6750113386295,193.7815629530973,35.094298802531505
LFP,lithium-ion,25.0,discharge,1.0,10,2,2,2,70.82436388771795,88.9437029433707,118.06179868894804,18.119339055652652
LFP,lithium-ion,25.0,discharge,1.0,20,2,2,2,71.6508600551645,87.16355735193451,112.0220190037263,15.512697296769952
LFP,lithium-ion,25.0,discharge,1.0,30,2,2,2,69.9342910919999,85.4469883887666,107.44450176861613,15.512697296766701
LFP,lithium-ion,25.0,discharge,1.0,40,2,2,2,69.552831322404,84.36618570825735,104.51997686840569,14.813354385853302
LFP,lithium-ion,25.0,discharge,1.0,50,2,2,2,69.55283132240385,83.47611291253895,102.7398312769694,13.923281590135051
LFP,lithium-ion,25.0,discharge,1.0,60,2,2,2,70.44290411811865,82.84034662988375,101.8497584812547,12.397442511765048
LFP,lithium-ion,25.0,discharge,1.0,70,2,2,2,68.85348841148719,81.31450755151701,101.7861818529931,12.461019140029801
LFP,lithium-ion,25.0,discharge,1.0,80,2,2,2,68.3448753853616,79.66151521661385,98.54377381144836,11.316639831252251
LFP,lithium-ion,25.0,discharge,1.0,90,2,2,2,66.9461895635213,78.7078657926244,96.25501519389,11.76167622910305
LFP,lithium-ion,25.0,discharge,1.0,100,2,2,2,66.69188305045844,78.32640602303844,97.8444309005316,11.634522972580001
LFP,lithium-ion,25.0,discharge,2.0,0,1,1,1,74.7025372236435,103.1212896823398,183.80002988386929,28.4187524586962
LFP,lithium-ion,25.0,discharge,2.0,10,2,2,2,68.88527581431195,83.507900121918,109.5425290522007,14.622624307606001
LFP,lithium-ion,25.0,discharge,2.0,20,2,2,2,67.4230133835515,81.98206106373385,101.5636623104419,14.559047680182301
LFP,lithium-ion,25.0,discharge,2.0,30,2,2,2,67.10513024642755,80.26549212327315,96.63647368505175,13.160361876845501
LFP,lithium-ion,25.0,discharge,2.0,40,2,2,2,66.94618867786801,79.34363102562166,93.99804364694126,12.3974423477536
LFP,lithium-ion,25.0,discharge,2.0,50,2,2,2,67.67731989324841,78.38998161425484,92.44041627504185,10.712661721006452
LFP,lithium-ion,25.0,discharge,2.0,60,2,2,2,67.42301338354984,77.91315690857145,91.61392011852435,10.4901435250215
LFP,lithium-ion,25.0,discharge,2.0,70,2,2,2,65.2614080511227,76.6734126737976,91.8364383145108,11.4120046226748
LFP,lithium-ion,25.0,discharge,2.0,80,2,2,2,64.8163716591513,75.3383034978864,89.92913949178059,10.52193183873505
LFP,lithium-ion,25.0,discharge,2.0,90,2,2,2,65.35677299225846,74.5118073413672,88.0536289827605,9.155034349108652
LFP,lithium-ion,25.0,discharge,2.0,100,2,2,2,64.3077586397575,74.0985592631109,88.6576069432915,9.7908006233533
LFP,lithium-ion,25.0,discharge,3.0,0,1,1,1,70.4854284082143,95.0684401200376,171.0214694089835,24.5830117118233
LFP,lithium-ion,25.0,discharge,3.0,10,2,2,2,72.64689261656335,80.17012682860465,105.81269977669206,7.52323421204135
LFP,lithium-ion,25.0,discharge,3.0,20,2,2,2,65.5898870035772,78.1780591780928,94.8775199079212,12.5881721745155
LFP,lithium-ion,25.0,discharge,3.0,30,2,2,2,64.42431550593768,76.3555291999645,89.38873776448736,11.9312136940267
LFP,lithium-ion,25.0,discharge,3.0,40,2,2,2,64.3819310878421,75.2111499113728,86.5277895430075,10.829218823530649
LFP,lithium-ion,25.0,discharge,3.0,50,2,2,2,64.1912012064095,74.32107713135585,84.7688361920237,10.12987592494625
LFP,lithium-ion,25.0,discharge,3.0,60,2,2,2,64.67862201451366,73.72769527801275,84.0483010843915,9.049073263499098
LFP,lithium-ion,25.0,discharge,3.0,70,2,2,2,63.5978193530653,72.73166145275576,84.111877711535,9.13384209969035
LFP,lithium-ion,25.0,discharge,3.0,80,2,2,2,63.173975172105905,71.69324320940305,82.60723086912611,8.51926803729715
LFP,lithium-ion,25.0,discharge,3.0,90,2,2,2,62.98324529067226,70.84555484748294,81.2297372810052,7.862309556810601
LFP,lithium-ion,25.0,discharge,3.0,100,2,2,2,62.26271018304,76.84295000806856,94.3689068907693,14.5802398250285
LFP,lithium-ion,35.0,charge,1.0,0,1,1,1,57.4732719519698,75.5290343793579,117.8710688041502,18.0557624273881
LFP,lithium-ion,35.0,charge,1.0,10,2,2,2,52.1328351776714,60.207066967382346,74.89326809670254,8.07423178971095
LFP,lithium-ion,35.0,charge,1.0,20,2,2,2,51.2427623819567,59.4441474281974,75.1475746097654,8.2013850462407
LFP,lithium-ion,35.0,charge,1.0,30,2,2,2,51.306339010218295,58.7448045172772,74.25750181404734,7.43846550705885
LFP,lithium-ion,35.0,charge,1.0,40,2,2,2,50.543419471033246,58.172614862886746,73.9396186727196,7.62919539185345
LFP,lithium-ion,35.0,charge,1.0,50,2,2,2,50.416266214503345,58.04546160636035,74.5753849553748,7.629195391857
LFP,lithium-ion,35.0,charge,1.0,60,2,2,2,50.924879240629096,58.10903823462525,76.41910717507594,7.184158993996101
LFP,lithium-ion,35.0,charge,1.0,70,2,2,2,49.84407656011305,57.21896543890375,74.63896158363981,7.374888878790699
LFP,lithium-ion,35.0,charge,1.0,80,2,2,2,49.52619341878545,56.45604589971885,73.9396186727196,6.929852480933399
LFP,lithium-ion,35.0,charge,1.0,90,2,2,2,49.65334667531485,55.94743287359305,73.49458227486215,6.2940861982781495
LFP,lithium-ion,35.0,charge,1.0,100,2,2,2,49.1447336491962,57.09181218237745,89.5158925977579,7.94707853318115
LFP,lithium-ion,35.0,charge,2.0,0,1,1,1,59.126263504668906,74.13034757681949,108.8431861505307,15.0040840721505
LFP,lithium-ion,35.0,charge,2.0,10,2,2,2,51.75137472344295,59.69845315148965,71.33297597014939,7.94707842804665
LFP,lithium-ion,35.0,charge,2.0,20,2,2,2,51.4334915863189,59.189840132092705,71.93695393068039,7.756348545773751
LFP,lithium-ion,35.0,charge,2.0,30,2,2,2,51.05203182177295,58.490497230424445,71.1740344015883,7.4384654086514495
LFP,lithium-ion,35.0,charge,2.0,40,2,2,2,50.7659369983625,58.0454608384545,71.1422460878747,7.2795238400919
LFP,lithium-ion,35.0,charge,2.0,50,2,2,2,50.3844772338165,57.8865192698951,72.00053055810591,7.5020420360786
LFP,lithium-ion,35.0,charge,2.0,60,2,2,2,50.2891122926808,57.8229426424695,74.06677094939721,7.533830349788699
LFP,lithium-ion,35.0,charge,2.0,70,2,2,2,49.6215577047244,56.9328698585283,72.4773552637876,7.311312153803899
LFP,lithium-ion,35.0,charge,2.0,80,2,2,2,49.3036164666195,56.20167228491805,72.66800287386755,6.8980558182985
LFP,lithium-ion,35.0,charge,2.0,90,2,2,2,49.17652131275619,55.6613373100409,73.43100467515445,6.484815997284651
LFP,lithium-ion,35.0,charge,2.0,100,2,2,2,49.430827822453,56.328891897995604,93.8073137646666,6.898064075542551
LFP,lithium-ion,35.0,charge,3.0,0,1,1,1,58.6600351622344,72.4349711649284,101.8497575829845,13.7749360026939
LFP,lithium-ion,35.0,charge,3.0,10,2,2,2,50.92487879149215,59.062687137697395,68.59918129340714,8.137808346205151
LFP,lithium-ion,35.0,charge,3.0,20,2,2,2,51.07322425613635,58.68122737147024,69.2137553612217,7.6080031153339
LFP,lithium-ion,35.0,charge,3.0,30,2,2,2,50.2679203052105,58.0666533036569,68.42964361952936,7.79873299844635
LFP,lithium-ion,35.0,charge,3.0,40,2,2,2,50.140767049801156,57.8335390020739,68.55679687493875,7.6927719522727
LFP,lithium-ion,35.0,charge,3.0,50,2,2,2,50.45865018832515,57.7487701651339,69.46806187204041,7.29011997680865
LFP,lithium-ion,35.0,charge,3.0,60,2,2,2,50.3950735606199,57.85473121130865,71.26939965700684,7.4596576506886505
LFP,lithium-ion,35.0,charge,3.0,70,2,2,2,49.29307868040355,56.6679674941534,69.93429047520755,7.374888813749799
LFP,lithium-ion,35.0,charge,3.0,80,2,2,2,49.37784751734465,56.138162263281046,70.9515165184838,6.76031474593635
LFP,lithium-ion,35.0,charge,3.0,90,2,2,1,49.2295020526994,55.6719336601118,67.34884094854999,6.44243160741235
LFP,lithium-ion,35.0,charge,3.0,100,2,1,0,49.5895702857322,56.6678540429229,,7.459642716196099
LFP,lithium-ion,35.0,discharge,1.0,0,1,1,1,56.5831991562551,73.1131225052731,128.5519423527407,16.5299233490179
LFP,lithium-ion,35.0,discharge,1.0,10,2,2,2,51.242762381953455,59.634877312992195,78.13567613824074,8.39211493103865
LFP,lithium-ion,35.0,discharge,1.0,20,2,2,2,51.30633901022155,58.9355344020718,76.4826838033408,7.6291953918502
LFP,lithium-ion,35.0,discharge,1.0,30,2,2,2,50.7977259840958,57.91830834982395,74.25750181404719,7.1205823657281
LFP,lithium-ion,35.0,discharge,1.0,40,2,2,2,50.7341493558277,57.28254206716865,72.79523936393863,6.5483927113409
LFP,lithium-ion,35.0,discharge,1.0,50,2,2,2,50.161959701444,57.09181218237405,72.1594730812867,6.92985248092995
LFP,lithium-ion,35.0,discharge,1.0,60,2,2,2,50.225536329708746,57.21896543890715,72.98596924874009,6.993429109198351
LFP,lithium-ion,35.0,discharge,1.0,70,2,2,2,49.271886905729204,56.138162758397755,72.223049709555,6.8662758526685
LFP,lithium-ion,35.0,discharge,1.0,80,2,2,2,49.01758039266305,55.565973104004044,70.57005737465195,6.5483927113409
LFP,lithium-ion,35.0,discharge,1.0,90,2,2,2,49.1447336491928,54.8666301930872,69.29852480934115,5.72189654389435
LFP,lithium-ion,35.0,discharge,1.0,100,2,2,2,48.9540037644016,57.72757846503294,82.84034662988721,8.773574700631299
LFP,lithium-ion,35.0,discharge,2.0,0,1,1,1,56.8375049173925,70.633633068481,125.43668590829579,13.7961281510884
LFP,lithium-ion,35.0,discharge,2.0,10,2,2,2,51.14739676291035,58.7765920538348,74.54359565508076,7.629195290924449
LFP,lithium-ion,35.0,discharge,2.0,20,2,2,2,50.7341486846506,58.0772491521664,72.54093189121299,7.34310046751575
LFP,lithium-ion,35.0,discharge,2.0,30,2,2,2,49.875864214421156,57.06002311337585,70.41111487249621,7.1841588989546
LFP,lithium-ion,35.0,discharge,2.0,40,2,2,2,50.06659409669595,56.5196217802687,68.98064075544765,6.4530276835727
LFP,lithium-ion,35.0,discharge,2.0,50,2,2,2,49.9712291555602,56.138162015724205,68.28129785377935,6.166932860164
LFP,lithium-ion,35.0,discharge,2.0,60,2,2,2,49.907652528133106,56.265315270571904,68.66275761832546,6.3576627424387
LFP,lithium-ion,35.0,discharge,2.0,70,2,2,2,48.7950615482085,55.3434541729185,68.50381604976424,6.54839262471
LFP,lithium-ion,35.0,discharge,2.0,80,2,2,2,48.79506154820845,54.5487463301146,67.00976530529196,5.753684781906051
LFP,lithium-ion,35.0,discharge,2.0,90,2,2,2,48.4136017836623,54.1672865655685,65.96075095278938,5.75368478190615
LFP,lithium-ion,35.0,discharge,2.0,100,2,2,2,48.826849861922,57.8865192698934,79.9476089861526,9.05966940797135
LFP,lithium-ion,35.0,discharge,3.0,0,1,1,1,53.7010577276449,67.5607624450413,121.6856643536469,13.859704717396399
LFP,lithium-ion,35.0,discharge,3.0,10,2,2,2,50.41626532520555,58.21499825487175,72.6468926165634,7.7987329296661
LFP,lithium-ion,35.0,discharge,3.0,20,2,2,2,50.03480556234055,57.17658001151906,68.91706382411445,7.14177444917845
LFP,lithium-ion,35.0,discharge,3.0,30,2,2,2,49.716922426622304,56.2017383953121,66.81903512836246,6.4848159686897
LFP,lithium-ion,35.0,discharge,3.0,40,2,2,2,49.20830940946815,55.629548751014454,65.46273374928924,6.4212393415463005
LFP,lithium-ion,35.0,discharge,3.0,50,2,2,2,49.48380812709305,55.332857824342994,64.91173631404175,5.8490496972499
LFP,lithium-ion,35.0,discharge,3.0,60,2,2,2,49.1871172004204,55.41762666053535,65.31438828595346,6.2305094601149
LFP,lithium-ion,35.0,discharge,3.0,70,2,2,2,48.4877743018371,54.7182837619509,65.29319607690564,6.2305094601137005
LFP,lithium-ion,35.0,discharge,3.0,80,2,2,2,48.4241976746937,54.103709699557754,64.19120120640845,5.67951202486405
LFP,lithium-ion,35.0,discharge,3.0,90,2,2,2,48.042737911828695,53.61628889145485,63.279936217344904,5.5735509796260505
LFP,lithium-ion,35.0,discharge,3.0,100,2,2,2,48.127506748021,66.2892299021616,92.779491212168,18.1617231541406
LFP,lithium-ion,45.0,charge,1.0,0,1,1,1,45.1394060684666,56.3288926431891,95.4920956547051,11.189486574722501
LFP,lithium-ion,45.0,charge,1.0,10,2,2,2,40.752618718154245,45.9023256076548,57.854731721562494,5.14970688950045
LFP,lithium-ion,45.0,charge,1.0,20,2,2,2,40.4983122050912,45.64801909459205,58.36334474768474,5.14970688950075
LFP,lithium-ion,45.0,charge,1.0,30,2,2,2,40.37115894856175,45.20298269673795,57.79115509329765,4.83182374817615
LFP,lithium-ion,45.0,charge,1.0,40,2,2,2,40.244005692031905,45.01225281193665,57.5368485802349,4.76824711990475
LFP,lithium-ion,45.0,charge,1.0,50,2,2,2,40.24400569203185,44.948676183675055,58.172614862886554,4.704670491643101
LFP,lithium-ion,45.0,charge,1.0,60,2,2,2,40.18042906376375,45.075829440205005,59.889183826054904,4.895400376441151
LFP,lithium-ion,45.0,charge,1.0,70,2,2,2,39.9261225507009,44.821522927142254,58.99911103033995,4.895400376441299
LFP,lithium-ion,45.0,charge,1.0,80,2,2,2,39.9261225507041,44.440063157549446,58.871957773810045,4.51394060684525
LFP,lithium-ion,45.0,charge,1.0,90,2,2,2,39.98969917897245,44.24933327275825,58.8083811455453,4.259634093785801
LFP,lithium-ion,45.0,charge,1.0,100,2,2,2,39.862545922439296,46.029478864187745,82.52246348855945,6.16693294174845
LFP,lithium-ion,45.0,charge,2.0,0,1,1,1,45.3301353535804,55.7567022511781,89.3887381586717,10.426566897597699
LFP,lithium-ion,45.0,charge,2.0,10,2,2,2,40.720829865314194,45.64801849070435,55.5659723689051,4.9271886253901505
LFP,lithium-ion,45.0,charge,2.0,20,2,2,2,40.5300999830395,45.4890769221416,56.3606802117092,4.9589769391021
LFP,lithium-ion,45.0,charge,2.0,30,2,2,2,40.3711584144782,45.1711937850192,55.883855506025704,4.800035370541
LFP,lithium-ion,45.0,charge,2.0,40,2,2,2,40.244005159630696,44.88509896160885,55.6931256237527,4.641093801978099
LFP,lithium-ion,45.0,charge,2.0,50,2,2,2,40.275793473339306,44.948675589032696,56.48783346655685,4.6728821156933
LFP,lithium-ion,45.0,charge,2.0,60,2,2,2,40.244005159629104,44.98046390274615,58.29976734815305,4.736458743117
LFP,lithium-ion,45.0,charge,2.0,70,2,2,2,39.9579103362187,44.6943690793342,57.505059505347305,4.73645874311545
LFP,lithium-ion,45.0,charge,2.0,80,2,2,2,39.8625453950847,44.34469762850335,57.854730956181506,4.4821522334186
LFP,lithium-ion,45.0,charge,2.0,90,2,2,2,39.8307570813711,44.153967746226996,58.45870891671245,4.32321066485585
LFP,lithium-ion,45.0,charge,2.0,100,2,2,2,39.862545395083,45.234770412443005,85.38341063093645,5.37222501736
LFP,lithium-ion,45.0,charge,3.0,0,1,1,1,45.2664683005536,55.0996336991761,84.4295925605839,9.8331653986225
LFP,lithium-ion,45.0,charge,3.0,10,2,2,2,40.75261835873435,45.56324985505915,53.5950971550908,4.81063149632475
LFP,lithium-ion,45.0,charge,3.0,20,2,2,2,40.498311847915595,45.37251997194575,54.3580166875484,4.8742081240301
LFP,lithium-ion,45.0,charge,3.0,30,2,2,2,40.32873391030645,45.11816827580135,53.8917341165559,4.7894343654948
LFP,lithium-ion,45.0,charge,3.0,40,2,2,2,40.22281312786315,44.96986799648275,53.8070192474402,4.7470548686195
LFP,lithium-ion,45.0,charge,3.0,50,2,2,2,40.243964903655254,45.0333990145849,54.65465101850395,4.789434110929649
LFP,lithium-ion,45.0,charge,3.0,60,2,2,2,40.1804287093937,45.160597879596295,56.4348531925693,4.9801691702025
LFP,lithium-ion,45.0,charge,3.0,70,2,2,2,39.904929989338,44.6943692764281,55.5871648231729,4.78943928709005
LFP,lithium-ion,45.0,charge,3.0,80,2,2,2,39.82016115239915,44.41887055637455,56.625583075683956,4.598709403975399
LFP,lithium-ion,45.0,charge,3.0,90,2,2,2,39.862545570867404,44.2705250917294,59.232224811576195,4.4079795208618995
LFP,lithium-ion,45.0,charge,3.0,100,2,1,0,39.7776567069107,45.0546368334227,,5.4675899826076
LFP,lithium-ion,45.0,discharge,1.0,0,1,1,1,44.7579462988771,54.9302068213487,101.7226052247214,10.1722605224716
LFP,lithium-ion,45.0,discharge,1.0,10,2,2,2,40.68904208988595,45.838748979390054,60.1434903391142,5.14970688950405
LFP,lithium-ion,45.0,discharge,1.0,20,2,2,2,40.3711589485616,45.5208658380623,59.6348773129953,5.14970688950065
LFP,lithium-ion,45.0,discharge,1.0,30,2,2,2,40.18042906376721,45.0122528119367,58.2361914911516,4.8318237481695006
LFP,lithium-ion,45.0,discharge,1.0,40,2,2,2,40.18042906376705,44.757946298880455,57.53684858023805,4.5775172351134
LFP,lithium-ion,45.0,discharge,1.0,50,2,2,2,40.11685243549545,44.6943696706089,57.4096953237018,4.5775172351134
LFP,lithium-ion,45.0,discharge,1.0,60,2,2,2,40.18042906376715,44.8850995554071,58.49049800421445,4.7046704916399
LFP,lithium-ion,45.0,discharge,1.0,70,2,2,2,39.671816037641555,44.31290990102,57.85473172156255,4.6410938633784005
LFP,lithium-ion,45.0,discharge,1.0,80,2,2,2,39.67181603764155,43.9950267596923,56.9010822975796,4.3232107220507
LFP,lithium-ion,45.0,discharge,1.0,90,2,2,2,39.608239409376644,43.740720246629394,56.138162758391104,4.1324808372526505
LFP,lithium-ion,45.0,discharge,1.0,100,2,2,2,39.926122550701,47.9367777121504,77.1184500859928,8.01065516144935
LFP,lithium-ion,45.0,discharge,2.0,0,1,1,1,43.995026177667604,53.5315202913257,99.5609985465711,9.5364941136581
LFP,lithium-ion,45.0,discharge,2.0,10,2,2,2,40.625464924175155,45.8069600592621,58.55407385784984,5.1814951350869
LFP,lithium-ion,45.0,discharge,2.0,20,2,2,2,40.3393701007681,45.3937119810058,58.01367252474265,5.0543418802377
LFP,lithium-ion,45.0,discharge,2.0,30,2,2,2,40.1168519047815,44.8533106478954,56.55141009398056,4.73645874311385
LFP,lithium-ion,45.0,discharge,2.0,40,2,2,2,39.92612202250685,44.471850883349305,55.4070308003424,4.5457288608424
LFP,lithium-ion,45.0,discharge,2.0,50,2,2,2,39.9579103362204,44.440062569639,55.0891476632217,4.4821522334186
LFP,lithium-ion,45.0,discharge,2.0,60,2,2,2,40.0532752773577,44.56721582448825,55.6613373100425,4.5139405471305
LFP,lithium-ion,45.0,discharge,2.0,70,2,2,2,39.640027199099606,44.153967746230244,55.69312562375435,4.5139405471306
LFP,lithium-ion,45.0,discharge,2.0,80,2,2,2,39.512873944250444,43.8042962953961,54.8348411535249,4.2914223511456004
LFP,lithium-ion,45.0,discharge,2.0,90,2,2,2,39.5446622579607,43.5817780994112,54.0083449970073,4.0371158414504
LFP,lithium-ion,45.0,discharge,2.0,100,2,2,2,39.67181551281,48.699696607071154,74.7661138510656,9.027881094261101
LFP,lithium-ion,45.0,discharge,3.0,0,1,1,1,43.2321064579315,52.3871407666696,97.1027018579634,9.1550343087381
LFP,lithium-ion,45.0,discharge,3.0,10,2,2,2,40.498311490738445,45.775171543691954,57.6428086105753,5.276860052953451
LFP,lithium-ion,45.0,discharge,3.0,20,2,2,2,40.2863894002582,45.266558526539,55.7778942143503,4.980169126280799
LFP,lithium-ion,45.0,discharge,3.0,30,2,2,2,40.05327510073005,44.736753300339345,54.485169462421695,4.683478199609251
LFP,lithium-ion,45.0,discharge,3.0,40,2,2,2,39.947314055491,44.39767795557205,53.48913563716575,4.45036390008105
LFP,lithium-ion,45.0,discharge,3.0,50,2,2,2,39.9896984735878,44.3764857465243,53.213636919542,4.3867872729365
LFP,lithium-ion,45.0,discharge,3.0,60,2,2,2,39.968506264538796,44.44006237366775,53.51032784621355,4.4715561091289
LFP,lithium-ion,45.0,discharge,3.0,70,2,2,2,39.629430919770506,44.07979481985165,53.7858265638384,4.450363900081101
LFP,lithium-ion,45.0,discharge,3.0,80,2,2,2,39.5234698745304,43.7407194750845,53.0017148290628,4.21724960055405
LFP,lithium-ion,45.0,discharge,3.0,90,2,2,2,39.4810854564347,43.52879738460415,52.387140766670754,4.0477119281694
LFP,lithium-ion,45.0,discharge,3.0,100,2,2,2,39.52346987453035,56.5831981581748,86.04036873490232,17.0597282836444
LTO,lithium-ion,5.0,charge,1.0,0,1,1,1,31.0282593382682,42.3459440968996,53.2821338636638,11.3176847586313
LTO,lithium-ion,5.0,charge,1.0,10,2,2,2,30.5831818477573,36.687101717580646,44.507749050794594,6.10391986982335
LTO,lithium-ion,5.0,charge,1.0,20,2,2,2,30.2652693545364,35.4790342433445,42.854604086047345,5.213764888808051
LTO,lithium-ion,5.0,charge,1.0,30,2,2,2,30.0745218586059,34.843209256903044,42.09161410232235,4.76868739829715
LTO,lithium-ion,5.0,charge,1.0,40,2,2,2,29.62944436809855,33.6351417826705,41.010711625373496,4.00569741457195
LTO,lithium-ion,5.0,charge,1.0,50,2,2,2,28.802871885726596,32.36349180979105,39.8026441511341,3.5606199240643504
LTO,lithium-ion,5.0,charge,1.0,60,2,2,2,28.29421189657555,31.473336828775746,39.16681916469935,3.1791249322002
LTO,lithium-ion,5.0,charge,1.0,70,2,2,2,27.78555190742105,30.901094340978,38.594576676901596,3.11554243355685
LTO,lithium-ion,5.0,charge,1.0,80,2,2,2,27.467639414200402,30.8375118423345,39.54831415656035,3.3698724281340997
LTO,lithium-ion,5.0,charge,1.0,90,2,2,2,27.27689191827315,31.0282593382681,40.56563413486565,3.7513674199948497
LTO,lithium-ion,5.0,charge,1.0,100,2,2,2,27.53122191284715,32.2999093111443,44.5713315494346,4.768687398297101
LTO,lithium-ion,5.0,charge,2.0,0,1,1,1,31.536918910229403,40.6292160960409,48.7677758148101,9.0922971858114
LTO,lithium-ion,5.0,charge,2.0,10,2,2,2,30.456016447580897,36.083067503136846,42.56848227903135,5.62705105555595
LTO,lithium-ion,5.0,charge,2.0,20,2,2,2,30.1063127096646,34.843208795979045,41.23324982516825,4.73689608631445
LTO,lithium-ion,5.0,charge,2.0,30,2,2,2,29.91556521625415,34.3027575646523,40.78817234054685,4.3871923483981
LTO,lithium-ion,5.0,charge,2.0,40,2,2,2,29.5340702294382,33.1264813553018,39.675478628998704,3.5924111258636002
LTO,lithium-ion,5.0,charge,2.0,50,2,2,2,28.6439152601968,31.72766640363655,38.4356199218426,3.0837511434397
LTO,lithium-ion,5.0,charge,2.0,60,2,2,2,28.1670465266774,31.028258927805503,37.9587511883199,2.861212401128
LTO,lithium-ion,5.0,charge,2.0,70,2,2,2,27.7537602909588,30.55139019428445,37.51367370370006,2.79762990332565
LTO,lithium-ion,5.0,charge,2.0,80,2,2,2,27.4040565530424,30.45601644758085,38.65815866415255,3.0519598945384
LTO,lithium-ion,5.0,charge,2.0,90,2,2,2,27.245100308534802,30.646763940989647,39.61189613119465,3.4016636324548006
LTO,lithium-ion,5.0,charge,2.0,100,2,1,1,27.562929551859302,30.9010939322024,40.5656335982385,3.4970373791601004
LTO,lithium-ion,5.0,charge,3.0,0,1,1,1,31.6216951556535,39.3787597849913,45.7370094811679,7.7570646293377
LTO,lithium-ion,5.0,charge,3.0,10,2,2,2,30.498404375996852,35.8817224520932,41.6465355099615,5.38331807609625
LTO,lithium-ion,5.0,charge,3.0,20,2,2,2,30.138103559879703,35.05514999159015,41.0319047059971,4.9170464317104
LTO,lithium-ion,5.0,charge,3.0,30,2,2,2,29.86257940637875,34.69484917547315,41.03190470599725,4.83226976909435
LTO,lithium-ion,5.0,charge,3.0,40,2,2,2,29.48108442460895,33.910665046279796,40.81996304945855,4.4295806216708
LTO,lithium-ion,5.0,charge,3.0,50,2,2,2,28.866453620644652,32.95692759185215,40.459662233340296,4.0904739712074
LTO,lithium-ion,5.0,charge,3.0,60,2,2,2,28.20943448537275,32.2787142909264,40.48085639899515,4.06927980555365
LTO,lithium-ion,5.0,charge,3.0,70,2,2,2,27.97629866318035,31.939607640464246,40.69279805553375,3.9633089772837993
LTO,lithium-ion,5.0,charge,3.0,80,2,2,1,27.4252503561773,31.854830977848096,36.7082949125962,4.4295806216707
LTO,lithium-ion,5.0,charge,3.0,90,2,2,1,27.3192795279074,32.087966800041706,38.319051502294805,4.7686872721342
LTO,lithium-ion,5.0,charge,3.0,100,2,1,0,27.567669651970952,34.0802183715087,,6.612579684023901
LTO,lithium-ion,5.0,discharge,1.0,0,1,1,1,32.2999084565847,44.634912867168396,67.9061067551745,12.3350044105836
LTO,lithium-ion,5.0,discharge,1.0,10,2,2,2,30.456016044691502,37.259343219599145,45.6522328185516,6.8033271749076
LTO,lithium-ion,5.0,discharge,1.0,20,2,2,2,30.201686056843098,35.79694578947695,43.3632629279297,5.5952597326338
LTO,lithium-ion,5.0,discharge,1.0,30,2,2,2,30.010938565955854,35.28828581378365,42.473107970465456,5.2773472478276995
LTO,lithium-ion,5.0,discharge,1.0,40,2,2,2,29.9473560689915,33.8894708806227,41.0742930373047,3.9421148116311504
LTO,lithium-ion,5.0,discharge,1.0,50,2,2,2,28.802871123685453,32.55423844442955,39.80264309806955,3.7513673207441
LTO,lithium-ion,5.0,discharge,1.0,60,2,2,2,28.3577936449534,31.600500990000647,38.91248814060499,3.2427073450472
LTO,lithium-ion,5.0,discharge,1.0,70,2,2,2,27.785551172291903,30.96467602038155,38.27666317098595,3.1791248480895997
LTO,lithium-ion,5.0,discharge,1.0,80,2,2,2,27.404056190524653,31.028258517346195,39.10323563148905,3.6242023268215005
LTO,lithium-ion,5.0,discharge,1.0,90,2,2,2,27.34047369355995,31.091841014304098,40.247720576801456,3.75136732074405
LTO,lithium-ion,5.0,discharge,1.0,100,2,2,2,28.0398811601438,32.236325959620046,42.34594297654305,4.196444799476249
LTO,lithium-ion,5.0,discharge,2.0,0,1,1,1,31.9819963948492,44.3805834664103,76.9348223414876,12.398587071561
LTO,lithium-ion,5.0,discharge,2.0,10,2,2,2,30.51959894538325,37.41829995699645,45.842980915878044,6.8987010116131495
LTO,lithium-ion,5.0,discharge,2.0,20,2,2,2,30.2334777052692,35.9559025075287,42.822812270240746,5.7224248022593995
LTO,lithium-ion,5.0,discharge,2.0,30,2,2,2,29.9791477140582,35.1929125338938,41.7419098075906,5.21376481983555
LTO,lithium-ion,5.0,discharge,2.0,40,2,2,2,29.7884002206494,33.7623063333289,40.247721109223356,3.9739061126794
LTO,lithium-ion,5.0,discharge,2.0,50,2,2,2,28.739289006902002,32.331700132765555,38.626367415249746,3.59241112586355
LTO,lithium-ion,5.0,discharge,2.0,60,2,2,2,28.2942115222822,31.50512766132825,37.8951686905159,3.2109161390460503
LTO,lithium-ion,5.0,discharge,2.0,70,2,2,2,27.849134037660548,30.9646764300014,37.3229262102912,3.1155423923408
LTO,lithium-ion,5.0,discharge,2.0,80,2,2,2,27.435847801943602,30.869302683299598,37.99054243722105,3.433454881356
LTO,lithium-ion,5.0,discharge,2.0,90,2,2,2,27.2768915574343,30.93288518110195,39.1032361487708,3.6559936236676
LTO,lithium-ion,5.0,discharge,2.0,100,2,2,2,28.10346402887335,32.140952639355156,40.6927985938449,4.03748861048175
LTO,lithium-ion,5.0,discharge,3.0,0,1,1,1,32.310107660895504,44.6784706489778,80.0806690568922,12.368362988082302
LTO,lithium-ion,5.0,discharge,3.0,10,2,2,2,31.1403330185857,37.851165327326854,48.50616269768165,6.7108323087411
LTO,lithium-ion,5.0,discharge,3.0,20,2,2,2,30.658090392303198,36.242984783295505,44.788871555538805,5.584894390992201
LTO,lithium-ion,5.0,discharge,3.0,30,2,2,2,30.55812645276725,35.49737950408585,43.4463621039303,4.939253051318549
LTO,lithium-ion,5.0,discharge,3.0,40,2,2,2,29.64943361504465,33.943174417208496,41.727627550521646,4.2937408021638
LTO,lithium-ion,5.0,discharge,3.0,50,2,2,2,29.20553069798005,32.7661467940727,40.18410010573885,3.5606160960926503
LTO,lithium-ion,5.0,discharge,3.0,60,2,2,2,28.2518228166814,31.6216951556546,39.10323563149015,3.3698723389731504
LTO,lithium-ion,5.0,discharge,3.0,70,2,2,2,27.82793950360195,31.049452682998897,38.107109845756,3.22151317939695
LTO,lithium-ion,5.0,discharge,3.0,80,2,2,2,27.48883285313855,30.8798993577667,38.107109845754955,3.3910665046281
LTO,lithium-ion,5.0,discharge,3.0,90,2,2,2,27.298085362253698,30.879899357767748,38.46741066187215,3.581813995514
LTO,lithium-ion,5.0,discharge,3.0,100,2,2,2,27.912716166218,32.4482676161576,40.18413807983935,4.5355514499395495
LTO,lithium-ion,15.0,charge,1.0,0,1,1,1,28.103464400641798,36.7506842162275,48.4498639667199,8.6472198155857
LTO,lithium-ion,15.0,charge,1.0,10,2,2,2,26.70464943047195,29.820191864028697,36.11485922978596,3.1155424335567
LTO,lithium-ion,15.0,charge,1.0,20,2,2,2,26.259571939967646,29.057201880300553,34.97037425419365,2.7976299403329
LTO,lithium-ion,15.0,charge,1.0,30,2,2,2,26.06882444403715,28.61212438979615,34.52529676368575,2.5432999457589
LTO,lithium-ion,15.0,charge,1.0,40,2,2,2,25.369416958952403,27.849134406071098,34.016636774534604,2.47971744711865
LTO,lithium-ion,15.0,charge,1.0,50,2,2,2,24.860756969801347,27.276891918270053,33.5079767853837,2.4161349484686503
LTO,lithium-ion,15.0,charge,1.0,60,2,2,2,24.2885144820068,26.704649430478746,33.06289929487935,2.4161349484719
LTO,lithium-ion,15.0,charge,1.0,70,2,2,2,23.907019490139202,26.5139019345416,33.06289929487595,2.6068824444024
LTO,lithium-ion,15.0,charge,1.0,80,2,2,2,23.6526894955618,26.450319435898,33.7623067799541,2.79762994033615
LTO,lithium-ion,15.0,charge,1.0,90,2,2,2,23.7798544928522,26.768231929118702,34.779626758263,2.98837743626645
LTO,lithium-ion,15.0,charge,1.0,100,2,2,2,23.77985449285545,27.59480441149385,37.83158669317635,3.81494991863835
LTO,lithium-ion,15.0,charge,2.0,0,1,1,1,28.167046526674,35.224703782796496,43.108933510353104,7.0576572561224005
LTO,lithium-ion,15.0,charge,2.0,10,2,2,2,26.545692832702102,29.53407022943825,34.779626298175046,2.9883773967360496
LTO,lithium-ion,15.0,charge,2.0,20,2,2,2,26.22778034368875,28.6757065090998,33.825888831133,2.447926165411
LTO,lithium-ion,15.0,charge,2.0,30,2,2,2,25.878076605773952,28.35779402008615,33.47618509321815,2.47971741431215
LTO,lithium-ion,15.0,charge,2.0,40,2,2,2,25.337625374445498,27.5630127975482,32.872151364089,2.2253874231026
LTO,lithium-ion,15.0,charge,2.0,50,2,2,2,24.7018003964185,26.8636053217189,32.4270738794691,2.16180492530035
LTO,lithium-ion,15.0,charge,2.0,60,2,2,2,24.288514160699798,26.41852783709745,32.172743888256406,2.1300136763976
LTO,lithium-ion,15.0,charge,2.0,70,2,2,2,23.87522792498115,26.1641978458863,31.98199639484925,2.2889699209050995
LTO,lithium-ion,15.0,charge,2.0,80,2,2,2,23.68448043157235,26.1959890947874,32.93573386189305,2.5115086632150003
LTO,lithium-ion,15.0,charge,2.0,90,2,2,2,23.5891066848705,26.291362841491,33.794097582233356,2.7022561566204
LTO,lithium-ion,15.0,charge,2.0,100,2,2,1,23.84343667607995,27.4358478019435,33.9530538267392,3.5924111258635
LTO,lithium-ion,15.0,charge,3.0,0,1,1,1,28.3154053136437,34.3769366906657,40.4384680676877,6.0615313770219
LTO,lithium-ion,15.0,charge,3.0,10,2,2,2,26.51390123305925,29.54466692157025,34.27096586239585,3.03076568851095
LTO,lithium-ion,15.0,charge,3.0,20,2,2,2,26.1536004169422,29.078395277184352,34.03783004020345,2.9247948602421503
LTO,lithium-ion,15.0,charge,3.0,30,2,2,2,26.005241257365903,28.93003611760705,34.270965862395904,2.92479486024105
LTO,lithium-ion,15.0,charge,3.0,40,2,2,2,25.4118046190541,28.378987810605,34.3557425250108,2.9671831915508
LTO,lithium-ion,15.0,charge,3.0,50,2,2,2,24.818367980745748,27.82793950360185,34.37693669066455,3.0095715228560502
LTO,lithium-ion,15.0,charge,3.0,60,2,2,2,24.352096336359903,27.4464445218321,34.6524608441667,3.09434818547215
LTO,lithium-ion,15.0,charge,3.0,70,2,2,2,23.97060135458795,27.23450286529235,34.94917916332145,3.2639015107044003
LTO,lithium-ion,15.0,charge,3.0,80,2,2,2,23.7374655323944,27.2768911965999,36.4539649247501,3.53942566420545
LTO,lithium-ion,15.0,charge,3.0,90,2,2,1,23.61030053847185,27.38286202486975,32.8509567635822,3.7725614863978496
LTO,lithium-ion,15.0,charge,3.0,100,2,1,0,23.948639963012553,28.781676958030697,,4.9594347630179
LTO,lithium-ion,15.0,discharge,1.0,0,1,1,1,28.8664536206436,37.7680031952926,66.76162180985851,8.9015495746489
LTO,lithium-ion,15.0,discharge,1.0,10,2,2,2,26.45031873609575,29.8837735720336,36.2420232682124,3.43345483593785
LTO,lithium-ion,15.0,discharge,1.0,20,2,2,2,26.3867362391376,28.930036117611248,34.77962583809345,2.5432998784736
LTO,lithium-ion,15.0,discharge,1.0,30,2,2,2,25.941658760399047,28.61212363279835,34.398130856319405,2.67046487239925
LTO,lithium-ion,15.0,discharge,1.0,40,2,2,2,25.3694162877477,27.849133669256553,33.76230588670015,2.4797173815087996
LTO,lithium-ion,15.0,discharge,1.0,50,2,2,2,24.797173815093,27.27689119660195,33.25364591100685,2.47971738150895
LTO,lithium-ion,15.0,discharge,1.0,60,2,2,2,24.352096336357704,26.768231220905403,32.93573342619735,2.4161348845477
LTO,lithium-ion,15.0,discharge,1.0,70,2,2,2,23.8434363606675,26.45031873609575,32.6814034383521,2.60688237542825
LTO,lithium-ion,15.0,discharge,1.0,80,2,2,2,23.779853863703,26.5139012330603,33.57155839581635,2.7340473693572998
LTO,lithium-ion,15.0,discharge,1.0,90,2,2,2,23.52552387585785,26.7046487239474,34.52529585024521,3.17912484808945
LTO,lithium-ion,15.0,discharge,1.0,100,2,2,2,23.970601354583398,27.6583861783695,36.4963532560542,3.687784823786
LTO,lithium-ion,15.0,discharge,2.0,0,1,1,1,28.357794020087802,37.0685962190818,85.8999545316943,8.7108021989939
LTO,lithium-ion,15.0,discharge,2.0,10,2,2,2,26.545692832702,29.85198271845335,35.89232000972635,3.3062898857513
LTO,lithium-ion,15.0,discharge,2.0,20,2,2,2,26.386736588194548,28.961827749212002,34.2391750668515,2.5750911610174
LTO,lithium-ion,15.0,discharge,2.0,30,2,2,2,25.8780766057722,28.51675026459205,33.63514133772405,2.6386736588197497
LTO,lithium-ion,15.0,discharge,2.0,40,2,2,2,25.369416623350002,27.7855515398599,33.0311076085983,2.4161349165098502
LTO,lithium-ion,15.0,discharge,2.0,50,2,2,2,24.7335916453197,27.054352815124297,32.3952826305679,2.3207611698046002
LTO,lithium-ion,15.0,discharge,2.0,60,2,2,2,24.2885141606999,26.6410665794074,32.04557889265169,2.3525524187075
LTO,lithium-ion,15.0,discharge,2.0,70,2,2,2,23.97060167168635,26.354945339295,31.918413897045195,2.3843436676086
LTO,lithium-ion,15.0,discharge,2.0,80,2,2,2,23.716271680475298,26.386736588194502,32.5224476261727,2.67046490771915
LTO,lithium-ion,15.0,discharge,2.0,90,2,2,2,23.493732938165298,26.4503190860003,33.53976759102065,2.9565861478349
LTO,lithium-ion,15.0,discharge,2.0,100,2,2,2,23.97060167168475,27.4994302997459,35.0975387871902,3.5288286280611
LTO,lithium-ion,15.0,discharge,3.0,0,1,1,1,29.0335313257502,37.6228040754333,95.06356558893431,8.589272749683
LTO,lithium-ion,15.0,discharge,3.0,10,2,2,2,26.7641200299795,30.1616174529585,38.1624977075973,3.3974974229789496
LTO,lithium-ion,15.0,discharge,3.0,20,2,2,2,26.377865838958048,29.2074713937247,36.10620957802695,2.82960555476665
LTO,lithium-ion,15.0,discharge,3.0,30,2,2,2,26.151546943537248,28.82636081107815,35.37287461364635,2.6748138675408497
LTO,lithium-ion,15.0,discharge,3.0,40,2,2,2,25.6450149641861,28.16712868487815,34.67377471175539,2.5221137206920003
LTO,lithium-ion,15.0,discharge,3.0,50,2,2,2,24.8183679807447,27.29808536225475,33.9318592119336,2.47971738151
LTO,lithium-ion,15.0,discharge,3.0,60,2,2,2,24.28851383939645,26.810619552214,33.31722840796915,2.52210571281755
LTO,lithium-ion,15.0,discharge,3.0,70,2,2,2,23.949407188935247,26.556289564367848,32.80856843227585,2.60688237543255
LTO,lithium-ion,15.0,discharge,3.0,80,2,2,2,23.737465532394452,26.5562895643668,32.914539260543506,2.81882403197225
LTO,lithium-ion,15.0,discharge,3.0,90,2,2,2,23.58910637281815,26.5562895643668,33.190063414045596,2.9671831915486
LTO,lithium-ion,15.0,discharge,3.0,100,2,2,2,24.1189605141664,27.97629866317925,34.7796258380892,3.8573381490128003
LTO,lithium-ion,25.0,charge,1.0,0,1,1,1,25.8144944494568,33.825889278601096,47.178213993837005,8.0113948291442
LTO,lithium-ion,25.0,charge,1.0,10,2,2,2,22.82611701319015,24.8607569698013,29.82019186403225,2.0346399566111
LTO,lithium-ion,25.0,charge,1.0,20,2,2,2,22.69895201590305,24.79717447115445,29.75660936538535,2.0982224552513
LTO,lithium-ion,25.0,charge,1.0,30,2,2,2,22.4446220213294,24.54284447658385,29.6294443680985,2.09822245525445
LTO,lithium-ion,25.0,charge,1.0,40,2,2,2,22.1267095281118,24.415679479293498,29.6930268667451,2.28896995118165
LTO,lithium-ion,25.0,charge,1.0,50,2,2,2,21.872379533531454,24.224931983359898,29.82019186402885,2.3525524498284
LTO,lithium-ion,25.0,charge,1.0,60,2,2,2,21.6816320376008,24.03418448742945,29.947356861315647,2.35255244982855
LTO,lithium-ion,25.0,charge,1.0,70,2,2,2,21.427302043027,24.03418448742945,30.01093935996255,2.6068824444024
LTO,lithium-ion,25.0,charge,1.0,80,2,2,2,21.300137045736896,24.0341844874296,30.8375118423345,2.7340474416926503
LTO,lithium-ion,25.0,charge,1.0,90,2,2,2,21.42730204302385,24.479261977933852,31.791249321996645,3.0519599349099
LTO,lithium-ion,25.0,charge,1.0,100,2,2,2,21.8087970348878,25.49658195623935,35.1611217501272,3.6877849213514997
LTO,lithium-ion,25.0,charge,2.0,0,1,1,1,25.7509116101676,32.172743888259696,41.0107110828584,6.421832278092101
LTO,lithium-ion,25.0,charge,2.0,10,2,2,2,22.82611671123545,24.765382894224302,28.7710802558049,1.9392661829887998
LTO,lithium-ion,25.0,charge,2.0,20,2,2,2,22.69895171563065,24.447470405209103,28.612124011299,1.7485186895784
LTO,lithium-ion,25.0,charge,2.0,30,2,2,2,22.3810392266155,24.3203054096027,28.5485415134949,1.9392661829871998
LTO,lithium-ion,25.0,charge,2.0,40,2,2,2,22.03133548870085,24.0023929205891,28.67570650909965,1.9710574318881997
LTO,lithium-ion,25.0,charge,2.0,50,2,2,2,21.74521424858525,23.8116454271788,28.8346627536072,2.06643117859345
LTO,lithium-ion,25.0,charge,2.0,60,2,2,2,21.4908842573724,23.6526891826712,28.89824525140955,2.1618049252987
LTO,lithium-ion,25.0,charge,2.0,70,2,2,2,21.331928012866552,23.5891066848688,28.9936189981131,2.2571786720022
LTO,lithium-ion,25.0,charge,2.0,80,2,2,2,21.331928012866648,23.779854178277652,30.0745214607634,2.447926165411
LTO,lithium-ion,25.0,charge,2.0,90,2,2,2,21.3319280128682,24.09776666729275,30.86930268329965,2.7658386544245
LTO,lithium-ion,25.0,charge,2.0,100,2,2,1,21.713422999684198,25.14687788103845,31.028258927807197,3.4334548813542005
LTO,lithium-ion,25.0,charge,3.0,0,1,1,1,25.8144937664809,31.494530161733202,37.8527798579099,5.6800363952522
LTO,lithium-ion,25.0,charge,3.0,10,2,2,2,22.78372807797,24.797173815092048,28.2306286510276,2.013445737122
LTO,lithium-ion,25.0,charge,3.0,20,2,2,2,22.59298058708405,24.7335913181297,28.4001819762588,2.1406107310456
LTO,lithium-ion,25.0,charge,3.0,30,2,2,2,22.82611640927645,24.7547854837834,28.8876477862995,1.9286690745069
LTO,lithium-ion,25.0,charge,3.0,40,2,2,2,22.21148560531205,24.627620489859748,29.48108442460895,2.41613488454765
LTO,lithium-ion,25.0,charge,3.0,50,2,2,2,21.89357312050355,24.500455495936198,30.053326897264697,2.6068823754326
LTO,lithium-ion,25.0,charge,3.0,60,2,2,2,21.72401979527245,24.415678833321152,30.604375204266802,2.69165903804865
LTO,lithium-ion,25.0,charge,3.0,70,2,2,2,21.575660635695,24.352096336358798,31.176617676922447,2.7764357006637
LTO,lithium-ion,25.0,charge,3.0,80,2,2,2,21.4696898074252,24.5004554959361,32.61782094138875,3.0307656885108996
LTO,lithium-ion,25.0,charge,3.0,90,2,2,1,21.4484956417703,24.733591318128504,29.5446669215702,3.2850956763582
LTO,lithium-ion,25.0,charge,3.0,100,2,1,0,22.005091985231854,25.9416587604035,,3.8997264803214
LTO,lithium-ion,25.0,discharge,1.0,0,1,1,1,25.1786687968639,33.1900634140488,76.5533263419787,8.0113946171849
LTO,lithium-ion,25.0,discharge,1.0,10,2,2,2,22.762533912316147,24.797173815093153,29.75660857811105,2.0346399027769
LTO,lithium-ion,25.0,discharge,1.0,20,2,2,2,23.46194137889335,24.54284382724135,29.247948602411,1.080902448348
LTO,lithium-ion,25.0,discharge,1.0,30,2,2,2,22.381038930545298,24.54284382724465,29.12078360849165,2.1618048966993
LTO,lithium-ion,25.0,discharge,1.0,40,2,2,2,21.999543948771098,24.288513839392998,29.5022785902592,2.28896989062185
LTO,lithium-ion,25.0,discharge,1.0,50,2,2,2,21.808796457887304,24.16134884547045,29.56586108722065,2.3525523875831498
LTO,lithium-ion,25.0,discharge,1.0,60,2,2,2,21.618048967000203,24.09776634851255,29.69302608114645,2.4797173815123497
LTO,lithium-ion,25.0,discharge,1.0,70,2,2,2,21.42730147611655,24.034183851548047,29.94735606899475,2.6068823754315
LTO,lithium-ion,25.0,discharge,1.0,80,2,2,2,21.36371897915185,24.224931342435152,30.837511026459,2.86121236328325
LTO,lithium-ion,25.0,discharge,1.0,90,2,2,2,21.42730147611995,24.47926133028335,31.791248480888047,3.0519598541633504
LTO,lithium-ion,25.0,discharge,1.0,100,2,2,2,21.872378954845303,25.56016377863155,34.33454835935485,3.6877848237862
LTO,lithium-ion,25.0,discharge,2.0,0,1,1,1,24.7971741431255,31.3461714168224,118.19986341555561,6.5489972736969
LTO,lithium-ion,25.0,discharge,2.0,10,2,2,2,22.73074296452855,24.733591645318047,29.184366491521903,2.00284868078945
LTO,lithium-ion,25.0,discharge,2.0,20,2,2,2,23.30298544475665,24.47926165410865,28.389585268987453,1.176276209352
LTO,lithium-ion,25.0,discharge,2.0,30,2,2,2,22.4446217244179,24.32030540960275,28.19883777558025,1.8756836851848
LTO,lithium-ion,25.0,discharge,2.0,40,2,2,2,22.12670923540275,24.19314041399625,28.42137651788685,2.0664311785934997
LTO,lithium-ion,25.0,discharge,2.0,50,2,2,2,21.87237924419005,23.970601671686403,28.484959015690897,2.0982224274963
LTO,lithium-ion,25.0,discharge,2.0,60,2,2,2,21.618049252978903,23.90701917388235,28.61212401129735,2.2889699209033503
LTO,lithium-ion,25.0,discharge,2.0,70,2,2,2,21.49088425737255,23.811645427178846,28.739289006902048,2.3207611698063
LTO,lithium-ion,25.0,discharge,2.0,80,2,2,2,21.395510510668952,23.97060167168465,29.470487731635902,2.5750911610156497
LTO,lithium-ion,25.0,discharge,2.0,90,2,2,2,21.33192801286495,24.193140413994648,30.519598945381553,2.86121240112965
LTO,lithium-ion,25.0,discharge,2.0,100,2,2,2,21.935961741994,25.496581618956448,32.4270738794692,3.5606198769623996
LTO,lithium-ion,25.0,discharge,3.0,0,1,1,1,25.513066562864,31.418034265578395,123.9141695783001,5.9049677027144005
LTO,lithium-ion,25.0,discharge,3.0,10,2,2,2,22.627369707958948,24.907862817631653,31.028950473816398,2.28049310967265
LTO,lithium-ion,25.0,discharge,3.0,20,2,2,2,22.550612099351852,24.6954462458656,30.218993155045602,2.1448341465137
LTO,lithium-ion,25.0,discharge,3.0,30,2,2,2,22.42310311603145,24.606072068239353,29.841410742391,2.18296895220785
LTO,lithium-ion,25.0,discharge,3.0,40,2,2,2,22.1124707996843,24.3914653180984,29.82488066576475,2.27899451841405
LTO,lithium-ion,25.0,discharge,3.0,50,2,2,2,21.8723789548509,24.2249313424351,29.883773572033604,2.3525523875842
LTO,lithium-ion,25.0,discharge,3.0,60,2,2,2,21.618048967003702,24.0765721828589,29.693026081148698,2.4585232158552
LTO,lithium-ion,25.0,discharge,3.0,70,2,2,2,21.49088397307895,24.07657218285775,29.502278590262748,2.58568820977875
LTO,lithium-ion,25.0,discharge,3.0,80,2,2,2,21.363718979155298,24.1613488454727,29.62944358418525,2.7976298663174
LTO,lithium-ion,25.0,discharge,3.0,90,2,2,2,21.363718979154246,24.3732905020114,30.201686056840998,3.00957152285715
LTO,lithium-ion,25.0,discharge,3.0,100,2,2,2,22.041932280080953,26.090017919980948,32.193937628310344,4.048085639899949
LTO,lithium-ion,35.0,charge,1.0,0,1,1,1,24.288514482,32.6814043030052,46.669554004682496,8.3928898210052
LTO,lithium-ion,35.0,charge,1.0,10,2,2,2,21.808797034887952,23.84343699149585,27.912716904708102,2.03463995660785
LTO,lithium-ion,35.0,charge,1.0,20,2,2,2,21.4273020430239,23.5255244982784,27.4040569155603,2.09822245525445
LTO,lithium-ion,35.0,charge,1.0,30,2,2,2,21.23655454709,23.334777002341397,27.467639414200402,2.0982224552512996
LTO,lithium-ion,35.0,charge,1.0,40,2,2,2,20.982224552512598,23.0804470077671,27.40405691555675,2.09822245525445
LTO,lithium-ion,35.0,charge,1.0,50,2,2,2,20.791477056582153,22.8896995118335,27.5312219128439,2.0982224552513
LTO,lithium-ion,35.0,charge,1.0,60,2,2,2,20.40998206471795,22.8261170131933,27.658386910134148,2.4161349484753
LTO,lithium-ion,35.0,charge,1.0,70,2,2,2,20.3463995660746,22.762534514546697,27.78555190742435,2.41613494847205
LTO,lithium-ion,35.0,charge,1.0,80,2,2,2,20.155652070141,22.69895201589995,28.23062939793205,2.5432999457589
LTO,lithium-ion,35.0,charge,1.0,90,2,2,2,20.28281706743125,22.88969951183365,28.866454384370197,2.6068824444024
LTO,lithium-ion,35.0,charge,1.0,100,2,2,2,20.4099820647215,23.7162719942087,32.1727443138607,3.3062899294871997
LTO,lithium-ion,35.0,charge,2.0,0,1,1,1,24.4156791563079,31.155423923412002,40.3113036070257,6.739744767104
LTO,lithium-ion,35.0,charge,2.0,10,2,2,2,21.681631750782852,23.62089793377,26.99077031732195,1.9392661829870999
LTO,lithium-ion,35.0,charge,2.0,20,2,2,2,21.45909300847295,23.271194195855298,26.545692832703796,1.8121011873823
LTO,lithium-ion,35.0,charge,2.0,30,2,2,2,21.23655426616135,23.1122379513461,26.54569283270215,1.8756836851846999
LTO,lithium-ion,35.0,charge,2.0,40,2,2,2,20.918641777147904,22.79432546233255,26.6092753305061,1.87568368518465
LTO,lithium-ion,35.0,charge,2.0,50,2,2,2,20.6961030348363,22.60357796892385,26.64106657940565,1.90747493408755
LTO,lithium-ion,35.0,charge,2.0,60,2,2,2,20.473564292526397,22.50820422222035,26.80002282391495,2.0346399296939
LTO,lithium-ion,35.0,charge,2.0,70,2,2,2,20.2828167991175,22.41283047551345,26.895396570618402,2.13001367639585
LTO,lithium-ion,35.0,charge,2.0,80,2,2,2,20.155651803511198,22.412830475515047,27.4358478019419,2.2571786720038003
LTO,lithium-ion,35.0,charge,2.0,90,2,2,2,20.18744305241565,22.6035779689255,27.880925286563446,2.4161349165097996
LTO,lithium-ion,35.0,charge,2.0,100,2,2,1,20.4099817947256,23.33477669365775,28.8664540025068,2.92479489893205
LTO,lithium-ion,35.0,charge,3.0,0,1,1,1,24.6276204898597,30.561986872959302,37.216954888290594,5.9343663830995
LTO,lithium-ion,35.0,charge,3.0,10,2,2,2,21.681631463965996,23.822242195011654,26.7894253865614,2.14061073104555
LTO,lithium-ion,35.0,charge,3.0,20,2,2,2,21.51207813873265,23.6950772010869,26.895396214828995,2.1829990623542
LTO,lithium-ion,35.0,charge,3.0,30,2,2,2,21.3213306478489,23.58910637281925,27.276891196601,2.26777572497035
LTO,lithium-ion,35.0,charge,3.0,40,2,2,2,20.98222399738445,23.398358881933248,27.849133669256748,2.4161348845488
LTO,lithium-ion,35.0,charge,3.0,50,2,2,2,20.7490881751921,23.22880555669995,28.3365994792964,2.4797173815078
LTO,lithium-ion,35.0,charge,3.0,60,2,2,2,20.51595235299855,23.18641722539245,28.802871123682248,2.67046487239385
LTO,lithium-ion,35.0,charge,3.0,70,2,2,2,20.388787359076048,23.0804463971237,29.438696093300404,2.6916590380476
LTO,lithium-ion,35.0,charge,3.0,80,2,2,2,20.261622365151297,23.1016405627774,30.3500452164195,2.84001819762605
LTO,lithium-ion,35.0,charge,3.0,90,2,2,1,20.346399027768502,23.207611391047248,27.382862024869702,2.8612123632786997
LTO,lithium-ion,35.0,charge,3.0,100,2,1,0,20.5682387476829,24.2461255080878,,3.8149498177064998
LTO,lithium-ion,35.0,discharge,1.0,0,1,1,1,24.7971738150897,31.5369184930361,77.18915131159119,6.739744677946301
LTO,lithium-ion,35.0,discharge,1.0,10,2,2,2,21.6816314639649,23.843436360664253,27.7855511722954,2.1618048966992998
LTO,lithium-ion,35.0,discharge,1.0,20,2,2,2,21.427301476116696,23.5255238758546,27.149726202676153,2.0982223997379004
LTO,lithium-ion,35.0,discharge,1.0,30,2,2,2,21.236553985232852,23.1440288940871,27.02256120875375,1.90747490885415
LTO,lithium-ion,35.0,discharge,1.0,40,2,2,2,20.8550590034618,22.953281403200002,27.149726202676153,2.09822239973815
LTO,lithium-ion,35.0,discharge,1.0,50,2,2,2,20.664311512574848,22.76253391231295,27.213308699637402,2.098222399738
LTO,lithium-ion,35.0,discharge,1.0,60,2,2,2,20.4099815247265,22.63536891839035,27.34047369355995,2.2253873936638504
LTO,lithium-ion,35.0,discharge,1.0,70,2,2,2,20.2192340338427,22.698951415354898,27.53122118444705,2.4797173815121996
LTO,lithium-ion,35.0,discharge,1.0,80,2,2,2,20.15565153688465,22.6353689183904,27.91271616621795,2.4797173815057
LTO,lithium-ion,35.0,discharge,1.0,90,2,2,2,20.15565153688125,22.88969890623855,28.73928862672095,2.7340473693572998
LTO,lithium-ion,35.0,discharge,1.0,100,2,2,2,20.7914765065008,23.652688869784,31.21900600823345,2.8612123632830997
LTO,lithium-ion,35.0,discharge,2.0,0,1,1,1,23.9070191738823,29.5022789805371,122.1419782793355,5.5952598066547
LTO,lithium-ion,35.0,discharge,2.0,10,2,2,2,21.74521424858525,23.5891066848705,27.308682806338798,1.8438924362852
LTO,lithium-ion,35.0,discharge,2.0,20,2,2,2,21.4273017595701,23.239402946952502,26.450319085998597,1.8121011873823
LTO,lithium-ion,35.0,discharge,2.0,30,2,2,2,21.23655426616305,23.01686420464425,26.291362841491,1.7803099384811498
LTO,lithium-ion,35.0,discharge,2.0,40,2,2,2,20.9504330260507,22.7625342134331,26.482110334901403,1.81210118738235
LTO,lithium-ion,35.0,discharge,2.0,50,2,2,2,20.6643117859368,22.60357796892385,26.51390158380095,1.939266182987
LTO,lithium-ion,35.0,discharge,2.0,60,2,2,2,20.4417730436268,22.5082042222203,26.672857828308498,2.0664311785934
LTO,lithium-ion,35.0,discharge,2.0,70,2,2,2,20.314608048020396,22.4446217244163,26.768231575012102,2.1300136763957997
LTO,lithium-ion,35.0,discharge,2.0,80,2,2,2,20.15565180351455,22.47641297331905,27.11793531293015,2.3207611698044994
LTO,lithium-ion,35.0,discharge,2.0,90,2,2,2,20.18744305241565,22.571786720024253,27.84913403766225,2.3843436676086
LTO,lithium-ion,35.0,discharge,2.0,100,2,2,2,20.69610303483795,23.62089793377175,29.94735646515695,2.9247948989337
LTO,lithium-ion,35.0,discharge,3.0,0,1,1,1,24.5075718418891,29.526650208032,128.3708421755042,5.0190783661428
LTO,lithium-ion,35.0,discharge,3.0,10,2,2,2,21.84901785818725,23.92336226171915,29.2513030142253,2.0743444035319
LTO,lithium-ion,35.0,discharge,3.0,20,2,2,2,21.521660567118197,23.5884123451321,28.3806234977527,2.0667517780138
LTO,lithium-ion,35.0,discharge,3.0,30,2,2,2,21.503745802982603,23.3736653966173,28.255023814781453,1.8699195936346
LTO,lithium-ion,35.0,discharge,3.0,40,2,2,2,21.0668321204125,23.13833428243525,28.11081030524515,2.0715021620227003
LTO,lithium-ion,35.0,discharge,3.0,50,2,2,2,20.68550567823085,22.9108930718914,28.103463657103998,2.22538739366055
LTO,lithium-ion,35.0,discharge,3.0,60,2,2,2,20.4947581873448,22.84731057493125,27.976298663180348,2.35255238758645
LTO,lithium-ion,35.0,discharge,3.0,70,2,2,2,20.30401069645995,22.76253391231515,27.7643570066406,2.4585232158551498
LTO,lithium-ion,35.0,discharge,3.0,80,2,2,2,20.2404281994976,22.8261164092764,27.6583861783708,2.5856882097788003
LTO,lithium-ion,35.0,discharge,3.0,90,2,2,2,20.198039868190047,22.8896989062388,27.74316284098685,2.69165903804865
LTO,lithium-ion,35.0,discharge,3.0,100,2,2,2,20.83386483780815,24.16134884547385,29.968550234649797,3.3274840076656
LTO,lithium-ion,45.0,charge,1.0,0,1,1,1,23.652689495565397,32.0455793165706,48.3226989694329,8.3928898210052
LTO,lithium-ion,45.0,charge,1.0,10,2,2,2,20.6643120592955,22.635369517262998,26.0688244440372,1.9710574579675
LTO,lithium-ion,45.0,charge,1.0,20,2,2,2,20.28281706743125,22.3810395226825,25.62374695352625,2.09822245525115
LTO,lithium-ion,45.0,charge,1.0,30,2,2,2,20.28281706743125,22.253874525399052,25.7509119508166,1.97105745796775
LTO,lithium-ion,45.0,charge,1.0,40,2,2,2,20.028487072857253,22.1902920267554,26.13240694268065,2.16180495389805
LTO,lithium-ion,45.0,charge,1.0,50,2,2,2,19.83773957692355,22.06312702946175,26.3231544386113,2.22538745253815
LTO,lithium-ion,45.0,charge,1.0,60,2,2,2,19.6469920809898,21.9359620321715,26.323154438611148,2.28896995118165
LTO,lithium-ion,45.0,charge,1.0,70,2,2,2,19.77415707828345,21.999544530821797,26.5774844331884,2.2253874525382997
LTO,lithium-ion,45.0,charge,1.0,80,2,2,2,19.45624458505935,21.935962032174753,27.0225619236961,2.4797174471154
LTO,lithium-ion,45.0,charge,1.0,90,2,2,2,19.5198270837064,22.1267095281088,27.467639414200402,2.6068824444024
LTO,lithium-ion,45.0,charge,1.0,100,2,2,2,19.710574579633303,23.0168645091238,31.3461718314888,3.30628992949045
LTO,lithium-ion,45.0,charge,2.0,0,1,1,1,23.84343667608,30.519598945381603,41.1378760784631,6.6761622693016
LTO,lithium-ion,45.0,charge,2.0,10,2,2,2,20.568938039233203,22.3810392266156,25.14687788104005,1.8121011873823
LTO,lithium-ion,45.0,charge,2.0,20,2,2,2,20.314608048020396,22.0631267375987,24.797174143123698,1.7485186895782
LTO,lithium-ion,45.0,charge,2.0,30,2,2,2,20.2192343013152,21.9995442397965,24.9879216365309,1.7803099384812
LTO,lithium-ion,45.0,charge,2.0,40,2,2,2,19.96490431010405,21.8405879952904,25.2104603788441,1.8756836851863499
LTO,lithium-ion,45.0,charge,2.0,50,2,2,2,19.7423655677942,21.713422999684102,25.4329991211524,1.9710574318898997
LTO,lithium-ion,45.0,charge,2.0,60,2,2,2,19.6787830699918,21.6816317507812,25.62374661456115,2.0028486807893997
LTO,lithium-ion,45.0,charge,2.0,70,2,2,2,19.583409323288198,21.618049252980498,25.87807660577235,2.0346399296922
LTO,lithium-ion,45.0,charge,2.0,80,2,2,2,19.360870580978197,21.649840501881698,26.2277803436903,2.2889699209035004
LTO,lithium-ion,45.0,charge,2.0,90,2,2,2,19.488035576583002,21.808796746387603,26.609275330504502,2.32076116980455
LTO,lithium-ion,45.0,charge,2.0,100,2,2,1,19.933113061202953,22.69895171562915,28.739289006902002,2.76583865442615
LTO,lithium-ion,45.0,charge,3.0,0,1,1,1,24.1613488454751,29.8837735720347,37.6408382013702,5.7224247265596
LTO,lithium-ion,45.0,charge,3.0,10,2,2,2,20.60072901561465,22.5717864214303,24.860756312053248,1.9710574058155501
LTO,lithium-ion,45.0,charge,3.0,20,2,2,2,20.38878735907495,22.4446214275067,25.0303096372855,2.05583406843165
LTO,lithium-ion,45.0,charge,3.0,30,2,2,2,20.26162236515135,22.35984476489055,25.47538711601765,2.09822239973915
LTO,lithium-ion,45.0,charge,3.0,40,2,2,2,20.092069039920204,22.31745643358195,26.2383770795583,2.22538739366165
LTO,lithium-ion,45.0,charge,3.0,50,2,2,2,19.88012738338045,22.2326797709669,26.789425386560247,2.3525523875864
LTO,lithium-ion,45.0,charge,3.0,60,2,2,2,19.774156555111702,22.1902914396583,27.404056190524653,2.4161348845466004
LTO,lithium-ion,45.0,charge,3.0,70,2,2,2,19.6469915611881,22.147903108349702,27.9339103318718,2.50091154716155
LTO,lithium-ion,45.0,charge,3.0,80,2,2,2,19.583409064226753,22.1902914396594,28.718094461067203,2.60688237543255
LTO,lithium-ion,45.0,charge,3.0,90,2,2,2,19.6257973955343,22.35984476488945,29.6930260811476,2.73404736935515
LTO,lithium-ion,45.0,charge,3.0,100,2,1,0,20.137183492837398,23.4831355445483,,3.6030081611689
LTO,lithium-ion,45.0,discharge,1.0,0,1,1,1,23.9070188576254,29.756608578107702,83.8017309956153,5.8495897204823
LTO,lithium-ion,45.0,discharge,1.0,10,2,2,2,20.5371465186523,22.4446214275033,25.8144937664766,1.9074749088509
LTO,lithium-ion,45.0,discharge,1.0,20,2,2,2,20.409981524729602,22.25387393662285,25.30583379078985,1.8438924118931999
LTO,lithium-ion,45.0,discharge,1.0,30,2,2,2,20.219234033842703,22.0631264457324,25.369416287747747,1.8438924118896503
LTO,lithium-ion,45.0,discharge,1.0,40,2,2,2,19.96490404599775,21.93596145180985,25.68732877255735,1.9710574058120502
LTO,lithium-ion,45.0,discharge,1.0,50,2,2,2,19.7741565551105,21.93596145180985,26.06882375432485,2.1618048966993
LTO,lithium-ion,45.0,discharge,1.0,60,2,2,2,19.710574058149348,21.87237895484875,26.06882375432485,2.1618048966992998
LTO,lithium-ion,45.0,discharge,1.0,70,2,2,2,19.6469915611881,21.87237895484875,26.450318736099003,2.2253873936606
LTO,lithium-ion,45.0,discharge,1.0,80,2,2,2,19.4562440703009,21.93596145180985,26.768231220902003,2.47971738150895
LTO,lithium-ion,45.0,discharge,1.0,90,2,2,2,19.392661573343,22.0631264457358,27.34047369356325,2.6704648723927997
LTO,lithium-ion,45.0,discharge,1.0,100,2,2,2,20.473564021690898,23.08044639712245,30.4560160446882,2.6068823754315
LTO,lithium-ion,45.0,discharge,2.0,0,1,1,1,23.080446702445,27.4040565530423,137.0202827652088,4.3236098505973
LTO,lithium-ion,45.0,discharge,2.0,10,2,2,2,20.6007292881328,22.3174567288099,25.432999121152452,1.7167274406771
LTO,lithium-ion,45.0,discharge,2.0,20,2,2,2,20.3146080480203,21.99954423979795,24.6382178986161,1.6849361917776
LTO,lithium-ion,45.0,discharge,2.0,30,2,2,2,20.18744305241565,21.904170493092852,24.6700091475191,1.7167274406772
LTO,lithium-ion,45.0,discharge,2.0,40,2,2,2,19.96490431010565,21.77700549748815,25.05150413433655,1.8121011873824
LTO,lithium-ion,45.0,discharge,2.0,50,2,2,2,19.837739314499398,21.713422999684102,25.337625374448848,1.8756836851846999
LTO,lithium-ion,45.0,discharge,2.0,60,2,2,2,19.7105743188929,21.68163175078125,25.49658161895475,1.9710574318882501
LTO,lithium-ion,45.0,discharge,2.0,70,2,2,2,19.5198268254859,21.61804925298055,25.655537863464,2.09822242749465
LTO,lithium-ion,45.0,discharge,2.0,80,2,2,2,19.5198268254842,21.71342299968245,26.005241601377,2.1935961741982
LTO,lithium-ion,45.0,discharge,2.0,90,2,2,2,19.4244530787806,21.80879674638925,26.418527837097404,2.3843436676086
LTO,lithium-ion,45.0,discharge,2.0,100,2,2,2,20.31460804802035,22.985072955741398,29.1525752426208,2.670464907721
LTO,lithium-ion,45.0,discharge,3.0,0,1,1,1,22.940805151371602,27.3040563272206,138.3195604715072,4.363251175848999
LTO,lithium-ion,45.0,discharge,3.0,10,2,2,2,20.7516074103823,22.652383978996653,27.31241667129975,1.9007765686143498
LTO,lithium-ion,45.0,discharge,3.0,20,2,2,2,20.46772203999855,22.387298658967747,26.509921557780952,1.9195766189692
LTO,lithium-ion,45.0,discharge,3.0,30,2,2,2,20.309326732577052,22.246980241148755,26.44590345808055,1.9376535085716502
LTO,lithium-ion,45.0,discharge,3.0,40,2,2,2,20.04373061340565,22.112289691709446,26.55272477289055,2.0685590783037
LTO,lithium-ion,45.0,discharge,3.0,50,2,2,2,19.88012738338045,22.084320611388453,26.789425386559152,2.20419322800795
LTO,lithium-ion,45.0,discharge,3.0,60,2,2,2,19.731768223803098,21.999543948773454,26.6198720613291,2.26777572497035
LTO,lithium-ion,45.0,discharge,3.0,70,2,2,2,19.625797395533198,21.999543948773454,26.47151290175065,2.3737465532401996
LTO,lithium-ion,45.0,discharge,3.0,80,2,2,2,19.4986324016107,22.0419322800809,26.30195957652065,2.5432998784702
LTO,lithium-ion,45.0,discharge,3.0,90,2,2,2,19.4138557389957,22.1055147770444,26.280765410866852,2.69165903804865
LTO,lithium-ion,45.0,discharge,3.0,100,2,2,2,20.5795348499609,23.5679122071644,29.290336933723,2.9883773572034498
NMC,lithium-ion,5.0,charge,1.0,0,1,1,1,87.5983203681696,160.57573095065132,192.8688708251344,72.9774105824817
NMC,lithium-ion,5.0,charge,1.0,10,2,2,2,85.62767600575015,146.8447895867046,171.70033622237284,61.217113580954454
NMC,lithium-ion,5.0,charge,1.0,20,2,2,2,84.2291542001643,132.22387980101686,153.0745685388673,47.994725600852504
NMC,lithium-ion,5.0,charge,1.0,30,2,2,2,83.40275495141195,117.73010836129005,137.817967023367,34.327353409878
NMC,lithium-ion,5.0,charge,1.0,40,2,2,2,81.74995645390015,105.01627376503919,121.86210460507215,23.26631731113905
NMC,lithium-ion,5.0,charge,1.0,50,2,2,2,80.41500382129341,101.13855421317955,115.95017151781076,20.72355039188605
NMC,lithium-ion,5.0,charge,1.0,60,2,2,2,79.4614662265733,99.4221865426857,115.18734144203741,19.96072031611235
NMC,lithium-ion,5.0,charge,1.0,70,2,2,2,78.06294442098405,98.0872339100821,114.67878805818945,20.02428948909795
NMC,lithium-ion,5.0,charge,1.0,80,2,2,2,77.4272526911749,97.324403834305,112.7717128687489,19.897151143130053
NMC,lithium-ion,5.0,charge,1.0,90,2,2,2,77.17297599924615,96.4980045855492,111.3731910631629,19.32502858630305
NMC,lithium-ion,5.0,charge,1.0,100,2,1,1,77.1116265586475,97.2608346613228,112.64457452279079,20.723550391889
NMC,lithium-ion,5.0,charge,2.0,0,1,1,1,83.52989329736971,136.29230687181328,161.5292685453749,52.7624135744436
NMC,lithium-ion,5.0,charge,2.0,10,2,2,2,81.55924893495376,126.31194671375873,146.62229748127027,44.752697778804944
NMC,lithium-ion,5.0,charge,2.0,20,2,2,2,80.0335887834034,116.2998019692114,132.8595715308292,36.26621318580795
NMC,lithium-ion,5.0,charge,2.0,30,2,2,2,79.3025432941209,105.7155346678306,122.4342271619023,26.412991373709602
NMC,lithium-ion,5.0,charge,2.0,40,2,2,2,78.09472900747511,96.08480496117166,111.18248354421975,17.990075953696497
NMC,lithium-ion,5.0,charge,2.0,50,2,2,2,76.98226848030275,92.6520696201826,106.60550308957026,15.6698011398798
NMC,lithium-ion,5.0,charge,2.0,60,2,2,2,75.5201775017346,90.7449944307471,105.49304256239775,15.224816929012452
NMC,lithium-ion,5.0,charge,2.0,70,2,2,1,74.21700945561696,89.56896473059061,105.3341196299438,15.3519552749736
NMC,lithium-ion,5.0,charge,2.0,80,2,2,0,74.0579734921455,89.56882974253375,,15.51085625038825
NMC,lithium-ion,5.0,charge,2.0,90,2,1,0,73.738900694902,89.5053955576134,,16.273708283202602
NMC,lithium-ion,5.0,charge,2.0,100,2,0,0,75.48471768538464,,,
NMC,lithium-ion,5.0,charge,3.0,0,1,1,1,79.92764016176871,122.6885038538271,145.5310266784267,42.7608636920583
NMC,lithium-ion,5.0,charge,3.0,10,2,2,2,77.38479606491356,113.555623444005,131.7999610035564,36.1708273790914
NMC,lithium-ion,5.0,charge,3.0,20,2,2,2,75.8803264900087,105.312820169376,119.65824939029484,29.43249367936725
NMC,lithium-ion,5.0,charge,3.0,30,2,2,2,75.7956058831532,97.68457747589476,112.4538076822909,21.888971592741502
NMC,lithium-ion,5.0,charge,3.0,40,2,2,2,74.0155894329635,89.90785801425075,103.85067470617939,15.892268581287151
NMC,lithium-ion,5.0,charge,3.0,50,2,2,1,72.51116500976521,85.77591833262075,98.8288742615295,13.2647533228555
NMC,lithium-ion,5.0,charge,3.0,60,2,1,0,71.8110528299577,84.3774822704565,,11.5695894825895
NMC,lithium-ion,5.0,charge,3.0,70,2,0,0,70.83626633574106,,,
NMC,lithium-ion,5.0,charge,3.0,80,2,0,0,70.177833889895,,,
NMC,lithium-ion,5.0,charge,3.0,90,2,0,0,70.23940270278369,,,
NMC,lithium-ion,5.0,charge,3.0,100,2,0,0,70.5731901087527,,,
NMC,lithium-ion,5.0,discharge,1.0,0,1,1,1,87.2169053302895,179.2650678071491,299.28366639576,92.0481624768596
NMC,lithium-ion,5.0,discharge,1.0,10,2,2,2,84.6741384110334,160.13074673978576,226.81480919712598,75.4566083287523
NMC,lithium-ion,5.0,discharge,1.0,20,2,2,2,83.9113083352566,141.18713319136884,171.89104374131625,57.275824856112195
NMC,lithium-ion,5.0,discharge,1.0,30,2,2,2,82.44921735669185,120.78142866439094,147.4169121435348,38.332211307699
NMC,lithium-ion,5.0,discharge,1.0,40,2,2,2,81.05069555110245,103.74489030540785,123.8327489674848,22.694194754305347
NMC,lithium-ion,5.0,discharge,1.0,50,2,2,2,79.588604572531,99.04077150479895,112.9624203876956,19.45216693226785
NMC,lithium-ion,5.0,discharge,1.0,60,2,2,2,78.19008276694514,97.0701271423796,111.69103692807089,18.88004437543435
NMC,lithium-ion,5.0,discharge,1.0,70,2,2,2,77.42725269117165,96.62514293151389,113.15312790663896,19.1978902403422
NMC,lithium-ion,5.0,discharge,1.0,80,2,2,2,76.91869930732405,96.9429887964154,114.93306475011525,20.024289489091302
NMC,lithium-ion,5.0,discharge,1.0,90,2,2,2,76.47371509645156,96.11658954765944,113.1531279066391,19.642874451207902
NMC,lithium-ion,5.0,discharge,1.0,100,2,2,2,76.47371509645134,97.38797300728746,118.7472151289892,20.91425791083605
NMC,lithium-ion,5.0,discharge,2.0,0,1,1,1,81.8135245443744,158.9864995225162,294.70668204173563,77.1729749781418
NMC,lithium-ion,5.0,discharge,2.0,10,2,2,2,79.87466479409815,143.82525196709,218.83687509246676,63.95058717299179
NMC,lithium-ion,5.0,discharge,2.0,20,2,2,2,78.85755803985509,127.93295893205253,155.0134262637556,49.07540089219741
NMC,lithium-ion,5.0,discharge,2.0,30,2,2,2,78.15829714631445,110.38786742137066,136.26052048241056,32.229570275056105
NMC,lithium-ion,5.0,discharge,2.0,40,2,2,2,76.82323438679715,95.0357718046879,116.42675511018716,18.21253741789065
NMC,lithium-ion,5.0,discharge,2.0,50,2,2,2,75.77445319105861,90.23643985294235,103.1727663834624,14.46198666188365
NMC,lithium-ion,5.0,discharge,2.0,60,2,2,2,74.37589487893126,88.58359699842434,102.02846993539566,14.207702119493101
NMC,lithium-ion,5.0,discharge,2.0,70,2,2,2,72.81848668654285,86.6765662130958,101.39282956353905,13.858079526552949
NMC,lithium-ion,5.0,discharge,2.0,80,2,2,2,73.26347089152395,88.23401093052844,103.55418141630406,14.9705400390044
NMC,lithium-ion,5.0,discharge,2.0,90,2,2,2,73.0091942029646,87.82081131161951,102.40993631778225,14.8116171086549
NMC,lithium-ion,5.0,discharge,2.0,100,2,2,2,72.88205585868215,89.7596710618905,108.2900847407449,16.87761520320835
NMC,lithium-ion,5.0,discharge,3.0,0,1,1,0,91.0231024913076,161.6884595263208,,70.6653570350132
NMC,lithium-ion,5.0,discharge,3.0,10,2,2,1,86.1072702580959,142.93609868776755,152.5077433452121,56.82882842967155
NMC,lithium-ion,5.0,discharge,3.0,20,2,2,2,80.23372371908715,120.64963383440765,143.03436020814402,40.41591011532045
NMC,lithium-ion,5.0,discharge,3.0,30,2,2,2,77.54025014759388,103.80659401154341,126.9559806753614,26.2663438639495
NMC,lithium-ion,5.0,discharge,3.0,40,2,2,2,72.8501978521337,89.08150651696985,109.65669929613915,16.231308664836103
NMC,lithium-ion,5.0,discharge,3.0,50,2,2,2,72.15087127431168,84.27137008330735,96.7732830763732,12.1204988089956
NMC,lithium-ion,5.0,discharge,3.0,60,2,2,2,71.00669363396145,82.74579011548325,95.48080180714261,11.73909648152175
NMC,lithium-ion,5.0,discharge,3.0,70,2,2,2,71.0914177889017,81.41079821572956,94.90863196461625,10.31938042682785
NMC,lithium-ion,5.0,discharge,3.0,80,2,2,2,69.71405282942175,81.62265395104225,95.2688089729717,11.9086011216205
NMC,lithium-ion,5.0,discharge,3.0,90,2,2,2,69.45984580832635,81.41083855538045,94.48488566356585,11.950992747053998
NMC,lithium-ion,5.0,discharge,3.0,100,2,2,2,69.58694976434404,84.3985459359109,100.65104152455595,14.811596171566798
NMC,lithium-ion,15.0,charge,1.0,0,1,1,1,61.9163744837458,109.5932542196903,143.2849158997561,47.676879735944496
NMC,lithium-ion,15.0,charge,1.0,10,2,2,2,57.78437823996355,90.01394894146114,106.79621060851524,32.22957070149755
NMC,lithium-ion,15.0,charge,1.0,20,2,2,2,57.21225568313345,79.39789705359097,94.6544985690913,22.1856413704575
NMC,lithium-ion,15.0,charge,1.0,30,2,2,2,56.2587180884133,70.307505317271,87.02619781134274,14.04878722885765
NMC,lithium-ion,15.0,charge,1.0,40,2,2,2,55.11447297475295,62.48849704057585,75.52017750173451,7.37402406582285
NMC,lithium-ion,15.0,charge,1.0,50,2,2,2,54.35164289897955,60.83569854306766,72.78670306354499,6.484055644088
NMC,lithium-ion,15.0,charge,1.0,60,2,2,2,53.6523819961816,60.51785267815656,73.86737900421944,6.8654706819749505
NMC,lithium-ion,15.0,charge,1.0,70,2,2,2,52.44456770953575,59.500745910457354,73.4223947933539,7.0561782009215
NMC,lithium-ion,15.0,charge,1.0,80,2,2,2,51.5545992877974,58.03865493188575,69.1632602036071,6.4840556440883
NMC,lithium-ion,15.0,charge,1.0,90,2,2,2,51.3638917688612,58.2293624508326,70.6253511821791,6.8654706819713995
NMC,lithium-ion,15.0,charge,1.0,100,2,2,1,51.8090899574907,62.74304892151265,72.08744216074379,10.933958964021901
NMC,lithium-ion,15.0,charge,2.0,0,1,1,1,60.5814218511387,98.15080308306099,125.7398241569286,37.5693812319222
NMC,lithium-ion,15.0,charge,2.0,10,2,2,2,56.926194404715055,83.43453953789964,97.99188015060865,26.508345133184548
NMC,lithium-ion,15.0,charge,2.0,20,2,2,2,56.41764102086725,75.5201775017346,89.02862676025164,19.1025364808673
NMC,lithium-ion,15.0,charge,2.0,30,2,2,2,55.3687496666753,67.92366133047214,82.41743277019894,12.554911663796801
NMC,lithium-ion,15.0,charge,2.0,40,2,2,2,54.192719966522255,61.058190648497046,73.07276434195495,6.8654706819747995
NMC,lithium-ion,15.0,charge,2.0,50,2,2,2,53.39810530425605,59.46896132396624,70.65713576866831,6.07085601971015
NMC,lithium-ion,15.0,charge,2.0,60,2,2,2,52.73062898795245,58.960407940116795,71.2610429119897,6.229778952164301
NMC,lithium-ion,15.0,charge,2.0,70,2,2,2,51.55459928779944,58.10222410486815,70.52999742270566,6.5476248170687
NMC,lithium-ion,15.0,charge,2.0,80,2,2,2,50.950692144478005,56.957978991207746,67.22440042767904,6.00728684672975
NMC,lithium-ion,15.0,charge,2.0,90,2,2,2,50.7599846255331,57.0851173371674,69.09969103062686,6.3251327116343
NMC,lithium-ion,15.0,charge,2.0,100,2,1,1,51.07536508737835,57.4665323750558,71.0703353930447,6.5476248170705
NMC,lithium-ion,15.0,charge,3.0,0,1,1,1,60.009299294307695,92.2600597201317,117.5605905666733,32.250760425824
NMC,lithium-ion,15.0,charge,3.0,10,2,2,2,55.68659553158215,78.4019800102184,91.79388578493636,22.7153844786362
NMC,lithium-ion,15.0,charge,3.0,20,2,2,2,55.28399076936695,72.0026832634376,84.25034392449304,16.718692494070602
NMC,lithium-ion,15.0,charge,3.0,30,2,2,2,54.41519991796185,65.70932096339979,78.55029107444821,11.294121045437901
NMC,lithium-ion,15.0,charge,3.0,40,2,2,2,53.18616253753465,59.8185408211725,71.15503393259964,6.6323782836378005
NMC,lithium-ion,15.0,charge,3.0,50,2,2,2,52.4657574338643,58.314121348139096,68.95136296033795,5.8483639142746995
NMC,lithium-ion,15.0,charge,3.0,60,2,2,2,51.8088500052368,57.805539304990546,69.33274420369015,5.996689299753701
NMC,lithium-ion,15.0,charge,3.0,70,2,2,1,50.68582059038955,56.724892023608795,69.50229579284179,6.0390714332192
NMC,lithium-ion,15.0,charge,3.0,80,2,1,0,50.028927906913104,55.8137338775444,,5.6788461196576
NMC,lithium-ion,15.0,charge,3.0,90,2,0,0,49.9625700877478,,,
NMC,lithium-ion,15.0,charge,3.0,100,2,0,0,50.4733348864633,,,
NMC,lithium-ion,15.0,discharge,1.0,0,1,1,1,61.534959445859194,126.5026542326989,220.0764768611121,64.9676947868397
NMC,lithium-ion,15.0,discharge,1.0,10,2,2,2,57.2122556831336,97.26083466132305,124.59557904326502,40.04857897818945
NMC,lithium-ion,15.0,discharge,1.0,20,2,2,2,56.95797899120795,83.02133991352196,100.1214474454803,26.06336092231395
NMC,lithium-ion,15.0,discharge,1.0,30,2,2,2,55.877303050523,71.64245794987464,91.98459330388046,15.7651548993516
NMC,lithium-ion,15.0,discharge,1.0,40,2,2,2,54.54235041791945,61.91637448374255,75.90159253962129,7.374024065823
NMC,lithium-ion,15.0,discharge,1.0,50,2,2,2,53.906658688103796,60.1364376402698,72.0238729877648,6.2297789521659
NMC,lithium-ion,15.0,discharge,1.0,60,2,2,2,53.27096695829135,59.8185917753619,72.65956471757724,6.5476248170705
NMC,lithium-ion,15.0,discharge,1.0,70,2,2,2,51.99958349867005,59.246469218532,74.2487940421067,7.2468857198619
NMC,lithium-ion,15.0,discharge,1.0,80,2,2,2,51.2367534228965,57.975085758907,70.87962787410466,6.73833233601045
NMC,lithium-ion,15.0,discharge,1.0,90,2,2,2,51.04604590395305,57.8479474129457,71.13390456603,6.8019015089926
NMC,lithium-ion,15.0,discharge,1.0,100,2,2,2,51.681737633762104,61.5985286188409,81.30497224303105,9.9167909850788
NMC,lithium-ion,15.0,discharge,2.0,0,1,1,1,59.7549799078055,118.81069941243689,229.16670485919772,59.0557195046314
NMC,lithium-ion,15.0,discharge,2.0,10,2,2,2,56.19514817189395,93.7963134927924,124.023454845433,37.60116532089835
NMC,lithium-ion,15.0,discharge,2.0,20,2,2,2,55.71837938084386,80.9871253065513,97.26083337443065,25.26874592570745
NMC,lithium-ion,15.0,discharge,2.0,30,2,2,2,54.860195556948455,70.40285814521646,90.17287068080279,15.54266258826795
NMC,lithium-ion,15.0,discharge,2.0,40,2,2,2,53.588812114147494,60.295359774931796,74.37593140397536,6.7065476607842
NMC,lithium-ion,15.0,discharge,2.0,50,2,2,2,52.762412876324596,58.4518537828691,69.7035972516758,5.6894409065444
NMC,lithium-ion,15.0,discharge,2.0,60,2,2,2,52.2538594992039,58.1657925082373,69.95787394023532,5.9119330090334
NMC,lithium-ion,15.0,discharge,2.0,70,2,2,2,51.109614400683554,57.5618853729082,71.10211903876059,6.4522709722246505
NMC,lithium-ion,15.0,discharge,2.0,80,2,2,2,50.5057072653495,56.703701549014646,68.8136288417132,6.1979942836651
NMC,lithium-ion,15.0,discharge,2.0,90,2,2,2,50.314999748929445,56.7037015490147,69.1632592884845,6.38870180008525
NMC,lithium-ion,15.0,discharge,2.0,100,2,2,2,50.823476562810995,60.517755457383196,77.74496788541036,9.6942788945722
NMC,lithium-ion,15.0,discharge,3.0,0,1,1,0,67.3866998179105,123.93248795816959,,56.545788140259
NMC,lithium-ion,15.0,discharge,3.0,10,2,2,2,58.260112577413956,92.45278675972325,121.51954255372074,34.192674182309204
NMC,lithium-ion,15.0,discharge,3.0,20,2,2,2,56.57650490209989,79.7368525121908,93.72205835241071,23.160347610090852
NMC,lithium-ion,15.0,discharge,3.0,30,2,2,2,53.6947609711997,68.76065483486165,87.4499915264947,15.065893863661898
NMC,lithium-ion,15.0,discharge,3.0,40,2,2,2,52.465704868129954,58.84380619125184,73.29518702328369,6.3781013231219
NMC,lithium-ion,15.0,discharge,3.0,50,2,2,2,51.745254629225954,57.0214905940623,67.84942936184805,5.27623596483625
NMC,lithium-ion,15.0,discharge,3.0,60,2,2,2,51.1518988698118,56.618837522841496,67.91293946882703,5.4669386530296995
NMC,lithium-ion,15.0,discharge,3.0,70,2,2,2,50.198406506587204,56.13152358033626,68.5910690703179,5.933117073749
NMC,lithium-ion,15.0,discharge,3.0,80,2,2,2,49.71107504026265,55.36872954245085,66.4933311361977,5.657654502188199
NMC,lithium-ion,15.0,discharge,3.0,90,2,2,2,49.4779632596871,55.38989086405565,66.93827991410606,5.91192760436845
NMC,lithium-ion,15.0,discharge,3.0,100,2,2,2,49.8382311776865,59.64907345458675,74.99043373207195,9.81084227690025
NMC,lithium-ion,25.0,charge,1.0,0,1,1,1,46.9140496601644,70.68892035515451,106.6690722625475,23.77487069499
NMC,lithium-ion,25.0,charge,1.0,10,2,2,2,42.46420755148115,51.9995834986701,62.806342905480456,9.535375947188898
NMC,lithium-ion,25.0,charge,1.0,20,2,2,2,41.828515821665455,48.058294773828045,58.73791583468055,6.2297789521624996
NMC,lithium-ion,25.0,charge,1.0,30,2,2,2,41.192824091853055,46.0876504114087,57.46653237505585,4.89482631955565
NMC,lithium-ion,25.0,charge,1.0,40,2,2,2,40.23928649713615,43.354175973215696,53.4616744772381,3.1148894760794503
NMC,lithium-ion,25.0,charge,1.0,50,2,2,2,39.794302286267204,42.90919176234685,52.6352752284825,3.1148894760796004
NMC,lithium-ion,25.0,charge,1.0,60,2,2,2,39.5400255943417,42.845622589364545,53.461674477234695,3.30559699502275
NMC,lithium-ion,25.0,charge,1.0,70,2,2,2,38.90433386452945,42.71848424340665,53.9066586881072,3.8141503788772
NMC,lithium-ion,25.0,charge,1.0,80,2,2,2,38.65005717260375,41.82851582166885,50.9189075579853,3.17845864906505
NMC,lithium-ion,25.0,charge,1.0,90,2,2,2,38.58648799962125,42.209930859555804,52.380998536553456,3.62344285993445
NMC,lithium-ion,25.0,charge,1.0,100,2,2,2,39.22217972943725,44.2441443949539,57.2758248561125,5.021964665516601
NMC,lithium-ion,25.0,charge,2.0,0,1,1,1,46.659772968242194,67.3197541871526,98.4686489479688,20.659981218910403
NMC,lithium-ion,25.0,charge,2.0,10,2,2,2,42.209930859555506,51.204968836402095,61.1853289944616,8.99503797684655
NMC,lithium-ion,25.0,charge,2.0,20,2,2,2,41.5742391297431,47.5815259764712,57.7525936534726,6.00728684672805
NMC,lithium-ion,25.0,charge,2.0,30,2,2,2,41.00211657291135,45.7380199600147,56.7354868857717,4.7359033871033
NMC,lithium-ion,25.0,charge,2.0,40,2,2,2,40.016794391701595,43.1316838677829,52.6988444014613,3.1148894760812498
NMC,lithium-ion,25.0,charge,2.0,50,2,2,2,39.6035947673221,42.62313048393175,51.96779891217735,3.0195357166096
NMC,lithium-ion,25.0,charge,2.0,60,2,2,2,39.4764564213592,42.495992137968855,52.79419816093295,3.0195357166096
NMC,lithium-ion,25.0,charge,2.0,70,2,2,2,38.808980105055745,42.273500032536106,52.60349064198775,3.46451992748035
NMC,lithium-ion,25.0,charge,2.0,80,2,2,2,38.459349653661754,41.60602371623415,50.1242928957224,3.14667406257235
NMC,lithium-ion,25.0,charge,2.0,90,2,2,2,38.427565067170654,41.98743875411945,51.745306806742946,3.5598736869487
NMC,lithium-ion,25.0,charge,2.0,100,2,1,1,39.1413199502995,42.7820534163857,54.4152120719551,3.8777195518564
NMC,lithium-ion,25.0,charge,3.0,0,1,1,1,46.8291965814644,65.3913577603613,93.5736344360856,18.5621611788968
NMC,lithium-ion,25.0,charge,3.0,10,2,2,2,41.9979915116601,50.452683421124746,59.94567071459945,8.454691909464549
NMC,lithium-ion,25.0,charge,3.0,20,2,2,2,41.425827745141646,47.16823148884131,56.7883469856676,5.7424037436996
NMC,lithium-ion,25.0,charge,3.0,30,2,2,2,40.81139436824515,45.34599366343045,55.686575380348756,4.5345992951852
NMC,lithium-ion,25.0,charge,3.0,40,2,2,2,39.794302286267246,42.97276093533015,52.317429363574654,3.1784586490629003
NMC,lithium-ion,25.0,charge,3.0,50,2,2,2,39.455227106754506,42.485354404094494,51.6816847472857,3.0301272973400004
NMC,lithium-ion,25.0,charge,3.0,60,2,2,2,39.15861055645375,42.400638378499046,52.3386190879011,3.2420278220452503
NMC,lithium-ion,25.0,charge,3.0,70,2,2,2,38.54410855096875,41.955654167629945,51.5757890121274,3.4115456166611
NMC,lithium-ion,25.0,charge,3.0,80,2,2,2,38.3745907563528,41.447100783779845,49.732282995670396,3.072510027427
NMC,lithium-ion,25.0,charge,3.0,90,2,2,0,38.33219483322455,41.8496875224827,,3.5174926892580998
NMC,lithium-ion,25.0,charge,3.0,100,2,0,0,39.0181845141324,,,
NMC,lithium-ion,25.0,discharge,1.0,0,1,1,1,46.5326346222843,75.2659008098089,126.2483775407832,28.7332661875245
NMC,lithium-ion,25.0,discharge,1.0,10,2,2,2,42.2735000325378,52.508136882517945,64.45914140299865,10.234636849980099
NMC,lithium-ion,25.0,discharge,1.0,20,2,2,2,41.4471007837754,48.12186394681035,59.18290004554965,6.6747631630349
NMC,lithium-ion,25.0,discharge,1.0,30,2,2,2,40.8749782269517,45.9605120654508,58.03865493188915,5.0855338384990505
NMC,lithium-ion,25.0,discharge,1.0,40,2,2,2,39.9214406322283,43.2270376272581,53.525243650220304,3.3055969950297004
NMC,lithium-ion,25.0,discharge,1.0,50,2,2,2,39.5400255943449,42.5277767244633,52.38099853655685,2.9877511301183
NMC,lithium-ion,25.0,discharge,1.0,60,2,2,2,39.476456421366,42.59134589744565,53.1438286123338,3.1148894760796004
NMC,lithium-ion,25.0,discharge,1.0,70,2,2,2,38.71362634558565,42.4006383784954,54.73305793686265,3.6870120329097
NMC,lithium-ion,25.0,discharge,1.0,80,2,2,2,38.58648799962465,41.828515821668844,52.190291017613546,3.24202782204415
NMC,lithium-ion,25.0,discharge,1.0,90,2,2,2,38.58648799962125,42.146361686573,53.3345361312736,3.55987368695165
NMC,lithium-ion,25.0,discharge,1.0,100,2,2,2,38.967903037507895,43.98986770302805,56.7672714722615,5.02196466552015
NMC,lithium-ion,25.0,discharge,2.0,0,1,1,1,45.7062347687691,74.8844847810977,135.27519831424132,29.1782500123286
NMC,lithium-ion,25.0,discharge,2.0,10,2,2,2,41.86029985428915,52.285644085274406,64.45914055011079,10.42534423098525
NMC,lithium-ion,25.0,discharge,2.0,20,2,2,2,41.41531564930779,47.899371207603096,58.83326881570905,6.4840555582952
NMC,lithium-ion,25.0,discharge,2.0,30,2,2,2,40.74783934183775,45.73801935483965,57.65723913111655,4.9901800130019005
NMC,lithium-ion,25.0,discharge,2.0,40,2,2,2,39.79430175973405,42.84562202246165,53.0484741509564,3.0513202627275002
NMC,lithium-ion,25.0,discharge,2.0,50,2,2,2,39.3175329686839,42.3052840592704,51.681736949943755,2.9877510905864
NMC,lithium-ion,25.0,discharge,2.0,60,2,2,2,39.190394624404945,42.209930301062,52.1902903270644,3.0195356766569996
NMC,lithium-ion,25.0,discharge,2.0,70,2,2,2,38.6499987137232,42.209866721115404,53.874791193080945,3.5598680073921503
NMC,lithium-ion,25.0,discharge,2.0,80,2,2,2,38.3639953865803,41.542453993588445,51.55459860566305,3.17845860700815
NMC,lithium-ion,25.0,discharge,2.0,90,2,2,2,38.33221080050955,41.923869026428406,52.53992077383385,3.59165822591885
NMC,lithium-ion,25.0,discharge,2.0,100,2,2,2,38.936117935843654,43.98986712098535,56.163363585823355,5.05374918514165
NMC,lithium-ion,25.0,discharge,3.0,0,1,1,1,48.5870772829979,77.2187478247631,135.5907226161415,28.6316705417651
NMC,lithium-ion,25.0,discharge,3.0,10,2,2,2,42.82438848831015,53.2497229641521,65.53975367347836,10.425334475841899
NMC,lithium-ion,25.0,discharge,3.0,20,2,2,2,41.171561877669504,47.570847352511755,58.2716392800985,6.3992854748421495
NMC,lithium-ion,25.0,discharge,3.0,30,2,2,2,40.472292068144306,45.4518672702459,57.04262316620095,4.9795752021015005
NMC,lithium-ion,25.0,discharge,3.0,40,2,2,2,39.45525759214555,42.5701463304821,52.6352629045832,3.1148887383365
NMC,lithium-ion,25.0,discharge,3.0,50,2,2,2,39.0738215978327,41.97681150919009,51.30028314632275,2.90298991135735
NMC,lithium-ion,25.0,discharge,3.0,60,2,2,2,38.713548486124004,41.955569787917646,51.512116239610954,3.24202130179365
NMC,lithium-ion,25.0,discharge,3.0,70,2,2,2,38.33217248637765,41.8708526840244,52.95306674133135,3.5386801976467
NMC,lithium-ion,25.0,discharge,3.0,80,2,2,2,38.0990860299836,41.3623005775345,50.9824268089227,3.26321454755085
NMC,lithium-ion,25.0,discharge,3.0,90,2,2,2,38.12031372817005,41.72256683200055,51.93601386756365,3.60225310383045
NMC,lithium-ion,25.0,discharge,3.0,100,2,2,2,38.607600077570346,44.010968913893194,55.5593454464255,5.40336883632275
NMC,lithium-ion,35.0,charge,1.0,0,1,1,1,35.3444601775772,55.4323188396574,91.92102413089489,20.087858662080098
NMC,lithium-ion,35.0,charge,1.0,10,2,2,2,32.5474165664053,40.62070153502295,49.4568165794171,8.0732849686176
NMC,lithium-ion,35.0,charge,1.0,20,2,2,2,32.42027822044105,37.6329504049044,46.0876504114121,5.21267218446335
NMC,lithium-ion,35.0,charge,1.0,30,2,2,2,31.721017317646304,35.72587521546725,45.38838950861746,4.00485789782095
NMC,lithium-ion,35.0,charge,1.0,40,2,2,2,30.640341376964848,33.0559699502533,41.44710078377865,2.41562857328835
NMC,lithium-ion,35.0,charge,1.0,50,2,2,2,30.449633858025003,32.7381240853521,40.6207015350263,2.2884902273271
NMC,lithium-ion,35.0,charge,1.0,60,2,2,2,30.19535716609935,32.8016932583311,41.764946648686546,2.6063360922317
NMC,lithium-ion,35.0,charge,1.0,70,2,2,2,29.87751130119135,32.67455491236655,42.14636168657315,2.7970436111751997
NMC,lithium-ion,35.0,charge,1.0,80,2,2,2,29.6868037822446,32.1024323555332,39.4764564213592,2.4156285732885
NMC,lithium-ion,35.0,charge,1.0,90,2,2,2,29.62323460926565,32.610985739384205,41.447100783778396,2.9877511301185002
NMC,lithium-ion,35.0,charge,1.0,100,2,2,2,30.13178799311405,35.344460177577254,47.613310562962596,5.2126721844632
NMC,lithium-ion,35.0,charge,2.0,0,1,1,1,36.997258675092,53.2709669582948,85.4369684868102,16.2737082832028
NMC,lithium-ion,35.0,charge,2.0,10,2,2,2,33.2466774691967,40.27107108362725,48.56684815768085,7.0243936144305
NMC,lithium-ion,35.0,charge,2.0,20,2,2,2,32.515631979912655,37.283319953508695,45.51552785458004,4.76768797359605
NMC,lithium-ion,35.0,charge,2.0,30,2,2,2,31.593878971685196,35.59873686950285,44.94340529774835,4.00485789781755
NMC,lithium-ion,35.0,charge,2.0,40,2,2,2,30.608556790475546,33.0559699502533,41.1610395053653,2.4474131597777498
NMC,lithium-ion,35.0,charge,2.0,50,2,2,2,30.290710925571048,32.64277032587545,40.27107108362725,2.3520594003043502
NMC,lithium-ion,35.0,charge,2.0,60,2,2,2,30.0682188201349,32.642770325877144,41.351747024308644,2.5745515057421997
NMC,lithium-ion,35.0,charge,2.0,70,2,2,2,29.813942128209348,32.61098573938265,41.256393264835296,2.79704361117325
NMC,lithium-ion,35.0,charge,2.0,80,2,2,2,29.49609626330145,32.03886318255265,39.03147221049215,2.5427669192511
NMC,lithium-ion,35.0,charge,2.0,90,2,2,2,29.591450022776396,32.5474165664038,41.31996243781755,2.9559665436274
NMC,lithium-ion,35.0,charge,2.0,100,2,1,1,30.13032588063185,33.9459383719913,45.960512065447304,4.0684270707997
NMC,lithium-ion,35.0,charge,3.0,0,1,1,1,35.683495766811404,52.4233779852094,82.0889920431314,16.739882218397998
NMC,lithium-ion,35.0,charge,3.0,10,2,2,2,32.6533323737071,39.79426192890035,47.8463484369094,7.140929555193201
NMC,lithium-ion,35.0,charge,3.0,20,2,2,2,32.50500409033735,37.1667390528474,45.00692916990595,4.66173496251
NMC,lithium-ion,35.0,charge,3.0,30,2,2,2,31.5302463860727,35.47152718433135,44.307624457847155,3.9412807982586
NMC,lithium-ion,35.0,charge,3.0,40,2,2,2,30.61914842278755,33.11953562422905,41.086871141321595,2.50038720144145
NMC,lithium-ion,35.0,charge,3.0,50,2,2,2,30.237736614752002,32.6109857393855,40.42999401607965,2.3732491246335
NMC,lithium-ion,35.0,charge,3.0,60,2,2,2,30.068185297025153,32.653329039558,41.510625116572996,2.5851437425327997
NMC,lithium-ion,35.0,charge,3.0,70,2,2,2,29.7715626795556,32.526226842076994,40.7054604323326,2.7546641625213
NMC,lithium-ion,35.0,charge,3.0,80,2,2,2,29.53844609382745,31.954072110153803,38.7983463344731,2.4156260163263497
NMC,lithium-ion,35.0,charge,3.0,90,2,2,2,29.62320494851905,32.50500472957769,41.4258706594696,2.8817997810585996
NMC,lithium-ion,35.0,charge,3.0,100,2,0,0,30.267019976560597,,,
NMC,lithium-ion,35.0,discharge,1.0,0,1,1,1,35.090183485655,57.5936707210205,103.7448903054114,22.5034872353655
NMC,lithium-ion,35.0,discharge,1.0,10,2,2,2,33.1195391232321,40.93854739993065,50.4739233471163,7.819008276698451
NMC,lithium-ion,35.0,discharge,1.0,20,2,2,2,32.2295707015008,37.56938123192545,46.405496276319795,5.3398105304246
NMC,lithium-ion,35.0,discharge,1.0,30,2,2,2,31.403171452738604,35.66230604248505,45.70623537352195,4.25913458974645
NMC,lithium-ion,35.0,discharge,1.0,40,2,2,2,30.640341376964848,33.0559699502533,41.637808302722,2.4156285732883997
NMC,lithium-ion,35.0,discharge,1.0,50,2,2,2,30.322495512060552,32.5474165664054,40.42999401607965,2.22492105434475
NMC,lithium-ion,35.0,discharge,1.0,60,2,2,2,29.9409895745778,32.61088640185115,41.319834334589395,2.66989682727335
NMC,lithium-ion,35.0,discharge,1.0,70,2,2,2,29.686803782248298,32.67455491236325,42.65491507042135,2.9877511301149
NMC,lithium-ion,35.0,discharge,1.0,80,2,2,2,29.4960962633013,32.0388631825509,39.921440632228204,2.5427669192495
NMC,lithium-ion,35.0,discharge,1.0,90,2,2,2,29.43252709032235,32.48384739342275,41.447100783778346,3.05132030310035
NMC,lithium-ion,35.0,discharge,1.0,100,2,2,2,30.06821882013805,35.09018348565469,46.59620379526295,5.021964665516601
NMC,lithium-ion,35.0,discharge,2.0,0,1,1,1,34.7723371606615,57.7843774753972,106.9869167118718,23.0120403147357
NMC,lithium-ion,35.0,discharge,2.0,10,2,2,2,33.05596951287925,41.0339006164678,50.8871222981913,7.977931103588499
NMC,lithium-ion,35.0,discharge,2.0,20,2,2,2,32.48384696361735,37.601165320898346,46.310141904099794,5.117318357280951
NMC,lithium-ion,35.0,discharge,2.0,30,2,2,2,31.562093967584346,35.725874742765,45.738019354837995,4.1637807751806
NMC,lithium-ion,35.0,discharge,2.0,40,2,2,2,30.44963345513295,32.92883116860035,41.44710023537846,2.47919771346735
NMC,lithium-ion,35.0,discharge,2.0,50,2,2,2,30.2271307875016,32.5474047904915,40.08034910353525,2.3202740029898
NMC,lithium-ion,35.0,discharge,2.0,60,2,2,2,30.06821842229115,32.4838469636157,40.74783934183595,2.41562854132455
NMC,lithium-ion,35.0,discharge,2.0,70,2,2,2,29.68678477156565,32.61096469238375,42.432395076011,2.9241799208180503
NMC,lithium-ion,35.0,discharge,2.0,80,2,2,2,29.52788045909985,32.03886275863445,39.98500927615405,2.51098229953455
NMC,lithium-ion,35.0,discharge,2.0,90,2,2,2,29.49609587302925,32.5156315496863,41.256392718958345,3.01953567665695
NMC,lithium-ion,35.0,discharge,2.0,100,2,2,2,30.163572180501248,35.34445970992326,46.3737110762393,5.180887529422
NMC,lithium-ion,35.0,discharge,3.0,0,1,1,1,36.515359793611296,59.0997294576282,106.9785931453461,22.5843696640169
NMC,lithium-ion,35.0,discharge,3.0,10,2,2,2,34.07304171039175,41.1715930602721,51.872395053092795,7.0985513498802995
NMC,lithium-ion,35.0,discharge,3.0,20,2,2,2,32.82284807452845,37.6541000456886,46.27830870006845,4.83125197116005
NMC,lithium-ion,35.0,discharge,3.0,30,2,2,2,31.4031399479174,35.725839641747946,45.6214304200777,4.322699693830451
NMC,lithium-ion,35.0,discharge,3.0,40,2,2,2,30.49198253118515,32.90760879199276,41.425870046958494,2.4156262608075
NMC,lithium-ion,35.0,discharge,3.0,50,2,2,2,30.174106756563354,32.4625923813587,39.921360343655856,2.28848562479525
NMC,lithium-ion,35.0,discharge,3.0,60,2,2,2,29.962240064116948,32.526194309047696,40.472333309232496,2.56395424493065
NMC,lithium-ion,35.0,discharge,3.0,70,2,2,2,29.771532589283797,32.58976326932255,42.019181941020655,2.81823068003875
NMC,lithium-ion,35.0,discharge,3.0,80,2,2,2,29.474876705895902,32.0812104415367,39.9214016696033,2.6063337356407503
NMC,lithium-ion,35.0,discharge,3.0,90,2,2,2,29.5172562390339,32.5261940544719,41.129213314987354,3.00893781543795
NMC,lithium-ion,35.0,discharge,3.0,100,2,2,2,30.258895947504797,35.66227169977044,46.17236490245801,5.403375752265551
NMC,lithium-ion,45.0,charge,1.0,0,1,1,1,30.8946180688941,40.811409053969804,73.2316872744107,9.9167909850757
NMC,lithium-ion,45.0,charge,1.0,10,2,2,2,28.606127841566902,31.721017317643,38.9679030375082,3.11488947607605
NMC,lithium-ion,45.0,charge,1.0,20,2,2,2,27.906866938772,30.44963385802155,37.56938123192545,2.5427669192495497
NMC,lithium-ion,45.0,charge,1.0,30,2,2,2,27.334662281951452,29.87742156399635,37.63283737422455,2.54275928204485
NMC,lithium-ion,45.0,charge,1.0,40,2,2,2,26.88976017107295,28.923973706471198,35.66230604248505,2.0342135353982
NMC,lithium-ion,45.0,charge,1.0,50,2,2,2,26.6354834791507,28.60612784157015,35.2173218316195,1.97064436241945
NMC,lithium-ion,45.0,charge,1.0,60,2,2,2,26.6354834791473,28.79683536051005,35.98015190739295,2.1613518813627497
NMC,lithium-ion,45.0,charge,1.0,70,2,2,2,26.57191430616495,28.92397370647135,36.615843637205295,2.35205940030635
NMC,lithium-ion,45.0,charge,1.0,80,2,2,2,26.2540684412638,28.3518511496444,34.390922582863304,2.09778270838055
NMC,lithium-ion,45.0,charge,1.0,90,2,2,2,26.254068441257253,28.478989495598697,35.280891004598,2.22492105434135
NMC,lithium-ion,45.0,charge,1.0,100,2,2,2,26.635483479147453,29.813942128212553,38.205072961737905,3.17845864906505
NMC,lithium-ion,45.0,charge,2.0,0,1,1,1,31.0217564148518,40.366424843097406,70.05322862534551,9.344668428245601
NMC,lithium-ion,45.0,charge,2.0,10,2,2,2,28.63791242805625,31.657448144665853,38.586487999622996,3.0195357166096
NMC,lithium-ion,45.0,charge,2.0,20,2,2,2,27.970436111754303,30.4178492715339,37.251535367016004,2.4474131597795
NMC,lithium-ion,45.0,charge,2.0,30,2,2,2,27.398313554922503,29.8775113011898,37.50581205894165,2.4791977462671997
NMC,lithium-ion,45.0,charge,2.0,40,2,2,2,26.794406411599603,28.828619947001247,35.37624476407,2.0342135354015998
NMC,lithium-ion,45.0,charge,2.0,50,2,2,2,26.6672680656368,28.5743432550756,34.80412220723821,1.90707518943875
NMC,lithium-ion,45.0,charge,2.0,60,2,2,2,26.571914306165198,28.6696970145472,35.66230604248675,2.0977827083819496
NMC,lithium-ion,45.0,charge,2.0,70,2,2,2,26.47656054669355,28.765050774019052,35.916582734409005,2.2884902273255
NMC,lithium-ion,45.0,charge,2.0,80,2,2,2,26.2858530277501,28.28828197666055,33.9459383719914,2.00242894891035
NMC,lithium-ion,45.0,charge,2.0,90,2,2,2,26.254068441258852,28.51077408209495,35.121968072145954,2.256705640836
NMC,lithium-ion,45.0,charge,2.0,100,2,2,1,26.7626622072101,29.87755645658945,37.950796269808805,3.1148942493793004
NMC,lithium-ion,45.0,charge,3.0,0,1,1,1,31.0217252198992,40.0909181120551,67.84942906702041,9.0691928921559
NMC,lithium-ion,45.0,charge,3.0,10,2,2,2,28.5001504967362,31.615036989697003,38.332173379443944,3.1148864929607503
NMC,lithium-ion,45.0,charge,3.0,20,2,2,2,27.86445653966985,30.322461867830697,36.93364847185145,2.45800532816075
NMC,lithium-ion,45.0,charge,3.0,30,2,2,2,27.355934106266098,29.8351318525356,37.166776469706996,2.47919774626945
NMC,lithium-ion,45.0,charge,3.0,40,2,2,2,26.82616402215285,28.83918578765715,35.38680404186005,2.0130217655042495
NMC,lithium-ion,45.0,charge,3.0,50,2,2,2,26.656646440614697,28.648478652256802,35.0053901972206,1.9918322116420002
NMC,lithium-ion,45.0,charge,3.0,60,2,2,2,26.55072458183785,28.71207646320055,35.874203285755996,2.1613518813625996
NMC,lithium-ion,45.0,charge,3.0,70,2,2,2,26.4023965115492,28.669697014546802,35.408029350560696,2.2673005029975504
NMC,lithium-ion,45.0,charge,3.0,80,2,2,2,26.25403264771925,28.267053784075653,33.8399436459788,2.01302113635635
NMC,lithium-ion,45.0,charge,3.0,90,2,2,2,26.2752553753533,28.54255563162725,35.17493859685915,2.2673002562739
NMC,lithium-ion,45.0,charge,3.0,100,2,0,0,26.8559415388194,,,
NMC,lithium-ion,45.0,discharge,1.0,0,1,1,1,30.6401565094322,40.6840252407348,76.663960063017,10.043868731302599
NMC,lithium-ion,45.0,discharge,1.0,10,2,2,2,28.478989495602097,31.657448144664098,39.095041383472406,3.1784586490619002
NMC,lithium-ion,45.0,discharge,1.0,20,2,2,2,27.906866938775554,30.449633858025003,37.632950404904555,2.5427669192494
NMC,lithium-ion,45.0,discharge,1.0,30,2,2,2,27.271175208959697,29.87751130119145,37.56938123192205,2.6063360922317
NMC,lithium-ion,45.0,discharge,1.0,40,2,2,2,26.7626218251086,28.7968353605101,35.4715985235416,2.0342135354015
NMC,lithium-ion,45.0,discharge,1.0,50,2,2,2,26.571914306168498,28.4154203226233,34.7723376207504,1.8435060164547499
NMC,lithium-ion,45.0,discharge,1.0,60,2,2,2,26.50834513318305,28.669697014545697,35.72587521546415,2.1613518813625996
NMC,lithium-ion,45.0,discharge,1.0,70,2,2,2,26.317637614242848,28.7332661875279,36.742981983166445,2.4156285732850002
NMC,lithium-ion,45.0,discharge,1.0,80,2,2,2,26.254068441257253,28.2882819766591,34.7087684477682,2.03421353540175
NMC,lithium-ion,45.0,discharge,1.0,90,2,2,2,26.254068441257253,28.542558668584448,35.5351676965238,2.2884902273271
NMC,lithium-ion,45.0,discharge,1.0,100,2,2,2,26.699052652129353,29.750372955230052,37.950796269812095,3.0513203031007
NMC,lithium-ion,45.0,discharge,2.0,0,1,1,1,30.5766799617096,40.429872049165304,76.5370533760927,9.8531920874557
NMC,lithium-ion,45.0,discharge,2.0,10,2,2,2,28.510773704856753,31.657447725796104,39.158610038332704,3.1466740209393
NMC,lithium-ion,45.0,discharge,2.0,20,2,2,2,27.9386511555966,30.417848869060652,37.47402697661775,2.479197713464
NMC,lithium-ion,45.0,discharge,2.0,30,2,2,2,27.2711748481247,29.877510905869453,37.56938073482775,2.6063360577447
NMC,lithium-ion,45.0,discharge,2.0,40,2,2,2,26.826190643141853,28.7650503934163,35.4080288820644,1.93885975027445
NMC,lithium-ion,45.0,discharge,2.0,50,2,2,2,26.54012936851345,28.5107737048585,34.645198816382496,1.97064433634505
NMC,lithium-ion,45.0,discharge,2.0,60,2,2,2,26.4765601963723,28.574342876999552,35.280890537785496,2.0977826806272
NMC,lithium-ion,45.0,discharge,2.0,70,2,2,2,26.38120643816385,28.701481221278453,36.7111969109375,2.32027478311455
NMC,lithium-ion,45.0,discharge,2.0,80,2,2,2,26.2540680938816,28.320066188438403,34.70876798852195,2.06599809455675
NMC,lithium-ion,45.0,discharge,2.0,90,2,2,2,26.28585267995215,28.574342876997854,35.34445970992326,2.2884901970456997
NMC,lithium-ion,45.0,discharge,2.0,100,2,2,2,26.730836884933503,29.8457263198004,37.887226595528496,3.1148894348668
NMC,lithium-ion,45.0,discharge,3.0,0,1,1,1,31.5311144510858,41.1096070677659,75.344697903466,9.5784926166801
NMC,lithium-ion,45.0,discharge,3.0,10,2,2,2,29.5384163052325,31.8480916117381,39.6458944814121,2.3096753065055498
NMC,lithium-ion,45.0,discharge,3.0,20,2,2,2,27.864480858643752,30.4072471820158,37.35747511572155,2.54276632337195
NMC,lithium-ion,45.0,discharge,3.0,30,2,2,2,27.29233749548635,29.835101846562353,37.48458441177985,2.5427643510759497
NMC,lithium-ion,45.0,discharge,3.0,40,2,2,2,26.762568001080698,28.733208400210547,35.45033750262006,1.9706403991298
NMC,lithium-ion,45.0,discharge,3.0,50,2,2,2,26.6142421131772,28.5425032864526,34.62394235621085,1.9282611732754
NMC,lithium-ion,45.0,discharge,3.0,60,2,2,2,26.48714201676115,28.64849286524525,35.02659678999605,2.161350848484
NMC,lithium-ion,45.0,discharge,3.0,70,2,2,2,26.38119142580885,28.733249476420053,36.44630473080875,2.3520580506112
NMC,lithium-ion,45.0,discharge,3.0,80,2,2,2,26.2540624153829,28.35184468470675,34.7511401881424,2.0977822693237504
NMC,lithium-ion,45.0,discharge,3.0,90,2,2,2,26.29642126705245,28.60609890715975,35.38680409793335,2.30967764010725
NMC,lithium-ion,45.0,discharge,3.0,100,2,2,2,26.762621589038798,29.962269934205448,37.82365759020979,3.1996483451665503
SIB,sodium-ion,5.0,charge,1.0,0,1,1,1,203.3898945541383,365.1859832801273,382.9937288946252,161.7960887259889
SIB,sodium-ion,5.0,charge,1.0,10,2,2,2,197.7931745038668,334.9764148269685,325.50015019639625,137.18324032310164
SIB,sodium-ion,5.0,charge,1.0,20,2,2,2,194.99481447872805,299.996914512778,278.69121886686145,105.00210003404995
SIB,sodium-ion,5.0,charge,1.0,30,2,2,2,188.8257026051398,262.34625235641806,206.95144367703855,73.52054975127814
SIB,sodium-ion,5.0,charge,1.0,40,2,2,2,187.2357253181293,243.5209212782364,187.61731986701153,56.28519596010705
SIB,sodium-ion,5.0,charge,1.0,50,2,2,2,182.33859527414435,232.77267481805418,176.9326724983143,50.434079543909796
SIB,sodium-ion,5.0,charge,1.0,60,2,2,2,182.0205998167401,225.3951802063378,169.49157879511628,43.374580389597696
SIB,sodium-ion,5.0,charge,1.0,70,2,2,2,180.87581617009678,220.43445107086814,163.89485874484166,39.55863490077125
SIB,sodium-ion,5.0,charge,1.0,80,2,2,2,179.85823070640956,216.23691103316625,159.37932324973906,36.3786803267567
SIB,sodium-ion,5.0,charge,1.0,90,2,2,2,178.6498479682845,216.80930285648975,157.53494959680904,38.159454888205254
SIB,sodium-ion,5.0,charge,1.0,100,2,1,1,144.19015429028283,211.9121728125048,145.6419194899832,36.1242839608342
SIB,sodium-ion,5.0,charge,2.0,0,1,1,1,179.5402352490087,270.995728797741,259.4842932398009,91.45549354873219
SIB,sodium-ion,5.0,charge,2.0,10,2,2,2,173.5301211041178,237.7652034992647,218.43107968924113,64.2350823951468
SIB,sodium-ion,5.0,charge,2.0,20,2,2,2,169.84137379825788,208.255225052384,178.36365205662275,38.41385125412615
SIB,sodium-ion,5.0,charge,2.0,30,2,2,2,166.05722785517574,170.25476789287754,139.5046071621328,4.1975400377018
SIB,sodium-ion,5.0,charge,2.0,40,2,2,2,163.0362710098598,157.02615686496716,128.247567970112,-6.0101141448926505
SIB,sodium-ion,5.0,charge,2.0,50,2,2,2,161.38269463137271,149.2034686128853,120.99727154135358,-12.17922601848735
SIB,sodium-ion,5.0,charge,2.0,60,2,2,2,159.57012052418185,143.95654356575884,116.1955401345876,-15.61357695842295
SIB,sodium-ion,5.0,charge,2.0,70,2,2,2,158.2663391488346,139.40920852491215,111.90260145966354,-18.857130623922398
SIB,sodium-ion,5.0,charge,2.0,80,2,2,2,158.36173778605345,139.82260261953348,110.02642826099284,-18.539135166519902
SIB,sodium-ion,5.0,charge,2.0,90,2,1,1,156.40655605614845,138.0100285123444,100.8045599963448,-18.380137437821
SIB,sodium-ion,5.0,charge,2.0,100,2,1,1,126.1278472841599,135.91125849349189,96.8614163245624,-19.779317450387303
SIB,sodium-ion,5.0,charge,3.0,0,1,1,1,162.3048785950414,223.6144017006933,194.1468231678952,61.3095231056518
SIB,sodium-ion,5.0,charge,3.0,10,2,2,2,155.47841671252024,194.21019833658553,166.1842218592619,38.7317816240652
SIB,sodium-ion,5.0,charge,3.0,20,2,2,2,151.42913366045602,165.65410197715312,138.83653875715092,14.22496831669715
SIB,sodium-ion,5.0,charge,3.0,30,2,2,2,147.14685168576153,138.539787522799,112.61260039207849,-8.60706416296245
SIB,sodium-ion,5.0,charge,3.0,40,2,2,2,145.21763482767963,127.74911933891936,104.0055060532257,-17.46851548876025
SIB,sodium-ion,5.0,charge,3.0,50,2,2,2,142.46167971416185,120.3292401871405,97.8152068751703,-22.132439527021297
SIB,sodium-ion,5.0,charge,3.0,60,2,2,2,141.86816126778356,116.19536529520636,93.82972170978864,-25.6727959725772
SIB,sodium-ion,5.0,charge,3.0,70,2,2,2,141.14758120242848,112.82478629608416,90.67110315451924,-28.322794906344253
SIB,sodium-ion,5.0,charge,3.0,80,2,1,1,140.37669787460945,112.48536794097221,80.51628862416351,-27.6443497540591
SIB,sodium-ion,5.0,charge,3.0,90,2,1,1,138.50324028391492,110.5352190431746,76.95489933385551,-29.128383384221802
SIB,sodium-ion,5.0,charge,3.0,100,2,1,1,112.26976510392258,108.1182390687833,73.817197732844,-31.2482910563503
SIB,sodium-ion,5.0,discharge,1.0,0,1,1,1,205.55225822606,393.8055640271551,434.89057603645034,188.25330580109508
SIB,sodium-ion,5.0,discharge,1.0,10,2,2,2,198.6199574381123,357.10888921390165,388.5268395739468,158.48893177578933
SIB,sodium-ion,5.0,discharge,1.0,20,2,2,2,194.29521933187604,325.0549479558784,344.51626943396604,130.75972862400232
SIB,sodium-ion,5.0,discharge,1.0,30,2,2,2,192.0056520991552,302.41367198790647,315.00629176784525,110.40801988875126
SIB,sodium-ion,5.0,discharge,1.0,40,2,2,2,185.45494584999727,292.61941215906563,303.87645105325277,107.16446630906826
SIB,sodium-ion,5.0,discharge,1.0,50,2,2,2,183.864968605057,285.55991319152696,296.3717584571291,101.69494458646996
SIB,sodium-ion,5.0,discharge,1.0,60,2,2,2,183.0381804376858,281.8075668934637,292.4922139794714,98.76938645577779
SIB,sodium-ion,5.0,discharge,1.0,70,2,2,2,180.7486132049714,279.13640512195974,289.8846512977664,98.38779191698829
SIB,sodium-ion,5.0,discharge,1.0,80,2,2,2,176.74187054771616,273.4760861299687,289.1214622201941,96.73421558225245
SIB,sodium-ion,5.0,discharge,1.0,90,2,2,2,178.90423960083606,276.6560406198527,289.75745311817224,97.7518010190166
SIB,sodium-ion,5.0,discharge,1.0,100,2,2,2,145.7691138162528,225.7767687817165,238.75098310044177,80.0076549654637
SIB,sodium-ion,5.0,discharge,2.0,0,1,1,1,178.96784105816,297.7073432811842,328.2985058785449,118.73950222302409
SIB,sodium-ion,5.0,discharge,2.0,10,2,2,2,177.97163136926793,275.8529641662537,297.7323406225064,97.8813327969858
SIB,sodium-ion,5.0,discharge,2.0,20,2,2,2,170.82715745636855,250.03982484724864,263.809027970592,79.21266739088006
SIB,sodium-ion,5.0,discharge,2.0,30,2,2,2,166.9793602761296,232.89979729956917,241.00867844964174,65.92043702343956
SIB,sodium-ion,5.0,discharge,2.0,40,2,2,2,164.94424157225927,224.88638449952276,232.32747810428583,59.9421429272634
SIB,sodium-ion,5.0,discharge,2.0,50,2,2,2,162.84547158117266,219.22606543265084,226.60355994677707,56.3805938514781
SIB,sodium-ion,5.0,discharge,2.0,60,2,2,2,160.26970841029475,213.97914045493312,221.48383315033632,53.709432044638255
SIB,sodium-ion,5.0,discharge,2.0,70,2,2,2,165.54843293333084,211.1171813761778,219.19426588733077,45.56874844284695
SIB,sodium-ion,5.0,discharge,2.0,80,2,2,2,159.88811386645708,213.4067486391817,220.9750404252234,53.5186347727246
SIB,sodium-ion,5.0,discharge,2.0,90,2,2,2,157.50314796749794,213.025154095349,222.91481268971464,55.522006127851
SIB,sodium-ion,5.0,discharge,2.0,100,2,2,2,126.8483862794971,178.52264742368885,187.2039232959116,51.67426114419165
SIB,sodium-ion,5.0,discharge,3.0,0,1,1,1,209.2323204626354,300.0996424317732,322.4727519675011,90.8673219691378
SIB,sodium-ion,5.0,discharge,3.0,10,2,2,1,194.9546630662779,270.9118810513879,234.89227108125903,75.9572179851099
SIB,sodium-ion,5.0,discharge,3.0,20,2,2,2,177.74166334681004,232.91920625603348,242.14338748444254,55.1775429092234
SIB,sodium-ion,5.0,discharge,3.0,30,2,2,2,166.5336435671505,208.27346065916964,212.97410687694062,41.73981709201915
SIB,sodium-ion,5.0,discharge,3.0,40,2,2,2,161.020289177403,197.8412318474117,202.26728929089225,36.8209426700087
SIB,sodium-ion,5.0,discharge,3.0,50,2,2,2,151.86956592160817,188.9480079533323,193.23557513837065,37.0784420317241
SIB,sodium-ion,5.0,discharge,3.0,60,2,2,2,149.13941714387363,183.97041550869676,188.42233997377144,34.830998364823046
SIB,sodium-ion,5.0,discharge,3.0,70,2,2,2,143.20380943770334,181.42682196829995,186.93873780873164,38.2230125305965
SIB,sodium-ion,5.0,discharge,3.0,80,2,2,2,142.6948746576253,181.34184487020195,186.91735401222437,38.6469702125766
SIB,sodium-ion,5.0,discharge,3.0,90,2,2,2,139.96011922294542,181.36304452473476,188.994920156401,41.402925301789196
SIB,sodium-ion,5.0,discharge,3.0,100,2,2,2,111.91305951651945,151.6836528702712,158.8491442994584,39.77059335375175
SIB,sodium-ion,15.0,charge,1.0,0,1,1,1,152.765017735784,259.8658877886832,278.3096243179825,107.1008700528992
SIB,sodium-ion,15.0,charge,1.0,10,2,2,2,143.35235219669315,223.8688020108052,239.0689848746086,80.51644981411211
SIB,sodium-ion,15.0,charge,1.0,20,2,2,2,134.8300739383265,187.49012168405193,195.24921084465404,52.6600477457254
SIB,sodium-ion,15.0,charge,1.0,30,2,2,2,130.31453844322377,171.3359524480429,169.93677243547668,41.02141400481909
SIB,sodium-ion,15.0,charge,1.0,40,2,2,2,129.36055207101484,164.65804784260615,157.344152322368,35.2974957715913
SIB,sodium-ion,15.0,charge,1.0,50,2,2,2,127.3253811436471,160.20611143898506,149.8394595276918,32.880730295337955
SIB,sodium-ion,15.0,charge,1.0,60,2,2,2,125.79900294812113,156.64456231608824,143.73394674557517,30.84555936796705
SIB,sodium-ion,15.0,charge,1.0,70,2,2,2,124.71781839295255,154.54579229723575,138.32802396974853,29.827973904283198
SIB,sodium-ion,15.0,charge,1.0,80,2,2,2,122.80984564854114,152.06542772950417,131.2685248154296,29.2555820809629
SIB,sodium-ion,15.0,charge,1.0,90,2,2,2,119.18469743415935,147.4226940514352,121.28346745301529,28.2379966172758
SIB,sodium-ion,15.0,charge,1.0,100,2,1,1,96.86669123557951,145.76911767294652,118.8031028852804,24.1676547625339
SIB,sodium-ion,15.0,charge,2.0,0,1,1,1,140.36319489711948,205.4886645729907,215.9825146672469,65.1254696758711
SIB,sodium-ion,15.0,charge,2.0,10,2,2,2,129.96474344008234,182.08419890822336,185.9319439427837,52.119455468141
SIB,sodium-ion,15.0,charge,2.0,20,2,2,2,122.65084791984235,152.31982409542343,147.2636963227365,29.668976175581
SIB,sodium-ion,15.0,charge,2.0,30,2,2,2,118.48510742787795,133.30369574279726,113.7469751125918,14.818588314919252
SIB,sodium-ion,15.0,charge,2.0,40,2,2,2,117.14952650679164,123.8592306579674,104.71590412238504,6.7097041511757
SIB,sodium-ion,15.0,charge,2.0,50,2,2,2,115.46415058256216,117.91271560455615,99.4371795295161,2.448565021994
SIB,sodium-ion,15.0,charge,2.0,60,2,2,2,114.35116648165594,113.71517556685271,95.46223631199449,-0.63599091480325
SIB,sodium-ion,15.0,charge,2.0,70,2,2,2,112.85658783186925,110.05822780673361,92.05968491779474,-2.7983600251356
SIB,sodium-ion,15.0,charge,2.0,80,2,2,2,111.64820509374255,105.86068776903015,88.6889330693373,-5.78751732471235
SIB,sodium-ion,15.0,charge,2.0,90,2,1,1,108.4615037436316,102.2673391003925,84.3323953029351,-8.7130755328077
SIB,sodium-ion,15.0,charge,2.0,100,2,1,1,89.06421600118264,103.539320929999,84.7775889432956,-6.6779046054333
SIB,sodium-ion,15.0,charge,3.0,0,1,1,1,128.8939006937648,178.7978879031618,184.8609891528998,49.9039872093969
SIB,sodium-ion,15.0,charge,3.0,10,2,2,2,119.73572950837864,159.20950495416776,153.6763821189249,39.473775445789
SIB,sodium-ion,15.0,charge,3.0,20,2,2,2,112.6973644881675,132.17984717526764,121.11362741175695,19.482482687100102
SIB,sodium-ion,15.0,charge,3.0,30,2,2,2,108.79662801980419,112.12497381074421,94.61405901254545,3.32834579094
SIB,sodium-ion,15.0,charge,3.0,40,2,2,2,107.16436040445815,103.2424178872178,87.57585975648996,-3.9219425172403004
SIB,sodium-ion,15.0,charge,3.0,50,2,2,2,105.82871133059434,97.5396430400905,83.33587012937019,-8.28906829050385
SIB,sodium-ion,15.0,charge,3.0,60,2,2,2,104.4296028423181,93.29977216767216,80.13477375656565,-11.129830674645898
SIB,sodium-ion,15.0,charge,3.0,70,2,2,2,103.20002114385416,89.61102934389264,77.31521850101774,-13.58899179996145
SIB,sodium-ion,15.0,charge,3.0,80,2,2,2,102.246035545679,85.92228462710415,75.08925311487904,-16.32375091857475
SIB,sodium-ion,15.0,charge,3.0,90,2,1,1,99.0753839088193,84.6714209491616,71.99402742697859,-17.0445223943719
SIB,sodium-ion,15.0,charge,3.0,100,2,0,0,81.2427592135242,,,
SIB,sodium-ion,15.0,discharge,1.0,0,1,1,1,155.5633736450904,290.39344401614693,334.78560869492054,134.83007037105648
SIB,sodium-ion,15.0,discharge,1.0,10,2,2,2,143.1615511345481,242.24893303931344,275.0660633749091,99.08738190476525
SIB,sodium-ion,15.0,discharge,1.0,20,2,2,2,135.21166490983936,192.51444481753921,206.69704184241843,57.302779907699744
SIB,sodium-ion,15.0,discharge,1.0,30,2,2,2,131.45931861177928,176.67827145792074,186.66332855615497,45.2189528461414
SIB,sodium-ion,15.0,discharge,1.0,40,2,2,2,129.61494500764377,169.7459706699731,179.2858341396223,40.1310256623293
SIB,sodium-ion,15.0,discharge,1.0,50,2,2,2,128.15216594230088,164.97603893514855,174.8338978537884,36.823872992847605
SIB,sodium-ion,15.0,discharge,1.0,60,2,2,2,126.18059415856764,161.85968353506001,171.7811415434952,35.67908937649235
SIB,sodium-ion,15.0,discharge,1.0,70,2,2,2,125.09940963201099,159.25212085335843,168.9191825026019,34.15271122134745
SIB,sodium-ion,15.0,discharge,1.0,80,2,2,2,123.57303147686935,157.34414815943072,167.0748088984727,33.77111668256125
SIB,sodium-ion,15.0,discharge,1.0,90,2,2,2,119.9478833584002,154.03699548994885,165.6756289229223,34.089112131548596
SIB,sodium-ion,15.0,discharge,1.0,100,2,2,2,97.49740465982465,128.6609586606846,140.9355829916328,31.16355400085985
SIB,sodium-ion,15.0,discharge,2.0,0,1,1,1,139.7908012245317,235.3802344549565,275.7020579200875,95.58943323042469
SIB,sodium-ion,15.0,discharge,2.0,10,2,2,2,131.09124988605595,203.75269912231943,231.7962264858315,72.6614492362634
SIB,sodium-ion,15.0,discharge,2.0,20,2,2,2,122.87344311455746,162.43207749201997,174.16610971491664,39.558634377462404
SIB,sodium-ion,15.0,discharge,2.0,30,2,2,2,119.82068676388505,149.9348561814546,157.916542056649,30.11416941756945
SIB,sodium-ion,15.0,discharge,2.0,40,2,2,2,118.3897072245082,143.89294257074837,151.84282890062426,25.50323534624005
SIB,sodium-ion,15.0,discharge,2.0,50,2,2,2,117.02232677576829,139.72720213389334,148.0586830076035,22.704875358124948
SIB,sodium-ion,15.0,discharge,2.0,60,2,2,2,115.5595476910714,136.83344350981963,145.3239221101268,21.27389581874815
SIB,sodium-ion,15.0,discharge,2.0,70,2,2,2,114.54196224084895,134.8618717000115,143.16155302840156,20.3199094591625
SIB,sodium-ion,15.0,discharge,2.0,80,2,2,2,112.6657890669977,133.39909261531295,141.7941725796616,20.733303548315153
SIB,sodium-ion,15.0,discharge,2.0,90,2,2,2,109.16783908185096,131.58651853210023,142.0485689422173,22.4186794502492
SIB,sodium-ion,15.0,discharge,2.0,100,2,2,2,88.9115287133303,113.01558406551365,123.41403538499054,24.10405535218335
SIB,sodium-ion,15.0,discharge,3.0,0,1,1,1,162.170682109261,238.48991475908701,267.7015469175646,76.3192326498259
SIB,sodium-ion,15.0,discharge,3.0,10,2,2,1,143.85273726864594,204.7070928092724,158.8422070956586,60.85435554062635
SIB,sodium-ion,15.0,discharge,3.0,20,2,2,2,121.9583420821707,149.35650092016695,157.7583471884677,27.398158837996252
SIB,sodium-ion,15.0,discharge,3.0,30,2,2,2,111.73204320698075,134.84000400127118,140.7711147632352,23.107960794290403
SIB,sodium-ion,15.0,discharge,3.0,40,2,2,2,108.9450246420351,128.68190301170506,135.23259626221795,19.736878369669903
SIB,sodium-ion,15.0,discharge,3.0,50,2,2,2,107.52464778836375,124.8023662322747,131.96784946422736,17.27771844391085
SIB,sodium-ion,15.0,discharge,3.0,60,2,2,2,106.12547058922425,122.1948087247883,129.57228850206553,16.06933813556405
SIB,sodium-ion,15.0,discharge,3.0,70,2,2,2,104.89592562364625,120.39287851475595,127.70676180083973,15.496952891109649
SIB,sodium-ion,15.0,discharge,3.0,80,2,2,2,103.94190617238799,119.52365225370576,126.71033514019237,15.5817460813177
SIB,sodium-ion,15.0,discharge,3.0,90,2,2,2,99.1295845935304,116.57690027370145,126.8799323764502,17.44731568017095
SIB,sodium-ion,15.0,discharge,3.0,100,2,2,2,82.50905544012497,103.30591653641545,111.91297627657225,20.79686109629045
SIB,sodium-ion,25.0,charge,1.0,0,1,1,1,107.6096627847445,175.2790961198253,195.3764090276168,67.6694333350808
SIB,sodium-ion,25.0,charge,1.0,10,2,2,2,97.8790017882496,140.80838853748008,157.59854868829066,42.929386749230446
SIB,sodium-ion,25.0,charge,1.0,20,2,2,2,90.62870535948936,114.98715739646086,127.38898023512854,24.3584520369715
SIB,sodium-ion,25.0,charge,1.0,30,2,2,2,85.7315753155045,98.89658725193671,108.56364915694705,13.1650119364321
SIB,sodium-ion,25.0,charge,1.0,40,2,2,2,83.25121074776645,93.42706538462176,102.0129427344698,10.17585463685525
SIB,sodium-ion,25.0,charge,1.0,50,2,2,2,80.89804436299794,90.50150717652994,99.0237854348964,9.6034628135319
SIB,sodium-ion,25.0,charge,1.0,60,2,2,2,79.244467984509,88.84793079803751,97.05221359900331,9.603462813528502
SIB,sodium-ion,25.0,charge,1.0,70,2,2,2,78.60847706970395,87.7031471513941,96.098227226801,9.09467008169005
SIB,sodium-ion,25.0,charge,1.0,80,2,2,2,74.72893248940319,83.50560711368904,90.43790808504829,8.7766746242858
SIB,sodium-ion,25.0,charge,1.0,90,2,2,2,74.72893248939965,82.1700261926009,88.02114260879496,7.4410937032012
SIB,sodium-ion,25.0,charge,1.0,100,2,2,2,69.38660880505421,76.89130159973395,85.85877349846389,7.504692794679699
SIB,sodium-ion,25.0,charge,2.0,0,1,1,1,102.9033300151975,145.70551858146828,159.1249268838198,42.8021885662708
SIB,sodium-ion,25.0,charge,2.0,10,2,2,2,93.26806765592465,122.23745382521925,134.70287575536665,28.969386169294552
SIB,sodium-ion,25.0,charge,2.0,20,2,2,2,86.65370907506085,103.6982597285171,113.4607155971229,17.04455065345625
SIB,sodium-ion,25.0,charge,2.0,30,2,2,2,81.4704361863196,90.6287053594895,98.4831931573121,9.15826917316985
SIB,sodium-ion,25.0,charge,2.0,40,2,2,2,79.1808688930276,85.66797622402144,91.99608582631654,6.487107330993849
SIB,sodium-ion,25.0,charge,2.0,50,2,2,2,76.8595020539948,82.96501483610805,88.14834079175459,6.1055127821132
SIB,sodium-ion,25.0,charge,2.0,60,2,2,2,75.3967229499472,81.3750375491007,84.0461993912751,5.978314599153499
SIB,sodium-ion,25.0,charge,2.0,70,2,2,2,74.63353385218261,79.9122584450497,80.03945662801115,5.27872459286705
SIB,sodium-ion,25.0,charge,2.0,80,2,1,1,70.02299206907145,81.1524407289172,82.6152198329649,6.8687018798777
SIB,sodium-ion,25.0,charge,2.0,90,2,1,1,70.5954070387252,76.44610795937339,71.5489779153885,4.8971300439849
SIB,sodium-ion,25.0,charge,2.0,100,2,0,0,65.5212419395167,,,
SIB,sodium-ion,25.0,charge,3.0,0,1,1,1,98.4513918750501,130.6325315964802,140.3419927245533,32.18113972143
SIB,sodium-ion,25.0,charge,3.0,10,2,2,2,88.7841539647191,111.1073903842149,120.7956325909673,22.323236419495704
SIB,sodium-ion,25.0,charge,3.0,20,2,2,2,83.01784788105098,95.7800400221107,102.90312400781855,12.762192141059701
SIB,sodium-ion,25.0,charge,3.0,30,2,2,2,78.37512349750855,84.45942440196745,87.89376846650505,6.0843009044588
SIB,sodium-ion,25.0,charge,3.0,40,2,2,2,75.3224743605383,79.6472098126426,78.01483450624465,4.3247354521043
SIB,sodium-ion,25.0,charge,3.0,50,2,2,2,72.88450805225455,76.7004506132227,73.16010290455822,3.8159425609680997
SIB,sodium-ion,25.0,charge,3.0,60,2,2,2,71.5064353684332,74.28359013666966,68.77167990963405,2.7771547682364
SIB,sodium-ion,25.0,charge,3.0,70,2,2,2,70.5525199797746,70.5525151841575,65.63419183978606,-4.795617149916387e-06
SIB,sodium-ion,25.0,charge,3.0,80,2,1,1,65.2106242590262,75.0469266230999,65.9734563986104,4.4095369315286
SIB,sodium-ion,25.0,charge,3.0,90,2,0,0,64.79615697205266,,,
SIB,sodium-ion,25.0,charge,3.0,100,2,0,0,60.8344590400629,,,
SIB,sodium-ion,25.0,discharge,1.0,0,1,1,1,109.39043445198999,200.9731237606318,246.2556756965689,91.5826893086418
SIB,sodium-ion,25.0,discharge,1.0,10,2,2,2,99.53257553335021,153.40100459197404,185.1369504010131,53.868429058623796
SIB,sodium-ion,25.0,discharge,1.0,20,2,2,2,91.20109476985536,117.34032067669536,133.17649403631395,26.139225906839997
SIB,sodium-ion,25.0,discharge,1.0,30,2,2,2,85.73157304725379,99.78697189253876,110.53521806834546,14.0553988452849
SIB,sodium-ion,25.0,discharge,1.0,40,2,2,2,83.69640217373181,94.57184652912945,103.98451181918419,10.8754443553976
SIB,sodium-ion,25.0,discharge,1.0,50,2,2,2,80.898042222634,91.26469385965086,100.67735914970899,10.3666516370168
SIB,sodium-ion,25.0,discharge,1.0,60,2,2,2,80.7072449532373,89.86551388410355,98.76938645577441,9.158268930866148
SIB,sodium-ion,25.0,discharge,1.0,70,2,2,2,77.40009228375905,88.3391357289553,98.13339555779964,10.939043445196251
SIB,sodium-ion,25.0,discharge,1.0,80,2,2,2,74.53813324286571,83.95079853292044,93.17266655358225,9.412665290054699
SIB,sodium-ion,25.0,discharge,1.0,90,2,2,2,73.13895326731824,80.26205132465564,91.07389659025775,7.12309805733735
SIB,sodium-ion,25.0,discharge,1.0,100,2,2,2,69.2594087896604,76.82770047558276,88.91152753714125,7.568291685922249
SIB,sodium-ion,25.0,discharge,2.0,0,1,1,1,102.71253138199201,171.1451529095644,214.1381381815318,68.43262152757231
SIB,sodium-ion,25.0,discharge,2.0,10,2,2,2,94.28552106568425,136.99228932277296,169.8411981522118,42.7067682570887
SIB,sodium-ion,25.0,discharge,2.0,20,2,2,2,86.65376099564475,106.52847682033295,121.09266857666651,19.87471582468815
SIB,sodium-ion,25.0,discharge,2.0,30,2,2,2,82.77421646666535,91.9324855186808,101.63134684112934,9.15826905201545
SIB,sodium-ion,25.0,discharge,2.0,40,2,2,2,79.78505920663315,87.22615281139615,95.84382959298199,7.44109360476295
SIB,sodium-ion,25.0,discharge,2.0,50,2,2,2,77.17749649043185,84.26879509668231,92.791073242308,7.0912986062504
SIB,sodium-ion,25.0,discharge,2.0,60,2,2,2,75.81011604169339,82.80601601198539,91.04209824973535,6.9958999702919
SIB,sodium-ion,25.0,discharge,2.0,70,2,2,2,74.1565396850795,81.59763328984421,90.5969046152643,7.441093604764651
SIB,sodium-ion,25.0,discharge,2.0,80,2,2,2,70.5631910639759,76.2553096761662,85.54077690946045,5.6921186121903
SIB,sodium-ion,25.0,discharge,2.0,90,2,2,2,70.27696924080655,75.93728662668639,86.08133738112734,5.660317385879851
SIB,sodium-ion,25.0,discharge,2.0,100,2,2,2,66.11125471924665,71.48537787824135,83.15581101049955,5.3741231589947
SIB,sodium-ion,25.0,discharge,3.0,0,1,1,1,116.6576753770812,172.2145662796169,206.4805467619658,55.5568909025356
SIB,sodium-ion,25.0,discharge,3.0,10,2,2,2,101.24854720953019,138.9409671143653,167.30129130845955,37.692419904835
SIB,sodium-ion,25.0,discharge,3.0,20,2,2,2,89.41224988490254,101.1988230422138,113.57417592816721,11.786573157311201
SIB,sodium-ion,25.0,discharge,3.0,30,2,2,2,78.69314269608115,85.81622873632966,94.6564874106832,7.123086040248451
SIB,sodium-ion,25.0,discharge,3.0,40,2,2,2,75.80996460788364,81.4278730589716,89.29294489049305,5.617908451087949
SIB,sodium-ion,25.0,discharge,3.0,50,2,2,2,73.54160157291739,78.75671658788904,86.7277866920744,5.2151150149716
SIB,sodium-ion,25.0,discharge,3.0,60,2,2,2,72.0364996226926,77.29401931295996,85.24389804435344,5.2575196902673005
SIB,sodium-ion,25.0,discharge,3.0,70,2,2,2,70.97646718428311,76.17038447979294,84.8198461371534,5.19391729550985
SIB,sodium-ion,25.0,discharge,3.0,80,2,2,2,65.69772939592765,68.8776775757883,78.33272349724105,3.17994817986055
SIB,sodium-ion,25.0,discharge,3.0,90,2,2,2,65.31618655723415,67.0757597594156,78.22678483584706,1.7595732021814499
SIB,sodium-ion,25.0,discharge,3.0,100,2,2,2,60.63112277301495,63.4506824123926,76.23409715851476,2.8195596393776
SIB,sodium-ion,35.0,charge,1.0,0,1,1,1,77.97248615489589,122.1102556422578,142.0803703670864,44.1377694873619
SIB,sodium-ion,35.0,charge,1.0,10,2,2,2,74.2837388490393,92.7274753783386,108.94524370582565,18.443736529299247
SIB,sodium-ion,35.0,charge,1.0,20,2,2,2,63.09029874850334,68.68701879877135,78.8628734356268,5.5967200502679
SIB,sodium-ion,35.0,charge,1.0,30,2,2,2,58.25676779599335,63.21749693145964,70.84938790909864,4.9607291354662495
SIB,sodium-ion,35.0,charge,1.0,40,2,2,2,57.36638051527225,60.73713236373145,68.94141516469396,3.3707518484590997
SIB,sodium-ion,35.0,charge,1.0,50,2,2,2,55.8400023197434,58.8927587108016,67.28783878620526,3.05275639105815
SIB,sodium-ion,35.0,charge,1.0,60,2,2,2,54.695218673093194,57.6207768811918,65.8886587736358,2.9255582080986
SIB,sodium-ion,35.0,charge,1.0,70,2,2,2,53.4868359349681,56.8575877834271,65.50706422475344,3.3707518484589496
SIB,sodium-ion,35.0,charge,1.0,80,2,2,2,53.35963775201165,56.3487950515853,66.20665423103975,2.98915729957355
SIB,sodium-ion,35.0,charge,1.0,90,2,2,2,51.00647136723654,54.8860159475377,64.99827149291146,3.87954458030115
SIB,sodium-ion,35.0,charge,1.0,100,2,2,2,47.1905258784168,53.61403411793105,65.06187058438965,6.4235082395142
SIB,sodium-ion,35.0,charge,2.0,0,1,1,1,77.0184997826935,109.8356309865534,124.46342202702989,32.8171312038599
SIB,sodium-ion,35.0,charge,2.0,10,2,2,2,69.64100517097697,88.0529421545356,101.28155318244765,18.4119369835586
SIB,sodium-ion,35.0,charge,2.0,20,2,2,2,61.34132373279075,67.4150369691648,76.6687047795536,6.073713236374
SIB,sodium-ion,35.0,charge,2.0,30,2,2,2,58.28856734173569,62.19991146777585,69.3230097135746,3.9113441260400497
SIB,sodium-ion,35.0,charge,2.0,40,2,2,2,56.66679050898605,59.78314599152085,67.63763378934505,3.11635548253475
SIB,sodium-ion,35.0,charge,2.0,50,2,2,2,54.82241685605775,58.0659705215538,66.1112555938176,3.24355366549605
SIB,sodium-ion,35.0,charge,2.0,60,2,2,2,54.05922775829155,56.762189146204996,64.6166769440275,2.70296138791345
SIB,sodium-ion,35.0,charge,2.0,70,2,2,2,53.39143729774915,56.126198231405,64.39408012384895,2.7347609336558
SIB,sodium-ion,35.0,charge,2.0,80,2,2,2,52.119455468142604,55.36300913364045,63.7898887547865,3.2435536654977506
SIB,sodium-ion,35.0,charge,2.0,90,2,2,2,49.63909090040785,53.7730318466298,61.85011646463435,4.13394094622185
SIB,sodium-ion,35.0,charge,2.0,100,2,1,0,46.8135178094157,54.1864259412545,,4.3883373121464
SIB,sodium-ion,35.0,charge,3.0,0,1,1,1,75.97956251421881,102.945523317257,114.47813548459331,26.9659608030382
SIB,sodium-ion,35.0,charge,3.0,10,2,2,2,67.26650442455835,84.07783061701745,95.2924479635653,16.81132619245905
SIB,sodium-ion,35.0,charge,3.0,20,2,2,2,59.3167106907332,65.95221031611845,74.47448110453385,6.6354996253852
SIB,sodium-ion,35.0,charge,3.0,30,2,2,2,56.942272576225655,61.1186045559413,67.7964957925433,4.17633197971565
SIB,sodium-ion,35.0,charge,3.0,40,2,2,2,55.8398905308185,58.76544288209095,66.29132030746746,2.9255523512723998
SIB,sodium-ion,35.0,charge,3.0,50,2,2,2,54.10154583845416,57.027099602609404,64.7861773401032,2.9255537641552
SIB,sodium-ion,35.0,charge,3.0,60,2,2,2,53.4231298928112,55.861090185539396,63.408167265633445,2.4379602927282003
SIB,sodium-ion,35.0,charge,3.0,70,2,2,2,52.257148883246,55.11910227036145,62.4541828032624,2.8619533871154
SIB,sodium-ion,35.0,charge,3.0,80,2,1,1,51.15516326747715,55.373608005519,62.9207000614022,2.4591648271976
SIB,sodium-ion,35.0,charge,3.0,90,2,1,1,49.5006110306838,52.829644391177304,57.578376471282205,2.7135611886319
SIB,sodium-ion,35.0,charge,3.0,100,2,0,0,46.14362210854525,,,
SIB,sodium-ion,35.0,discharge,1.0,0,1,1,1,79.6260604266842,135.593259448629,173.6255151476343,55.9671990219447
SIB,sodium-ion,35.0,discharge,1.0,10,2,2,2,69.32300787945934,97.37020648023055,121.21986515435316,28.04719860077115
SIB,sodium-ion,35.0,discharge,1.0,20,2,2,2,60.67353166697375,68.68701698147788,79.49886224708325,8.0134853145041
SIB,sodium-ion,35.0,discharge,1.0,30,2,2,2,58.32036534446415,63.53549070787359,71.6125751121767,5.2151253634094505
SIB,sodium-ion,35.0,discharge,1.0,40,2,2,2,56.73038809952025,60.86432893636675,69.386606969258,4.133940836846451
SIB,sodium-ion,35.0,discharge,1.0,50,2,2,2,55.39480721376875,58.956356242435795,67.47863427532711,3.56154902866705
SIB,sodium-ion,35.0,discharge,1.0,60,2,2,2,54.758816315793794,57.747973536284995,66.2066524793741,2.9891572204911503
SIB,sodium-ion,35.0,discharge,1.0,70,2,2,2,53.9320281484226,56.98478445870909,65.57066158139591,3.0527563102864
SIB,sodium-ion,35.0,discharge,1.0,80,2,2,2,52.34205090347869,56.2851944709353,66.3974497487638,3.9431435674565503
SIB,sodium-ion,35.0,discharge,1.0,90,2,2,2,49.67088913197849,54.440820866803044,65.25266613240515,4.7699317348245
SIB,sodium-ion,35.0,discharge,1.0,100,2,2,2,47.44492098905965,53.35963634024291,65.25266613240825,5.914715351183149
SIB,sodium-ion,35.0,discharge,2.0,0,1,1,1,84.7139887311551,126.8165867341771,165.8028292958848,42.1025980030219
SIB,sodium-ion,35.0,discharge,2.0,10,2,2,2,68.24182425565351,94.69904596148085,120.07508312644235,26.45722170582735
SIB,sodium-ion,35.0,discharge,2.0,20,2,2,2,59.9739424725818,67.60583334926196,78.22688148597601,7.6318908766800995
SIB,sodium-ion,35.0,discharge,2.0,30,2,2,2,57.906972026815204,62.70870337006016,70.65858969993435,4.801731343244899
SIB,sodium-ion,35.0,discharge,2.0,40,2,2,2,56.3169947608397,60.1011406538605,68.52802016352754,3.7841458930207
SIB,sodium-ion,35.0,discharge,2.0,50,2,2,2,54.98141385741975,58.4157647519264,66.84264426159515,3.4343508945066503
SIB,sodium-ion,35.0,discharge,2.0,60,2,2,2,53.93202886187555,57.175582484465,65.34806563157645,3.24355362258945
SIB,sodium-ion,35.0,discharge,2.0,70,2,2,2,53.518634772722855,56.38059385147815,64.99827063306404,2.8619590787552003
SIB,sodium-ion,35.0,discharge,2.0,80,2,2,2,51.674261144191696,55.42660749189415,65.41166472221666,3.75234634770235
SIB,sodium-ion,35.0,discharge,2.0,90,2,2,2,48.844101610756596,53.2006393195288,63.6308901843257,4.3565377087721
SIB,sodium-ion,35.0,discharge,2.0,100,2,2,2,47.28592389010115,52.81904477569454,63.948885637518146,5.5331208855934
SIB,sodium-ion,35.0,discharge,3.0,0,1,1,1,92.3152638242553,127.8299613427231,160.8201892475968,35.5146975184677
SIB,sodium-ion,35.0,discharge,3.0,10,2,2,2,73.05363023315155,97.65448631424479,120.2273520255149,24.600856081093198
SIB,sodium-ion,35.0,discharge,3.0,20,2,2,2,59.210757053663855,66.27025925253155,76.25532172059846,7.059502198867699
SIB,sodium-ion,35.0,discharge,3.0,30,2,2,2,57.2602668920288,61.818192616497306,69.45006824816245,4.5579257244685
SIB,sodium-ion,35.0,discharge,3.0,40,2,2,2,55.67029280209735,59.3166333816726,67.3725021039858,3.6463405795752
SIB,sodium-ion,35.0,discharge,3.0,50,2,2,2,54.695108693607956,57.53586240095055,65.7401287049921,2.8407537073426
SIB,sodium-ion,35.0,discharge,3.0,60,2,2,2,53.274784319131754,56.3699367118667,64.46821260244859,3.0951523927349
SIB,sodium-ion,35.0,discharge,3.0,70,2,2,2,52.829539094756946,55.6066938385012,64.17135426959355,2.77715474374415
SIB,sodium-ion,35.0,discharge,3.0,80,2,2,2,50.7731726051131,53.88952182137645,64.213753578658,3.1163492162632505
SIB,sodium-ion,35.0,discharge,3.0,90,2,2,2,48.9712510264971,53.1051878434408,63.196232992473206,4.1339368169436
SIB,sodium-ion,35.0,discharge,3.0,100,2,2,2,46.7664812086129,52.38439713861885,63.005435763652194,5.6179159300059
SIB,sodium-ion,45.0,charge,1.0,0,1,1,1,62.5815060166615,85.2227825836593,104.4297082107232,22.6412765669977
SIB,sodium-ion,45.0,charge,1.0,10,2,2,2,52.787245928684946,60.4191369063273,74.6017343064434,7.63189097764235
SIB,sodium-ion,45.0,charge,1.0,20,2,2,2,45.6005485914066,48.3989086165423,57.74797506415489,2.79836002513565
SIB,sodium-ion,45.0,charge,1.0,30,2,2,2,43.692575846998245,45.47335040844335,52.5964486542438,1.7807745614451
SIB,sodium-ion,45.0,charge,1.0,40,2,2,2,42.1025985599877,43.8833731214361,51.38806591611559,1.78077456144835
SIB,sodium-ion,45.0,charge,1.0,50,2,2,2,40.8942158218627,42.738589474792555,50.37048045243154,1.84437365292985
SIB,sodium-ion,45.0,charge,1.0,60,2,2,2,40.194625815579506,41.9754003770279,49.2892958972662,1.78077456144835
SIB,sodium-ion,45.0,charge,1.0,70,2,2,2,39.62223399225305,41.46660764518615,49.22569680578486,1.8443736529331
SIB,sodium-ion,45.0,charge,1.0,80,2,2,2,39.30423853485205,41.5302067366675,50.688475909835645,2.2259682018154003
SIB,sodium-ion,45.0,charge,1.0,90,2,2,2,38.922643985973,41.4030085537047,51.769660465001046,2.4803645677316997
SIB,sodium-ion,45.0,charge,1.0,100,2,2,2,37.77786033932645,40.9578149133409,52.02405683092045,3.1799545740144
SIB,sodium-ion,45.0,charge,2.0,0,1,1,1,62.1363123762944,80.1348552652333,95.5894344949559,17.9985428889389
SIB,sodium-ion,45.0,charge,2.0,10,2,2,2,52.43745092554345,59.6559478085628,72.6619620162929,7.21849688301925
SIB,sodium-ion,45.0,charge,2.0,20,2,2,2,45.47335040844335,48.17631179635845,57.20738278656875,2.7029613879150998
SIB,sodium-ion,45.0,charge,2.0,30,2,2,2,43.40637993533325,45.218954042524146,52.0240568309204,1.8125741071908499
SIB,sodium-ion,45.0,charge,2.0,40,2,2,2,41.94360083128565,43.6925758469967,51.13366955019625,1.74897501571105
SIB,sodium-ion,45.0,charge,2.0,50,2,2,2,40.7670176389014,42.5795917460906,49.9570863578103,1.8125741071892
SIB,sodium-ion,45.0,charge,2.0,60,2,2,2,39.94022944965695,41.7210040111071,49.034899531345445,1.78077456145015
SIB,sodium-ion,45.0,charge,2.0,70,2,2,2,39.6222339922545,41.43480809944365,49.03489953134525,1.8125741071891
SIB,sodium-ion,45.0,charge,2.0,80,2,2,2,39.27243898911135,41.33940946222315,50.33868090669255,2.0669704731117
SIB,sodium-ion,45.0,charge,2.0,90,2,2,2,38.8908444402307,41.2758103707433,51.07007045871654,2.38496593051255
SIB,sodium-ion,45.0,charge,2.0,100,2,2,1,37.84145943080434,40.67161900168095,51.57886319055989,2.8301595708765497
SIB,sodium-ion,45.0,charge,3.0,0,1,1,1,62.157510977099,77.16689630171899,90.268308915581,15.0093853246199
SIB,sodium-ion,45.0,charge,3.0,10,2,2,2,52.21474957380645,58.99863908400496,70.91284503628906,6.78388951019845
SIB,sodium-ion,45.0,charge,3.0,20,2,2,2,45.32490570776845,47.974864693098446,56.6031306842376,2.64995898533
SIB,sodium-ion,45.0,charge,3.0,30,2,2,2,43.3108945916705,45.09166558809854,51.727157515261055,1.780770996428
SIB,sodium-ion,45.0,charge,3.0,40,2,2,2,41.80575411103781,43.58652663093855,50.85801447072121,1.7807725199007
SIB,sodium-ion,45.0,charge,3.0,50,2,2,2,40.6609779255607,42.42055103407424,49.755639054869754,1.7595731085135
SIB,sodium-ion,45.0,charge,3.0,60,2,2,2,39.94022874517545,41.67860388164195,48.822901698588005,1.7383751364664002
SIB,sodium-ion,45.0,charge,3.0,70,2,2,2,39.4738163058404,41.275789644308006,48.71687937359195,1.80197333846755
SIB,sodium-ion,45.0,charge,3.0,80,2,2,2,39.134562611956,41.16972946501435,49.8827875546759,2.0351668530583
SIB,sodium-ion,45.0,charge,3.0,90,2,1,1,38.73169205987115,41.000213584485,49.8616868411111,2.2471678593361997
SIB,sodium-ion,45.0,charge,3.0,100,2,0,0,37.6580886568309,,,
SIB,sodium-ion,45.0,discharge,1.0,0,1,1,1,64.7438734140279,90.69230205147811,121.4742615135451,25.9484286374501
SIB,sodium-ion,45.0,discharge,1.0,10,2,2,2,52.5964472626708,60.67353166697375,77.20929501436589,8.0770844043029
SIB,sodium-ion,45.0,discharge,1.0,20,2,2,2,45.47334920533321,48.3989073360255,57.81157262608025,2.92555813069225
SIB,sodium-ion,45.0,discharge,1.0,30,2,2,2,43.4381783318078,45.40975011553446,52.7236454422684,1.9715717837265498
SIB,sodium-ion,45.0,discharge,1.0,40,2,2,2,41.975399266458545,43.8833719603898,51.4516636463121,1.9079726939311499
SIB,sodium-ion,45.0,discharge,1.0,50,2,2,2,40.83061565009991,42.738588344027754,50.3068800299502,1.9079726939277502
SIB,sodium-ion,45.0,discharge,1.0,60,2,2,2,40.131025662326,41.91180017666291,49.28929459318885,1.7807745143368
SIB,sodium-ion,45.0,discharge,1.0,70,2,2,2,39.622232943945555,41.46660654807785,49.28929459319225,1.8443736041322
SIB,sodium-ion,45.0,discharge,1.0,80,2,2,2,39.30423749495835,41.403007458282595,50.5612763891454,2.09876996332415
SIB,sodium-ion,45.0,discharge,1.0,90,2,2,2,38.731845686782094,41.275809278688094,51.642460915708554,2.543963591906
SIB,sodium-ion,45.0,discharge,1.0,100,2,2,2,38.0958547888042,40.703417470508995,52.08765454428695,2.6075626817048003
SIB,sodium-ion,45.0,discharge,2.0,0,1,1,1,63.5354915483638,88.27553780693701,120.9018713047461,24.740046258573198
SIB,sodium-ion,45.0,discharge,2.0,10,2,2,2,52.1830538693046,60.578133833653354,78.0042846687405,8.3950799643487
SIB,sodium-ion,45.0,discharge,2.0,20,2,2,2,45.44155026157,48.1763111590466,57.8115733908566,2.7347608974765496
SIB,sodium-ion,45.0,discharge,2.0,30,2,2,2,43.501777997078605,45.31435208028955,52.6600470490957,1.8125740832109498
SIB,sodium-ion,45.0,discharge,2.0,40,2,2,2,41.880001185786305,43.72437481431745,51.38806523631766,1.8443736285311
SIB,sodium-ion,45.0,discharge,2.0,50,2,2,2,40.76701709960196,42.5477916374946,50.08428387821785,1.7807745378925999
SIB,sodium-ion,45.0,discharge,2.0,60,2,2,2,40.0038280119335,41.8164020951462,49.2892952452293,1.81257408321265
SIB,sodium-ion,45.0,discharge,2.0,70,2,2,2,39.5586343774607,41.40300800599185,49.09849797331045,1.8443736285310999
SIB,sodium-ion,45.0,discharge,2.0,80,2,2,2,39.177039833626495,41.3712084606718,50.56127705800745,2.19416862704525
SIB,sodium-ion,45.0,discharge,2.0,90,2,2,2,38.73184619915545,41.21221073407639,51.51526341759475,2.4803645349209
SIB,sodium-ion,45.0,discharge,2.0,100,2,2,2,38.12765483808385,40.70341800896335,51.76965978015025,2.5757631708794997
SIB,sodium-ion,45.0,discharge,3.0,0,1,1,1,66.1885396511958,89.3192352142875,118.151158557015,23.1306955630916
SIB,sodium-ion,45.0,discharge,3.0,10,2,2,2,54.443038529141354,61.31917609308895,77.94704665811139,6.87613756394755
SIB,sodium-ion,45.0,discharge,3.0,20,2,2,2,45.21889458918925,47.9536521973199,57.53590404426745,2.7347576081306
SIB,sodium-ion,45.0,discharge,3.0,30,2,2,2,43.310937308560504,45.1977085478731,52.53279679078145,1.88677123931255
SIB,sodium-ion,45.0,discharge,3.0,40,2,2,2,41.78451908337275,43.62888902769205,51.23956500482555,1.84436994431925
SIB,sodium-ion,45.0,discharge,3.0,50,2,2,2,40.703350191628445,42.50532142983899,50.1583992260204,1.8019712382105502
SIB,sodium-ion,45.0,discharge,3.0,60,2,2,2,39.982561755236496,41.7633333529377,49.204414617817896,1.7807715977012002
SIB,sodium-ion,45.0,discharge,3.0,70,2,2,2,39.45255708480705,41.31812668366025,49.0348009334555,1.8655695988532
SIB,sodium-ion,45.0,discharge,3.0,80,2,2,2,39.113401908304645,41.27576861428425,50.4128276192077,2.1623667059795
SIB,sodium-ion,45.0,discharge,3.0,90,2,2,2,38.66820814903435,41.106170870979895,51.3244142429843,2.4379627219455
SIB,sodium-ion,45.0,discharge,3.0,100,2,2,2,37.82018368581335,40.55493912049315,51.68475775000635,2.73475543467975
