member_path,file_name,cell_id,cell_family,chemistry_type,temperature_deg_c,voltage_v,source_file_direction,pulse_direction,c_rate,soc_fraction,soc_percent,r_fast_ohm,dt_fast_s,r_100ms_ohm,dt_100ms_s,r_1s_ohm,dt_1s_s
data_Ri_HPPC/TC23LFP01_HPPC_ch_00.csv,TC23LFP01_HPPC_ch_00.csv,TC23LFP01,LFP,lithium-ion,,,charge_file,charge,1.0,0.0,0.0,0.0496,0.0162,0.05604,0.10594,0.06893,1.00605
data_Ri_HPPC/TC23LFP01_HPPC_ch_00.csv,TC23LFP01_HPPC_ch_00.csv,TC23LFP01,LFP,lithium-ion,,,charge_file,charge,2.0,0.0,0.0,0.04941,0.01582,0.05568,0.10608,0.06709,1.00609
data_Ri_HPPC/TC23LFP01_HPPC_ch_00.csv,TC23LFP01_HPPC_ch_00.csv,TC23LFP01,LFP,lithium-ion,,,charge_file,charge,3.0,0.0,0.0,0.04916,0.01585,0.05515,0.10609,0.06508,1.00638
data_Ri_HPPC/TC23LFP01_HPPC_ch_00.csv,TC23LFP01_HPPC_ch_00.csv,TC23LFP01,LFP,lithium-ion,,,charge_file,discharge,-1.0,0.0,0.0,0.0491,0.0161,0.05499,0.10581,0.06868,1.00605
data_Ri_HPPC/TC23LFP01_HPPC_ch_00.csv,TC23LFP01_HPPC_ch_00.csv,TC23LFP01,LFP,lithium-ion,,,charge_file,discharge,-2.0,0.0,0.0,0.04833,0.01571,0.05397,0.10613,0.06703,1.00635
data_Ri_HPPC/TC23LFP01_HPPC_ch_00.csv,TC23LFP01_HPPC_ch_00.csv,TC23LFP01,LFP,lithium-ion,,,charge_file,discharge,-3.0,0.0,0.0,0.0479,0.01604,0.053,0.10549,0.0652,1.00556
data_Ri_HPPC/TC23LFP01_HPPC_ch_00.csv,TC23LFP01_HPPC_ch_00.csv,TC23LFP01,LFP,lithium-ion,,,charge_file,charge,1.0,0.10045,10.045,0.04477,0.02211,0.04732,0.10799,0.05418,1.01103
data_Ri_HPPC/TC23LFP01_HPPC_ch_00.csv,TC23LFP01_HPPC_ch_00.csv,TC23LFP01,LFP,lithium-ion,,,charge_file,charge,2.0,0.10045,10.045,0.04451,0.02227,0.04706,0.11074,0.05316,1.00465
data_Ri_HPPC/TC23LFP01_HPPC_ch_00.csv,TC23LFP01_HPPC_ch_00.csv,TC23LFP01,LFP,lithium-ion,,,charge_file,charge,3.0,0.10045,10.045,0.04434,0.02228,0.0468,0.11072,0.05257,1.0068
data_Ri_HPPC/TC23LFP01_HPPC_ch_00.csv,TC23LFP01_HPPC_ch_00.csv,TC23LFP01,LFP,lithium-ion,,,charge_file,discharge,-1.0,0.10045,10.045,0.04503,0.02213,0.04744,0.10821,0.05444,1.0101
data_Ri_HPPC/TC23LFP01_HPPC_ch_00.csv,TC23LFP01_HPPC_ch_00.csv,TC23LFP01,LFP,lithium-ion,,,charge_file,discharge,-2.0,0.10045,10.045,0.04491,0.02216,0.04744,0.10977,0.05393,1.00987
data_Ri_HPPC/TC23LFP01_HPPC_ch_00.csv,TC23LFP01_HPPC_ch_00.csv,TC23LFP01,LFP,lithium-ion,,,charge_file,discharge,-3.0,0.10045,10.045,0.04483,0.02223,0.0474,0.10992,0.05329,1.00367
data_Ri_HPPC/TC23LFP01_HPPC_ch_00.csv,TC23LFP01_HPPC_ch_00.csv,TC23LFP01,LFP,lithium-ion,,,charge_file,charge,1.0,0.20091,20.091,0.04438,0.02248,0.04668,0.11021,0.05316,1.01096
data_Ri_HPPC/TC23LFP01_HPPC_ch_00.csv,TC23LFP01_HPPC_ch_00.csv,TC23LFP01,LFP,lithium-ion,,,charge_file,charge,2.0,0.20091,20.091,0.04414,0.02305,0.04649,0.1116,0.05272,1.0057
data_Ri_HPPC/TC23LFP01_HPPC_ch_00.csv,TC23LFP01_HPPC_ch_00.csv,TC23LFP01,LFP,lithium-ion,,,charge_file,charge,3.0,0.20091,20.091,0.04401,0.02246,0.04626,0.11094,0.05227,1.00885
data_Ri_HPPC/TC23LFP01_HPPC_ch_00.csv,TC23LFP01_HPPC_ch_00.csv,TC23LFP01,LFP,lithium-ion,,,charge_file,discharge,-1.0,0.20091,20.091,0.04452,0.02225,0.04681,0.10874,0.05329,1.01017
data_Ri_HPPC/TC23LFP01_HPPC_ch_00.csv,TC23LFP01_HPPC_ch_00.csv,TC23LFP01,LFP,lithium-ion,,,charge_file,discharge,-2.0,0.20091,20.091,0.04452,0.02243,0.0468,0.11049,0.05278,1.00383
data_Ri_HPPC/TC23LFP01_HPPC_ch_00.csv,TC23LFP01_HPPC_ch_00.csv,TC23LFP01,LFP,lithium-ion,,,charge_file,discharge,-3.0,0.20091,20.091,0.04448,0.02268,0.04672,0.11057,0.05223,1.0112
data_Ri_HPPC/TC23LFP01_HPPC_ch_00.csv,TC23LFP01_HPPC_ch_00.csv,TC23LFP01,LFP,lithium-ion,,,charge_file,charge,1.0,0.30137,30.137000000000004,0.04401,0.02298,0.04617,0.11207,0.05227,1.0056
data_Ri_HPPC/TC23LFP01_HPPC_ch_00.csv,TC23LFP01_HPPC_ch_00.csv,TC23LFP01,LFP,lithium-ion,,,charge_file,charge,2.0,0.30137,30.137000000000004,0.04388,0.02257,0.04591,0.11163,0.05215,1.00358
data_Ri_HPPC/TC23LFP01_HPPC_ch_00.csv,TC23LFP01_HPPC_ch_00.csv,TC23LFP01,LFP,lithium-ion,,,charge_file,charge,3.0,0.30137,30.137000000000004,0.04384,0.02262,0.04587,0.11053,0.05198,1.0032
data_Ri_HPPC/TC23LFP01_HPPC_ch_00.csv,TC23LFP01_HPPC_ch_00.csv,TC23LFP01,LFP,lithium-ion,,,charge_file,discharge,-1.0,0.30137,30.137000000000004,0.04414,0.02281,0.04642,0.11253,0.05215,1.00627
data_Ri_HPPC/TC23LFP01_HPPC_ch_00.csv,TC23LFP01_HPPC_ch_00.csv,TC23LFP01,LFP,lithium-ion,,,charge_file,discharge,-2.0,0.30137,30.137000000000004,0.0442,0.02182,0.04623,0.10954,0.05189,1.00984
data_Ri_HPPC/TC23LFP01_HPPC_ch_00.csv,TC23LFP01_HPPC_ch_00.csv,TC23LFP01,LFP,lithium-ion,,,charge_file,discharge,-3.0,0.30137,30.137000000000004,0.04418,0.02312,0.04625,0.1118,0.05138,1.00442
data_Ri_HPPC/TC23LFP01_HPPC_ch_00.csv,TC23LFP01_HPPC_ch_00.csv,TC23LFP01,LFP,lithium-ion,,,charge_file,charge,1.0,0.40182,40.182,0.04401,0.02295,0.04591,0.11243,0.05202,1.00842
data_Ri_HPPC/TC23LFP01_HPPC_ch_00.csv,TC23LFP01_HPPC_ch_00.csv,TC23LFP01,LFP,lithium-ion,,,charge_file,charge,2.0,0.40182,40.182,0.04395,0.02227,0.04585,0.10936,0.05202,1.011
data_Ri_HPPC/TC23LFP01_HPPC_ch_00.csv,TC23LFP01_HPPC_ch_00.csv,TC23LFP01,LFP,lithium-ion,,,charge_file,charge,3.0,0.40182,40.182,0.04376,0.02199,0.04583,0.10874,0.05206,1.01006
data_Ri_HPPC/TC23LFP01_HPPC_ch_00.csv,TC23LFP01_HPPC_ch_00.csv,TC23LFP01,LFP,lithium-ion,,,charge_file,discharge,-1.0,0.40182,40.182,0.04414,0.02258,0.04604,0.11094,0.05177,1.00534
data_Ri_HPPC/TC23LFP01_HPPC_ch_00.csv,TC23LFP01_HPPC_ch_00.csv,TC23LFP01,LFP,lithium-ion,,,charge_file,discharge,-2.0,0.40182,40.182,0.0442,0.02233,0.04611,0.10971,0.05151,1.01224
data_Ri_HPPC/TC23LFP01_HPPC_ch_00.csv,TC23LFP01_HPPC_ch_00.csv,TC23LFP01,LFP,lithium-ion,,,charge_file,discharge,-3.0,0.40182,40.182,0.04422,0.02189,0.04617,0.1098,0.05117,1.01108
data_Ri_HPPC/TC23LFP01_HPPC_ch_00.csv,TC23LFP01_HPPC_ch_00.csv,TC23LFP01,LFP,lithium-ion,,,charge_file,charge,1.0,0.50227,50.227,0.04426,0.02289,0.04618,0.11303,0.05202,1.00736
data_Ri_HPPC/TC23LFP01_HPPC_ch_00.csv,TC23LFP01_HPPC_ch_00.csv,TC23LFP01,LFP,lithium-ion,,,charge_file,charge,2.0,0.50227,50.227,0.04401,0.02221,0.04591,0.11025,0.05196,1.01152
data_Ri_HPPC/TC23LFP01_HPPC_ch_00.csv,TC23LFP01_HPPC_ch_00.csv,TC23LFP01,LFP,lithium-ion,,,charge_file,charge,3.0,0.50227,50.227,0.04392,0.02245,0.04587,0.11095,0.05215,1.00352
data_Ri_HPPC/TC23LFP01_HPPC_ch_00.csv,TC23LFP01_HPPC_ch_00.csv,TC23LFP01,LFP,lithium-ion,,,charge_file,discharge,-1.0,0.50227,50.227,0.04452,0.02275,0.04629,0.11178,0.05189,1.00612
data_Ri_HPPC/TC23LFP01_HPPC_ch_00.csv,TC23LFP01_HPPC_ch_00.csv,TC23LFP01,LFP,lithium-ion,,,charge_file,discharge,-2.0,0.50227,50.227,0.0442,0.01799,0.04617,0.10774,0.05164,1.00811
data_Ri_HPPC/TC23LFP01_HPPC_ch_00.csv,TC23LFP01_HPPC_ch_00.csv,TC23LFP01,LFP,lithium-ion,,,charge_file,discharge,-3.0,0.50227,50.227,0.04439,0.02251,0.04625,0.11135,0.05117,1.01115
data_Ri_HPPC/TC23LFP01_HPPC_ch_00.csv,TC23LFP01_HPPC_ch_00.csv,TC23LFP01,LFP,lithium-ion,,,charge_file,charge,1.0,0.60273,60.272999999999996,0.04427,0.02235,0.04604,0.11033,0.05189,1.00375
data_Ri_HPPC/TC23LFP01_HPPC_ch_00.csv,TC23LFP01_HPPC_ch_00.csv,TC23LFP01,LFP,lithium-ion,,,charge_file,charge,2.0,0.60273,60.272999999999996,0.04414,0.02265,0.04591,0.1109,0.05183,1.00467
data_Ri_HPPC/TC23LFP01_HPPC_ch_00.csv,TC23LFP01_HPPC_ch_00.csv,TC23LFP01,LFP,lithium-ion,,,charge_file,charge,3.0,0.60273,60.272999999999996,0.04401,0.02251,0.04587,0.11067,0.05232,1.00541
data_Ri_HPPC/TC23LFP01_HPPC_ch_00.csv,TC23LFP01_HPPC_ch_00.csv,TC23LFP01,LFP,lithium-ion,,,charge_file,discharge,-1.0,0.60273,60.272999999999996,0.0444,0.02248,0.04629,0.11228,0.05177,1.00427
data_Ri_HPPC/TC23LFP01_HPPC_ch_00.csv,TC23LFP01_HPPC_ch_00.csv,TC23LFP01,LFP,lithium-ion,,,charge_file,discharge,-2.0,0.60273,60.272999999999996,0.04445,0.02221,0.0463,0.11063,0.05145,1.00504
data_Ri_HPPC/TC23LFP01_HPPC_ch_00.csv,TC23LFP01_HPPC_ch_00.csv,TC23LFP01,LFP,lithium-ion,,,charge_file,discharge,-3.0,0.60273,60.272999999999996,0.04448,0.0226,0.04629,0.11082,0.05121,1.00409
data_Ri_HPPC/TC23LFP01_HPPC_ch_00.csv,TC23LFP01_HPPC_ch_00.csv,TC23LFP01,LFP,lithium-ion,,,charge_file,charge,1.0,0.70318,70.318,0.0435,0.01145,0.04579,0.10175,0.05177,1.00176
data_Ri_HPPC/TC23LFP01_HPPC_ch_00.csv,TC23LFP01_HPPC_ch_00.csv,TC23LFP01,LFP,lithium-ion,,,charge_file,charge,2.0,0.70318,70.318,0.04331,0.01208,0.04547,0.1019,0.05151,1.00143
data_Ri_HPPC/TC23LFP01_HPPC_ch_00.csv,TC23LFP01_HPPC_ch_00.csv,TC23LFP01,LFP,lithium-ion,,,charge_file,charge,3.0,0.70318,70.318,0.04333,0.0122,0.04545,0.10173,0.05193,1.00211
data_Ri_HPPC/TC23LFP01_HPPC_ch_00.csv,TC23LFP01_HPPC_ch_00.csv,TC23LFP01,LFP,lithium-ion,,,charge_file,discharge,-1.0,0.70318,70.318,0.0435,0.01227,0.04566,0.10166,0.05126,1.00144
data_Ri_HPPC/TC23LFP01_HPPC_ch_00.csv,TC23LFP01_HPPC_ch_00.csv,TC23LFP01,LFP,lithium-ion,,,charge_file,discharge,-2.0,0.70318,70.318,0.04357,0.01203,0.04572,0.102,0.05107,1.00194
data_Ri_HPPC/TC23LFP01_HPPC_ch_00.csv,TC23LFP01_HPPC_ch_00.csv,TC23LFP01,LFP,lithium-ion,,,charge_file,discharge,-3.0,0.70318,70.318,0.0435,0.01174,0.04579,0.10174,0.05092,1.00156
data_Ri_HPPC/TC23LFP01_HPPC_ch_00.csv,TC23LFP01_HPPC_ch_00.csv,TC23LFP01,LFP,lithium-ion,,,charge_file,charge,1.0,0.80364,80.364,0.04363,0.01201,0.04566,0.10171,0.05126,1.00184
data_Ri_HPPC/TC23LFP01_HPPC_ch_00.csv,TC23LFP01_HPPC_ch_00.csv,TC23LFP01,LFP,lithium-ion,,,charge_file,charge,2.0,0.80364,80.364,0.04338,0.01217,0.0454,0.10186,0.05113,1.00224
data_Ri_HPPC/TC23LFP01_HPPC_ch_00.csv,TC23LFP01_HPPC_ch_00.csv,TC23LFP01,LFP,lithium-ion,,,charge_file,charge,3.0,0.80364,80.364,0.04325,0.01212,0.04532,0.10225,0.05164,1.00214
data_Ri_HPPC/TC23LFP01_HPPC_ch_00.csv,TC23LFP01_HPPC_ch_00.csv,TC23LFP01,LFP,lithium-ion,,,charge_file,discharge,-1.0,0.80364,80.364,0.04337,0.01177,0.0454,0.10129,0.05087,1.00127
data_Ri_HPPC/TC23LFP01_HPPC_ch_00.csv,TC23LFP01_HPPC_ch_00.csv,TC23LFP01,LFP,lithium-ion,,,charge_file,discharge,-2.0,0.80364,80.364,0.0435,0.01185,0.0456,0.10161,0.05081,1.00215
data_Ri_HPPC/TC23LFP01_HPPC_ch_00.csv,TC23LFP01_HPPC_ch_00.csv,TC23LFP01,LFP,lithium-ion,,,charge_file,discharge,-3.0,0.80364,80.364,0.04359,0.01211,0.0457,0.10221,0.05071,1.0018
data_Ri_HPPC/TC23LFP01_HPPC_ch_00.csv,TC23LFP01_HPPC_ch_00.csv,TC23LFP01,LFP,lithium-ion,,,charge_file,charge,1.0,0.90409,90.40899999999999,0.0435,0.01056,0.04553,0.10009,0.05087,1.00018
data_Ri_HPPC/TC23LFP01_HPPC_ch_00.csv,TC23LFP01_HPPC_ch_00.csv,TC23LFP01,LFP,lithium-ion,,,charge_file,charge,2.0,0.90409,90.40899999999999,0.04331,0.01049,0.04528,0.10001,0.05056,1.00019
data_Ri_HPPC/TC23LFP01_HPPC_ch_00.csv,TC23LFP01_HPPC_ch_00.csv,TC23LFP01,LFP,lithium-ion,,,charge_file,charge,3.0,0.90409,90.40899999999999,0.04325,0.0105,0.04532,0.10023,0.05147,1.00041
data_Ri_HPPC/TC23LFP01_HPPC_ch_00.csv,TC23LFP01_HPPC_ch_00.csv,TC23LFP01,LFP,lithium-ion,,,charge_file,discharge,-1.0,0.90409,90.40899999999999,0.04352,0.01028,0.0454,0.1007,0.05075,1.00033
data_Ri_HPPC/TC23LFP01_HPPC_ch_00.csv,TC23LFP01_HPPC_ch_00.csv,TC23LFP01,LFP,lithium-ion,,,charge_file,discharge,-2.0,0.90409,90.40899999999999,0.04344,0.01068,0.04553,0.10007,0.05056,1.00052
data_Ri_HPPC/TC23LFP01_HPPC_ch_00.csv,TC23LFP01_HPPC_ch_00.csv,TC23LFP01,LFP,lithium-ion,,,charge_file,discharge,-3.0,0.90409,90.40899999999999,0.04342,0.01036,0.04562,0.10016,0.05049,1.00018
data_Ri_HPPC/TC23LFP01_HPPC_ch_00.csv,TC23LFP01_HPPC_ch_00.csv,TC23LFP01,LFP,lithium-ion,,,charge_file,charge,1.0,0.99443,99.443,0.04347,0.01085,0.0454,0.10044,0.05024,1.00049
data_Ri_HPPC/TC23LFP01_HPPC_ch_00.csv,TC23LFP01_HPPC_ch_00.csv,TC23LFP01,LFP,lithium-ion,,,charge_file,charge,2.0,0.99443,99.443,0.04324,0.01055,0.04515,0.10039,0.05018,1.0003
data_Ri_HPPC/TC23LFP01_HPPC_ch_00.csv,TC23LFP01_HPPC_ch_00.csv,TC23LFP01,LFP,lithium-ion,,,charge_file,charge,3.0,0.99443,99.443,0.0426,0.01046,0.04515,0.1005,0.05372,1.00048
data_Ri_HPPC/TC23LFP01_HPPC_ch_00.csv,TC23LFP01_HPPC_ch_00.csv,TC23LFP01,LFP,lithium-ion,,,charge_file,discharge,-1.0,0.99443,99.443,0.04299,0.01014,0.04516,0.1003,0.05049,1.00017
data_Ri_HPPC/TC23LFP01_HPPC_ch_00.csv,TC23LFP01_HPPC_ch_00.csv,TC23LFP01,LFP,lithium-ion,,,charge_file,discharge,-2.0,0.99443,99.443,0.04313,0.01036,0.0456,0.10034,0.05183,1.00019
data_Ri_HPPC/TC23LFP01_HPPC_ch_00.csv,TC23LFP01_HPPC_ch_00.csv,TC23LFP01,LFP,lithium-ion,,,charge_file,discharge,-3.0,0.99443,99.443,0.04248,0.01048,0.04613,0.10039,0.05592,1.00101
data_Ri_HPPC/TC23LFP01_HPPC_dis_00.csv,TC23LFP01_HPPC_dis_00.csv,TC23LFP01,LFP,lithium-ion,,,discharge_file,charge,1.0,0.00724,0.724,0.04349,0.02278,0.04523,0.11114,0.05075,1.00404
data_Ri_HPPC/TC23LFP01_HPPC_dis_00.csv,TC23LFP01_HPPC_dis_00.csv,TC23LFP01,LFP,lithium-ion,,,discharge_file,charge,2.0,0.00724,0.724,0.04338,0.02252,0.04501,0.11059,0.04979,1.00512
data_Ri_HPPC/TC23LFP01_HPPC_dis_00.csv,TC23LFP01_HPPC_dis_00.csv,TC23LFP01,LFP,lithium-ion,,,discharge_file,charge,3.0,0.00724,0.724,0.04328,0.02244,0.04481,0.11102,0.04977,1.00322
data_Ri_HPPC/TC23LFP01_HPPC_dis_00.csv,TC23LFP01_HPPC_dis_00.csv,TC23LFP01,LFP,lithium-ion,,,discharge_file,discharge,-1.0,0.00724,0.724,0.04336,0.02253,0.04557,0.11053,0.05253,1.00676
data_Ri_HPPC/TC23LFP01_HPPC_dis_00.csv,TC23LFP01_HPPC_dis_00.csv,TC23LFP01,LFP,lithium-ion,,,discharge_file,discharge,-2.0,0.00724,0.724,0.04335,0.02252,0.04557,0.11091,0.05202,1.00562
data_Ri_HPPC/TC23LFP01_HPPC_dis_00.csv,TC23LFP01_HPPC_dis_00.csv,TC23LFP01,LFP,lithium-ion,,,discharge_file,discharge,-3.0,0.00724,0.724,0.0428,0.02275,0.04639,0.11146,0.05749,1.00241
data_Ri_HPPC/TC23LFP01_HPPC_dis_00.csv,TC23LFP01_HPPC_dis_00.csv,TC23LFP01,LFP,lithium-ion,,,discharge_file,charge,1.0,0.11039,11.039,0.04374,0.02309,0.0454,0.11176,0.05049,1.00139
data_Ri_HPPC/TC23LFP01_HPPC_dis_00.csv,TC23LFP01_HPPC_dis_00.csv,TC23LFP01,LFP,lithium-ion,,,discharge_file,charge,2.0,0.11039,11.039,0.04348,0.02273,0.04521,0.11123,0.0503,1.00662
data_Ri_HPPC/TC23LFP01_HPPC_dis_00.csv,TC23LFP01_HPPC_dis_00.csv,TC23LFP01,LFP,lithium-ion,,,discharge_file,charge,3.0,0.11039,11.039,0.04344,0.02244,0.04515,0.11105,0.05011,1.00669
data_Ri_HPPC/TC23LFP01_HPPC_dis_00.csv,TC23LFP01_HPPC_dis_00.csv,TC23LFP01,LFP,lithium-ion,,,discharge_file,discharge,-1.0,0.11039,11.039,0.04341,0.0225,0.04529,0.11068,0.05011,1.00606
data_Ri_HPPC/TC23LFP01_HPPC_dis_00.csv,TC23LFP01_HPPC_dis_00.csv,TC23LFP01,LFP,lithium-ion,,,discharge_file,discharge,-2.0,0.11039,11.039,0.0436,0.02255,0.04536,0.11125,0.04992,1.00211
data_Ri_HPPC/TC23LFP01_HPPC_dis_00.csv,TC23LFP01_HPPC_dis_00.csv,TC23LFP01,LFP,lithium-ion,,,discharge_file,discharge,-3.0,0.11039,11.039,0.04371,0.02245,0.04546,0.10882,0.0499,1.0089
data_Ri_HPPC/TC23LFP01_HPPC_dis_00.csv,TC23LFP01_HPPC_dis_00.csv,TC23LFP01,LFP,lithium-ion,,,discharge_file,charge,1.0,0.21113,21.113,0.04363,0.02268,0.04566,0.1111,0.05126,1.00682
data_Ri_HPPC/TC23LFP01_HPPC_dis_00.csv,TC23LFP01_HPPC_dis_00.csv,TC23LFP01,LFP,lithium-ion,,,discharge_file,charge,2.0,0.21113,21.113,0.04362,0.02247,0.04553,0.11068,0.05107,1.00579
data_Ri_HPPC/TC23LFP01_HPPC_dis_00.csv,TC23LFP01_HPPC_dis_00.csv,TC23LFP01,LFP,lithium-ion,,,discharge_file,charge,3.0,0.21113,21.113,0.04358,0.02265,0.04545,0.11115,0.05075,1.0077
data_Ri_HPPC/TC23LFP01_HPPC_dis_00.csv,TC23LFP01_HPPC_dis_00.csv,TC23LFP01,LFP,lithium-ion,,,discharge_file,discharge,-1.0,0.21113,21.113,0.04362,0.02226,0.04566,0.11055,0.05088,1.00531
data_Ri_HPPC/TC23LFP01_HPPC_dis_00.csv,TC23LFP01_HPPC_dis_00.csv,TC23LFP01,LFP,lithium-ion,,,discharge_file,discharge,-2.0,0.21113,21.113,0.04375,0.0224,0.04566,0.11058,0.05068,1.00541
data_Ri_HPPC/TC23LFP01_HPPC_dis_00.csv,TC23LFP01_HPPC_dis_00.csv,TC23LFP01,LFP,lithium-ion,,,discharge_file,discharge,-3.0,0.21113,21.113,0.04388,0.02245,0.04583,0.11026,0.05062,1.00426
data_Ri_HPPC/TC23LFP01_HPPC_dis_00.csv,TC23LFP01_HPPC_dis_00.csv,TC23LFP01,LFP,lithium-ion,,,discharge_file,charge,1.0,0.31187,31.186999999999998,0.04363,0.01758,0.04604,0.10798,0.05227,1.00795
data_Ri_HPPC/TC23LFP01_HPPC_dis_00.csv,TC23LFP01_HPPC_dis_00.csv,TC23LFP01,LFP,lithium-ion,,,discharge_file,charge,2.0,0.31187,31.186999999999998,0.04381,0.02266,0.04585,0.11023,0.05177,1.00552
data_Ri_HPPC/TC23LFP01_HPPC_dis_00.csv,TC23LFP01_HPPC_dis_00.csv,TC23LFP01,LFP,lithium-ion,,,discharge_file,charge,3.0,0.31187,31.186999999999998,0.04371,0.02266,0.04575,0.11016,0.05143,1.0035
data_Ri_HPPC/TC23LFP01_HPPC_dis_00.csv,TC23LFP01_HPPC_dis_00.csv,TC23LFP01,LFP,lithium-ion,,,discharge_file,discharge,-1.0,0.31187,31.186999999999998,0.04375,0.0224,0.04592,0.11045,0.05176,1.00376
data_Ri_HPPC/TC23LFP01_HPPC_dis_00.csv,TC23LFP01_HPPC_dis_00.csv,TC23LFP01,LFP,lithium-ion,,,discharge_file,discharge,-2.0,0.31187,31.186999999999998,0.04395,0.0227,0.04604,0.11046,0.05151,1.00462
data_Ri_HPPC/TC23LFP01_HPPC_dis_00.csv,TC23LFP01_HPPC_dis_00.csv,TC23LFP01,LFP,lithium-ion,,,discharge_file,discharge,-3.0,0.31187,31.186999999999998,0.04405,0.02259,0.04617,0.11028,0.05143,1.00388
data_Ri_HPPC/TC23LFP01_HPPC_dis_00.csv,TC23LFP01_HPPC_dis_00.csv,TC23LFP01,LFP,lithium-ion,,,discharge_file,charge,1.0,0.41261,41.260999999999996,0.04413,0.02233,0.04617,0.10875,0.05215,1.00492
data_Ri_HPPC/TC23LFP01_HPPC_dis_00.csv,TC23LFP01_HPPC_dis_00.csv,TC23LFP01,LFP,lithium-ion,,,discharge_file,charge,2.0,0.41261,41.260999999999996,0.04363,0.01714,0.04604,0.10735,0.05196,1.00737
data_Ri_HPPC/TC23LFP01_HPPC_dis_00.csv,TC23LFP01_HPPC_dis_00.csv,TC23LFP01,LFP,lithium-ion,,,discharge_file,charge,3.0,0.41261,41.260999999999996,0.04392,0.02257,0.046,0.10893,0.05138,1.00303
data_Ri_HPPC/TC23LFP01_HPPC_dis_00.csv,TC23LFP01_HPPC_dis_00.csv,TC23LFP01,LFP,lithium-ion,,,discharge_file,discharge,-1.0,0.41261,41.260999999999996,0.04376,0.0169,0.04617,0.10681,0.05202,1.00755
data_Ri_HPPC/TC23LFP01_HPPC_dis_00.csv,TC23LFP01_HPPC_dis_00.csv,TC23LFP01,LFP,lithium-ion,,,discharge_file,discharge,-2.0,0.41261,41.260999999999996,0.04388,0.01736,0.04623,0.10747,0.05183,1.00718
data_Ri_HPPC/TC23LFP01_HPPC_dis_00.csv,TC23LFP01_HPPC_dis_00.csv,TC23LFP01,LFP,lithium-ion,,,discharge_file,discharge,-3.0,0.41261,41.260999999999996,0.04435,0.02248,0.04655,0.11116,0.0516,1.0058
data_Ri_HPPC/TC23LFP01_HPPC_dis_00.csv,TC23LFP01_HPPC_dis_00.csv,TC23LFP01,LFP,lithium-ion,,,discharge_file,charge,1.0,0.51336,51.336000000000006,0.04426,0.02177,0.0468,0.10755,0.05291,1.00962
data_Ri_HPPC/TC23LFP01_HPPC_dis_00.csv,TC23LFP01_HPPC_dis_00.csv,TC23LFP01,LFP,lithium-ion,,,discharge_file,charge,2.0,0.51336,51.336000000000006,0.04394,0.01779,0.04642,0.10771,0.05259,1.00763
data_Ri_HPPC/TC23LFP01_HPPC_dis_00.csv,TC23LFP01_HPPC_dis_00.csv,TC23LFP01,LFP,lithium-ion,,,discharge_file,charge,3.0,0.51336,51.336000000000006,0.04397,0.02246,0.04617,0.10773,0.05168,1.00569
data_Ri_HPPC/TC23LFP01_HPPC_dis_00.csv,TC23LFP01_HPPC_dis_00.csv,TC23LFP01,LFP,lithium-ion,,,discharge_file,discharge,-1.0,0.51336,51.336000000000006,0.044,0.01744,0.04668,0.1076,0.05304,1.00683
data_Ri_HPPC/TC23LFP01_HPPC_dis_00.csv,TC23LFP01_HPPC_dis_00.csv,TC23LFP01,LFP,lithium-ion,,,discharge_file,discharge,-2.0,0.51336,51.336000000000006,0.04433,0.02223,0.04681,0.10964,0.05259,1.0038
data_Ri_HPPC/TC23LFP01_HPPC_dis_00.csv,TC23LFP01_HPPC_dis_00.csv,TC23LFP01,LFP,lithium-ion,,,discharge_file,discharge,-3.0,0.51336,51.336000000000006,0.04439,0.02222,0.04672,0.10823,0.05227,1.0087
data_Ri_HPPC/TC23LFP01_HPPC_dis_00.csv,TC23LFP01_HPPC_dis_00.csv,TC23LFP01,LFP,lithium-ion,,,discharge_file,charge,1.0,0.6141,61.41,0.04452,0.02249,0.04719,0.11059,0.0538,1.00632
data_Ri_HPPC/TC23LFP01_HPPC_dis_00.csv,TC23LFP01_HPPC_dis_00.csv,TC23LFP01,LFP,lithium-ion,,,discharge_file,charge,2.0,0.6141,61.41,0.04433,0.02254,0.04693,0.1113,0.0531,1.00724
data_Ri_HPPC/TC23LFP01_HPPC_dis_00.csv,TC23LFP01_HPPC_dis_00.csv,TC23LFP01,LFP,lithium-ion,,,discharge_file,charge,3.0,0.6141,61.41,0.04431,0.02246,0.0468,0.11014,0.05257,1.00993
data_Ri_HPPC/TC23LFP01_HPPC_dis_00.csv,TC23LFP01_HPPC_dis_00.csv,TC23LFP01,LFP,lithium-ion,,,discharge_file,discharge,-1.0,0.6141,61.41,0.04452,0.02192,0.04706,0.11023,0.0538,1.00974
data_Ri_HPPC/TC23LFP01_HPPC_dis_00.csv,TC23LFP01_HPPC_dis_00.csv,TC23LFP01,LFP,lithium-ion,,,discharge_file,discharge,-2.0,0.6141,61.41,0.04465,0.02301,0.04738,0.1109,0.05374,1.00329
data_Ri_HPPC/TC23LFP01_HPPC_dis_00.csv,TC23LFP01_HPPC_dis_00.csv,TC23LFP01,LFP,lithium-ion,,,discharge_file,discharge,-3.0,0.6141,61.41,0.04473,0.02235,0.04744,0.11105,0.05363,1.00486
data_Ri_HPPC/TC23LFP01_HPPC_dis_00.csv,TC23LFP01_HPPC_dis_00.csv,TC23LFP01,LFP,lithium-ion,,,discharge_file,charge,1.0,0.71484,71.48400000000001,0.04414,0.016,0.04731,0.10608,0.05456,1.00593
data_Ri_HPPC/TC23LFP01_HPPC_dis_00.csv,TC23LFP01_HPPC_dis_00.csv,TC23LFP01,LFP,lithium-ion,,,discharge_file,charge,2.0,0.71484,71.48400000000001,0.04401,0.01616,0.04725,0.10583,0.05393,1.00599
data_Ri_HPPC/TC23LFP01_HPPC_dis_00.csv,TC23LFP01_HPPC_dis_00.csv,TC23LFP01,LFP,lithium-ion,,,discharge_file,charge,3.0,0.71484,71.48400000000001,0.04405,0.01622,0.04714,0.10659,0.05321,1.00629
data_Ri_HPPC/TC23LFP01_HPPC_dis_00.csv,TC23LFP01_HPPC_dis_00.csv,TC23LFP01,LFP,lithium-ion,,,discharge_file,discharge,-1.0,0.71484,71.48400000000001,0.04414,0.01606,0.04744,0.1058,0.05507,1.00581
data_Ri_HPPC/TC23LFP01_HPPC_dis_00.csv,TC23LFP01_HPPC_dis_00.csv,TC23LFP01,LFP,lithium-ion,,,discharge_file,discharge,-2.0,0.71484,71.48400000000001,0.04433,0.01612,0.04757,0.10615,0.05507,1.00607
data_Ri_HPPC/TC23LFP01_HPPC_dis_00.csv,TC23LFP01_HPPC_dis_00.csv,TC23LFP01,LFP,lithium-ion,,,discharge_file,discharge,-3.0,0.71484,71.48400000000001,0.04486,0.02171,0.04791,0.11007,0.0549,1.0079
data_Ri_HPPC/TC23LFP01_HPPC_dis_00.csv,TC23LFP01_HPPC_dis_00.csv,TC23LFP01,LFP,lithium-ion,,,discharge_file,charge,1.0,0.81558,81.55799999999999,0.04452,0.0157,0.04808,0.10553,0.05571,1.00619
data_Ri_HPPC/TC23LFP01_HPPC_dis_00.csv,TC23LFP01_HPPC_dis_00.csv,TC23LFP01,LFP,lithium-ion,,,discharge_file,charge,2.0,0.81558,81.55799999999999,0.04445,0.01598,0.04782,0.10578,0.05488,1.00621
data_Ri_HPPC/TC23LFP01_HPPC_dis_00.csv,TC23LFP01_HPPC_dis_00.csv,TC23LFP01,LFP,lithium-ion,,,discharge_file,charge,3.0,0.81558,81.55799999999999,0.04427,0.0162,0.04765,0.10658,0.05393,1.00649
data_Ri_HPPC/TC23LFP01_HPPC_dis_00.csv,TC23LFP01_HPPC_dis_00.csv,TC23LFP01,LFP,lithium-ion,,,discharge_file,discharge,-1.0,0.81558,81.55799999999999,0.04453,0.01618,0.04821,0.10575,0.05647,1.00592
data_Ri_HPPC/TC23LFP01_HPPC_dis_00.csv,TC23LFP01_HPPC_dis_00.csv,TC23LFP01,LFP,lithium-ion,,,discharge_file,discharge,-2.0,0.81558,81.55799999999999,0.04471,0.01612,0.0482,0.10601,0.05653,1.00577
data_Ri_HPPC/TC23LFP01_HPPC_dis_00.csv,TC23LFP01_HPPC_dis_00.csv,TC23LFP01,LFP,lithium-ion,,,discharge_file,discharge,-3.0,0.81558,81.55799999999999,0.04478,0.01608,0.04842,0.10617,0.05681,1.00597
data_Ri_HPPC/TC23LFP01_HPPC_dis_00.csv,TC23LFP01_HPPC_dis_00.csv,TC23LFP01,LFP,lithium-ion,,,discharge_file,charge,1.0,0.91633,91.633,0.04478,0.01645,0.04846,0.10605,0.0566,1.00598
data_Ri_HPPC/TC23LFP01_HPPC_dis_00.csv,TC23LFP01_HPPC_dis_00.csv,TC23LFP01,LFP,lithium-ion,,,discharge_file,charge,2.0,0.91633,91.633,0.04471,0.01644,0.0484,0.10627,0.05564,1.00584
data_Ri_HPPC/TC23LFP01_HPPC_dis_00.csv,TC23LFP01_HPPC_dis_00.csv,TC23LFP01,LFP,lithium-ion,,,discharge_file,charge,3.0,0.91633,91.633,0.0446,0.01617,0.0482,0.10616,0.05469,1.00617
data_Ri_HPPC/TC23LFP01_HPPC_dis_00.csv,TC23LFP01_HPPC_dis_00.csv,TC23LFP01,LFP,lithium-ion,,,discharge_file,discharge,-1.0,0.91633,91.633,0.04477,0.01609,0.04871,0.10603,0.05774,1.00609
data_Ri_HPPC/TC23LFP01_HPPC_dis_00.csv,TC23LFP01_HPPC_dis_00.csv,TC23LFP01,LFP,lithium-ion,,,discharge_file,discharge,-2.0,0.91633,91.633,0.04497,0.01593,0.04878,0.10619,0.05793,1.00622
data_Ri_HPPC/TC23LFP01_HPPC_dis_00.csv,TC23LFP01_HPPC_dis_00.csv,TC23LFP01,LFP,lithium-ion,,,discharge_file,discharge,-3.0,0.91633,91.633,0.04507,0.01631,0.04905,0.10619,0.05889,1.00601
data_Ri_HPPC/TC23LFP02_HPPC_ch_00.csv,TC23LFP02_HPPC_ch_00.csv,TC23LFP02,LFP,lithium-ion,,,charge_file,charge,1.0,0.0,0.0,0.06216,0.01615,0.07444,0.10595,0.08955,1.00592
data_Ri_HPPC/TC23LFP02_HPPC_ch_00.csv,TC23LFP02_HPPC_ch_00.csv,TC23LFP02,LFP,lithium-ion,,,charge_file,charge,2.0,0.0,0.0,0.06147,0.01618,0.07247,0.10564,0.0863,1.00569
data_Ri_HPPC/TC23LFP02_HPPC_ch_00.csv,TC23LFP02_HPPC_ch_00.csv,TC23LFP02,LFP,lithium-ion,,,charge_file,charge,3.0,0.0,0.0,0.06061,0.01614,0.07058,0.10649,0.0831,1.00665
data_Ri_HPPC/TC23LFP02_HPPC_ch_00.csv,TC23LFP02_HPPC_ch_00.csv,TC23LFP02,LFP,lithium-ion,,,charge_file,discharge,-1.0,0.0,0.0,0.06111,0.0159,0.07206,0.10579,0.08713,1.00605
data_Ri_HPPC/TC23LFP02_HPPC_ch_00.csv,TC23LFP02_HPPC_ch_00.csv,TC23LFP02,LFP,lithium-ion,,,charge_file,discharge,-2.0,0.0,0.0,0.05944,0.01556,0.06874,0.10613,0.08274,1.00596
data_Ri_HPPC/TC23LFP02_HPPC_ch_00.csv,TC23LFP02_HPPC_ch_00.csv,TC23LFP02,LFP,lithium-ion,,,charge_file,discharge,-3.0,0.0,0.0,0.05791,0.01607,0.06555,0.10566,0.07861,1.00601
data_Ri_HPPC/TC23LFP02_HPPC_ch_00.csv,TC23LFP02_HPPC_ch_00.csv,TC23LFP02,LFP,lithium-ion,,,charge_file,charge,1.0,0.10017,10.017,0.05788,0.02257,0.06233,0.11079,0.06894,1.00965
data_Ri_HPPC/TC23LFP02_HPPC_ch_00.csv,TC23LFP02_HPPC_ch_00.csv,TC23LFP02,LFP,lithium-ion,,,charge_file,charge,2.0,0.10017,10.017,0.05685,0.02222,0.06118,0.1106,0.06754,1.00332
data_Ri_HPPC/TC23LFP02_HPPC_ch_00.csv,TC23LFP02_HPPC_ch_00.csv,TC23LFP02,LFP,lithium-ion,,,charge_file,charge,3.0,0.10017,10.017,0.05604,0.02234,0.06016,0.11056,0.06674,1.00436
data_Ri_HPPC/TC23LFP02_HPPC_ch_00.csv,TC23LFP02_HPPC_ch_00.csv,TC23LFP02,LFP,lithium-ion,,,charge_file,discharge,-1.0,0.10017,10.017,0.05726,0.02249,0.06143,0.11121,0.06805,1.00694
data_Ri_HPPC/TC23LFP02_HPPC_ch_00.csv,TC23LFP02_HPPC_ch_00.csv,TC23LFP02,LFP,lithium-ion,,,charge_file,discharge,-2.0,0.10017,10.017,0.05624,0.02278,0.05991,0.1123,0.06602,1.00741
data_Ri_HPPC/TC23LFP02_HPPC_ch_00.csv,TC23LFP02_HPPC_ch_00.csv,TC23LFP02,LFP,lithium-ion,,,charge_file,discharge,-3.0,0.10017,10.017,0.0548,0.0225,0.05818,0.11062,0.06394,1.00505
data_Ri_HPPC/TC23LFP02_HPPC_ch_00.csv,TC23LFP02_HPPC_ch_00.csv,TC23LFP02,LFP,lithium-ion,,,charge_file,charge,1.0,0.20034,20.034,0.05724,0.02242,0.06156,0.11043,0.06843,1.00692
data_Ri_HPPC/TC23LFP02_HPPC_ch_00.csv,TC23LFP02_HPPC_ch_00.csv,TC23LFP02,LFP,lithium-ion,,,charge_file,charge,2.0,0.20034,20.034,0.05654,0.02222,0.06068,0.10998,0.06741,1.00271
data_Ri_HPPC/TC23LFP02_HPPC_ch_00.csv,TC23LFP02_HPPC_ch_00.csv,TC23LFP02,LFP,lithium-ion,,,charge_file,charge,3.0,0.20034,20.034,0.0558,0.02256,0.05974,0.11125,0.06648,1.00532
data_Ri_HPPC/TC23LFP02_HPPC_ch_00.csv,TC23LFP02_HPPC_ch_00.csv,TC23LFP02,LFP,lithium-ion,,,charge_file,discharge,-1.0,0.20034,20.034,0.05673,0.02243,0.0608,0.11131,0.06716,1.00562
data_Ri_HPPC/TC23LFP02_HPPC_ch_00.csv,TC23LFP02_HPPC_ch_00.csv,TC23LFP02,LFP,lithium-ion,,,charge_file,discharge,-2.0,0.20034,20.034,0.05584,0.02353,0.05908,0.1003,0.06506,1.00513
data_Ri_HPPC/TC23LFP02_HPPC_ch_00.csv,TC23LFP02_HPPC_ch_00.csv,TC23LFP02,LFP,lithium-ion,,,charge_file,discharge,-3.0,0.20034,20.034,0.05449,0.02254,0.05766,0.11097,0.06301,1.00895
data_Ri_HPPC/TC23LFP02_HPPC_ch_00.csv,TC23LFP02_HPPC_ch_00.csv,TC23LFP02,LFP,lithium-ion,,,charge_file,charge,1.0,0.30051,30.051,0.05685,0.0233,0.06093,0.11264,0.06741,1.0082
data_Ri_HPPC/TC23LFP02_HPPC_ch_00.csv,TC23LFP02_HPPC_ch_00.csv,TC23LFP02,LFP,lithium-ion,,,charge_file,charge,2.0,0.30051,30.051,0.0561,0.02289,0.06003,0.11251,0.06646,1.00888
data_Ri_HPPC/TC23LFP02_HPPC_ch_00.csv,TC23LFP02_HPPC_ch_00.csv,TC23LFP02,LFP,lithium-ion,,,charge_file,charge,3.0,0.30051,30.051,0.05533,0.02255,0.05915,0.1094,0.06585,1.00881
data_Ri_HPPC/TC23LFP02_HPPC_ch_00.csv,TC23LFP02_HPPC_ch_00.csv,TC23LFP02,LFP,lithium-ion,,,charge_file,discharge,-1.0,0.30051,30.051,0.05621,0.02266,0.06004,0.11213,0.06576,1.00487
data_Ri_HPPC/TC23LFP02_HPPC_ch_00.csv,TC23LFP02_HPPC_ch_00.csv,TC23LFP02,LFP,lithium-ion,,,charge_file,discharge,-2.0,0.30051,30.051,0.05527,0.02344,0.05857,0.11283,0.06379,1.00823
data_Ri_HPPC/TC23LFP02_HPPC_ch_00.csv,TC23LFP02_HPPC_ch_00.csv,TC23LFP02,LFP,lithium-ion,,,charge_file,discharge,-3.0,0.30051,30.051,0.05398,0.02311,0.05694,0.11236,0.06182,1.0072
data_Ri_HPPC/TC23LFP02_HPPC_ch_00.csv,TC23LFP02_HPPC_ch_00.csv,TC23LFP02,LFP,lithium-ion,,,charge_file,charge,1.0,0.40068,40.068,0.05649,0.02229,0.06055,0.11068,0.06716,1.00327
data_Ri_HPPC/TC23LFP02_HPPC_ch_00.csv,TC23LFP02_HPPC_ch_00.csv,TC23LFP02,LFP,lithium-ion,,,charge_file,charge,2.0,0.40068,40.068,0.05578,0.02235,0.05972,0.11035,0.06627,1.00394
data_Ri_HPPC/TC23LFP02_HPPC_ch_00.csv,TC23LFP02_HPPC_ch_00.csv,TC23LFP02,LFP,lithium-ion,,,charge_file,charge,3.0,0.40068,40.068,0.05512,0.02247,0.05906,0.11041,0.06619,1.00426
data_Ri_HPPC/TC23LFP02_HPPC_ch_00.csv,TC23LFP02_HPPC_ch_00.csv,TC23LFP02,LFP,lithium-ion,,,charge_file,discharge,-1.0,0.40068,40.068,0.05597,0.02212,0.05991,0.10863,0.06576,1.01069
data_Ri_HPPC/TC23LFP02_HPPC_ch_00.csv,TC23LFP02_HPPC_ch_00.csv,TC23LFP02,LFP,lithium-ion,,,charge_file,discharge,-2.0,0.40068,40.068,0.05495,0.02207,0.05832,0.11059,0.06366,1.01194
data_Ri_HPPC/TC23LFP02_HPPC_ch_00.csv,TC23LFP02_HPPC_ch_00.csv,TC23LFP02,LFP,lithium-ion,,,charge_file,discharge,-3.0,0.40068,40.068,0.05385,0.02256,0.05686,0.11041,0.06173,1.00668
data_Ri_HPPC/TC23LFP02_HPPC_ch_00.csv,TC23LFP02_HPPC_ch_00.csv,TC23LFP02,LFP,lithium-ion,,,charge_file,charge,1.0,0.50085,50.085,0.05661,0.02239,0.0608,0.1105,0.06741,1.00629
data_Ri_HPPC/TC23LFP02_HPPC_ch_00.csv,TC23LFP02_HPPC_ch_00.csv,TC23LFP02,LFP,lithium-ion,,,charge_file,charge,2.0,0.50085,50.085,0.05584,0.02294,0.05979,0.11135,0.0664,1.00522
data_Ri_HPPC/TC23LFP02_HPPC_ch_00.csv,TC23LFP02_HPPC_ch_00.csv,TC23LFP02,LFP,lithium-ion,,,charge_file,charge,3.0,0.50085,50.085,0.05529,0.023,0.05923,0.11231,0.06674,1.01048
data_Ri_HPPC/TC23LFP02_HPPC_ch_00.csv,TC23LFP02_HPPC_ch_00.csv,TC23LFP02,LFP,lithium-ion,,,charge_file,discharge,-1.0,0.50085,50.085,0.05609,0.02261,0.06003,0.11205,0.06589,1.00648
data_Ri_HPPC/TC23LFP02_HPPC_ch_00.csv,TC23LFP02_HPPC_ch_00.csv,TC23LFP02,LFP,lithium-ion,,,charge_file,discharge,-2.0,0.50085,50.085,0.05508,0.02294,0.05851,0.11248,0.06385,1.00975
data_Ri_HPPC/TC23LFP02_HPPC_ch_00.csv,TC23LFP02_HPPC_ch_00.csv,TC23LFP02,LFP,lithium-ion,,,charge_file,discharge,-3.0,0.50085,50.085,0.05381,0.02223,0.0569,0.11136,0.06182,1.00628
data_Ri_HPPC/TC23LFP02_HPPC_ch_00.csv,TC23LFP02_HPPC_ch_00.csv,TC23LFP02,LFP,lithium-ion,,,charge_file,charge,1.0,0.60102,60.102,0.05635,0.02236,0.06068,0.10956,0.06729,1.00676
data_Ri_HPPC/TC23LFP02_HPPC_ch_00.csv,TC23LFP02_HPPC_ch_00.csv,TC23LFP02,LFP,lithium-ion,,,charge_file,charge,2.0,0.60102,60.102,0.05578,0.02214,0.05979,0.10855,0.06652,1.01055
data_Ri_HPPC/TC23LFP02_HPPC_ch_00.csv,TC23LFP02_HPPC_ch_00.csv,TC23LFP02,LFP,lithium-ion,,,charge_file,charge,3.0,0.60102,60.102,0.05516,0.02229,0.05927,0.10996,0.06686,1.00535
data_Ri_HPPC/TC23LFP02_HPPC_ch_00.csv,TC23LFP02_HPPC_ch_00.csv,TC23LFP02,LFP,lithium-ion,,,charge_file,discharge,-1.0,0.60102,60.102,0.05635,0.02253,0.06016,0.1111,0.0664,1.0069
data_Ri_HPPC/TC23LFP02_HPPC_ch_00.csv,TC23LFP02_HPPC_ch_00.csv,TC23LFP02,LFP,lithium-ion,,,charge_file,discharge,-2.0,0.60102,60.102,0.05432,0.01776,0.05839,0.10733,0.0643,1.00759
data_Ri_HPPC/TC23LFP02_HPPC_ch_00.csv,TC23LFP02_HPPC_ch_00.csv,TC23LFP02,LFP,lithium-ion,,,charge_file,discharge,-3.0,0.60102,60.102,0.05381,0.02249,0.05698,0.11075,0.06229,1.00442
data_Ri_HPPC/TC23LFP02_HPPC_ch_00.csv,TC23LFP02_HPPC_ch_00.csv,TC23LFP02,LFP,lithium-ion,,,charge_file,charge,1.0,0.7012,70.12,0.05304,0.01203,0.05902,0.10175,0.06576,1.00167
data_Ri_HPPC/TC23LFP02_HPPC_ch_00.csv,TC23LFP02_HPPC_ch_00.csv,TC23LFP02,LFP,lithium-ion,,,charge_file,charge,2.0,0.7012,70.12,0.05248,0.01185,0.05819,0.10177,0.06481,1.00197
data_Ri_HPPC/TC23LFP02_HPPC_ch_00.csv,TC23LFP02_HPPC_ch_00.csv,TC23LFP02,LFP,lithium-ion,,,charge_file,charge,3.0,0.7012,70.12,0.05194,0.0116,0.05745,0.10207,0.06466,1.00163
data_Ri_HPPC/TC23LFP02_HPPC_ch_00.csv,TC23LFP02_HPPC_ch_00.csv,TC23LFP02,LFP,lithium-ion,,,charge_file,discharge,-1.0,0.7012,70.12,0.0524,0.01195,0.05787,0.1014,0.06424,1.00201
data_Ri_HPPC/TC23LFP02_HPPC_ch_00.csv,TC23LFP02_HPPC_ch_00.csv,TC23LFP02,LFP,lithium-ion,,,charge_file,discharge,-2.0,0.7012,70.12,0.05177,0.01206,0.0566,0.10186,0.06239,1.002
data_Ri_HPPC/TC23LFP02_HPPC_ch_00.csv,TC23LFP02_HPPC_ch_00.csv,TC23LFP02,LFP,lithium-ion,,,charge_file,discharge,-3.0,0.7012,70.12,0.05088,0.01117,0.05533,0.10074,0.06063,1.00139
data_Ri_HPPC/TC23LFP02_HPPC_ch_00.csv,TC23LFP02_HPPC_ch_00.csv,TC23LFP02,LFP,lithium-ion,,,charge_file,charge,1.0,0.79864,79.864,0.05266,0.01191,0.05851,0.10161,0.06474,1.00189
data_Ri_HPPC/TC23LFP02_HPPC_ch_00.csv,TC23LFP02_HPPC_ch_00.csv,TC23LFP02,LFP,lithium-ion,,,charge_file,charge,2.0,0.79864,79.864,0.05203,0.01104,0.05775,0.10183,0.06411,1.00196
data_Ri_HPPC/TC23LFP02_HPPC_ch_00.csv,TC23LFP02_HPPC_ch_00.csv,TC23LFP02,LFP,lithium-ion,,,charge_file,charge,3.0,0.79864,79.864,0.05182,0.01184,0.05711,0.10182,0.06424,1.00228
data_Ri_HPPC/TC23LFP02_HPPC_ch_00.csv,TC23LFP02_HPPC_ch_00.csv,TC23LFP02,LFP,lithium-ion,,,charge_file,discharge,-1.0,0.79864,79.864,0.0524,0.01229,0.05762,0.10227,0.06347,1.00134
data_Ri_HPPC/TC23LFP02_HPPC_ch_00.csv,TC23LFP02_HPPC_ch_00.csv,TC23LFP02,LFP,lithium-ion,,,charge_file,discharge,-2.0,0.79864,79.864,0.05171,0.01159,0.05635,0.10173,0.06182,1.00177
data_Ri_HPPC/TC23LFP02_HPPC_ch_00.csv,TC23LFP02_HPPC_ch_00.csv,TC23LFP02,LFP,lithium-ion,,,charge_file,discharge,-3.0,0.79864,79.864,0.05105,0.01207,0.05508,0.10163,0.06012,1.0018
data_Ri_HPPC/TC23LFP02_HPPC_ch_00.csv,TC23LFP02_HPPC_ch_00.csv,TC23LFP02,LFP,lithium-ion,,,charge_file,charge,1.0,0.89538,89.538,0.05217,0.01032,0.05838,0.10017,0.06436,1.00029
data_Ri_HPPC/TC23LFP02_HPPC_ch_00.csv,TC23LFP02_HPPC_ch_00.csv,TC23LFP02,LFP,lithium-ion,,,charge_file,charge,2.0,0.89538,89.538,0.05177,0.01042,0.05762,0.10056,0.06366,1.00059
data_Ri_HPPC/TC23LFP02_HPPC_ch_00.csv,TC23LFP02_HPPC_ch_00.csv,TC23LFP02,LFP,lithium-ion,,,charge_file,charge,3.0,0.89538,89.538,0.05144,0.01048,0.05712,0.10068,0.06407,1.00089
data_Ri_HPPC/TC23LFP02_HPPC_ch_00.csv,TC23LFP02_HPPC_ch_00.csv,TC23LFP02,LFP,lithium-ion,,,charge_file,discharge,-1.0,0.89538,89.538,0.05177,0.0104,0.05736,0.10029,0.06309,1.00042
data_Ri_HPPC/TC23LFP02_HPPC_ch_00.csv,TC23LFP02_HPPC_ch_00.csv,TC23LFP02,LFP,lithium-ion,,,charge_file,discharge,-2.0,0.89538,89.538,0.05133,0.01066,0.05616,0.10009,0.06144,1.00039
data_Ri_HPPC/TC23LFP02_HPPC_ch_00.csv,TC23LFP02_HPPC_ch_00.csv,TC23LFP02,LFP,lithium-ion,,,charge_file,discharge,-3.0,0.89538,89.538,0.05051,0.01,0.05503,0.10033,0.06,1.00027
data_Ri_HPPC/TC23LFP02_HPPC_ch_00.csv,TC23LFP02_HPPC_ch_00.csv,TC23LFP02,LFP,lithium-ion,,,charge_file,charge,1.0,0.99173,99.173,0.05229,0.01051,0.05825,0.10041,0.06385,1.00024
data_Ri_HPPC/TC23LFP02_HPPC_ch_00.csv,TC23LFP02_HPPC_ch_00.csv,TC23LFP02,LFP,lithium-ion,,,charge_file,charge,2.0,0.99173,99.173,0.05178,0.01038,0.05737,0.1005,0.06309,1.00033
data_Ri_HPPC/TC23LFP02_HPPC_ch_00.csv,TC23LFP02_HPPC_ch_00.csv,TC23LFP02,LFP,lithium-ion,,,charge_file,charge,3.0,0.99173,99.173,0.05122,0.011,0.05664,0.10027,0.06496,1.00026
data_Ri_HPPC/TC23LFP02_HPPC_ch_00.csv,TC23LFP02_HPPC_ch_00.csv,TC23LFP02,LFP,lithium-ion,,,charge_file,discharge,-1.0,0.99173,99.173,0.05177,0.01048,0.05724,0.10025,0.06284,1.00023
data_Ri_HPPC/TC23LFP02_HPPC_ch_00.csv,TC23LFP02_HPPC_ch_00.csv,TC23LFP02,LFP,lithium-ion,,,charge_file,discharge,-2.0,0.99173,99.173,0.05121,0.01032,0.05616,0.10002,0.06201,1.00025
data_Ri_HPPC/TC23LFP02_HPPC_ch_00.csv,TC23LFP02_HPPC_ch_00.csv,TC23LFP02,LFP,lithium-ion,,,charge_file,discharge,-3.0,0.99173,99.173,0.05055,0.01037,0.05541,0.10046,0.06207,1.00031
data_Ri_HPPC/TC23LFP02_HPPC_dis_00.csv,TC23LFP02_HPPC_dis_00.csv,TC23LFP02,LFP,lithium-ion,,,discharge_file,charge,1.0,0.00718,0.718,0.05463,0.02251,0.05841,0.11244,0.065,1.00886
data_Ri_HPPC/TC23LFP02_HPPC_dis_00.csv,TC23LFP02_HPPC_dis_00.csv,TC23LFP02,LFP,lithium-ion,,,discharge_file,charge,2.0,0.00718,0.718,0.05405,0.02286,0.0574,0.11095,0.06322,1.0072
data_Ri_HPPC/TC23LFP02_HPPC_dis_00.csv,TC23LFP02_HPPC_dis_00.csv,TC23LFP02,LFP,lithium-ion,,,discharge_file,charge,3.0,0.00718,0.718,0.05329,0.02361,0.05664,0.11223,0.06398,1.0053
data_Ri_HPPC/TC23LFP02_HPPC_dis_00.csv,TC23LFP02_HPPC_dis_00.csv,TC23LFP02,LFP,lithium-ion,,,discharge_file,discharge,-1.0,0.00718,0.718,0.05396,0.0222,0.05766,0.1104,0.06513,1.01012
data_Ri_HPPC/TC23LFP02_HPPC_dis_00.csv,TC23LFP02_HPPC_dis_00.csv,TC23LFP02,LFP,lithium-ion,,,discharge_file,discharge,-2.0,0.00718,0.718,0.05312,0.02245,0.05652,0.11095,0.06334,1.00688
data_Ri_HPPC/TC23LFP02_HPPC_dis_00.csv,TC23LFP02_HPPC_dis_00.csv,TC23LFP02,LFP,lithium-ion,,,discharge_file,discharge,-3.0,0.00718,0.718,0.05264,0.02384,0.05738,0.10056,0.07627,1.00518
data_Ri_HPPC/TC23LFP02_HPPC_dis_00.csv,TC23LFP02_HPPC_dis_00.csv,TC23LFP02,LFP,lithium-ion,,,discharge_file,charge,1.0,0.11241,11.241,0.05481,0.02247,0.05863,0.11103,0.06424,1.0061
data_Ri_HPPC/TC23LFP02_HPPC_dis_00.csv,TC23LFP02_HPPC_dis_00.csv,TC23LFP02,LFP,lithium-ion,,,discharge_file,charge,2.0,0.11241,11.241,0.05416,0.02247,0.05768,0.11028,0.06322,1.00735
data_Ri_HPPC/TC23LFP02_HPPC_dis_00.csv,TC23LFP02_HPPC_dis_00.csv,TC23LFP02,LFP,lithium-ion,,,discharge_file,charge,3.0,0.11241,11.241,0.0535,0.02263,0.05681,0.11116,0.06237,1.00599
data_Ri_HPPC/TC23LFP02_HPPC_dis_00.csv,TC23LFP02_HPPC_dis_00.csv,TC23LFP02,LFP,lithium-ion,,,discharge_file,discharge,-1.0,0.11241,11.241,0.05411,0.02286,0.05738,0.11086,0.06284,1.00594
data_Ri_HPPC/TC23LFP02_HPPC_dis_00.csv,TC23LFP02_HPPC_dis_00.csv,TC23LFP02,LFP,lithium-ion,,,discharge_file,discharge,-2.0,0.11241,11.241,0.05296,0.02258,0.05605,0.11123,0.06106,1.00564
data_Ri_HPPC/TC23LFP02_HPPC_dis_00.csv,TC23LFP02_HPPC_dis_00.csv,TC23LFP02,LFP,lithium-ion,,,discharge_file,discharge,-3.0,0.11241,11.241,0.05271,0.02229,0.05568,0.11066,0.06063,1.00874
data_Ri_HPPC/TC23LFP02_HPPC_dis_00.csv,TC23LFP02_HPPC_dis_00.csv,TC23LFP02,LFP,lithium-ion,,,discharge_file,charge,1.0,0.21269,21.269,0.05508,0.02285,0.05902,0.11141,0.06525,1.00873
data_Ri_HPPC/TC23LFP02_HPPC_dis_00.csv,TC23LFP02_HPPC_dis_00.csv,TC23LFP02,LFP,lithium-ion,,,discharge_file,charge,2.0,0.21269,21.269,0.05438,0.02261,0.05813,0.11072,0.06398,1.00667
data_Ri_HPPC/TC23LFP02_HPPC_dis_00.csv,TC23LFP02_HPPC_dis_00.csv,TC23LFP02,LFP,lithium-ion,,,discharge_file,charge,3.0,0.21269,21.269,0.0536,0.02199,0.05715,0.11026,0.06296,1.00534
data_Ri_HPPC/TC23LFP02_HPPC_dis_00.csv,TC23LFP02_HPPC_dis_00.csv,TC23LFP02,LFP,lithium-ion,,,discharge_file,discharge,-1.0,0.21269,21.269,0.05419,0.02308,0.058,0.11186,0.06398,1.0028
data_Ri_HPPC/TC23LFP02_HPPC_dis_00.csv,TC23LFP02_HPPC_dis_00.csv,TC23LFP02,LFP,lithium-ion,,,discharge_file,discharge,-2.0,0.21269,21.269,0.05324,0.02283,0.05648,0.11075,0.06201,1.00702
data_Ri_HPPC/TC23LFP02_HPPC_dis_00.csv,TC23LFP02_HPPC_dis_00.csv,TC23LFP02,LFP,lithium-ion,,,discharge_file,discharge,-3.0,0.21269,21.269,0.053,0.02251,0.05622,0.1109,0.06156,1.00344
data_Ri_HPPC/TC23LFP02_HPPC_dis_00.csv,TC23LFP02_HPPC_dis_00.csv,TC23LFP02,LFP,lithium-ion,,,discharge_file,charge,1.0,0.31297,31.297000000000004,0.05546,0.02248,0.05979,0.11033,0.0664,1.01086
data_Ri_HPPC/TC23LFP02_HPPC_dis_00.csv,TC23LFP02_HPPC_dis_00.csv,TC23LFP02,LFP,lithium-ion,,,discharge_file,charge,2.0,0.31297,31.297000000000004,0.05489,0.02254,0.05883,0.10977,0.06519,1.00717
data_Ri_HPPC/TC23LFP02_HPPC_dis_00.csv,TC23LFP02_HPPC_dis_00.csv,TC23LFP02,LFP,lithium-ion,,,discharge_file,charge,3.0,0.31297,31.297000000000004,0.05406,0.02272,0.0577,0.10995,0.06407,1.00251
data_Ri_HPPC/TC23LFP02_HPPC_dis_00.csv,TC23LFP02_HPPC_dis_00.csv,TC23LFP02,LFP,lithium-ion,,,discharge_file,discharge,-1.0,0.31297,31.297000000000004,0.05432,0.02227,0.05851,0.11064,0.065,1.00363
data_Ri_HPPC/TC23LFP02_HPPC_dis_00.csv,TC23LFP02_HPPC_dis_00.csv,TC23LFP02,LFP,lithium-ion,,,discharge_file,discharge,-2.0,0.31297,31.297000000000004,0.05355,0.02258,0.05711,0.11001,0.06309,1.00287
data_Ri_HPPC/TC23LFP02_HPPC_dis_00.csv,TC23LFP02_HPPC_dis_00.csv,TC23LFP02,LFP,lithium-ion,,,discharge_file,discharge,-3.0,0.31297,31.297000000000004,0.05338,0.02298,0.05677,0.11074,0.06245,1.0034
data_Ri_HPPC/TC23LFP02_HPPC_dis_00.csv,TC23LFP02_HPPC_dis_00.csv,TC23LFP02,LFP,lithium-ion,,,discharge_file,charge,1.0,0.41325,41.325,0.05622,0.02372,0.06017,0.10934,0.06653,1.00866
data_Ri_HPPC/TC23LFP02_HPPC_dis_00.csv,TC23LFP02_HPPC_dis_00.csv,TC23LFP02,LFP,lithium-ion,,,discharge_file,charge,2.0,0.41325,41.325,0.05534,0.02179,0.05921,0.10659,0.06557,1.01004
data_Ri_HPPC/TC23LFP02_HPPC_dis_00.csv,TC23LFP02_HPPC_dis_00.csv,TC23LFP02,LFP,lithium-ion,,,discharge_file,charge,3.0,0.41325,41.325,0.05444,0.02166,0.05821,0.1073,0.06436,1.01041
data_Ri_HPPC/TC23LFP02_HPPC_dis_00.csv,TC23LFP02_HPPC_dis_00.csv,TC23LFP02,LFP,lithium-ion,,,discharge_file,discharge,-1.0,0.41325,41.325,0.05457,0.01754,0.05914,0.10743,0.06513,1.00779
data_Ri_HPPC/TC23LFP02_HPPC_dis_00.csv,TC23LFP02_HPPC_dis_00.csv,TC23LFP02,LFP,lithium-ion,,,discharge_file,discharge,-2.0,0.41325,41.325,0.05444,0.02207,0.05781,0.10683,0.06303,1.00817
data_Ri_HPPC/TC23LFP02_HPPC_dis_00.csv,TC23LFP02_HPPC_dis_00.csv,TC23LFP02,LFP,lithium-ion,,,discharge_file,discharge,-3.0,0.41325,41.325,0.05364,0.02238,0.05677,0.10995,0.06186,1.0057
data_Ri_HPPC/TC23LFP02_HPPC_dis_00.csv,TC23LFP02_HPPC_dis_00.csv,TC23LFP02,LFP,lithium-ion,,,discharge_file,charge,1.0,0.51354,51.354,0.05648,0.02132,0.0608,0.10661,0.06741,1.00891
data_Ri_HPPC/TC23LFP02_HPPC_dis_00.csv,TC23LFP02_HPPC_dis_00.csv,TC23LFP02,LFP,lithium-ion,,,discharge_file,charge,2.0,0.51354,51.354,0.05584,0.02223,0.05991,0.10733,0.06627,1.00311
data_Ri_HPPC/TC23LFP02_HPPC_dis_00.csv,TC23LFP02_HPPC_dis_00.csv,TC23LFP02,LFP,lithium-ion,,,discharge_file,charge,3.0,0.51354,51.354,0.05432,0.02215,0.05792,0.10729,0.06402,1.00683
data_Ri_HPPC/TC23LFP02_HPPC_dis_00.csv,TC23LFP02_HPPC_dis_00.csv,TC23LFP02,LFP,lithium-ion,,,discharge_file,discharge,-1.0,0.51354,51.354,0.0561,0.02197,0.05991,0.10741,0.06563,1.01114
data_Ri_HPPC/TC23LFP02_HPPC_dis_00.csv,TC23LFP02_HPPC_dis_00.csv,TC23LFP02,LFP,lithium-ion,,,discharge_file,discharge,-2.0,0.51354,51.354,0.05482,0.02215,0.05832,0.10899,0.06366,1.00568
data_Ri_HPPC/TC23LFP02_HPPC_dis_00.csv,TC23LFP02_HPPC_dis_00.csv,TC23LFP02,LFP,lithium-ion,,,discharge_file,discharge,-3.0,0.51354,51.354,0.05343,0.0219,0.05656,0.10804,0.0619,1.00522
data_Ri_HPPC/TC23LFP02_HPPC_dis_00.csv,TC23LFP02_HPPC_dis_00.csv,TC23LFP02,LFP,lithium-ion,,,discharge_file,charge,1.0,0.61382,61.382000000000005,0.05724,0.02268,0.06157,0.11076,0.06831,1.00603
data_Ri_HPPC/TC23LFP02_HPPC_dis_00.csv,TC23LFP02_HPPC_dis_00.csv,TC23LFP02,LFP,lithium-ion,,,discharge_file,charge,2.0,0.61382,61.382000000000005,0.05635,0.02288,0.06061,0.11262,0.06722,1.00601
data_Ri_HPPC/TC23LFP02_HPPC_dis_00.csv,TC23LFP02_HPPC_dis_00.csv,TC23LFP02,LFP,lithium-ion,,,discharge_file,charge,3.0,0.61382,61.382000000000005,0.0555,0.02276,0.05948,0.10961,0.06597,1.01052
data_Ri_HPPC/TC23LFP02_HPPC_dis_00.csv,TC23LFP02_HPPC_dis_00.csv,TC23LFP02,LFP,lithium-ion,,,discharge_file,discharge,-1.0,0.61382,61.382000000000005,0.05648,0.02258,0.06054,0.11101,0.06665,1.00187
data_Ri_HPPC/TC23LFP02_HPPC_dis_00.csv,TC23LFP02_HPPC_dis_00.csv,TC23LFP02,LFP,lithium-ion,,,discharge_file,discharge,-2.0,0.61382,61.382000000000005,0.05553,0.02298,0.05915,0.1109,0.06506,1.00484
data_Ri_HPPC/TC23LFP02_HPPC_dis_00.csv,TC23LFP02_HPPC_dis_00.csv,TC23LFP02,LFP,lithium-ion,,,discharge_file,discharge,-3.0,0.61382,61.382000000000005,0.05449,0.02241,0.05796,0.11017,0.06385,1.00365
data_Ri_HPPC/TC23LFP02_HPPC_dis_00.csv,TC23LFP02_HPPC_dis_00.csv,TC23LFP02,LFP,lithium-ion,,,discharge_file,charge,1.0,0.7141,71.41,0.05584,0.01578,0.06182,0.10578,0.06932,1.00595
data_Ri_HPPC/TC23LFP02_HPPC_dis_00.csv,TC23LFP02_HPPC_dis_00.csv,TC23LFP02,LFP,lithium-ion,,,discharge_file,charge,2.0,0.7141,71.41,0.05546,0.01614,0.06093,0.10596,0.06824,1.00613
data_Ri_HPPC/TC23LFP02_HPPC_dis_00.csv,TC23LFP02_HPPC_dis_00.csv,TC23LFP02,LFP,lithium-ion,,,discharge_file,charge,3.0,0.7141,71.41,0.0547,0.01654,0.05974,0.10642,0.06678,1.00678
data_Ri_HPPC/TC23LFP02_HPPC_dis_00.csv,TC23LFP02_HPPC_dis_00.csv,TC23LFP02,LFP,lithium-ion,,,discharge_file,discharge,-1.0,0.7141,71.41,0.05546,0.01594,0.06092,0.10605,0.06831,1.00623
data_Ri_HPPC/TC23LFP02_HPPC_dis_00.csv,TC23LFP02_HPPC_dis_00.csv,TC23LFP02,LFP,lithium-ion,,,discharge_file,discharge,-2.0,0.7141,71.41,0.0547,0.01621,0.05953,0.10618,0.06665,1.00555
data_Ri_HPPC/TC23LFP02_HPPC_dis_00.csv,TC23LFP02_HPPC_dis_00.csv,TC23LFP02,LFP,lithium-ion,,,discharge_file,discharge,-3.0,0.7141,71.41,0.05478,0.02247,0.05843,0.10975,0.06517,1.00902
data_Ri_HPPC/TC23LFP02_HPPC_dis_00.csv,TC23LFP02_HPPC_dis_00.csv,TC23LFP02,LFP,lithium-ion,,,discharge_file,charge,1.0,0.81438,81.438,0.05624,0.01601,0.06258,0.106,0.07047,1.00586
data_Ri_HPPC/TC23LFP02_HPPC_dis_00.csv,TC23LFP02_HPPC_dis_00.csv,TC23LFP02,LFP,lithium-ion,,,discharge_file,charge,2.0,0.81438,81.438,0.05591,0.0162,0.06163,0.10596,0.06932,1.00614
data_Ri_HPPC/TC23LFP02_HPPC_dis_00.csv,TC23LFP02_HPPC_dis_00.csv,TC23LFP02,LFP,lithium-ion,,,discharge_file,charge,3.0,0.81438,81.438,0.05504,0.01614,0.06042,0.10609,0.0678,1.00587
data_Ri_HPPC/TC23LFP02_HPPC_dis_00.csv,TC23LFP02_HPPC_dis_00.csv,TC23LFP02,LFP,lithium-ion,,,discharge_file,discharge,-1.0,0.81438,81.438,0.05584,0.01617,0.06144,0.10547,0.06945,1.00631
data_Ri_HPPC/TC23LFP02_HPPC_dis_00.csv,TC23LFP02_HPPC_dis_00.csv,TC23LFP02,LFP,lithium-ion,,,discharge_file,discharge,-2.0,0.81438,81.438,0.05515,0.01626,0.06016,0.10584,0.06811,1.00578
data_Ri_HPPC/TC23LFP02_HPPC_dis_00.csv,TC23LFP02_HPPC_dis_00.csv,TC23LFP02,LFP,lithium-ion,,,discharge_file,discharge,-3.0,0.81438,81.438,0.0541,0.01609,0.05889,0.10582,0.06686,1.00588
data_Ri_HPPC/TC23LFP02_HPPC_dis_00.csv,TC23LFP02_HPPC_dis_00.csv,TC23LFP02,LFP,lithium-ion,,,discharge_file,charge,1.0,0.91466,91.46600000000001,0.05673,0.01619,0.06309,0.10575,0.07098,1.00599
data_Ri_HPPC/TC23LFP02_HPPC_dis_00.csv,TC23LFP02_HPPC_dis_00.csv,TC23LFP02,LFP,lithium-ion,,,discharge_file,charge,2.0,0.91466,91.46600000000001,0.05616,0.01653,0.06201,0.1059,0.06964,1.0062
data_Ri_HPPC/TC23LFP02_HPPC_dis_00.csv,TC23LFP02_HPPC_dis_00.csv,TC23LFP02,LFP,lithium-ion,,,discharge_file,charge,3.0,0.91466,91.46600000000001,0.05521,0.01617,0.06089,0.10619,0.06818,1.00614
data_Ri_HPPC/TC23LFP02_HPPC_dis_00.csv,TC23LFP02_HPPC_dis_00.csv,TC23LFP02,LFP,lithium-ion,,,discharge_file,discharge,-1.0,0.91466,91.46600000000001,0.05622,0.01638,0.06194,0.10574,0.07021,1.00576
data_Ri_HPPC/TC23LFP02_HPPC_dis_00.csv,TC23LFP02_HPPC_dis_00.csv,TC23LFP02,LFP,lithium-ion,,,discharge_file,discharge,-2.0,0.91466,91.46600000000001,0.05533,0.01645,0.06048,0.10592,0.06875,1.00606
data_Ri_HPPC/TC23LFP02_HPPC_dis_00.csv,TC23LFP02_HPPC_dis_00.csv,TC23LFP02,LFP,lithium-ion,,,discharge_file,discharge,-3.0,0.91466,91.46600000000001,0.05436,0.01631,0.05936,0.10617,0.0686,1.00598
data_Ri_HPPC/TC23LFP03_HPPC_ch_00.csv,TC23LFP03_HPPC_ch_00.csv,TC23LFP03,LFP,lithium-ion,,,charge_file,charge,1.0,0.0,0.0,0.08099,0.02279,0.09546,0.11174,0.11704,1.00327
data_Ri_HPPC/TC23LFP03_HPPC_ch_00.csv,TC23LFP03_HPPC_ch_00.csv,TC23LFP03,LFP,lithium-ion,,,charge_file,charge,2.0,0.0,0.0,0.07846,0.02297,0.08985,0.11149,0.1082,1.00494
data_Ri_HPPC/TC23LFP03_HPPC_ch_00.csv,TC23LFP03_HPPC_ch_00.csv,TC23LFP03,LFP,lithium-ion,,,charge_file,charge,3.0,0.0,0.0,0.07546,0.02256,0.08531,0.11005,0.10097,1.00226
data_Ri_HPPC/TC23LFP03_HPPC_ch_00.csv,TC23LFP03_HPPC_ch_00.csv,TC23LFP03,LFP,lithium-ion,,,charge_file,discharge,-1.0,0.0,0.0,0.0793,0.02221,0.09224,0.11008,0.11488,1.00943
data_Ri_HPPC/TC23LFP03_HPPC_ch_00.csv,TC23LFP03_HPPC_ch_00.csv,TC23LFP03,LFP,lithium-ion,,,charge_file,discharge,-2.0,0.0,0.0,0.07551,0.02229,0.08562,0.11103,0.10559,1.00522
data_Ri_HPPC/TC23LFP03_HPPC_ch_00.csv,TC23LFP03_HPPC_ch_00.csv,TC23LFP03,LFP,lithium-ion,,,charge_file,discharge,-3.0,0.0,0.0,0.07189,0.02237,0.08014,0.11038,0.09803,1.00507
data_Ri_HPPC/TC23LFP03_HPPC_ch_00.csv,TC23LFP03_HPPC_ch_00.csv,TC23LFP03,LFP,lithium-ion,,,charge_file,charge,1.0,0.10053,10.052999999999999,0.07087,0.02291,0.07646,0.11039,0.08524,1.00531
data_Ri_HPPC/TC23LFP03_HPPC_ch_00.csv,TC23LFP03_HPPC_ch_00.csv,TC23LFP03,LFP,lithium-ion,,,charge_file,charge,2.0,0.10053,10.052999999999999,0.06882,0.02223,0.07391,0.11062,0.08199,1.01085
data_Ri_HPPC/TC23LFP03_HPPC_ch_00.csv,TC23LFP03_HPPC_ch_00.csv,TC23LFP03,LFP,lithium-ion,,,charge_file,charge,3.0,0.10053,10.052999999999999,0.0669,0.02295,0.07183,0.11273,0.08019,1.00703
data_Ri_HPPC/TC23LFP03_HPPC_ch_00.csv,TC23LFP03_HPPC_ch_00.csv,TC23LFP03,LFP,lithium-ion,,,charge_file,discharge,-1.0,0.10053,10.052999999999999,0.07061,0.02212,0.07619,0.10775,0.08562,1.00371
data_Ri_HPPC/TC23LFP03_HPPC_ch_00.csv,TC23LFP03_HPPC_ch_00.csv,TC23LFP03,LFP,lithium-ion,,,charge_file,discharge,-2.0,0.10053,10.052999999999999,0.06828,0.02235,0.07309,0.11045,0.0818,1.00415
data_Ri_HPPC/TC23LFP03_HPPC_ch_00.csv,TC23LFP03_HPPC_ch_00.csv,TC23LFP03,LFP,lithium-ion,,,charge_file,discharge,-3.0,0.10053,10.052999999999999,0.06575,0.0223,0.07002,0.11101,0.07807,1.0059
data_Ri_HPPC/TC23LFP03_HPPC_ch_00.csv,TC23LFP03_HPPC_ch_00.csv,TC23LFP03,LFP,lithium-ion,,,charge_file,charge,1.0,0.20105,20.105,0.06921,0.01759,0.07633,0.10742,0.08651,1.00748
data_Ri_HPPC/TC23LFP03_HPPC_ch_00.csv,TC23LFP03_HPPC_ch_00.csv,TC23LFP03,LFP,lithium-ion,,,charge_file,charge,2.0,0.20105,20.105,0.06832,0.02188,0.07366,0.10823,0.08269,1.00503
data_Ri_HPPC/TC23LFP03_HPPC_ch_00.csv,TC23LFP03_HPPC_ch_00.csv,TC23LFP03,LFP,lithium-ion,,,charge_file,charge,3.0,0.20105,20.105,0.06582,0.01794,0.07154,0.10749,0.08049,1.0077
data_Ri_HPPC/TC23LFP03_HPPC_ch_00.csv,TC23LFP03_HPPC_ch_00.csv,TC23LFP03,LFP,lithium-ion,,,charge_file,discharge,-1.0,0.20105,20.105,0.06908,0.01711,0.07632,0.1076,0.086,1.00745
data_Ri_HPPC/TC23LFP03_HPPC_ch_00.csv,TC23LFP03_HPPC_ch_00.csv,TC23LFP03,LFP,lithium-ion,,,charge_file,discharge,-2.0,0.20105,20.105,0.06584,0.0173,0.07137,0.10744,0.07983,1.00729
data_Ri_HPPC/TC23LFP03_HPPC_ch_00.csv,TC23LFP03_HPPC_ch_00.csv,TC23LFP03,LFP,lithium-ion,,,charge_file,discharge,-3.0,0.20105,20.105,0.06497,0.01752,0.06988,0.10726,0.0779,1.00755
data_Ri_HPPC/TC23LFP03_HPPC_ch_00.csv,TC23LFP03_HPPC_ch_00.csv,TC23LFP03,LFP,lithium-ion,,,charge_file,charge,1.0,0.30158,30.158,0.07073,0.02281,0.07671,0.1121,0.086,1.00761
data_Ri_HPPC/TC23LFP03_HPPC_ch_00.csv,TC23LFP03_HPPC_ch_00.csv,TC23LFP03,LFP,lithium-ion,,,charge_file,charge,2.0,0.30158,30.158,0.06845,0.02189,0.07385,0.10997,0.08256,1.00633
data_Ri_HPPC/TC23LFP03_HPPC_ch_00.csv,TC23LFP03_HPPC_ch_00.csv,TC23LFP03,LFP,lithium-ion,,,charge_file,charge,3.0,0.30158,30.158,0.06667,0.02249,0.07167,0.11065,0.08053,1.00277
data_Ri_HPPC/TC23LFP03_HPPC_ch_00.csv,TC23LFP03_HPPC_ch_00.csv,TC23LFP03,LFP,lithium-ion,,,charge_file,discharge,-1.0,0.30158,30.158,0.07023,0.02276,0.07568,0.11067,0.08409,1.00755
data_Ri_HPPC/TC23LFP03_HPPC_ch_00.csv,TC23LFP03_HPPC_ch_00.csv,TC23LFP03,LFP,lithium-ion,,,charge_file,discharge,-2.0,0.30158,30.158,0.06787,0.02225,0.07258,0.11046,0.07989,1.00568
data_Ri_HPPC/TC23LFP03_HPPC_ch_00.csv,TC23LFP03_HPPC_ch_00.csv,TC23LFP03,LFP,lithium-ion,,,charge_file,discharge,-3.0,0.30158,30.158,0.06582,0.023,0.06955,0.10022,0.07646,1.00296
data_Ri_HPPC/TC23LFP03_HPPC_ch_00.csv,TC23LFP03_HPPC_ch_00.csv,TC23LFP03,LFP,lithium-ion,,,charge_file,charge,1.0,0.39808,39.808,0.06832,0.0158,0.07646,0.1058,0.08625,1.00632
data_Ri_HPPC/TC23LFP03_HPPC_ch_00.csv,TC23LFP03_HPPC_ch_00.csv,TC23LFP03,LFP,lithium-ion,,,charge_file,charge,2.0,0.39808,39.808,0.06699,0.0163,0.07359,0.10592,0.08275,1.00575
data_Ri_HPPC/TC23LFP03_HPPC_ch_00.csv,TC23LFP03_HPPC_ch_00.csv,TC23LFP03,LFP,lithium-ion,,,charge_file,charge,3.0,0.39808,39.808,0.06522,0.01556,0.07183,0.10589,0.08214,1.00614
data_Ri_HPPC/TC23LFP03_HPPC_ch_00.csv,TC23LFP03_HPPC_ch_00.csv,TC23LFP03,LFP,lithium-ion,,,charge_file,discharge,-1.0,0.39808,39.808,0.06818,0.01591,0.07557,0.10605,0.08447,1.00616
data_Ri_HPPC/TC23LFP03_HPPC_ch_00.csv,TC23LFP03_HPPC_ch_00.csv,TC23LFP03,LFP,lithium-ion,,,charge_file,discharge,-2.0,0.39808,39.808,0.06635,0.01565,0.07251,0.10581,0.08034,1.00617
data_Ri_HPPC/TC23LFP03_HPPC_ch_00.csv,TC23LFP03_HPPC_ch_00.csv,TC23LFP03,LFP,lithium-ion,,,charge_file,discharge,-3.0,0.39808,39.808,0.06476,0.01629,0.0698,0.10607,0.07671,1.0063
data_Ri_HPPC/TC23LFP03_HPPC_ch_00.csv,TC23LFP03_HPPC_ch_00.csv,TC23LFP03,LFP,lithium-ion,,,charge_file,charge,1.0,0.49313,49.313,0.06883,0.01605,0.07671,0.10641,0.08638,1.00621
data_Ri_HPPC/TC23LFP03_HPPC_ch_00.csv,TC23LFP03_HPPC_ch_00.csv,TC23LFP03,LFP,lithium-ion,,,charge_file,charge,2.0,0.49313,49.313,0.06705,0.0159,0.07378,0.10578,0.08301,1.00586
data_Ri_HPPC/TC23LFP03_HPPC_ch_00.csv,TC23LFP03_HPPC_ch_00.csv,TC23LFP03,LFP,lithium-ion,,,charge_file,charge,3.0,0.49313,49.313,0.06586,0.01658,0.0723,0.10651,0.08286,1.00617
data_Ri_HPPC/TC23LFP03_HPPC_ch_00.csv,TC23LFP03_HPPC_ch_00.csv,TC23LFP03,LFP,lithium-ion,,,charge_file,discharge,-1.0,0.49313,49.313,0.06858,0.01605,0.07582,0.10612,0.08498,1.00581
data_Ri_HPPC/TC23LFP03_HPPC_ch_00.csv,TC23LFP03_HPPC_ch_00.csv,TC23LFP03,LFP,lithium-ion,,,charge_file,discharge,-2.0,0.49313,49.313,0.06686,0.01612,0.07289,0.1059,0.08072,1.00593
data_Ri_HPPC/TC23LFP03_HPPC_ch_00.csv,TC23LFP03_HPPC_ch_00.csv,TC23LFP03,LFP,lithium-ion,,,charge_file,discharge,-3.0,0.49313,49.313,0.06506,0.01611,0.07018,0.106,0.07701,1.00641
data_Ri_HPPC/TC23LFP03_HPPC_ch_00.csv,TC23LFP03_HPPC_ch_00.csv,TC23LFP03,LFP,lithium-ion,,,charge_file,charge,1.0,0.58781,58.781000000000006,0.06856,0.01618,0.07634,0.10646,0.08574,1.0057
data_Ri_HPPC/TC23LFP03_HPPC_ch_00.csv,TC23LFP03_HPPC_ch_00.csv,TC23LFP03,LFP,lithium-ion,,,charge_file,charge,2.0,0.58781,58.781000000000006,0.06686,0.01585,0.07347,0.10639,0.08269,1.00587
data_Ri_HPPC/TC23LFP03_HPPC_ch_00.csv,TC23LFP03_HPPC_ch_00.csv,TC23LFP03,LFP,lithium-ion,,,charge_file,charge,3.0,0.58781,58.781000000000006,0.06547,0.01601,0.07213,0.10588,0.08261,1.00581
data_Ri_HPPC/TC23LFP03_HPPC_ch_00.csv,TC23LFP03_HPPC_ch_00.csv,TC23LFP03,LFP,lithium-ion,,,charge_file,discharge,-1.0,0.58781,58.781000000000006,0.06845,0.01617,0.07582,0.10655,0.08523,1.00616
data_Ri_HPPC/TC23LFP03_HPPC_ch_00.csv,TC23LFP03_HPPC_ch_00.csv,TC23LFP03,LFP,lithium-ion,,,charge_file,discharge,-2.0,0.58781,58.781000000000006,0.06673,0.01612,0.0729,0.10595,0.08097,1.00593
data_Ri_HPPC/TC23LFP03_HPPC_ch_00.csv,TC23LFP03_HPPC_ch_00.csv,TC23LFP03,LFP,lithium-ion,,,charge_file,discharge,-3.0,0.58781,58.781000000000006,0.06493,0.016,0.07022,0.10567,0.07722,1.00602
data_Ri_HPPC/TC23LFP03_HPPC_ch_00.csv,TC23LFP03_HPPC_ch_00.csv,TC23LFP03,LFP,lithium-ion,,,charge_file,charge,1.0,0.68221,68.221,0.06755,0.01591,0.0753,0.10605,0.08473,1.00624
data_Ri_HPPC/TC23LFP03_HPPC_ch_00.csv,TC23LFP03_HPPC_ch_00.csv,TC23LFP03,LFP,lithium-ion,,,charge_file,charge,2.0,0.68221,68.221,0.06597,0.01589,0.07245,0.10578,0.08161,1.00581
data_Ri_HPPC/TC23LFP03_HPPC_ch_00.csv,TC23LFP03_HPPC_ch_00.csv,TC23LFP03,LFP,lithium-ion,,,charge_file,charge,3.0,0.68221,68.221,0.06468,0.01651,0.07056,0.10606,0.08095,1.00622
data_Ri_HPPC/TC23LFP03_HPPC_ch_00.csv,TC23LFP03_HPPC_ch_00.csv,TC23LFP03,LFP,lithium-ion,,,charge_file,discharge,-1.0,0.68221,68.221,0.06679,0.01597,0.07416,0.10614,0.08434,1.00632
data_Ri_HPPC/TC23LFP03_HPPC_ch_00.csv,TC23LFP03_HPPC_ch_00.csv,TC23LFP03,LFP,lithium-ion,,,charge_file,discharge,-2.0,0.68221,68.221,0.06526,0.01593,0.07124,0.10578,0.07977,1.00594
data_Ri_HPPC/TC23LFP03_HPPC_ch_00.csv,TC23LFP03_HPPC_ch_00.csv,TC23LFP03,LFP,lithium-ion,,,charge_file,discharge,-3.0,0.68221,68.221,0.06387,0.01585,0.06895,0.10576,0.07641,1.00622
data_Ri_HPPC/TC23LFP03_HPPC_ch_00.csv,TC23LFP03_HPPC_ch_00.csv,TC23LFP03,LFP,lithium-ion,,,charge_file,charge,1.0,0.77624,77.62400000000001,0.06896,0.0224,0.07455,0.11062,0.08307,1.00653
data_Ri_HPPC/TC23LFP03_HPPC_ch_00.csv,TC23LFP03_HPPC_ch_00.csv,TC23LFP03,LFP,lithium-ion,,,charge_file,charge,2.0,0.77624,77.62400000000001,0.06724,0.02301,0.07194,0.11087,0.0804,1.00514
data_Ri_HPPC/TC23LFP03_HPPC_ch_00.csv,TC23LFP03_HPPC_ch_00.csv,TC23LFP03,LFP,lithium-ion,,,charge_file,charge,3.0,0.77624,77.62400000000001,0.06556,0.02272,0.07027,0.112,0.08082,1.00826
data_Ri_HPPC/TC23LFP03_HPPC_ch_00.csv,TC23LFP03_HPPC_ch_00.csv,TC23LFP03,LFP,lithium-ion,,,charge_file,discharge,-1.0,0.77624,77.62400000000001,0.06807,0.022,0.07328,0.11047,0.0818,1.00851
data_Ri_HPPC/TC23LFP03_HPPC_ch_00.csv,TC23LFP03_HPPC_ch_00.csv,TC23LFP03,LFP,lithium-ion,,,charge_file,discharge,-2.0,0.77624,77.62400000000001,0.06615,0.02249,0.07047,0.11141,0.07817,1.00606
data_Ri_HPPC/TC23LFP03_HPPC_ch_00.csv,TC23LFP03_HPPC_ch_00.csv,TC23LFP03,LFP,lithium-ion,,,charge_file,discharge,-3.0,0.77624,77.62400000000001,0.06459,0.02248,0.06844,0.11054,0.07523,1.0041
data_Ri_HPPC/TC23LFP03_HPPC_ch_00.csv,TC23LFP03_HPPC_ch_00.csv,TC23LFP03,LFP,lithium-ion,,,charge_file,charge,1.0,0.87024,87.024,0.06858,0.02221,0.07379,0.1088,0.08205,1.00052
data_Ri_HPPC/TC23LFP03_HPPC_ch_00.csv,TC23LFP03_HPPC_ch_00.csv,TC23LFP03,LFP,lithium-ion,,,charge_file,charge,2.0,0.87024,87.024,0.06692,0.02263,0.07143,0.11158,0.07957,1.00501
data_Ri_HPPC/TC23LFP03_HPPC_ch_00.csv,TC23LFP03_HPPC_ch_00.csv,TC23LFP03,LFP,lithium-ion,,,charge_file,charge,3.0,0.87024,87.024,0.06522,0.02215,0.06984,0.11054,0.08061,1.00099
data_Ri_HPPC/TC23LFP03_HPPC_ch_00.csv,TC23LFP03_HPPC_ch_00.csv,TC23LFP03,LFP,lithium-ion,,,charge_file,discharge,-1.0,0.87024,87.024,0.06781,0.02257,0.07264,0.11125,0.08078,1.00738
data_Ri_HPPC/TC23LFP03_HPPC_ch_00.csv,TC23LFP03_HPPC_ch_00.csv,TC23LFP03,LFP,lithium-ion,,,charge_file,discharge,-2.0,0.87024,87.024,0.06583,0.02265,0.07002,0.1114,0.07754,1.00562
data_Ri_HPPC/TC23LFP03_HPPC_ch_00.csv,TC23LFP03_HPPC_ch_00.csv,TC23LFP03,LFP,lithium-ion,,,charge_file,discharge,-3.0,0.87024,87.024,0.06433,0.02289,0.06797,0.11217,0.07463,1.00511
data_Ri_HPPC/TC23LFP03_HPPC_ch_00.csv,TC23LFP03_HPPC_ch_00.csv,TC23LFP03,LFP,lithium-ion,,,charge_file,charge,1.0,0.96425,96.42500000000001,0.06845,0.02295,0.07328,0.11146,0.08066,1.00505
data_Ri_HPPC/TC23LFP03_HPPC_ch_00.csv,TC23LFP03_HPPC_ch_00.csv,TC23LFP03,LFP,lithium-ion,,,charge_file,charge,2.0,0.96425,96.42500000000001,0.06667,0.0229,0.07092,0.11179,0.0783,1.00692
data_Ri_HPPC/TC23LFP03_HPPC_ch_00.csv,TC23LFP03_HPPC_ch_00.csv,TC23LFP03,LFP,lithium-ion,,,charge_file,charge,3.0,0.96425,96.42500000000001,0.06497,0.0226,0.06946,0.11185,0.0804,1.00368
data_Ri_HPPC/TC23LFP03_HPPC_ch_00.csv,TC23LFP03_HPPC_ch_00.csv,TC23LFP03,LFP,lithium-ion,,,charge_file,discharge,-1.0,0.96425,96.42500000000001,0.06767,0.02304,0.07213,0.1118,0.07951,1.00517
data_Ri_HPPC/TC23LFP03_HPPC_ch_00.csv,TC23LFP03_HPPC_ch_00.csv,TC23LFP03,LFP,lithium-ion,,,charge_file,discharge,-2.0,0.96425,96.42500000000001,0.06551,0.02191,0.06952,0.11029,0.07658,1.00984
data_Ri_HPPC/TC23LFP03_HPPC_ch_00.csv,TC23LFP03_HPPC_ch_00.csv,TC23LFP03,LFP,lithium-ion,,,charge_file,discharge,-3.0,0.96425,96.42500000000001,0.06395,0.02265,0.06747,0.11179,0.07391,1.00138
data_Ri_HPPC/TC23LFP03_HPPC_dis_00.csv,TC23LFP03_HPPC_dis_00.csv,TC23LFP03,LFP,lithium-ion,,,discharge_file,charge,1.0,0.00729,0.729,0.06629,0.01657,0.07275,0.10643,0.08116,1.00622
data_Ri_HPPC/TC23LFP03_HPPC_dis_00.csv,TC23LFP03_HPPC_dis_00.csv,TC23LFP03,LFP,lithium-ion,,,discharge_file,charge,2.0,0.00729,0.729,0.0648,0.01593,0.07031,0.10626,0.07836,1.00616
data_Ri_HPPC/TC23LFP03_HPPC_dis_00.csv,TC23LFP03_HPPC_dis_00.csv,TC23LFP03,LFP,lithium-ion,,,discharge_file,charge,3.0,0.00729,0.729,0.06318,0.01686,0.06814,0.10712,0.07824,1.00725
data_Ri_HPPC/TC23LFP03_HPPC_dis_00.csv,TC23LFP03_HPPC_dis_00.csv,TC23LFP03,LFP,lithium-ion,,,discharge_file,discharge,-1.0,0.00729,0.729,0.0652,0.01633,0.0714,0.10609,0.08027,1.00582
data_Ri_HPPC/TC23LFP03_HPPC_dis_00.csv,TC23LFP03_HPPC_dis_00.csv,TC23LFP03,LFP,lithium-ion,,,discharge_file,discharge,-2.0,0.00729,0.729,0.06398,0.01637,0.06907,0.10675,0.07716,1.0066
data_Ri_HPPC/TC23LFP03_HPPC_dis_00.csv,TC23LFP03_HPPC_dis_00.csv,TC23LFP03,LFP,lithium-ion,,,discharge_file,discharge,-3.0,0.00729,0.729,0.0629,0.022,0.06925,0.10789,0.08814,1.00438
data_Ri_HPPC/TC23LFP03_HPPC_dis_00.csv,TC23LFP03_HPPC_dis_00.csv,TC23LFP03,LFP,lithium-ion,,,discharge_file,charge,1.0,0.11427,11.427,0.06629,0.01609,0.07353,0.10586,0.0818,1.00642
data_Ri_HPPC/TC23LFP03_HPPC_dis_00.csv,TC23LFP03_HPPC_dis_00.csv,TC23LFP03,LFP,lithium-ion,,,discharge_file,charge,2.0,0.11427,11.427,0.06505,0.01604,0.07111,0.10596,0.07907,1.00601
data_Ri_HPPC/TC23LFP03_HPPC_dis_00.csv,TC23LFP03_HPPC_dis_00.csv,TC23LFP03,LFP,lithium-ion,,,discharge_file,charge,3.0,0.11427,11.427,0.06334,0.01599,0.06856,0.10575,0.07646,1.00604
data_Ri_HPPC/TC23LFP03_HPPC_dis_00.csv,TC23LFP03_HPPC_dis_00.csv,TC23LFP03,LFP,lithium-ion,,,discharge_file,discharge,-1.0,0.11427,11.427,0.06546,0.01614,0.07189,0.10599,0.08078,1.00591
data_Ri_HPPC/TC23LFP03_HPPC_dis_00.csv,TC23LFP03_HPPC_dis_00.csv,TC23LFP03,LFP,lithium-ion,,,discharge_file,discharge,-2.0,0.11427,11.427,0.06431,0.016,0.07018,0.10575,0.07843,1.00582
data_Ri_HPPC/TC23LFP03_HPPC_dis_00.csv,TC23LFP03_HPPC_dis_00.csv,TC23LFP03,LFP,lithium-ion,,,discharge_file,discharge,-3.0,0.11427,11.427,0.06311,0.01587,0.06841,0.10594,0.07527,1.00599
data_Ri_HPPC/TC23LFP03_HPPC_dis_00.csv,TC23LFP03_HPPC_dis_00.csv,TC23LFP03,LFP,lithium-ion,,,discharge_file,charge,1.0,0.22017,22.017,0.0668,0.0167,0.07418,0.10597,0.0832,1.00631
data_Ri_HPPC/TC23LFP03_HPPC_dis_00.csv,TC23LFP03_HPPC_dis_00.csv,TC23LFP03,LFP,lithium-ion,,,discharge_file,charge,2.0,0.22017,22.017,0.06514,0.01596,0.07156,0.10568,0.08015,1.00565
data_Ri_HPPC/TC23LFP03_HPPC_dis_00.csv,TC23LFP03_HPPC_dis_00.csv,TC23LFP03,LFP,lithium-ion,,,discharge_file,charge,3.0,0.22017,22.017,0.06353,0.01616,0.06899,0.10598,0.07726,1.0058
data_Ri_HPPC/TC23LFP03_HPPC_dis_00.csv,TC23LFP03_HPPC_dis_00.csv,TC23LFP03,LFP,lithium-ion,,,discharge_file,discharge,-1.0,0.22017,22.017,0.06551,0.01611,0.0725,0.10582,0.08218,1.00628
data_Ri_HPPC/TC23LFP03_HPPC_dis_00.csv,TC23LFP03_HPPC_dis_00.csv,TC23LFP03,LFP,lithium-ion,,,discharge_file,discharge,-2.0,0.22017,22.017,0.06456,0.01599,0.07092,0.10606,0.08002,1.00589
data_Ri_HPPC/TC23LFP03_HPPC_dis_00.csv,TC23LFP03_HPPC_dis_00.csv,TC23LFP03,LFP,lithium-ion,,,discharge_file,discharge,-3.0,0.22017,22.017,0.06327,0.01581,0.06891,0.10579,0.07637,1.0062
data_Ri_HPPC/TC23LFP03_HPPC_dis_00.csv,TC23LFP03_HPPC_dis_00.csv,TC23LFP03,LFP,lithium-ion,,,discharge_file,charge,1.0,0.32622,32.622,0.06706,0.01622,0.07531,0.10584,0.08562,1.00604
data_Ri_HPPC/TC23LFP03_HPPC_dis_00.csv,TC23LFP03_HPPC_dis_00.csv,TC23LFP03,LFP,lithium-ion,,,discharge_file,charge,2.0,0.32622,32.622,0.06559,0.01607,0.07232,0.1063,0.08193,1.006
data_Ri_HPPC/TC23LFP03_HPPC_dis_00.csv,TC23LFP03_HPPC_dis_00.csv,TC23LFP03,LFP,lithium-ion,,,discharge_file,charge,3.0,0.32622,32.622,0.06383,0.01619,0.06954,0.10561,0.07862,1.00604
data_Ri_HPPC/TC23LFP03_HPPC_dis_00.csv,TC23LFP03_HPPC_dis_00.csv,TC23LFP03,LFP,lithium-ion,,,discharge_file,discharge,-1.0,0.32622,32.622,0.06627,0.01629,0.0739,0.10592,0.08536,1.00599
data_Ri_HPPC/TC23LFP03_HPPC_dis_00.csv,TC23LFP03_HPPC_dis_00.csv,TC23LFP03,LFP,lithium-ion,,,discharge_file,discharge,-2.0,0.32622,32.622,0.06502,0.01599,0.07181,0.1061,0.08123,1.00592
data_Ri_HPPC/TC23LFP03_HPPC_dis_00.csv,TC23LFP03_HPPC_dis_00.csv,TC23LFP03,LFP,lithium-ion,,,discharge_file,discharge,-3.0,0.32622,32.622,0.06361,0.01596,0.06942,0.106,0.07726,1.00594
data_Ri_HPPC/TC23LFP03_HPPC_dis_00.csv,TC23LFP03_HPPC_dis_00.csv,TC23LFP03,LFP,lithium-ion,,,discharge_file,charge,1.0,0.43217,43.217,0.06972,0.02292,0.07557,0.11288,0.08434,1.00864
data_Ri_HPPC/TC23LFP03_HPPC_dis_00.csv,TC23LFP03_HPPC_dis_00.csv,TC23LFP03,LFP,lithium-ion,,,discharge_file,charge,2.0,0.43217,43.217,0.06781,0.02258,0.07296,0.11175,0.08129,1.00487
data_Ri_HPPC/TC23LFP03_HPPC_dis_00.csv,TC23LFP03_HPPC_dis_00.csv,TC23LFP03,LFP,lithium-ion,,,discharge_file,charge,3.0,0.43217,43.217,0.06582,0.02276,0.07043,0.11241,0.07828,1.00666
data_Ri_HPPC/TC23LFP03_HPPC_dis_00.csv,TC23LFP03_HPPC_dis_00.csv,TC23LFP03,LFP,lithium-ion,,,discharge_file,discharge,-1.0,0.43217,43.217,0.06882,0.02271,0.07441,0.11131,0.08244,1.00082
data_Ri_HPPC/TC23LFP03_HPPC_dis_00.csv,TC23LFP03_HPPC_dis_00.csv,TC23LFP03,LFP,lithium-ion,,,discharge_file,discharge,-2.0,0.43217,43.217,0.06698,0.02296,0.07156,0.11228,0.07868,1.00371
data_Ri_HPPC/TC23LFP03_HPPC_dis_00.csv,TC23LFP03_HPPC_dis_00.csv,TC23LFP03,LFP,lithium-ion,,,discharge_file,discharge,-3.0,0.43217,43.217,0.06526,0.02315,0.0692,0.10108,0.07705,1.01042
data_Ri_HPPC/TC23LFP03_HPPC_dis_00.csv,TC23LFP03_HPPC_dis_00.csv,TC23LFP03,LFP,lithium-ion,,,discharge_file,charge,1.0,0.53286,53.286,0.06997,0.02295,0.07595,0.112,0.08524,1.0096
data_Ri_HPPC/TC23LFP03_HPPC_dis_00.csv,TC23LFP03_HPPC_dis_00.csv,TC23LFP03,LFP,lithium-ion,,,discharge_file,charge,2.0,0.53286,53.286,0.06812,0.02292,0.0734,0.11237,0.08205,1.00736
data_Ri_HPPC/TC23LFP03_HPPC_dis_00.csv,TC23LFP03_HPPC_dis_00.csv,TC23LFP03,LFP,lithium-ion,,,discharge_file,charge,3.0,0.53286,53.286,0.06603,0.02267,0.07081,0.11235,0.07887,1.00813
data_Ri_HPPC/TC23LFP03_HPPC_dis_00.csv,TC23LFP03_HPPC_dis_00.csv,TC23LFP03,LFP,lithium-ion,,,discharge_file,discharge,-1.0,0.53286,53.286,0.06932,0.02272,0.07479,0.11227,0.08307,1.00743
data_Ri_HPPC/TC23LFP03_HPPC_dis_00.csv,TC23LFP03_HPPC_dis_00.csv,TC23LFP03,LFP,lithium-ion,,,discharge_file,discharge,-2.0,0.53286,53.286,0.0673,0.02278,0.07181,0.1109,0.07951,1.00813
data_Ri_HPPC/TC23LFP03_HPPC_dis_00.csv,TC23LFP03_HPPC_dis_00.csv,TC23LFP03,LFP,lithium-ion,,,discharge_file,discharge,-3.0,0.53286,53.286,0.06543,0.02258,0.06988,0.11176,0.07798,1.0088
data_Ri_HPPC/TC23LFP03_HPPC_dis_00.csv,TC23LFP03_HPPC_dis_00.csv,TC23LFP03,LFP,lithium-ion,,,discharge_file,charge,1.0,0.63354,63.354,0.0701,0.02267,0.0762,0.11079,0.08612,1.00898
data_Ri_HPPC/TC23LFP03_HPPC_dis_00.csv,TC23LFP03_HPPC_dis_00.csv,TC23LFP03,LFP,lithium-ion,,,discharge_file,charge,2.0,0.63354,63.354,0.06813,0.02251,0.07365,0.11079,0.08263,1.00254
data_Ri_HPPC/TC23LFP03_HPPC_dis_00.csv,TC23LFP03_HPPC_dis_00.csv,TC23LFP03,LFP,lithium-ion,,,discharge_file,charge,3.0,0.63354,63.354,0.06628,0.02344,0.07074,0.10062,0.0793,1.00701
data_Ri_HPPC/TC23LFP03_HPPC_dis_00.csv,TC23LFP03_HPPC_dis_00.csv,TC23LFP03,LFP,lithium-ion,,,discharge_file,discharge,-1.0,0.63354,63.354,0.06958,0.02291,0.07519,0.11155,0.08422,1.00471
data_Ri_HPPC/TC23LFP03_HPPC_dis_00.csv,TC23LFP03_HPPC_dis_00.csv,TC23LFP03,LFP,lithium-ion,,,discharge_file,discharge,-2.0,0.63354,63.354,0.06742,0.02259,0.07239,0.11114,0.08078,1.00358
data_Ri_HPPC/TC23LFP03_HPPC_dis_00.csv,TC23LFP03_HPPC_dis_00.csv,TC23LFP03,LFP,lithium-ion,,,discharge_file,discharge,-3.0,0.63354,63.354,0.06556,0.0231,0.0698,0.10118,0.07896,1.00712
data_Ri_HPPC/TC23LFP03_HPPC_dis_00.csv,TC23LFP03_HPPC_dis_00.csv,TC23LFP03,LFP,lithium-ion,,,discharge_file,charge,1.0,0.73423,73.423,0.07036,0.02255,0.07658,0.11018,0.08702,1.00314
data_Ri_HPPC/TC23LFP03_HPPC_dis_00.csv,TC23LFP03_HPPC_dis_00.csv,TC23LFP03,LFP,lithium-ion,,,discharge_file,charge,2.0,0.73423,73.423,0.06845,0.02278,0.07391,0.11054,0.08326,1.00539
data_Ri_HPPC/TC23LFP03_HPPC_dis_00.csv,TC23LFP03_HPPC_dis_00.csv,TC23LFP03,LFP,lithium-ion,,,discharge_file,charge,3.0,0.73423,73.423,0.06637,0.02285,0.07137,0.11239,0.07985,1.00669
data_Ri_HPPC/TC23LFP03_HPPC_dis_00.csv,TC23LFP03_HPPC_dis_00.csv,TC23LFP03,LFP,lithium-ion,,,discharge_file,discharge,-1.0,0.73423,73.423,0.06983,0.02234,0.07608,0.11178,0.08663,1.00492
data_Ri_HPPC/TC23LFP03_HPPC_dis_00.csv,TC23LFP03_HPPC_dis_00.csv,TC23LFP03,LFP,lithium-ion,,,discharge_file,discharge,-2.0,0.73423,73.423,0.06768,0.02213,0.07302,0.10922,0.08282,1.00859
data_Ri_HPPC/TC23LFP03_HPPC_dis_00.csv,TC23LFP03_HPPC_dis_00.csv,TC23LFP03,LFP,lithium-ion,,,discharge_file,discharge,-3.0,0.73423,73.423,0.06573,0.02293,0.07056,0.11254,0.08019,1.00537
data_Ri_HPPC/TC23LFP03_HPPC_dis_00.csv,TC23LFP03_HPPC_dis_00.csv,TC23LFP03,LFP,lithium-ion,,,discharge_file,charge,1.0,0.83492,83.492,0.07074,0.02224,0.07723,0.10922,0.08816,1.00865
data_Ri_HPPC/TC23LFP03_HPPC_dis_00.csv,TC23LFP03_HPPC_dis_00.csv,TC23LFP03,LFP,lithium-ion,,,discharge_file,charge,2.0,0.83492,83.492,0.06896,0.02289,0.07455,0.11243,0.08441,1.00775
data_Ri_HPPC/TC23LFP03_HPPC_dis_00.csv,TC23LFP03_HPPC_dis_00.csv,TC23LFP03,LFP,lithium-ion,,,discharge_file,charge,3.0,0.83492,83.492,0.06667,0.02279,0.07166,0.11088,0.08053,1.00509
data_Ri_HPPC/TC23LFP03_HPPC_dis_00.csv,TC23LFP03_HPPC_dis_00.csv,TC23LFP03,LFP,lithium-ion,,,discharge_file,discharge,-1.0,0.83492,83.492,0.07035,0.02226,0.07658,0.11054,0.08765,1.00219
data_Ri_HPPC/TC23LFP03_HPPC_dis_00.csv,TC23LFP03_HPPC_dis_00.csv,TC23LFP03,LFP,lithium-ion,,,discharge_file,discharge,-2.0,0.83492,83.492,0.06812,0.02274,0.07347,0.11166,0.08409,1.00562
data_Ri_HPPC/TC23LFP03_HPPC_dis_00.csv,TC23LFP03_HPPC_dis_00.csv,TC23LFP03,LFP,lithium-ion,,,discharge_file,discharge,-3.0,0.83492,83.492,0.0659,0.022,0.07099,0.11004,0.08159,1.00595
data_Ri_HPPC/TC23LFP03_HPPC_dis_00.csv,TC23LFP03_HPPC_dis_00.csv,TC23LFP03,LFP,lithium-ion,,,discharge_file,charge,1.0,0.93561,93.561,0.07137,0.0223,0.07811,0.11035,0.0888,1.0112
data_Ri_HPPC/TC23LFP03_HPPC_dis_00.csv,TC23LFP03_HPPC_dis_00.csv,TC23LFP03,LFP,lithium-ion,,,discharge_file,charge,2.0,0.93561,93.561,0.06965,0.02322,0.07519,0.10155,0.0853,1.009
data_Ri_HPPC/TC23LFP03_HPPC_dis_00.csv,TC23LFP03_HPPC_dis_00.csv,TC23LFP03,LFP,lithium-ion,,,discharge_file,charge,3.0,0.93561,93.561,0.06747,0.02261,0.07294,0.11116,0.08193,1.00799
data_Ri_HPPC/TC23LFP03_HPPC_dis_00.csv,TC23LFP03_HPPC_dis_00.csv,TC23LFP03,LFP,lithium-ion,,,discharge_file,discharge,-1.0,0.93561,93.561,0.07073,0.02236,0.07683,0.10993,0.08753,1.00442
data_Ri_HPPC/TC23LFP03_HPPC_dis_00.csv,TC23LFP03_HPPC_dis_00.csv,TC23LFP03,LFP,lithium-ion,,,discharge_file,discharge,-2.0,0.93561,93.561,0.06844,0.02238,0.07372,0.112,0.0846,1.00336
data_Ri_HPPC/TC23LFP03_HPPC_dis_00.csv,TC23LFP03_HPPC_dis_00.csv,TC23LFP03,LFP,lithium-ion,,,discharge_file,discharge,-3.0,0.93561,93.561,0.06654,0.02265,0.072,0.11109,0.08494,1.00708
data_Ri_HPPC/TC23LTO01_HPPC_ch_00.csv,TC23LTO01_HPPC_ch_00.csv,TC23LTO01,LTO,lithium-ion,,,charge_file,charge,1.0,0.0,0.0,0.02819,0.02265,0.03106,0.1117,0.03535,1.00332
data_Ri_HPPC/TC23LTO01_HPPC_ch_00.csv,TC23LTO01_HPPC_ch_00.csv,TC23LTO01,LTO,lithium-ion,,,charge_file,charge,2.0,0.0,0.0,0.02799,0.02286,0.03052,0.11239,0.03414,1.00623
data_Ri_HPPC/TC23LTO01_HPPC_ch_00.csv,TC23LTO01_HPPC_ch_00.csv,TC23LTO01,LTO,lithium-ion,,,charge_file,charge,3.0,0.0,0.0,0.02792,0.02285,0.03007,0.11149,0.03306,1.00256
data_Ri_HPPC/TC23LTO01_HPPC_ch_00.csv,TC23LTO01_HPPC_ch_00.csv,TC23LTO01,LTO,lithium-ion,,,charge_file,discharge,-1.0,0.0,0.0,0.02764,0.02269,0.02998,0.11157,0.03484,1.0041
data_Ri_HPPC/TC23LTO01_HPPC_ch_00.csv,TC23LTO01_HPPC_ch_00.csv,TC23LTO01,LTO,lithium-ion,,,charge_file,discharge,-2.0,0.0,0.0,0.02722,0.02253,0.02893,0.11089,0.03325,1.00934
data_Ri_HPPC/TC23LTO01_HPPC_ch_00.csv,TC23LTO01_HPPC_ch_00.csv,TC23LTO01,LTO,lithium-ion,,,charge_file,discharge,-3.0,0.0,0.0,0.02695,0.02275,0.02843,0.11234,0.03213,1.00744
data_Ri_HPPC/TC23LTO01_HPPC_ch_00.csv,TC23LTO01_HPPC_ch_00.csv,TC23LTO01,LTO,lithium-ion,,,charge_file,charge,1.0,0.10082,10.082,0.02542,0.02234,0.02581,0.11044,0.02734,1.00278
data_Ri_HPPC/TC23LTO01_HPPC_ch_00.csv,TC23LTO01_HPPC_ch_00.csv,TC23LTO01,LTO,lithium-ion,,,charge_file,charge,2.0,0.10082,10.082,0.02537,0.02244,0.02581,0.1106,0.02715,1.00267
data_Ri_HPPC/TC23LTO01_HPPC_ch_00.csv,TC23LTO01_HPPC_ch_00.csv,TC23LTO01,LTO,lithium-ion,,,charge_file,charge,3.0,0.10082,10.082,0.02538,0.02204,0.02594,0.1101,0.02755,1.00533
data_Ri_HPPC/TC23LTO01_HPPC_ch_00.csv,TC23LTO01_HPPC_ch_00.csv,TC23LTO01,LTO,lithium-ion,,,charge_file,discharge,-1.0,0.10082,10.082,0.02518,0.02248,0.02581,0.1108,0.02734,1.00695
data_Ri_HPPC/TC23LTO01_HPPC_ch_00.csv,TC23LTO01_HPPC_ch_00.csv,TC23LTO01,LTO,lithium-ion,,,charge_file,discharge,-2.0,0.10082,10.082,0.02531,0.02243,0.02575,0.1115,0.02734,1.00432
data_Ri_HPPC/TC23LTO01_HPPC_ch_00.csv,TC23LTO01_HPPC_ch_00.csv,TC23LTO01,LTO,lithium-ion,,,charge_file,discharge,-3.0,0.10082,10.082,0.02531,0.02248,0.02586,0.10979,0.02726,1.00957
data_Ri_HPPC/TC23LTO01_HPPC_ch_00.csv,TC23LTO01_HPPC_ch_00.csv,TC23LTO01,LTO,lithium-ion,,,charge_file,charge,1.0,0.20165,20.165,0.02518,0.02248,0.02569,0.11009,0.02721,1.00223
data_Ri_HPPC/TC23LTO01_HPPC_ch_00.csv,TC23LTO01_HPPC_ch_00.csv,TC23LTO01,LTO,lithium-ion,,,charge_file,charge,2.0,0.20165,20.165,0.02512,0.02229,0.02562,0.10901,0.02683,1.00947
data_Ri_HPPC/TC23LTO01_HPPC_ch_00.csv,TC23LTO01_HPPC_ch_00.csv,TC23LTO01,LTO,lithium-ion,,,charge_file,charge,3.0,0.20165,20.165,0.02531,0.02321,0.02598,0.1013,0.02777,1.00913
data_Ri_HPPC/TC23LTO01_HPPC_ch_00.csv,TC23LTO01_HPPC_ch_00.csv,TC23LTO01,LTO,lithium-ion,,,charge_file,discharge,-1.0,0.20165,20.165,0.02506,0.02256,0.02556,0.11081,0.02721,1.00484
data_Ri_HPPC/TC23LTO01_HPPC_ch_00.csv,TC23LTO01_HPPC_ch_00.csv,TC23LTO01,LTO,lithium-ion,,,charge_file,discharge,-2.0,0.20165,20.165,0.02518,0.02239,0.02575,0.10953,0.02721,1.01044
data_Ri_HPPC/TC23LTO01_HPPC_ch_00.csv,TC23LTO01_HPPC_ch_00.csv,TC23LTO01,LTO,lithium-ion,,,charge_file,discharge,-3.0,0.20165,20.165,0.02522,0.02241,0.02586,0.1112,0.02721,1.00669
data_Ri_HPPC/TC23LTO01_HPPC_ch_00.csv,TC23LTO01_HPPC_ch_00.csv,TC23LTO01,LTO,lithium-ion,,,charge_file,charge,1.0,0.30247,30.247,0.02518,0.02237,0.02556,0.11134,0.02721,1.00269
data_Ri_HPPC/TC23LTO01_HPPC_ch_00.csv,TC23LTO01_HPPC_ch_00.csv,TC23LTO01,LTO,lithium-ion,,,charge_file,charge,2.0,0.30247,30.247,0.02505,0.02213,0.02543,0.11058,0.02664,1.00547
data_Ri_HPPC/TC23LTO01_HPPC_ch_00.csv,TC23LTO01_HPPC_ch_00.csv,TC23LTO01,LTO,lithium-ion,,,charge_file,charge,3.0,0.30247,30.247,0.02522,0.02265,0.02603,0.11214,0.02793,1.00746
data_Ri_HPPC/TC23LTO01_HPPC_ch_00.csv,TC23LTO01_HPPC_ch_00.csv,TC23LTO01,LTO,lithium-ion,,,charge_file,discharge,-1.0,0.30247,30.247,0.02492,0.02235,0.02556,0.11012,0.02709,1.00213
data_Ri_HPPC/TC23LTO01_HPPC_ch_00.csv,TC23LTO01_HPPC_ch_00.csv,TC23LTO01,LTO,lithium-ion,,,charge_file,discharge,-2.0,0.30247,30.247,0.02505,0.02185,0.02562,0.11001,0.02709,1.00956
data_Ri_HPPC/TC23LTO01_HPPC_ch_00.csv,TC23LTO01_HPPC_ch_00.csv,TC23LTO01,LTO,lithium-ion,,,charge_file,discharge,-3.0,0.30247,30.247,0.0251,0.02293,0.02569,0.10055,0.02709,1.00644
data_Ri_HPPC/TC23LTO01_HPPC_ch_00.csv,TC23LTO01_HPPC_ch_00.csv,TC23LTO01,LTO,lithium-ion,,,charge_file,charge,1.0,0.40329,40.329,0.0248,0.02183,0.02531,0.11089,0.02696,1.00315
data_Ri_HPPC/TC23LTO01_HPPC_ch_00.csv,TC23LTO01_HPPC_ch_00.csv,TC23LTO01,LTO,lithium-ion,,,charge_file,charge,2.0,0.40329,40.329,0.02461,0.02323,0.02505,0.10146,0.02639,1.009
data_Ri_HPPC/TC23LTO01_HPPC_ch_00.csv,TC23LTO01_HPPC_ch_00.csv,TC23LTO01,LTO,lithium-ion,,,charge_file,charge,3.0,0.40329,40.329,0.02488,0.02243,0.02573,0.10995,0.02781,1.00704
data_Ri_HPPC/TC23LTO01_HPPC_ch_00.csv,TC23LTO01_HPPC_ch_00.csv,TC23LTO01,LTO,lithium-ion,,,charge_file,discharge,-1.0,0.40329,40.329,0.02441,0.02211,0.02492,0.11068,0.02683,1.0021
data_Ri_HPPC/TC23LTO01_HPPC_ch_00.csv,TC23LTO01_HPPC_ch_00.csv,TC23LTO01,LTO,lithium-ion,,,charge_file,discharge,-2.0,0.40329,40.329,0.02474,0.023,0.02537,0.1115,0.02683,1.00309
data_Ri_HPPC/TC23LTO01_HPPC_ch_00.csv,TC23LTO01_HPPC_ch_00.csv,TC23LTO01,LTO,lithium-ion,,,charge_file,discharge,-3.0,0.40329,40.329,0.02476,0.02281,0.02552,0.11247,0.02692,1.00889
data_Ri_HPPC/TC23LTO01_HPPC_ch_00.csv,TC23LTO01_HPPC_ch_00.csv,TC23LTO01,LTO,lithium-ion,,,charge_file,charge,1.0,0.50412,50.412,0.02442,0.02269,0.02505,0.10036,0.02671,1.00321
data_Ri_HPPC/TC23LTO01_HPPC_ch_00.csv,TC23LTO01_HPPC_ch_00.csv,TC23LTO01,LTO,lithium-ion,,,charge_file,charge,2.0,0.50412,50.412,0.02429,0.02295,0.02486,0.11113,0.0262,1.0037
data_Ri_HPPC/TC23LTO01_HPPC_ch_00.csv,TC23LTO01_HPPC_ch_00.csv,TC23LTO01,LTO,lithium-ion,,,charge_file,charge,3.0,0.50412,50.412,0.02459,0.02243,0.02543,0.1104,0.02768,1.00258
data_Ri_HPPC/TC23LTO01_HPPC_ch_00.csv,TC23LTO01_HPPC_ch_00.csv,TC23LTO01,LTO,lithium-ion,,,charge_file,discharge,-1.0,0.50412,50.412,0.02442,0.02262,0.02505,0.11153,0.02683,1.00284
data_Ri_HPPC/TC23LTO01_HPPC_ch_00.csv,TC23LTO01_HPPC_ch_00.csv,TC23LTO01,LTO,lithium-ion,,,charge_file,discharge,-2.0,0.50412,50.412,0.02423,0.01759,0.02492,0.10815,0.02664,1.00179
data_Ri_HPPC/TC23LTO01_HPPC_ch_00.csv,TC23LTO01_HPPC_ch_00.csv,TC23LTO01,LTO,lithium-ion,,,charge_file,discharge,-3.0,0.50412,50.412,0.02442,0.02272,0.02518,0.11189,0.02671,1.00539
data_Ri_HPPC/TC23LTO01_HPPC_ch_00.csv,TC23LTO01_HPPC_ch_00.csv,TC23LTO01,LTO,lithium-ion,,,charge_file,charge,1.0,0.60494,60.494,0.02429,0.02178,0.02467,0.10707,0.02645,1.00421
data_Ri_HPPC/TC23LTO01_HPPC_ch_00.csv,TC23LTO01_HPPC_ch_00.csv,TC23LTO01,LTO,lithium-ion,,,charge_file,charge,2.0,0.60494,60.494,0.02403,0.02211,0.02454,0.10749,0.02601,1.00768
data_Ri_HPPC/TC23LTO01_HPPC_ch_00.csv,TC23LTO01_HPPC_ch_00.csv,TC23LTO01,LTO,lithium-ion,,,charge_file,charge,3.0,0.60494,60.494,0.02416,0.01753,0.02518,0.10725,0.02764,1.00749
data_Ri_HPPC/TC23LTO01_HPPC_ch_00.csv,TC23LTO01_HPPC_ch_00.csv,TC23LTO01,LTO,lithium-ion,,,charge_file,discharge,-1.0,0.60494,60.494,0.02404,0.01698,0.02493,0.1075,0.02671,1.00722
data_Ri_HPPC/TC23LTO01_HPPC_ch_00.csv,TC23LTO01_HPPC_ch_00.csv,TC23LTO01,LTO,lithium-ion,,,charge_file,discharge,-2.0,0.60494,60.494,0.02416,0.02212,0.02486,0.10872,0.02658,1.00826
data_Ri_HPPC/TC23LTO01_HPPC_ch_00.csv,TC23LTO01_HPPC_ch_00.csv,TC23LTO01,LTO,lithium-ion,,,charge_file,discharge,-3.0,0.60494,60.494,0.02421,0.02197,0.02497,0.10877,0.02662,1.01106
data_Ri_HPPC/TC23LTO01_HPPC_ch_00.csv,TC23LTO01_HPPC_ch_00.csv,TC23LTO01,LTO,lithium-ion,,,charge_file,charge,1.0,0.70576,70.57600000000001,0.02391,0.02144,0.02467,0.10818,0.02632,1.00742
data_Ri_HPPC/TC23LTO01_HPPC_ch_00.csv,TC23LTO01_HPPC_ch_00.csv,TC23LTO01,LTO,lithium-ion,,,charge_file,charge,2.0,0.70576,70.57600000000001,0.02372,0.01759,0.02442,0.10731,0.02588,1.00725
data_Ri_HPPC/TC23LTO01_HPPC_ch_00.csv,TC23LTO01_HPPC_ch_00.csv,TC23LTO01,LTO,lithium-ion,,,charge_file,charge,3.0,0.70576,70.57600000000001,0.02412,0.02236,0.02509,0.1085,0.0276,1.00536
data_Ri_HPPC/TC23LTO01_HPPC_ch_00.csv,TC23LTO01_HPPC_ch_00.csv,TC23LTO01,LTO,lithium-ion,,,charge_file,discharge,-1.0,0.70576,70.57600000000001,0.02391,0.02231,0.02492,0.11075,0.02683,1.00318
data_Ri_HPPC/TC23LTO01_HPPC_ch_00.csv,TC23LTO01_HPPC_ch_00.csv,TC23LTO01,LTO,lithium-ion,,,charge_file,discharge,-2.0,0.70576,70.57600000000001,0.02385,0.01705,0.02467,0.10747,0.02658,1.00747
data_Ri_HPPC/TC23LTO01_HPPC_ch_00.csv,TC23LTO01_HPPC_ch_00.csv,TC23LTO01,LTO,lithium-ion,,,charge_file,discharge,-3.0,0.70576,70.57600000000001,0.02408,0.02187,0.02484,0.10855,0.02658,1.0076
data_Ri_HPPC/TC23LTO01_HPPC_ch_00.csv,TC23LTO01_HPPC_ch_00.csv,TC23LTO01,LTO,lithium-ion,,,charge_file,charge,1.0,0.80659,80.659,0.02378,0.02317,0.02441,0.11216,0.02645,1.00582
data_Ri_HPPC/TC23LTO01_HPPC_ch_00.csv,TC23LTO01_HPPC_ch_00.csv,TC23LTO01,LTO,lithium-ion,,,charge_file,charge,2.0,0.80659,80.659,0.02378,0.02252,0.02435,0.11064,0.02601,1.00419
data_Ri_HPPC/TC23LTO01_HPPC_ch_00.csv,TC23LTO01_HPPC_ch_00.csv,TC23LTO01,LTO,lithium-ion,,,charge_file,charge,3.0,0.80659,80.659,0.02408,0.02252,0.02505,0.11072,0.02777,1.00384
data_Ri_HPPC/TC23LTO01_HPPC_ch_00.csv,TC23LTO01_HPPC_ch_00.csv,TC23LTO01,LTO,lithium-ion,,,charge_file,discharge,-1.0,0.80659,80.659,0.02378,0.02269,0.02454,0.11176,0.02671,1.00501
data_Ri_HPPC/TC23LTO01_HPPC_ch_00.csv,TC23LTO01_HPPC_ch_00.csv,TC23LTO01,LTO,lithium-ion,,,charge_file,discharge,-2.0,0.80659,80.659,0.02391,0.02246,0.02473,0.11076,0.02671,1.00509
data_Ri_HPPC/TC23LTO01_HPPC_ch_00.csv,TC23LTO01_HPPC_ch_00.csv,TC23LTO01,LTO,lithium-ion,,,charge_file,discharge,-3.0,0.80659,80.659,0.02395,0.02268,0.0248,0.11145,0.02675,1.00534
data_Ri_HPPC/TC23LTO01_HPPC_ch_00.csv,TC23LTO01_HPPC_ch_00.csv,TC23LTO01,LTO,lithium-ion,,,charge_file,charge,1.0,0.90741,90.741,0.02366,0.01615,0.02442,0.10627,0.02658,1.00582
data_Ri_HPPC/TC23LTO01_HPPC_ch_00.csv,TC23LTO01_HPPC_ch_00.csv,TC23LTO01,LTO,lithium-ion,,,charge_file,charge,2.0,0.90741,90.741,0.02359,0.01616,0.02435,0.10589,0.02613,1.00599
data_Ri_HPPC/TC23LTO01_HPPC_ch_00.csv,TC23LTO01_HPPC_ch_00.csv,TC23LTO01,LTO,lithium-ion,,,charge_file,charge,3.0,0.90741,90.741,0.02382,0.01595,0.02497,0.1058,0.02789,1.00588
data_Ri_HPPC/TC23LTO01_HPPC_ch_00.csv,TC23LTO01_HPPC_ch_00.csv,TC23LTO01,LTO,lithium-ion,,,charge_file,discharge,-1.0,0.90741,90.741,0.02365,0.01678,0.02442,0.10677,0.02683,1.00649
data_Ri_HPPC/TC23LTO01_HPPC_ch_00.csv,TC23LTO01_HPPC_ch_00.csv,TC23LTO01,LTO,lithium-ion,,,charge_file,discharge,-2.0,0.90741,90.741,0.02372,0.0161,0.02448,0.10618,0.02671,1.00594
data_Ri_HPPC/TC23LTO01_HPPC_ch_00.csv,TC23LTO01_HPPC_ch_00.csv,TC23LTO01,LTO,lithium-ion,,,charge_file,discharge,-3.0,0.90741,90.741,0.02374,0.01596,0.02467,0.10563,0.02671,1.00589
data_Ri_HPPC/TC23LTO01_HPPC_ch_00.csv,TC23LTO01_HPPC_ch_00.csv,TC23LTO01,LTO,lithium-ion,,,charge_file,charge,1.0,0.93173,93.173,0.02353,0.01578,0.02442,0.10621,0.02658,1.00627
data_Ri_HPPC/TC23LTO01_HPPC_ch_00.csv,TC23LTO01_HPPC_ch_00.csv,TC23LTO01,LTO,lithium-ion,,,charge_file,charge,2.0,0.93173,93.173,0.02353,0.01589,0.02429,0.10603,0.02601,1.0061
data_Ri_HPPC/TC23LTO01_HPPC_ch_00.csv,TC23LTO01_HPPC_ch_00.csv,TC23LTO01,LTO,lithium-ion,,,charge_file,charge,3.0,0.93173,93.173,0.02378,0.01604,0.02501,0.1062,0.02789,1.00606
data_Ri_HPPC/TC23LTO01_HPPC_ch_00.csv,TC23LTO01_HPPC_ch_00.csv,TC23LTO01,LTO,lithium-ion,,,charge_file,discharge,-1.0,0.93173,93.173,0.02366,0.01623,0.02454,0.10618,0.02696,1.00633
data_Ri_HPPC/TC23LTO01_HPPC_ch_00.csv,TC23LTO01_HPPC_ch_00.csv,TC23LTO01,LTO,lithium-ion,,,charge_file,discharge,-2.0,0.93173,93.173,0.02372,0.01597,0.02461,0.10571,0.02671,1.00585
data_Ri_HPPC/TC23LTO01_HPPC_ch_00.csv,TC23LTO01_HPPC_ch_00.csv,TC23LTO01,LTO,lithium-ion,,,charge_file,discharge,-3.0,0.93173,93.173,0.02374,0.01613,0.02471,0.10601,0.02675,1.00587
data_Ri_HPPC/TC23LTO01_HPPC_dis_00.csv,TC23LTO01_HPPC_dis_00.csv,TC23LTO01,LTO,lithium-ion,,,discharge_file,charge,1.0,0.00823,0.823,0.02391,0.0221,0.0248,0.10943,0.02734,1.008
data_Ri_HPPC/TC23LTO01_HPPC_dis_00.csv,TC23LTO01_HPPC_dis_00.csv,TC23LTO01,LTO,lithium-ion,,,discharge_file,charge,2.0,0.00823,0.823,0.02379,0.02224,0.02472,0.10881,0.02702,1.00768
data_Ri_HPPC/TC23LTO01_HPPC_dis_00.csv,TC23LTO01_HPPC_dis_00.csv,TC23LTO01,LTO,lithium-ion,,,discharge_file,charge,3.0,0.00823,0.823,0.02381,0.0235,0.02476,0.10263,,
data_Ri_HPPC/TC23LTO01_HPPC_dis_00.csv,TC23LTO01_HPPC_dis_00.csv,TC23LTO01,LTO,lithium-ion,,,discharge_file,discharge,-1.0,0.00823,0.823,0.02371,0.02212,0.02452,0.10941,0.02709,1.00904
data_Ri_HPPC/TC23LTO01_HPPC_dis_00.csv,TC23LTO01_HPPC_dis_00.csv,TC23LTO01,LTO,lithium-ion,,,discharge_file,discharge,-2.0,0.00823,0.823,0.02364,0.01767,0.0246,0.1078,0.02709,1.00733
data_Ri_HPPC/TC23LTO01_HPPC_dis_00.csv,TC23LTO01_HPPC_dis_00.csv,TC23LTO01,LTO,lithium-ion,,,discharge_file,discharge,-3.0,0.00823,0.823,0.02412,0.02257,0.02538,0.1127,0.02814,1.0088
data_Ri_HPPC/TC23LTO01_HPPC_dis_00.csv,TC23LTO01_HPPC_dis_00.csv,TC23LTO01,LTO,lithium-ion,,,discharge_file,charge,1.0,0.12019,12.019,0.02332,0.01732,0.02392,0.10725,0.02645,1.00714
data_Ri_HPPC/TC23LTO01_HPPC_dis_00.csv,TC23LTO01_HPPC_dis_00.csv,TC23LTO01,LTO,lithium-ion,,,discharge_file,charge,2.0,0.12019,12.019,0.0235,0.02214,0.02405,0.10919,0.02626,1.00895
data_Ri_HPPC/TC23LTO01_HPPC_dis_00.csv,TC23LTO01_HPPC_dis_00.csv,TC23LTO01,LTO,lithium-ion,,,discharge_file,charge,3.0,0.12019,12.019,0.02339,0.02191,0.02399,0.10907,0.02607,1.00515
data_Ri_HPPC/TC23LTO01_HPPC_dis_00.csv,TC23LTO01_HPPC_dis_00.csv,TC23LTO01,LTO,lithium-ion,,,discharge_file,discharge,-1.0,0.12019,12.019,0.02328,0.02241,0.02391,0.10934,0.02607,1.00926
data_Ri_HPPC/TC23LTO01_HPPC_dis_00.csv,TC23LTO01_HPPC_dis_00.csv,TC23LTO01,LTO,lithium-ion,,,discharge_file,discharge,-2.0,0.12019,12.019,0.0233,0.02246,0.02392,0.10972,0.02582,1.00746
data_Ri_HPPC/TC23LTO01_HPPC_dis_00.csv,TC23LTO01_HPPC_dis_00.csv,TC23LTO01,LTO,lithium-ion,,,discharge_file,discharge,-3.0,0.12019,12.019,0.02333,0.02216,0.02391,0.10668,0.02624,1.01182
data_Ri_HPPC/TC23LTO01_HPPC_dis_00.csv,TC23LTO01_HPPC_dis_00.csv,TC23LTO01,LTO,lithium-ion,,,discharge_file,charge,1.0,0.22156,22.156000000000002,0.0234,0.01552,0.02391,0.10593,0.02607,1.00618
data_Ri_HPPC/TC23LTO01_HPPC_dis_00.csv,TC23LTO01_HPPC_dis_00.csv,TC23LTO01,LTO,lithium-ion,,,discharge_file,charge,2.0,0.22156,22.156000000000002,0.0234,0.01655,0.02384,0.10673,0.02588,1.00695
data_Ri_HPPC/TC23LTO01_HPPC_dis_00.csv,TC23LTO01_HPPC_dis_00.csv,TC23LTO01,LTO,lithium-ion,,,discharge_file,charge,3.0,0.22156,22.156000000000002,0.0234,0.01639,0.02382,0.10718,0.02582,1.00631
data_Ri_HPPC/TC23LTO01_HPPC_dis_00.csv,TC23LTO01_HPPC_dis_00.csv,TC23LTO01,LTO,lithium-ion,,,discharge_file,discharge,-1.0,0.22156,22.156000000000002,0.02314,0.01663,0.02378,0.10725,0.02569,1.00682
data_Ri_HPPC/TC23LTO01_HPPC_dis_00.csv,TC23LTO01_HPPC_dis_00.csv,TC23LTO01,LTO,lithium-ion,,,discharge_file,discharge,-2.0,0.22156,22.156000000000002,0.02334,0.01651,0.02378,0.10671,0.02556,1.00695
data_Ri_HPPC/TC23LTO01_HPPC_dis_00.csv,TC23LTO01_HPPC_dis_00.csv,TC23LTO01,LTO,lithium-ion,,,discharge_file,discharge,-3.0,0.22156,22.156000000000002,0.02333,0.01664,0.02383,0.10679,0.02611,1.00692
data_Ri_HPPC/TC23LTO01_HPPC_dis_00.csv,TC23LTO01_HPPC_dis_00.csv,TC23LTO01,LTO,lithium-ion,,,discharge_file,charge,1.0,0.32292,32.292,0.0234,0.02244,0.02391,0.10927,0.02594,1.00829
data_Ri_HPPC/TC23LTO01_HPPC_dis_00.csv,TC23LTO01_HPPC_dis_00.csv,TC23LTO01,LTO,lithium-ion,,,discharge_file,charge,2.0,0.32292,32.292,0.02359,0.02287,0.02397,0.111,0.02582,1.00963
data_Ri_HPPC/TC23LTO01_HPPC_dis_00.csv,TC23LTO01_HPPC_dis_00.csv,TC23LTO01,LTO,lithium-ion,,,discharge_file,charge,3.0,0.32292,32.292,0.02349,0.02345,0.02391,0.10218,0.02577,1.01273
data_Ri_HPPC/TC23LTO01_HPPC_dis_00.csv,TC23LTO01_HPPC_dis_00.csv,TC23LTO01,LTO,lithium-ion,,,discharge_file,discharge,-1.0,0.32292,32.292,0.02353,0.02264,0.02378,0.11122,0.02569,1.00321
data_Ri_HPPC/TC23LTO01_HPPC_dis_00.csv,TC23LTO01_HPPC_dis_00.csv,TC23LTO01,LTO,lithium-ion,,,discharge_file,discharge,-2.0,0.32292,32.292,0.02359,0.02366,0.02397,0.10269,0.0255,1.01012
data_Ri_HPPC/TC23LTO01_HPPC_dis_00.csv,TC23LTO01_HPPC_dis_00.csv,TC23LTO01,LTO,lithium-ion,,,discharge_file,discharge,-3.0,0.32292,32.292,0.02348,0.02357,0.02391,0.10104,0.02594,1.0001
data_Ri_HPPC/TC23LTO01_HPPC_dis_00.csv,TC23LTO01_HPPC_dis_00.csv,TC23LTO01,LTO,lithium-ion,,,discharge_file,charge,1.0,0.42429,42.429,0.02365,0.01612,0.02429,0.10632,0.02607,1.00614
data_Ri_HPPC/TC23LTO01_HPPC_dis_00.csv,TC23LTO01_HPPC_dis_00.csv,TC23LTO01,LTO,lithium-ion,,,discharge_file,charge,2.0,0.42429,42.429,0.02372,0.01656,0.0241,0.10647,0.02594,1.00563
data_Ri_HPPC/TC23LTO01_HPPC_dis_00.csv,TC23LTO01_HPPC_dis_00.csv,TC23LTO01,LTO,lithium-ion,,,discharge_file,charge,3.0,0.42429,42.429,0.02365,0.01612,0.02412,0.10646,0.02582,1.00622
data_Ri_HPPC/TC23LTO01_HPPC_dis_00.csv,TC23LTO01_HPPC_dis_00.csv,TC23LTO01,LTO,lithium-ion,,,discharge_file,discharge,-1.0,0.42429,42.429,0.02365,0.01621,0.02403,0.10615,0.02582,1.00639
data_Ri_HPPC/TC23LTO01_HPPC_dis_00.csv,TC23LTO01_HPPC_dis_00.csv,TC23LTO01,LTO,lithium-ion,,,discharge_file,discharge,-2.0,0.42429,42.429,0.02365,0.01605,0.02403,0.10692,0.02562,1.00617
data_Ri_HPPC/TC23LTO01_HPPC_dis_00.csv,TC23LTO01_HPPC_dis_00.csv,TC23LTO01,LTO,lithium-ion,,,discharge_file,discharge,-3.0,0.42429,42.429,0.02361,0.01636,0.02403,0.10603,0.02607,1.00615
data_Ri_HPPC/TC23LTO01_HPPC_dis_00.csv,TC23LTO01_HPPC_dis_00.csv,TC23LTO01,LTO,lithium-ion,,,discharge_file,charge,1.0,0.52565,52.565,0.02403,0.01591,0.02442,0.10576,0.02632,1.006
data_Ri_HPPC/TC23LTO01_HPPC_dis_00.csv,TC23LTO01_HPPC_dis_00.csv,TC23LTO01,LTO,lithium-ion,,,discharge_file,charge,2.0,0.52565,52.565,0.02397,0.01598,0.02435,0.106,0.02613,1.00593
data_Ri_HPPC/TC23LTO01_HPPC_dis_00.csv,TC23LTO01_HPPC_dis_00.csv,TC23LTO01,LTO,lithium-ion,,,discharge_file,charge,3.0,0.52565,52.565,0.02399,0.01593,0.02437,0.10642,0.02607,1.00609
data_Ri_HPPC/TC23LTO01_HPPC_dis_00.csv,TC23LTO01_HPPC_dis_00.csv,TC23LTO01,LTO,lithium-ion,,,discharge_file,discharge,-1.0,0.52565,52.565,0.02391,0.01636,0.02429,0.10631,0.02607,1.00626
data_Ri_HPPC/TC23LTO01_HPPC_dis_00.csv,TC23LTO01_HPPC_dis_00.csv,TC23LTO01,LTO,lithium-ion,,,discharge_file,discharge,-2.0,0.52565,52.565,0.02385,0.01601,0.02422,0.10581,0.02575,1.00581
data_Ri_HPPC/TC23LTO01_HPPC_dis_00.csv,TC23LTO01_HPPC_dis_00.csv,TC23LTO01,LTO,lithium-ion,,,discharge_file,discharge,-3.0,0.52565,52.565,0.02387,0.01595,0.02429,0.1061,0.02628,1.00616
data_Ri_HPPC/TC23LTO01_HPPC_dis_00.csv,TC23LTO01_HPPC_dis_00.csv,TC23LTO01,LTO,lithium-ion,,,discharge_file,charge,1.0,0.62701,62.70099999999999,0.02442,0.01588,0.0248,0.10584,0.02658,1.00562
data_Ri_HPPC/TC23LTO01_HPPC_dis_00.csv,TC23LTO01_HPPC_dis_00.csv,TC23LTO01,LTO,lithium-ion,,,discharge_file,charge,2.0,0.62701,62.70099999999999,0.02436,0.01614,0.02473,0.10626,0.02645,1.00633
data_Ri_HPPC/TC23LTO01_HPPC_dis_00.csv,TC23LTO01_HPPC_dis_00.csv,TC23LTO01,LTO,lithium-ion,,,discharge_file,charge,3.0,0.62701,62.70099999999999,0.02429,0.01627,0.02471,0.10661,0.02637,1.00632
data_Ri_HPPC/TC23LTO01_HPPC_dis_00.csv,TC23LTO01_HPPC_dis_00.csv,TC23LTO01,LTO,lithium-ion,,,discharge_file,discharge,-1.0,0.62701,62.70099999999999,0.02416,0.01622,0.02454,0.10605,0.0262,1.00565
data_Ri_HPPC/TC23LTO01_HPPC_dis_00.csv,TC23LTO01_HPPC_dis_00.csv,TC23LTO01,LTO,lithium-ion,,,discharge_file,discharge,-2.0,0.62701,62.70099999999999,0.02423,0.0165,0.02461,0.10635,0.02601,1.00644
data_Ri_HPPC/TC23LTO01_HPPC_dis_00.csv,TC23LTO01_HPPC_dis_00.csv,TC23LTO01,LTO,lithium-ion,,,discharge_file,discharge,-3.0,0.62701,62.70099999999999,0.02429,0.01655,0.02463,0.10624,0.02658,1.00657
data_Ri_HPPC/TC23LTO01_HPPC_dis_00.csv,TC23LTO01_HPPC_dis_00.csv,TC23LTO01,LTO,lithium-ion,,,discharge_file,charge,1.0,0.72838,72.83800000000001,0.02479,0.01586,0.02518,0.10618,0.02696,1.0064
data_Ri_HPPC/TC23LTO01_HPPC_dis_00.csv,TC23LTO01_HPPC_dis_00.csv,TC23LTO01,LTO,lithium-ion,,,discharge_file,charge,2.0,0.72838,72.83800000000001,0.02474,0.01601,0.02511,0.10598,0.02677,1.00607
data_Ri_HPPC/TC23LTO01_HPPC_dis_00.csv,TC23LTO01_HPPC_dis_00.csv,TC23LTO01,LTO,lithium-ion,,,discharge_file,charge,3.0,0.72838,72.83800000000001,0.02467,0.01594,0.02509,0.10575,0.02671,1.00596
data_Ri_HPPC/TC23LTO01_HPPC_dis_00.csv,TC23LTO01_HPPC_dis_00.csv,TC23LTO01,LTO,lithium-ion,,,discharge_file,discharge,-1.0,0.72838,72.83800000000001,0.02442,0.01613,0.0248,0.10587,0.02645,1.00573
data_Ri_HPPC/TC23LTO01_HPPC_dis_00.csv,TC23LTO01_HPPC_dis_00.csv,TC23LTO01,LTO,lithium-ion,,,discharge_file,discharge,-2.0,0.72838,72.83800000000001,0.02454,0.016,0.02499,0.1062,0.02632,1.00606
data_Ri_HPPC/TC23LTO01_HPPC_dis_00.csv,TC23LTO01_HPPC_dis_00.csv,TC23LTO01,LTO,lithium-ion,,,discharge_file,discharge,-3.0,0.72838,72.83800000000001,0.02463,0.01603,0.02501,0.10623,0.02692,1.00587
data_Ri_HPPC/TC23LTO01_HPPC_dis_00.csv,TC23LTO01_HPPC_dis_00.csv,TC23LTO01,LTO,lithium-ion,,,discharge_file,charge,1.0,0.82974,82.974,0.02518,0.0225,0.02556,0.11179,0.02721,1.00444
data_Ri_HPPC/TC23LTO01_HPPC_dis_00.csv,TC23LTO01_HPPC_dis_00.csv,TC23LTO01,LTO,lithium-ion,,,discharge_file,charge,2.0,0.82974,82.974,0.02505,0.02272,0.02543,0.11219,0.02702,1.00596
data_Ri_HPPC/TC23LTO01_HPPC_dis_00.csv,TC23LTO01_HPPC_dis_00.csv,TC23LTO01,LTO,lithium-ion,,,discharge_file,charge,3.0,0.82974,82.974,0.02497,0.0228,0.02535,0.11112,0.02692,1.00898
data_Ri_HPPC/TC23LTO01_HPPC_dis_00.csv,TC23LTO01_HPPC_dis_00.csv,TC23LTO01,LTO,lithium-ion,,,discharge_file,discharge,-1.0,0.82974,82.974,0.0248,0.02268,0.02518,0.11117,0.02671,1.00467
data_Ri_HPPC/TC23LTO01_HPPC_dis_00.csv,TC23LTO01_HPPC_dis_00.csv,TC23LTO01,LTO,lithium-ion,,,discharge_file,discharge,-2.0,0.82974,82.974,0.02492,0.02278,0.02531,0.11248,0.02658,1.00516
data_Ri_HPPC/TC23LTO01_HPPC_dis_00.csv,TC23LTO01_HPPC_dis_00.csv,TC23LTO01,LTO,lithium-ion,,,discharge_file,discharge,-3.0,0.82974,82.974,0.02484,0.02303,0.02531,0.10096,0.02717,1.00642
data_Ri_HPPC/TC23LTO01_HPPC_dis_00.csv,TC23LTO01_HPPC_dis_00.csv,TC23LTO01,LTO,lithium-ion,,,discharge_file,charge,1.0,0.93111,93.111,0.02544,0.02275,0.02568,0.11185,0.0276,1.00611
data_Ri_HPPC/TC23LTO01_HPPC_dis_00.csv,TC23LTO01_HPPC_dis_00.csv,TC23LTO01,LTO,lithium-ion,,,discharge_file,charge,2.0,0.93111,93.111,0.02531,0.02261,0.02582,0.11209,0.02747,1.01047
data_Ri_HPPC/TC23LTO01_HPPC_dis_00.csv,TC23LTO01_HPPC_dis_00.csv,TC23LTO01,LTO,lithium-ion,,,discharge_file,charge,3.0,0.93111,93.111,0.02539,0.02305,0.02582,0.10072,0.02743,1.0074
data_Ri_HPPC/TC23LTO01_HPPC_dis_00.csv,TC23LTO01_HPPC_dis_00.csv,TC23LTO01,LTO,lithium-ion,,,discharge_file,discharge,-1.0,0.93111,93.111,0.02531,0.02262,0.02569,0.11168,0.02734,1.00495
data_Ri_HPPC/TC23LTO01_HPPC_dis_00.csv,TC23LTO01_HPPC_dis_00.csv,TC23LTO01,LTO,lithium-ion,,,discharge_file,discharge,-2.0,0.93111,93.111,0.02537,0.0228,0.02588,0.11227,0.02728,1.00844
data_Ri_HPPC/TC23LTO01_HPPC_dis_00.csv,TC23LTO01_HPPC_dis_00.csv,TC23LTO01,LTO,lithium-ion,,,discharge_file,discharge,-3.0,0.93111,93.111,0.02539,0.02293,0.02594,0.11199,0.02785,1.00368
data_Ri_HPPC/TC23LTO02_HPPC_ch_00.csv,TC23LTO02_HPPC_ch_00.csv,TC23LTO02,LTO,lithium-ion,,,charge_file,charge,1.0,0.0,0.0,0.03269,0.02293,0.03591,0.11119,0.04044,1.00225
data_Ri_HPPC/TC23LTO02_HPPC_ch_00.csv,TC23LTO02_HPPC_ch_00.csv,TC23LTO02,LTO,lithium-ion,,,charge_file,charge,2.0,0.0,0.0,0.03252,0.02294,0.03508,0.1002,0.03898,1.00017
data_Ri_HPPC/TC23LTO02_HPPC_ch_00.csv,TC23LTO02_HPPC_ch_00.csv,TC23LTO02,LTO,lithium-ion,,,charge_file,charge,3.0,0.0,0.0,0.03255,0.02345,0.03477,0.11249,0.03786,1.00161
data_Ri_HPPC/TC23LTO02_HPPC_ch_00.csv,TC23LTO02_HPPC_ch_00.csv,TC23LTO02,LTO,lithium-ion,,,charge_file,discharge,-1.0,0.0,0.0,0.03207,0.02233,0.03443,0.11125,0.03968,1.00406
data_Ri_HPPC/TC23LTO02_HPPC_ch_00.csv,TC23LTO02_HPPC_ch_00.csv,TC23LTO02,LTO,lithium-ion,,,charge_file,discharge,-2.0,0.0,0.0,0.03167,0.0226,0.03358,0.11089,0.03796,1.00906
data_Ri_HPPC/TC23LTO02_HPPC_ch_00.csv,TC23LTO02_HPPC_ch_00.csv,TC23LTO02,LTO,lithium-ion,,,charge_file,discharge,-3.0,0.0,0.0,0.03149,0.02307,0.03286,0.10025,0.03688,1.00288
data_Ri_HPPC/TC23LTO02_HPPC_ch_00.csv,TC23LTO02_HPPC_ch_00.csv,TC23LTO02,LTO,lithium-ion,,,charge_file,charge,1.0,0.10081,10.081,0.02988,0.02277,0.03039,0.11174,0.0318,1.00126
data_Ri_HPPC/TC23LTO02_HPPC_ch_00.csv,TC23LTO02_HPPC_ch_00.csv,TC23LTO02,LTO,lithium-ion,,,charge_file,charge,2.0,0.10081,10.081,0.02975,0.02265,0.03014,0.11006,0.03148,1.00883
data_Ri_HPPC/TC23LTO02_HPPC_ch_00.csv,TC23LTO02_HPPC_ch_00.csv,TC23LTO02,LTO,lithium-ion,,,charge_file,charge,3.0,0.10081,10.081,0.02983,0.02244,0.03039,0.11041,0.03201,1.00381
data_Ri_HPPC/TC23LTO02_HPPC_ch_00.csv,TC23LTO02_HPPC_ch_00.csv,TC23LTO02,LTO,lithium-ion,,,charge_file,discharge,-1.0,0.10081,10.081,0.02976,0.02237,0.03027,0.11099,0.0318,1.00497
data_Ri_HPPC/TC23LTO02_HPPC_ch_00.csv,TC23LTO02_HPPC_ch_00.csv,TC23LTO02,LTO,lithium-ion,,,charge_file,discharge,-2.0,0.10081,10.081,0.02977,0.02237,0.03027,0.10921,0.0318,1.00898
data_Ri_HPPC/TC23LTO02_HPPC_ch_00.csv,TC23LTO02_HPPC_ch_00.csv,TC23LTO02,LTO,lithium-ion,,,charge_file,discharge,-3.0,0.10081,10.081,0.02977,0.02282,0.03035,0.11276,0.03175,1.00678
data_Ri_HPPC/TC23LTO02_HPPC_ch_00.csv,TC23LTO02_HPPC_ch_00.csv,TC23LTO02,LTO,lithium-ion,,,charge_file,charge,1.0,0.20162,20.162,0.02964,0.02255,0.03014,0.11069,0.03167,1.00382
data_Ri_HPPC/TC23LTO02_HPPC_ch_00.csv,TC23LTO02_HPPC_ch_00.csv,TC23LTO02,LTO,lithium-ion,,,charge_file,charge,2.0,0.20162,20.162,0.02951,0.02256,0.02995,0.11075,0.03122,1.0065
data_Ri_HPPC/TC23LTO02_HPPC_ch_00.csv,TC23LTO02_HPPC_ch_00.csv,TC23LTO02,LTO,lithium-ion,,,charge_file,charge,3.0,0.20162,20.162,0.02972,0.02264,0.03044,0.11053,0.03226,1.00865
data_Ri_HPPC/TC23LTO02_HPPC_ch_00.csv,TC23LTO02_HPPC_ch_00.csv,TC23LTO02,LTO,lithium-ion,,,charge_file,discharge,-1.0,0.20162,20.162,0.02976,0.02262,0.03001,0.11133,0.03167,1.00836
data_Ri_HPPC/TC23LTO02_HPPC_ch_00.csv,TC23LTO02_HPPC_ch_00.csv,TC23LTO02,LTO,lithium-ion,,,charge_file,discharge,-2.0,0.20162,20.162,0.02951,0.02258,0.03014,0.11096,0.03161,1.00615
data_Ri_HPPC/TC23LTO02_HPPC_ch_00.csv,TC23LTO02_HPPC_ch_00.csv,TC23LTO02,LTO,lithium-ion,,,charge_file,discharge,-3.0,0.20162,20.162,0.02964,0.02285,0.03031,0.11081,0.03167,1.01003
data_Ri_HPPC/TC23LTO02_HPPC_ch_00.csv,TC23LTO02_HPPC_ch_00.csv,TC23LTO02,LTO,lithium-ion,,,charge_file,charge,1.0,0.30242,30.242,0.02925,0.02286,0.03001,0.11108,0.03141,1.00503
data_Ri_HPPC/TC23LTO02_HPPC_ch_00.csv,TC23LTO02_HPPC_ch_00.csv,TC23LTO02,LTO,lithium-ion,,,charge_file,charge,2.0,0.30242,30.242,0.02938,0.0224,0.02982,0.1109,0.0311,1.00628
data_Ri_HPPC/TC23LTO02_HPPC_ch_00.csv,TC23LTO02_HPPC_ch_00.csv,TC23LTO02,LTO,lithium-ion,,,charge_file,charge,3.0,0.30242,30.242,0.02968,0.02279,0.03048,0.11041,0.03247,1.00798
data_Ri_HPPC/TC23LTO02_HPPC_ch_00.csv,TC23LTO02_HPPC_ch_00.csv,TC23LTO02,LTO,lithium-ion,,,charge_file,discharge,-1.0,0.30242,30.242,0.02938,0.02248,0.02989,0.11006,0.03154,1.00402
data_Ri_HPPC/TC23LTO02_HPPC_ch_00.csv,TC23LTO02_HPPC_ch_00.csv,TC23LTO02,LTO,lithium-ion,,,charge_file,discharge,-2.0,0.30242,30.242,0.02938,0.02245,0.02995,0.1094,0.03148,1.00987
data_Ri_HPPC/TC23LTO02_HPPC_ch_00.csv,TC23LTO02_HPPC_ch_00.csv,TC23LTO02,LTO,lithium-ion,,,charge_file,discharge,-3.0,0.30242,30.242,0.02955,0.02258,0.03023,0.11165,0.03163,1.00678
data_Ri_HPPC/TC23LTO02_HPPC_ch_00.csv,TC23LTO02_HPPC_ch_00.csv,TC23LTO02,LTO,lithium-ion,,,charge_file,charge,1.0,0.40323,40.323,0.029,0.0224,0.02976,0.11071,0.03116,1.00394
data_Ri_HPPC/TC23LTO02_HPPC_ch_00.csv,TC23LTO02_HPPC_ch_00.csv,TC23LTO02,LTO,lithium-ion,,,charge_file,charge,2.0,0.40323,40.323,0.02893,0.023,0.02951,0.1117,0.03071,1.00343
data_Ri_HPPC/TC23LTO02_HPPC_ch_00.csv,TC23LTO02_HPPC_ch_00.csv,TC23LTO02,LTO,lithium-ion,,,charge_file,charge,3.0,0.40323,40.323,0.02934,0.02296,0.03014,0.10004,0.03239,1.00574
data_Ri_HPPC/TC23LTO02_HPPC_ch_00.csv,TC23LTO02_HPPC_ch_00.csv,TC23LTO02,LTO,lithium-ion,,,charge_file,discharge,-1.0,0.40323,40.323,0.02913,0.02249,0.02976,0.11034,0.03141,1.00548
data_Ri_HPPC/TC23LTO02_HPPC_ch_00.csv,TC23LTO02_HPPC_ch_00.csv,TC23LTO02,LTO,lithium-ion,,,charge_file,discharge,-2.0,0.40323,40.323,0.02913,0.0226,0.02976,0.11022,0.03129,1.00943
data_Ri_HPPC/TC23LTO02_HPPC_ch_00.csv,TC23LTO02_HPPC_ch_00.csv,TC23LTO02,LTO,lithium-ion,,,charge_file,discharge,-3.0,0.40323,40.323,0.02921,0.02337,0.02985,0.10125,0.03133,1.00793
data_Ri_HPPC/TC23LTO02_HPPC_ch_00.csv,TC23LTO02_HPPC_ch_00.csv,TC23LTO02,LTO,lithium-ion,,,charge_file,charge,1.0,0.50404,50.404,0.02875,0.02248,0.02951,0.10975,0.03116,1.01105
data_Ri_HPPC/TC23LTO02_HPPC_ch_00.csv,TC23LTO02_HPPC_ch_00.csv,TC23LTO02,LTO,lithium-ion,,,charge_file,charge,2.0,0.50404,50.404,0.02874,0.02219,0.02919,0.11203,0.03052,1.00528
data_Ri_HPPC/TC23LTO02_HPPC_ch_00.csv,TC23LTO02_HPPC_ch_00.csv,TC23LTO02,LTO,lithium-ion,,,charge_file,charge,3.0,0.50404,50.404,0.02896,0.02216,0.02993,0.1117,0.03226,1.0051
data_Ri_HPPC/TC23LTO02_HPPC_ch_00.csv,TC23LTO02_HPPC_ch_00.csv,TC23LTO02,LTO,lithium-ion,,,charge_file,discharge,-1.0,0.50404,50.404,0.02875,0.02223,0.02964,0.11079,0.03129,1.00549
data_Ri_HPPC/TC23LTO02_HPPC_ch_00.csv,TC23LTO02_HPPC_ch_00.csv,TC23LTO02,LTO,lithium-ion,,,charge_file,discharge,-2.0,0.50404,50.404,0.02881,0.02282,0.02944,0.11178,0.03103,1.00881
data_Ri_HPPC/TC23LTO02_HPPC_ch_00.csv,TC23LTO02_HPPC_ch_00.csv,TC23LTO02,LTO,lithium-ion,,,charge_file,discharge,-3.0,0.50404,50.404,0.02891,0.02287,0.02964,0.10057,0.0312,1.00238
data_Ri_HPPC/TC23LTO02_HPPC_ch_00.csv,TC23LTO02_HPPC_ch_00.csv,TC23LTO02,LTO,lithium-ion,,,charge_file,charge,1.0,0.60484,60.484,0.02849,0.0222,0.02913,0.11031,0.03091,1.0105
data_Ri_HPPC/TC23LTO02_HPPC_ch_00.csv,TC23LTO02_HPPC_ch_00.csv,TC23LTO02,LTO,lithium-ion,,,charge_file,charge,2.0,0.60484,60.484,0.0283,0.01723,0.02887,0.10745,0.0304,1.00808
data_Ri_HPPC/TC23LTO02_HPPC_ch_00.csv,TC23LTO02_HPPC_ch_00.csv,TC23LTO02,LTO,lithium-ion,,,charge_file,charge,3.0,0.60484,60.484,0.0287,0.02199,0.02968,0.10851,0.03222,1.00425
data_Ri_HPPC/TC23LTO02_HPPC_ch_00.csv,TC23LTO02_HPPC_ch_00.csv,TC23LTO02,LTO,lithium-ion,,,charge_file,discharge,-1.0,0.60484,60.484,0.02849,0.0221,0.02913,0.10951,0.03103,1.0083
data_Ri_HPPC/TC23LTO02_HPPC_ch_00.csv,TC23LTO02_HPPC_ch_00.csv,TC23LTO02,LTO,lithium-ion,,,charge_file,discharge,-2.0,0.60484,60.484,0.02855,0.02287,0.02925,0.11081,0.03097,1.00892
data_Ri_HPPC/TC23LTO02_HPPC_ch_00.csv,TC23LTO02_HPPC_ch_00.csv,TC23LTO02,LTO,lithium-ion,,,charge_file,discharge,-3.0,0.60484,60.484,0.02858,0.0171,0.02938,0.10728,0.03108,1.0072
data_Ri_HPPC/TC23LTO02_HPPC_ch_00.csv,TC23LTO02_HPPC_ch_00.csv,TC23LTO02,LTO,lithium-ion,,,charge_file,charge,1.0,0.70565,70.565,0.02836,0.01764,0.02899,0.1077,0.03091,1.00836
data_Ri_HPPC/TC23LTO02_HPPC_ch_00.csv,TC23LTO02_HPPC_ch_00.csv,TC23LTO02,LTO,lithium-ion,,,charge_file,charge,2.0,0.70565,70.565,0.02836,0.01693,0.02893,0.10741,0.03046,1.00792
data_Ri_HPPC/TC23LTO02_HPPC_ch_00.csv,TC23LTO02_HPPC_ch_00.csv,TC23LTO02,LTO,lithium-ion,,,charge_file,charge,3.0,0.70565,70.565,0.02858,0.01773,0.02968,0.10758,0.03235,1.00745
data_Ri_HPPC/TC23LTO02_HPPC_ch_00.csv,TC23LTO02_HPPC_ch_00.csv,TC23LTO02,LTO,lithium-ion,,,charge_file,discharge,-1.0,0.70565,70.565,0.02849,0.02203,0.02938,0.10894,0.03129,1.01172
data_Ri_HPPC/TC23LTO02_HPPC_ch_00.csv,TC23LTO02_HPPC_ch_00.csv,TC23LTO02,LTO,lithium-ion,,,charge_file,discharge,-2.0,0.70565,70.565,0.02849,0.0172,0.02925,0.10796,0.03116,1.00736
data_Ri_HPPC/TC23LTO02_HPPC_ch_00.csv,TC23LTO02_HPPC_ch_00.csv,TC23LTO02,LTO,lithium-ion,,,charge_file,discharge,-3.0,0.70565,70.565,0.02857,0.01755,0.02946,0.10788,0.03124,1.00817
data_Ri_HPPC/TC23LTO02_HPPC_ch_00.csv,TC23LTO02_HPPC_ch_00.csv,TC23LTO02,LTO,lithium-ion,,,charge_file,charge,1.0,0.80646,80.646,0.02849,0.02278,0.02913,0.11214,0.03103,1.01023
data_Ri_HPPC/TC23LTO02_HPPC_ch_00.csv,TC23LTO02_HPPC_ch_00.csv,TC23LTO02,LTO,lithium-ion,,,charge_file,charge,2.0,0.80646,80.646,0.0283,0.02255,0.02893,0.1106,0.03052,1.00592
data_Ri_HPPC/TC23LTO02_HPPC_ch_00.csv,TC23LTO02_HPPC_ch_00.csv,TC23LTO02,LTO,lithium-ion,,,charge_file,charge,3.0,0.80646,80.646,0.02866,0.02292,0.02972,0.11169,0.03256,1.00452
data_Ri_HPPC/TC23LTO02_HPPC_ch_00.csv,TC23LTO02_HPPC_ch_00.csv,TC23LTO02,LTO,lithium-ion,,,charge_file,discharge,-1.0,0.80646,80.646,0.02836,0.02235,0.02925,0.11009,0.03141,1.00917
data_Ri_HPPC/TC23LTO02_HPPC_ch_00.csv,TC23LTO02_HPPC_ch_00.csv,TC23LTO02,LTO,lithium-ion,,,charge_file,discharge,-2.0,0.80646,80.646,0.02849,0.02238,0.02925,0.11056,0.03129,1.0093
data_Ri_HPPC/TC23LTO02_HPPC_ch_00.csv,TC23LTO02_HPPC_ch_00.csv,TC23LTO02,LTO,lithium-ion,,,charge_file,discharge,-3.0,0.80646,80.646,0.02866,0.02216,0.02951,0.10967,0.03141,1.009
data_Ri_HPPC/TC23LTO02_HPPC_ch_00.csv,TC23LTO02_HPPC_ch_00.csv,TC23LTO02,LTO,lithium-ion,,,charge_file,charge,1.0,0.90727,90.727,0.02811,0.01597,0.02913,0.10611,0.03129,1.00568
data_Ri_HPPC/TC23LTO02_HPPC_ch_00.csv,TC23LTO02_HPPC_ch_00.csv,TC23LTO02,LTO,lithium-ion,,,charge_file,charge,2.0,0.90727,90.727,0.02811,0.0164,0.02887,0.10617,0.03071,1.00611
data_Ri_HPPC/TC23LTO02_HPPC_ch_00.csv,TC23LTO02_HPPC_ch_00.csv,TC23LTO02,LTO,lithium-ion,,,charge_file,charge,3.0,0.90727,90.727,0.02841,0.01591,0.02963,0.106,0.03273,1.00608
data_Ri_HPPC/TC23LTO02_HPPC_ch_00.csv,TC23LTO02_HPPC_ch_00.csv,TC23LTO02,LTO,lithium-ion,,,charge_file,discharge,-1.0,0.90727,90.727,0.02811,0.01593,0.02899,0.10628,0.03141,1.0063
data_Ri_HPPC/TC23LTO02_HPPC_ch_00.csv,TC23LTO02_HPPC_ch_00.csv,TC23LTO02,LTO,lithium-ion,,,charge_file,discharge,-2.0,0.90727,90.727,0.02824,0.01579,0.02913,0.10549,0.03135,1.00629
data_Ri_HPPC/TC23LTO02_HPPC_ch_00.csv,TC23LTO02_HPPC_ch_00.csv,TC23LTO02,LTO,lithium-ion,,,charge_file,discharge,-3.0,0.90727,90.727,0.02832,0.01571,0.0293,0.10579,0.03141,1.00578
data_Ri_HPPC/TC23LTO02_HPPC_ch_00.csv,TC23LTO02_HPPC_ch_00.csv,TC23LTO02,LTO,lithium-ion,,,charge_file,charge,1.0,0.92562,92.562,0.02836,0.01606,0.02913,0.10583,0.03116,1.00562
data_Ri_HPPC/TC23LTO02_HPPC_ch_00.csv,TC23LTO02_HPPC_ch_00.csv,TC23LTO02,LTO,lithium-ion,,,charge_file,charge,2.0,0.92562,92.562,0.02811,0.01577,0.02887,0.10602,0.03071,1.00605
data_Ri_HPPC/TC23LTO02_HPPC_ch_00.csv,TC23LTO02_HPPC_ch_00.csv,TC23LTO02,LTO,lithium-ion,,,charge_file,charge,3.0,0.92562,92.562,0.02841,0.01575,0.02968,0.10599,,
data_Ri_HPPC/TC23LTO02_HPPC_ch_00.csv,TC23LTO02_HPPC_ch_00.csv,TC23LTO02,LTO,lithium-ion,,,charge_file,discharge,-1.0,0.92562,92.562,0.02823,0.01559,0.029,0.10596,0.03154,1.00593
data_Ri_HPPC/TC23LTO02_HPPC_ch_00.csv,TC23LTO02_HPPC_ch_00.csv,TC23LTO02,LTO,lithium-ion,,,charge_file,discharge,-2.0,0.92562,92.562,0.02837,0.01582,0.02919,0.10589,0.03141,1.00575
data_Ri_HPPC/TC23LTO02_HPPC_ch_00.csv,TC23LTO02_HPPC_ch_00.csv,TC23LTO02,LTO,lithium-ion,,,charge_file,discharge,-3.0,0.92562,92.562,0.02828,0.01565,0.02934,0.10586,0.03141,1.00568
data_Ri_HPPC/TC23LTO02_HPPC_dis_00.csv,TC23LTO02_HPPC_dis_00.csv,TC23LTO02,LTO,lithium-ion,,,discharge_file,charge,1.0,0.00826,0.826,0.02865,0.0221,0.02964,0.10822,0.03281,1.00978
data_Ri_HPPC/TC23LTO02_HPPC_dis_00.csv,TC23LTO02_HPPC_dis_00.csv,TC23LTO02,LTO,lithium-ion,,,discharge_file,charge,2.0,0.00826,0.826,0.02861,0.02228,0.02972,0.10952,,
data_Ri_HPPC/TC23LTO02_HPPC_dis_00.csv,TC23LTO02_HPPC_dis_00.csv,TC23LTO02,LTO,lithium-ion,,,discharge_file,charge,3.0,0.00826,0.826,0.02875,0.02276,0.02991,0.10075,,
data_Ri_HPPC/TC23LTO02_HPPC_dis_00.csv,TC23LTO02_HPPC_dis_00.csv,TC23LTO02,LTO,lithium-ion,,,discharge_file,discharge,-1.0,0.00826,0.826,0.0284,0.02221,0.02947,0.10822,0.03243,1.01102
data_Ri_HPPC/TC23LTO02_HPPC_dis_00.csv,TC23LTO02_HPPC_dis_00.csv,TC23LTO02,LTO,lithium-ion,,,discharge_file,discharge,-2.0,0.00826,0.826,0.02847,0.01758,0.02963,0.10755,0.03269,1.00757
data_Ri_HPPC/TC23LTO02_HPPC_dis_00.csv,TC23LTO02_HPPC_dis_00.csv,TC23LTO02,LTO,lithium-ion,,,discharge_file,discharge,-3.0,0.00826,0.826,0.02891,0.02318,0.03027,0.10157,0.0337,1.0076
data_Ri_HPPC/TC23LTO02_HPPC_dis_00.csv,TC23LTO02_HPPC_dis_00.csv,TC23LTO02,LTO,lithium-ion,,,discharge_file,charge,1.0,0.12276,12.276,0.02816,0.02166,0.02863,0.10786,0.03116,1.0084
data_Ri_HPPC/TC23LTO02_HPPC_dis_00.csv,TC23LTO02_HPPC_dis_00.csv,TC23LTO02,LTO,lithium-ion,,,discharge_file,charge,2.0,0.12276,12.276,0.02796,0.02291,0.02863,0.11144,0.03084,1.00639
data_Ri_HPPC/TC23LTO02_HPPC_dis_00.csv,TC23LTO02_HPPC_dis_00.csv,TC23LTO02,LTO,lithium-ion,,,discharge_file,charge,3.0,0.12276,12.276,0.02811,0.02225,0.02866,0.10997,0.03074,1.00904
data_Ri_HPPC/TC23LTO02_HPPC_dis_00.csv,TC23LTO02_HPPC_dis_00.csv,TC23LTO02,LTO,lithium-ion,,,discharge_file,discharge,-1.0,0.12276,12.276,0.02775,0.02212,0.02837,0.10945,0.03065,1.00765
data_Ri_HPPC/TC23LTO02_HPPC_dis_00.csv,TC23LTO02_HPPC_dis_00.csv,TC23LTO02,LTO,lithium-ion,,,discharge_file,discharge,-2.0,0.12276,12.276,0.02796,0.02292,0.02857,0.10001,0.03052,1.00423
data_Ri_HPPC/TC23LTO02_HPPC_dis_00.csv,TC23LTO02_HPPC_dis_00.csv,TC23LTO02,LTO,lithium-ion,,,discharge_file,discharge,-3.0,0.12276,12.276,0.02793,0.02285,0.0285,0.11091,0.03082,1.00678
data_Ri_HPPC/TC23LTO02_HPPC_dis_00.csv,TC23LTO02_HPPC_dis_00.csv,TC23LTO02,LTO,lithium-ion,,,discharge_file,charge,1.0,0.22409,22.409000000000002,0.02798,0.02266,0.02849,0.11191,0.03065,1.00874
data_Ri_HPPC/TC23LTO02_HPPC_dis_00.csv,TC23LTO02_HPPC_dis_00.csv,TC23LTO02,LTO,lithium-ion,,,discharge_file,charge,2.0,0.22409,22.409000000000002,0.02798,0.01692,0.02849,0.1074,0.03052,1.00695
data_Ri_HPPC/TC23LTO02_HPPC_dis_00.csv,TC23LTO02_HPPC_dis_00.csv,TC23LTO02,LTO,lithium-ion,,,discharge_file,charge,3.0,0.22409,22.409000000000002,0.02798,0.01694,0.02849,0.10658,0.0304,1.00698
data_Ri_HPPC/TC23LTO02_HPPC_dis_00.csv,TC23LTO02_HPPC_dis_00.csv,TC23LTO02,LTO,lithium-ion,,,discharge_file,discharge,-1.0,0.22409,22.409000000000002,0.02773,0.02369,0.02811,0.10269,0.03014,1.00288
data_Ri_HPPC/TC23LTO02_HPPC_dis_00.csv,TC23LTO02_HPPC_dis_00.csv,TC23LTO02,LTO,lithium-ion,,,discharge_file,discharge,-2.0,0.22409,22.409000000000002,0.02786,0.01657,0.02843,0.1066,0.03008,1.00636
data_Ri_HPPC/TC23LTO02_HPPC_dis_00.csv,TC23LTO02_HPPC_dis_00.csv,TC23LTO02,LTO,lithium-ion,,,discharge_file,discharge,-3.0,0.22409,22.409000000000002,0.02796,0.01689,0.02841,0.1069,0.03065,1.00665
data_Ri_HPPC/TC23LTO02_HPPC_dis_00.csv,TC23LTO02_HPPC_dis_00.csv,TC23LTO02,LTO,lithium-ion,,,discharge_file,charge,1.0,0.32542,32.542,0.02811,0.02282,0.02862,0.11228,0.03052,1.00579
data_Ri_HPPC/TC23LTO02_HPPC_dis_00.csv,TC23LTO02_HPPC_dis_00.csv,TC23LTO02,LTO,lithium-ion,,,discharge_file,charge,2.0,0.32542,32.542,0.02817,0.02267,0.02855,0.11144,0.0304,1.009
data_Ri_HPPC/TC23LTO02_HPPC_dis_00.csv,TC23LTO02_HPPC_dis_00.csv,TC23LTO02,LTO,lithium-ion,,,discharge_file,charge,3.0,0.32542,32.542,0.02815,0.0229,0.02857,0.10164,0.0304,1.00514
data_Ri_HPPC/TC23LTO02_HPPC_dis_00.csv,TC23LTO02_HPPC_dis_00.csv,TC23LTO02,LTO,lithium-ion,,,discharge_file,discharge,-1.0,0.32542,32.542,0.02798,0.02276,0.02849,0.112,0.03027,1.00721
data_Ri_HPPC/TC23LTO02_HPPC_dis_00.csv,TC23LTO02_HPPC_dis_00.csv,TC23LTO02,LTO,lithium-ion,,,discharge_file,discharge,-2.0,0.32542,32.542,0.02811,0.02277,0.02855,0.10015,0.03014,1.00814
data_Ri_HPPC/TC23LTO02_HPPC_dis_00.csv,TC23LTO02_HPPC_dis_00.csv,TC23LTO02,LTO,lithium-ion,,,discharge_file,discharge,-3.0,0.32542,32.542,0.02807,0.02371,0.02849,0.10259,0.03057,1.00287
data_Ri_HPPC/TC23LTO02_HPPC_dis_00.csv,TC23LTO02_HPPC_dis_00.csv,TC23LTO02,LTO,lithium-ion,,,discharge_file,charge,1.0,0.42674,42.674,0.02836,0.01613,0.02874,0.1058,0.03065,1.0059
data_Ri_HPPC/TC23LTO02_HPPC_dis_00.csv,TC23LTO02_HPPC_dis_00.csv,TC23LTO02,LTO,lithium-ion,,,discharge_file,charge,2.0,0.42674,42.674,0.02824,0.01615,0.02861,0.10603,0.03046,1.00626
data_Ri_HPPC/TC23LTO02_HPPC_dis_00.csv,TC23LTO02_HPPC_dis_00.csv,TC23LTO02,LTO,lithium-ion,,,discharge_file,charge,3.0,0.42674,42.674,0.02819,0.01635,0.0287,0.1062,0.0304,1.00622
data_Ri_HPPC/TC23LTO02_HPPC_dis_00.csv,TC23LTO02_HPPC_dis_00.csv,TC23LTO02,LTO,lithium-ion,,,discharge_file,discharge,-1.0,0.42674,42.674,0.02811,0.01591,0.02849,0.10636,0.0304,1.00617
data_Ri_HPPC/TC23LTO02_HPPC_dis_00.csv,TC23LTO02_HPPC_dis_00.csv,TC23LTO02,LTO,lithium-ion,,,discharge_file,discharge,-2.0,0.42674,42.674,0.0283,0.01604,0.02861,0.10585,0.03021,1.00607
data_Ri_HPPC/TC23LTO02_HPPC_dis_00.csv,TC23LTO02_HPPC_dis_00.csv,TC23LTO02,LTO,lithium-ion,,,discharge_file,discharge,-3.0,0.42674,42.674,0.02832,0.01667,0.0287,0.10678,0.03078,1.00652
data_Ri_HPPC/TC23LTO02_HPPC_dis_00.csv,TC23LTO02_HPPC_dis_00.csv,TC23LTO02,LTO,lithium-ion,,,discharge_file,charge,1.0,0.52806,52.806,0.02836,0.016,0.02887,0.10627,0.03065,1.00661
data_Ri_HPPC/TC23LTO02_HPPC_dis_00.csv,TC23LTO02_HPPC_dis_00.csv,TC23LTO02,LTO,lithium-ion,,,discharge_file,charge,2.0,0.52806,52.806,0.02849,0.01579,0.029,0.10582,0.03071,1.00586
data_Ri_HPPC/TC23LTO02_HPPC_dis_00.csv,TC23LTO02_HPPC_dis_00.csv,TC23LTO02,LTO,lithium-ion,,,discharge_file,charge,3.0,0.52806,52.806,0.02853,0.0161,0.02895,0.10611,0.03065,1.00627
data_Ri_HPPC/TC23LTO02_HPPC_dis_00.csv,TC23LTO02_HPPC_dis_00.csv,TC23LTO02,LTO,lithium-ion,,,discharge_file,discharge,-1.0,0.52806,52.806,0.02836,0.01614,0.02874,0.10611,0.0304,1.00607
data_Ri_HPPC/TC23LTO02_HPPC_dis_00.csv,TC23LTO02_HPPC_dis_00.csv,TC23LTO02,LTO,lithium-ion,,,discharge_file,discharge,-2.0,0.52806,52.806,0.02843,0.01639,0.02874,0.10605,0.03033,1.0065
data_Ri_HPPC/TC23LTO02_HPPC_dis_00.csv,TC23LTO02_HPPC_dis_00.csv,TC23LTO02,LTO,lithium-ion,,,discharge_file,discharge,-3.0,0.52806,52.806,0.02849,0.01575,0.02891,0.1059,0.03091,1.00558
data_Ri_HPPC/TC23LTO02_HPPC_dis_00.csv,TC23LTO02_HPPC_dis_00.csv,TC23LTO02,LTO,lithium-ion,,,discharge_file,charge,1.0,0.62938,62.938,0.02875,0.01616,0.02938,0.10614,0.03116,1.00606
data_Ri_HPPC/TC23LTO02_HPPC_dis_00.csv,TC23LTO02_HPPC_dis_00.csv,TC23LTO02,LTO,lithium-ion,,,discharge_file,charge,2.0,0.62938,62.938,0.02887,0.01556,0.02925,0.10588,0.03091,1.00596
data_Ri_HPPC/TC23LTO02_HPPC_dis_00.csv,TC23LTO02_HPPC_dis_00.csv,TC23LTO02,LTO,lithium-ion,,,discharge_file,charge,3.0,0.62938,62.938,0.02883,0.01592,0.02925,0.10573,0.03086,1.00653
data_Ri_HPPC/TC23LTO02_HPPC_dis_00.csv,TC23LTO02_HPPC_dis_00.csv,TC23LTO02,LTO,lithium-ion,,,discharge_file,discharge,-1.0,0.62938,62.938,0.02862,0.01648,0.02913,0.10651,0.03078,1.00632
data_Ri_HPPC/TC23LTO02_HPPC_dis_00.csv,TC23LTO02_HPPC_dis_00.csv,TC23LTO02,LTO,lithium-ion,,,discharge_file,discharge,-2.0,0.62938,62.938,0.02874,0.01593,0.02912,0.10606,0.03059,1.00614
data_Ri_HPPC/TC23LTO02_HPPC_dis_00.csv,TC23LTO02_HPPC_dis_00.csv,TC23LTO02,LTO,lithium-ion,,,discharge_file,discharge,-3.0,0.62938,62.938,0.02879,0.01603,0.02917,0.10587,0.03112,1.00594
data_Ri_HPPC/TC23LTO02_HPPC_dis_00.csv,TC23LTO02_HPPC_dis_00.csv,TC23LTO02,LTO,lithium-ion,,,discharge_file,charge,1.0,0.73071,73.071,0.02938,0.02123,0.02964,0.10662,0.03129,1.00998
data_Ri_HPPC/TC23LTO02_HPPC_dis_00.csv,TC23LTO02_HPPC_dis_00.csv,TC23LTO02,LTO,lithium-ion,,,discharge_file,charge,2.0,0.73071,73.071,0.02919,0.01576,0.02957,0.10607,0.03129,1.00608
data_Ri_HPPC/TC23LTO02_HPPC_dis_00.csv,TC23LTO02_HPPC_dis_00.csv,TC23LTO02,LTO,lithium-ion,,,discharge_file,charge,3.0,0.73071,73.071,0.02921,0.01626,0.02963,0.10624,0.0312,1.00604
data_Ri_HPPC/TC23LTO02_HPPC_dis_00.csv,TC23LTO02_HPPC_dis_00.csv,TC23LTO02,LTO,lithium-ion,,,discharge_file,discharge,-1.0,0.73071,73.071,0.02913,0.01558,0.02938,0.10589,0.03103,1.00621
data_Ri_HPPC/TC23LTO02_HPPC_dis_00.csv,TC23LTO02_HPPC_dis_00.csv,TC23LTO02,LTO,lithium-ion,,,discharge_file,discharge,-2.0,0.73071,73.071,0.02913,0.01608,0.02951,0.10589,0.03091,1.00601
data_Ri_HPPC/TC23LTO02_HPPC_dis_00.csv,TC23LTO02_HPPC_dis_00.csv,TC23LTO02,LTO,lithium-ion,,,discharge_file,discharge,-3.0,0.73071,73.071,0.02908,0.01613,0.02955,0.10652,0.03146,1.00644
data_Ri_HPPC/TC23LTO02_HPPC_dis_00.csv,TC23LTO02_HPPC_dis_00.csv,TC23LTO02,LTO,lithium-ion,,,discharge_file,charge,1.0,0.83203,83.203,0.02963,0.02268,0.03001,0.11192,0.03167,1.00917
data_Ri_HPPC/TC23LTO02_HPPC_dis_00.csv,TC23LTO02_HPPC_dis_00.csv,TC23LTO02,LTO,lithium-ion,,,discharge_file,charge,2.0,0.83203,83.203,0.02944,0.02278,0.02982,0.11208,0.03148,1.00842
data_Ri_HPPC/TC23LTO02_HPPC_dis_00.csv,TC23LTO02_HPPC_dis_00.csv,TC23LTO02,LTO,lithium-ion,,,discharge_file,charge,3.0,0.83203,83.203,0.02942,0.02292,0.02989,0.11292,0.03146,1.00552
data_Ri_HPPC/TC23LTO02_HPPC_dis_00.csv,TC23LTO02_HPPC_dis_00.csv,TC23LTO02,LTO,lithium-ion,,,discharge_file,discharge,-1.0,0.83203,83.203,0.02913,0.02237,0.02963,0.11111,0.03103,1.00735
data_Ri_HPPC/TC23LTO02_HPPC_dis_00.csv,TC23LTO02_HPPC_dis_00.csv,TC23LTO02,LTO,lithium-ion,,,discharge_file,discharge,-2.0,0.83203,83.203,0.02926,0.02292,0.0297,0.11267,0.03097,1.00878
data_Ri_HPPC/TC23LTO02_HPPC_dis_00.csv,TC23LTO02_HPPC_dis_00.csv,TC23LTO02,LTO,lithium-ion,,,discharge_file,discharge,-3.0,0.83203,83.203,0.02934,0.02256,0.02976,0.1117,0.03167,1.0076
data_Ri_HPPC/TC23LTO02_HPPC_dis_00.csv,TC23LTO02_HPPC_dis_00.csv,TC23LTO02,LTO,lithium-ion,,,discharge_file,charge,1.0,0.93336,93.336,0.02976,0.02273,0.0304,0.11228,0.03205,1.01087
data_Ri_HPPC/TC23LTO02_HPPC_dis_00.csv,TC23LTO02_HPPC_dis_00.csv,TC23LTO02,LTO,lithium-ion,,,discharge_file,charge,2.0,0.93336,93.336,0.02989,0.02291,0.0302,0.10004,0.03199,1.0078
data_Ri_HPPC/TC23LTO02_HPPC_dis_00.csv,TC23LTO02_HPPC_dis_00.csv,TC23LTO02,LTO,lithium-ion,,,discharge_file,charge,3.0,0.93336,93.336,0.02989,0.02262,0.03035,0.11271,0.03197,1.01308
data_Ri_HPPC/TC23LTO02_HPPC_dis_00.csv,TC23LTO02_HPPC_dis_00.csv,TC23LTO02,LTO,lithium-ion,,,discharge_file,discharge,-1.0,0.93336,93.336,0.02951,0.023,0.03014,0.11179,0.03167,1.01191
data_Ri_HPPC/TC23LTO02_HPPC_dis_00.csv,TC23LTO02_HPPC_dis_00.csv,TC23LTO02,LTO,lithium-ion,,,discharge_file,discharge,-2.0,0.93336,93.336,0.02976,0.02286,0.03021,0.11248,0.03167,1.00569
data_Ri_HPPC/TC23LTO02_HPPC_dis_00.csv,TC23LTO02_HPPC_dis_00.csv,TC23LTO02,LTO,lithium-ion,,,discharge_file,discharge,-3.0,0.93336,93.336,0.02989,0.02279,0.03035,0.11222,0.03235,1.01076
data_Ri_HPPC/TC23LTO03_HPPC_ch_00.csv,TC23LTO03_HPPC_ch_00.csv,TC23LTO03,LTO,lithium-ion,,,charge_file,charge,1.0,0.0,0.0,0.03255,0.02248,0.03553,0.1116,0.0402,1.00494
data_Ri_HPPC/TC23LTO03_HPPC_ch_00.csv,TC23LTO03_HPPC_ch_00.csv,TC23LTO03,LTO,lithium-ion,,,charge_file,charge,2.0,0.0,0.0,0.03255,0.02269,0.0351,0.11202,0.03886,1.00679
data_Ri_HPPC/TC23LTO03_HPPC_ch_00.csv,TC23LTO03_HPPC_ch_00.csv,TC23LTO03,LTO,lithium-ion,,,charge_file,charge,3.0,0.0,0.0,0.03251,0.02251,0.03477,0.11233,0.03782,1.00687
data_Ri_HPPC/TC23LTO03_HPPC_ch_00.csv,TC23LTO03_HPPC_ch_00.csv,TC23LTO03,LTO,lithium-ion,,,charge_file,discharge,-1.0,0.0,0.0,0.03219,0.02265,0.03455,0.11241,0.03969,1.0079
data_Ri_HPPC/TC23LTO03_HPPC_ch_00.csv,TC23LTO03_HPPC_ch_00.csv,TC23LTO03,LTO,lithium-ion,,,charge_file,discharge,-2.0,0.0,0.0,0.03181,0.02311,0.03352,0.1121,0.03791,1.00453
data_Ri_HPPC/TC23LTO03_HPPC_ch_00.csv,TC23LTO03_HPPC_ch_00.csv,TC23LTO03,LTO,lithium-ion,,,charge_file,discharge,-3.0,0.0,0.0,0.03153,0.02314,0.03286,0.1008,0.0368,1.00715
data_Ri_HPPC/TC23LTO03_HPPC_ch_00.csv,TC23LTO03_HPPC_ch_00.csv,TC23LTO03,LTO,lithium-ion,,,charge_file,charge,1.0,0.10081,10.081,0.02989,0.02207,0.03039,0.10957,0.03193,1.00885
data_Ri_HPPC/TC23LTO03_HPPC_ch_00.csv,TC23LTO03_HPPC_ch_00.csv,TC23LTO03,LTO,lithium-ion,,,charge_file,charge,2.0,0.10081,10.081,0.02982,0.02234,0.03021,0.10907,0.03161,1.01
data_Ri_HPPC/TC23LTO03_HPPC_ch_00.csv,TC23LTO03_HPPC_ch_00.csv,TC23LTO03,LTO,lithium-ion,,,charge_file,charge,3.0,0.10081,10.081,0.02996,0.02246,0.03048,0.1103,0.03206,1.00402
data_Ri_HPPC/TC23LTO03_HPPC_ch_00.csv,TC23LTO03_HPPC_ch_00.csv,TC23LTO03,LTO,lithium-ion,,,charge_file,discharge,-1.0,0.10081,10.081,0.02977,0.02259,0.03027,0.1113,0.03206,1.00562
data_Ri_HPPC/TC23LTO03_HPPC_ch_00.csv,TC23LTO03_HPPC_ch_00.csv,TC23LTO03,LTO,lithium-ion,,,charge_file,discharge,-2.0,0.10081,10.081,0.02984,0.02275,0.0304,0.11093,0.03186,1.00268
data_Ri_HPPC/TC23LTO03_HPPC_ch_00.csv,TC23LTO03_HPPC_ch_00.csv,TC23LTO03,LTO,lithium-ion,,,charge_file,discharge,-3.0,0.10081,10.081,0.02994,0.02277,0.03053,0.11218,0.03189,1.00764
data_Ri_HPPC/TC23LTO03_HPPC_ch_00.csv,TC23LTO03_HPPC_ch_00.csv,TC23LTO03,LTO,lithium-ion,,,charge_file,charge,1.0,0.20162,20.162,0.02977,0.02239,0.03027,0.10949,0.0318,1.00892
data_Ri_HPPC/TC23LTO03_HPPC_ch_00.csv,TC23LTO03_HPPC_ch_00.csv,TC23LTO03,LTO,lithium-ion,,,charge_file,charge,2.0,0.20162,20.162,0.02958,0.02221,0.03008,0.10976,0.03129,1.0082
data_Ri_HPPC/TC23LTO03_HPPC_ch_00.csv,TC23LTO03_HPPC_ch_00.csv,TC23LTO03,LTO,lithium-ion,,,charge_file,charge,3.0,0.20162,20.162,0.02977,0.02213,0.03049,0.11216,0.03231,1.00491
data_Ri_HPPC/TC23LTO03_HPPC_ch_00.csv,TC23LTO03_HPPC_ch_00.csv,TC23LTO03,LTO,lithium-ion,,,charge_file,discharge,-1.0,0.20162,20.162,0.02964,0.02257,0.03027,0.11037,0.0318,1.00914
data_Ri_HPPC/TC23LTO03_HPPC_ch_00.csv,TC23LTO03_HPPC_ch_00.csv,TC23LTO03,LTO,lithium-ion,,,charge_file,discharge,-2.0,0.20162,20.162,0.0297,0.02238,0.03034,0.11006,0.03174,1.01025
data_Ri_HPPC/TC23LTO03_HPPC_ch_00.csv,TC23LTO03_HPPC_ch_00.csv,TC23LTO03,LTO,lithium-ion,,,charge_file,discharge,-3.0,0.20162,20.162,0.02977,0.02299,0.03044,0.11187,0.03176,1.00368
data_Ri_HPPC/TC23LTO03_HPPC_ch_00.csv,TC23LTO03_HPPC_ch_00.csv,TC23LTO03,LTO,lithium-ion,,,charge_file,charge,1.0,0.30243,30.243,0.02951,0.02245,0.03027,0.11011,0.03167,1.00438
data_Ri_HPPC/TC23LTO03_HPPC_ch_00.csv,TC23LTO03_HPPC_ch_00.csv,TC23LTO03,LTO,lithium-ion,,,charge_file,charge,2.0,0.30243,30.243,0.02945,0.02246,0.02989,0.11053,0.03116,1.00434
data_Ri_HPPC/TC23LTO03_HPPC_ch_00.csv,TC23LTO03_HPPC_ch_00.csv,TC23LTO03,LTO,lithium-ion,,,charge_file,charge,3.0,0.30243,30.243,0.02972,0.02316,0.03057,0.11177,0.03256,1.00307
data_Ri_HPPC/TC23LTO03_HPPC_ch_00.csv,TC23LTO03_HPPC_ch_00.csv,TC23LTO03,LTO,lithium-ion,,,charge_file,discharge,-1.0,0.30243,30.243,0.02938,0.02241,0.03002,0.10928,0.03167,1.00856
data_Ri_HPPC/TC23LTO03_HPPC_ch_00.csv,TC23LTO03_HPPC_ch_00.csv,TC23LTO03,LTO,lithium-ion,,,charge_file,discharge,-2.0,0.30243,30.243,0.02951,0.02294,0.03015,0.11249,0.03161,1.00522
data_Ri_HPPC/TC23LTO03_HPPC_ch_00.csv,TC23LTO03_HPPC_ch_00.csv,TC23LTO03,LTO,lithium-ion,,,charge_file,discharge,-3.0,0.30243,30.243,0.02972,0.02286,0.03032,0.10023,0.03172,1.00762
data_Ri_HPPC/TC23LTO03_HPPC_ch_00.csv,TC23LTO03_HPPC_ch_00.csv,TC23LTO03,LTO,lithium-ion,,,charge_file,charge,1.0,0.40325,40.325,0.02913,0.02242,0.02977,0.10979,0.03129,1.01003
data_Ri_HPPC/TC23LTO03_HPPC_ch_00.csv,TC23LTO03_HPPC_ch_00.csv,TC23LTO03,LTO,lithium-ion,,,charge_file,charge,2.0,0.40325,40.325,0.02913,0.02295,0.02964,0.11218,0.03091,1.00575
data_Ri_HPPC/TC23LTO03_HPPC_ch_00.csv,TC23LTO03_HPPC_ch_00.csv,TC23LTO03,LTO,lithium-ion,,,charge_file,charge,3.0,0.40325,40.325,0.02947,0.0226,0.03036,0.11073,0.03252,1.00556
data_Ri_HPPC/TC23LTO03_HPPC_ch_00.csv,TC23LTO03_HPPC_ch_00.csv,TC23LTO03,LTO,lithium-ion,,,charge_file,discharge,-1.0,0.40325,40.325,0.02926,0.02252,0.02989,0.11087,0.03167,1.0049
data_Ri_HPPC/TC23LTO03_HPPC_ch_00.csv,TC23LTO03_HPPC_ch_00.csv,TC23LTO03,LTO,lithium-ion,,,charge_file,discharge,-2.0,0.40325,40.325,0.02926,0.02223,0.02989,0.11022,0.03142,1.01097
data_Ri_HPPC/TC23LTO03_HPPC_ch_00.csv,TC23LTO03_HPPC_ch_00.csv,TC23LTO03,LTO,lithium-ion,,,charge_file,discharge,-3.0,0.40325,40.325,0.02934,0.02313,0.03002,0.10109,0.03155,1.00641
data_Ri_HPPC/TC23LTO03_HPPC_ch_00.csv,TC23LTO03_HPPC_ch_00.csv,TC23LTO03,LTO,lithium-ion,,,charge_file,charge,1.0,0.50406,50.40599999999999,0.02888,0.02306,0.02951,0.11278,0.03117,1.01037
data_Ri_HPPC/TC23LTO03_HPPC_ch_00.csv,TC23LTO03_HPPC_ch_00.csv,TC23LTO03,LTO,lithium-ion,,,charge_file,charge,2.0,0.50406,50.40599999999999,0.02881,0.02236,0.02938,0.11099,0.03066,1.00448
data_Ri_HPPC/TC23LTO03_HPPC_ch_00.csv,TC23LTO03_HPPC_ch_00.csv,TC23LTO03,LTO,lithium-ion,,,charge_file,charge,3.0,0.50406,50.40599999999999,0.02909,0.02207,0.03006,0.10937,0.03239,1.00854
data_Ri_HPPC/TC23LTO03_HPPC_ch_00.csv,TC23LTO03_HPPC_ch_00.csv,TC23LTO03,LTO,lithium-ion,,,charge_file,discharge,-1.0,0.50406,50.40599999999999,0.02888,0.02229,0.02964,0.10923,0.03142,1.00931
data_Ri_HPPC/TC23LTO03_HPPC_ch_00.csv,TC23LTO03_HPPC_ch_00.csv,TC23LTO03,LTO,lithium-ion,,,charge_file,discharge,-2.0,0.50406,50.40599999999999,0.02888,0.02316,0.02951,0.10079,0.0311,1.00631
data_Ri_HPPC/TC23LTO03_HPPC_ch_00.csv,TC23LTO03_HPPC_ch_00.csv,TC23LTO03,LTO,lithium-ion,,,charge_file,discharge,-3.0,0.50406,50.40599999999999,0.02905,0.02295,0.02981,0.11276,0.03133,1.00662
data_Ri_HPPC/TC23LTO03_HPPC_ch_00.csv,TC23LTO03_HPPC_ch_00.csv,TC23LTO03,LTO,lithium-ion,,,charge_file,charge,1.0,0.60487,60.487,0.02862,0.02102,0.02926,0.10335,0.03104,1.00039
data_Ri_HPPC/TC23LTO03_HPPC_ch_00.csv,TC23LTO03_HPPC_ch_00.csv,TC23LTO03,LTO,lithium-ion,,,charge_file,charge,2.0,0.60487,60.487,0.02843,0.01695,0.029,0.10668,0.03053,1.0073
data_Ri_HPPC/TC23LTO03_HPPC_ch_00.csv,TC23LTO03_HPPC_ch_00.csv,TC23LTO03,LTO,lithium-ion,,,charge_file,charge,3.0,0.60487,60.487,0.02875,0.01672,0.02981,0.10662,0.03239,1.00713
data_Ri_HPPC/TC23LTO03_HPPC_ch_00.csv,TC23LTO03_HPPC_ch_00.csv,TC23LTO03,LTO,lithium-ion,,,charge_file,discharge,-1.0,0.60487,60.487,0.02862,0.01732,0.02926,0.10693,0.03129,1.00768
data_Ri_HPPC/TC23LTO03_HPPC_ch_00.csv,TC23LTO03_HPPC_ch_00.csv,TC23LTO03,LTO,lithium-ion,,,charge_file,discharge,-2.0,0.60487,60.487,0.02862,0.01681,0.02938,0.107,0.03123,1.00744
data_Ri_HPPC/TC23LTO03_HPPC_ch_00.csv,TC23LTO03_HPPC_ch_00.csv,TC23LTO03,LTO,lithium-ion,,,charge_file,discharge,-3.0,0.60487,60.487,0.02871,0.01653,0.02951,0.10669,0.03129,1.00778
data_Ri_HPPC/TC23LTO03_HPPC_ch_00.csv,TC23LTO03_HPPC_ch_00.csv,TC23LTO03,LTO,lithium-ion,,,charge_file,charge,1.0,0.70568,70.568,0.02875,0.02401,0.02938,0.11195,0.03117,1.01268
data_Ri_HPPC/TC23LTO03_HPPC_ch_00.csv,TC23LTO03_HPPC_ch_00.csv,TC23LTO03,LTO,lithium-ion,,,charge_file,charge,2.0,0.70568,70.568,0.02856,0.0237,0.02913,0.11023,0.03059,1.00689
data_Ri_HPPC/TC23LTO03_HPPC_ch_00.csv,TC23LTO03_HPPC_ch_00.csv,TC23LTO03,LTO,lithium-ion,,,charge_file,charge,3.0,0.70568,70.568,0.02892,0.02267,0.02989,0.10852,0.03252,1.01157
data_Ri_HPPC/TC23LTO03_HPPC_ch_00.csv,TC23LTO03_HPPC_ch_00.csv,TC23LTO03,LTO,lithium-ion,,,charge_file,discharge,-1.0,0.70568,70.568,0.02875,0.02313,0.02952,0.10878,0.03142,1.00183
data_Ri_HPPC/TC23LTO03_HPPC_ch_00.csv,TC23LTO03_HPPC_ch_00.csv,TC23LTO03,LTO,lithium-ion,,,charge_file,discharge,-2.0,0.70568,70.568,0.02869,0.02294,0.02945,0.10868,0.03116,1.00277
data_Ri_HPPC/TC23LTO03_HPPC_ch_00.csv,TC23LTO03_HPPC_ch_00.csv,TC23LTO03,LTO,lithium-ion,,,charge_file,discharge,-3.0,0.70568,70.568,0.02892,0.02314,0.02968,0.10944,0.03138,1.00926
data_Ri_HPPC/TC23LTO03_HPPC_ch_00.csv,TC23LTO03_HPPC_ch_00.csv,TC23LTO03,LTO,lithium-ion,,,charge_file,charge,1.0,0.8065,80.65,0.0285,0.02249,0.02926,0.11116,0.03104,1.00864
data_Ri_HPPC/TC23LTO03_HPPC_ch_00.csv,TC23LTO03_HPPC_ch_00.csv,TC23LTO03,LTO,lithium-ion,,,charge_file,charge,2.0,0.8065,80.65,0.02849,0.02253,0.02906,0.11081,0.03072,1.00792
data_Ri_HPPC/TC23LTO03_HPPC_ch_00.csv,TC23LTO03_HPPC_ch_00.csv,TC23LTO03,LTO,lithium-ion,,,charge_file,charge,3.0,0.8065,80.65,0.02879,0.02235,0.02985,0.11043,0.03265,1.00409
data_Ri_HPPC/TC23LTO03_HPPC_ch_00.csv,TC23LTO03_HPPC_ch_00.csv,TC23LTO03,LTO,lithium-ion,,,charge_file,discharge,-1.0,0.8065,80.65,0.0285,0.02306,0.02938,0.11216,0.03155,1.00309
data_Ri_HPPC/TC23LTO03_HPPC_ch_00.csv,TC23LTO03_HPPC_ch_00.csv,TC23LTO03,LTO,lithium-ion,,,charge_file,discharge,-2.0,0.8065,80.65,0.02869,0.02283,0.02951,0.11166,0.03142,1.00475
data_Ri_HPPC/TC23LTO03_HPPC_ch_00.csv,TC23LTO03_HPPC_ch_00.csv,TC23LTO03,LTO,lithium-ion,,,charge_file,discharge,-3.0,0.8065,80.65,0.02875,0.02241,0.02964,0.10971,0.03155,1.00889
data_Ri_HPPC/TC23LTO03_HPPC_ch_00.csv,TC23LTO03_HPPC_ch_00.csv,TC23LTO03,LTO,lithium-ion,,,charge_file,charge,1.0,0.90731,90.731,0.02849,0.01606,0.02926,0.10603,0.03142,1.00584
data_Ri_HPPC/TC23LTO03_HPPC_ch_00.csv,TC23LTO03_HPPC_ch_00.csv,TC23LTO03,LTO,lithium-ion,,,charge_file,charge,2.0,0.90731,90.731,0.0283,0.01612,0.02894,0.10559,0.03085,1.00593
data_Ri_HPPC/TC23LTO03_HPPC_ch_00.csv,TC23LTO03_HPPC_ch_00.csv,TC23LTO03,LTO,lithium-ion,,,charge_file,charge,3.0,0.90731,90.731,0.02858,0.01621,0.02981,0.10611,0.03286,1.00602
data_Ri_HPPC/TC23LTO03_HPPC_ch_00.csv,TC23LTO03_HPPC_ch_00.csv,TC23LTO03,LTO,lithium-ion,,,charge_file,discharge,-1.0,0.90731,90.731,0.02837,0.01616,0.02926,0.10583,0.0318,1.00603
data_Ri_HPPC/TC23LTO03_HPPC_ch_00.csv,TC23LTO03_HPPC_ch_00.csv,TC23LTO03,LTO,lithium-ion,,,charge_file,discharge,-2.0,0.90731,90.731,0.02837,0.01634,0.02925,0.10569,0.03148,1.00568
data_Ri_HPPC/TC23LTO03_HPPC_ch_00.csv,TC23LTO03_HPPC_ch_00.csv,TC23LTO03,LTO,lithium-ion,,,charge_file,discharge,-3.0,0.90731,90.731,0.0285,0.01604,0.02947,0.10578,0.03159,1.00621
data_Ri_HPPC/TC23LTO03_HPPC_ch_00.csv,TC23LTO03_HPPC_ch_00.csv,TC23LTO03,LTO,lithium-ion,,,charge_file,charge,1.0,0.92504,92.50399999999999,0.02837,0.01608,0.02926,0.10598,0.03142,1.00611
data_Ri_HPPC/TC23LTO03_HPPC_ch_00.csv,TC23LTO03_HPPC_ch_00.csv,TC23LTO03,LTO,lithium-ion,,,charge_file,charge,2.0,0.92504,92.50399999999999,0.02824,0.01589,0.02907,0.1061,0.03085,1.00566
data_Ri_HPPC/TC23LTO03_HPPC_ch_00.csv,TC23LTO03_HPPC_ch_00.csv,TC23LTO03,LTO,lithium-ion,,,charge_file,charge,3.0,0.92504,92.50399999999999,0.02858,0.01607,0.02976,0.1062,,
data_Ri_HPPC/TC23LTO03_HPPC_ch_00.csv,TC23LTO03_HPPC_ch_00.csv,TC23LTO03,LTO,lithium-ion,,,charge_file,discharge,-1.0,0.92504,92.50399999999999,0.02837,0.01585,0.02926,0.10598,0.03167,1.00576
data_Ri_HPPC/TC23LTO03_HPPC_ch_00.csv,TC23LTO03_HPPC_ch_00.csv,TC23LTO03,LTO,lithium-ion,,,charge_file,discharge,-2.0,0.92504,92.50399999999999,0.02843,0.01593,0.02938,0.10593,0.03148,1.00661
data_Ri_HPPC/TC23LTO03_HPPC_ch_00.csv,TC23LTO03_HPPC_ch_00.csv,TC23LTO03,LTO,lithium-ion,,,charge_file,discharge,-3.0,0.92504,92.50399999999999,0.02854,0.01586,0.02947,0.10593,0.03155,1.00585
data_Ri_HPPC/TC23LTO03_HPPC_dis_00.csv,TC23LTO03_HPPC_dis_00.csv,TC23LTO03,LTO,lithium-ion,,,discharge_file,charge,1.0,0.00828,0.828,0.02877,0.02186,0.02989,0.10934,0.03294,1.00836
data_Ri_HPPC/TC23LTO03_HPPC_dis_00.csv,TC23LTO03_HPPC_dis_00.csv,TC23LTO03,LTO,lithium-ion,,,discharge_file,charge,2.0,0.00828,0.828,0.02884,0.02231,0.02998,0.10934,,
data_Ri_HPPC/TC23LTO03_HPPC_dis_00.csv,TC23LTO03_HPPC_dis_00.csv,TC23LTO03,LTO,lithium-ion,,,discharge_file,charge,3.0,0.00828,0.828,0.02889,0.02335,0.03018,0.11168,,
data_Ri_HPPC/TC23LTO03_HPPC_dis_00.csv,TC23LTO03_HPPC_dis_00.csv,TC23LTO03,LTO,lithium-ion,,,discharge_file,discharge,-1.0,0.00828,0.828,0.02864,0.02242,0.02973,0.10969,0.03282,1.00928
data_Ri_HPPC/TC23LTO03_HPPC_dis_00.csv,TC23LTO03_HPPC_dis_00.csv,TC23LTO03,LTO,lithium-ion,,,discharge_file,discharge,-2.0,0.00828,0.828,0.02886,0.02232,0.03002,0.1098,0.03295,1.01068
data_Ri_HPPC/TC23LTO03_HPPC_dis_00.csv,TC23LTO03_HPPC_dis_00.csv,TC23LTO03,LTO,lithium-ion,,,discharge_file,discharge,-3.0,0.00828,0.828,0.02917,0.02301,0.03054,0.10003,0.03393,1.00724
data_Ri_HPPC/TC23LTO03_HPPC_dis_00.csv,TC23LTO03_HPPC_dis_00.csv,TC23LTO03,LTO,lithium-ion,,,discharge_file,charge,1.0,0.12295,12.295,0.02804,0.01777,0.02864,0.10719,0.03116,1.00759
data_Ri_HPPC/TC23LTO03_HPPC_dis_00.csv,TC23LTO03_HPPC_dis_00.csv,TC23LTO03,LTO,lithium-ion,,,discharge_file,charge,2.0,0.12295,12.295,0.02818,0.022,0.02877,0.11113,0.03097,1.00904
data_Ri_HPPC/TC23LTO03_HPPC_dis_00.csv,TC23LTO03_HPPC_dis_00.csv,TC23LTO03,LTO,lithium-ion,,,discharge_file,charge,3.0,0.12295,12.295,0.02819,0.02252,0.02879,0.10957,0.03087,1.01083
data_Ri_HPPC/TC23LTO03_HPPC_dis_00.csv,TC23LTO03_HPPC_dis_00.csv,TC23LTO03,LTO,lithium-ion,,,discharge_file,discharge,-1.0,0.12295,12.295,0.02801,0.02224,0.02875,0.11032,0.03078,1.01019
data_Ri_HPPC/TC23LTO03_HPPC_dis_00.csv,TC23LTO03_HPPC_dis_00.csv,TC23LTO03,LTO,lithium-ion,,,discharge_file,discharge,-2.0,0.12295,12.295,0.02809,0.01729,0.02869,0.10793,0.03072,1.00811
data_Ri_HPPC/TC23LTO03_HPPC_dis_00.csv,TC23LTO03_HPPC_dis_00.csv,TC23LTO03,LTO,lithium-ion,,,discharge_file,discharge,-3.0,0.12295,12.295,0.02805,0.01752,0.02876,0.10748,0.03112,1.00709
data_Ri_HPPC/TC23LTO03_HPPC_dis_00.csv,TC23LTO03_HPPC_dis_00.csv,TC23LTO03,LTO,lithium-ion,,,discharge_file,charge,1.0,0.22426,22.426,0.02811,0.02319,0.02862,0.10137,0.03066,1.00127
data_Ri_HPPC/TC23LTO03_HPPC_dis_00.csv,TC23LTO03_HPPC_dis_00.csv,TC23LTO03,LTO,lithium-ion,,,discharge_file,charge,2.0,0.22426,22.426,0.02805,0.01647,0.02856,0.10648,0.03059,1.00652
data_Ri_HPPC/TC23LTO03_HPPC_dis_00.csv,TC23LTO03_HPPC_dis_00.csv,TC23LTO03,LTO,lithium-ion,,,discharge_file,charge,3.0,0.22426,22.426,0.02807,0.01715,0.02858,0.10726,0.03049,1.00716
data_Ri_HPPC/TC23LTO03_HPPC_dis_00.csv,TC23LTO03_HPPC_dis_00.csv,TC23LTO03,LTO,lithium-ion,,,discharge_file,discharge,-1.0,0.22426,22.426,0.02811,0.02301,0.02849,0.10121,0.03053,1.00383
data_Ri_HPPC/TC23LTO03_HPPC_dis_00.csv,TC23LTO03_HPPC_dis_00.csv,TC23LTO03,LTO,lithium-ion,,,discharge_file,discharge,-2.0,0.22426,22.426,0.02818,0.02127,0.02862,0.10274,0.03027,1.00507
data_Ri_HPPC/TC23LTO03_HPPC_dis_00.csv,TC23LTO03_HPPC_dis_00.csv,TC23LTO03,LTO,lithium-ion,,,discharge_file,discharge,-3.0,0.22426,22.426,0.02814,0.01747,0.02863,0.10747,0.03087,1.00718
data_Ri_HPPC/TC23LTO03_HPPC_dis_00.csv,TC23LTO03_HPPC_dis_00.csv,TC23LTO03,LTO,lithium-ion,,,discharge_file,charge,1.0,0.32557,32.557,0.02824,0.02269,0.02875,0.11193,0.03066,1.00416
data_Ri_HPPC/TC23LTO03_HPPC_dis_00.csv,TC23LTO03_HPPC_dis_00.csv,TC23LTO03,LTO,lithium-ion,,,discharge_file,charge,2.0,0.32557,32.557,0.02818,0.02284,0.02868,0.11215,0.03047,1.0075
data_Ri_HPPC/TC23LTO03_HPPC_dis_00.csv,TC23LTO03_HPPC_dis_00.csv,TC23LTO03,LTO,lithium-ion,,,discharge_file,charge,3.0,0.32557,32.557,0.02824,0.02324,0.02862,0.10118,0.03044,1.00705
data_Ri_HPPC/TC23LTO03_HPPC_dis_00.csv,TC23LTO03_HPPC_dis_00.csv,TC23LTO03,LTO,lithium-ion,,,discharge_file,discharge,-1.0,0.32557,32.557,0.02825,0.0227,0.02875,0.11186,0.0304,1.00196
data_Ri_HPPC/TC23LTO03_HPPC_dis_00.csv,TC23LTO03_HPPC_dis_00.csv,TC23LTO03,LTO,lithium-ion,,,discharge_file,discharge,-2.0,0.32557,32.557,0.02824,0.02321,0.02868,0.10078,0.03027,1.0079
data_Ri_HPPC/TC23LTO03_HPPC_dis_00.csv,TC23LTO03_HPPC_dis_00.csv,TC23LTO03,LTO,lithium-ion,,,discharge_file,discharge,-3.0,0.32557,32.557,0.0282,0.02333,0.02866,0.10177,0.0307,1.00002
data_Ri_HPPC/TC23LTO03_HPPC_dis_00.csv,TC23LTO03_HPPC_dis_00.csv,TC23LTO03,LTO,lithium-ion,,,discharge_file,charge,1.0,0.42688,42.687999999999995,0.02825,0.01643,0.02875,0.1061,0.03066,1.00601
data_Ri_HPPC/TC23LTO03_HPPC_dis_00.csv,TC23LTO03_HPPC_dis_00.csv,TC23LTO03,LTO,lithium-ion,,,discharge_file,charge,2.0,0.42688,42.687999999999995,0.02837,0.01656,0.02881,0.10611,0.03066,1.00613
data_Ri_HPPC/TC23LTO03_HPPC_dis_00.csv,TC23LTO03_HPPC_dis_00.csv,TC23LTO03,LTO,lithium-ion,,,discharge_file,charge,3.0,0.42688,42.687999999999995,0.02828,0.01619,0.0287,0.10603,0.03053,1.00612
data_Ri_HPPC/TC23LTO03_HPPC_dis_00.csv,TC23LTO03_HPPC_dis_00.csv,TC23LTO03,LTO,lithium-ion,,,discharge_file,discharge,-1.0,0.42688,42.687999999999995,0.02824,0.0162,0.02862,0.10635,0.03053,1.00626
data_Ri_HPPC/TC23LTO03_HPPC_dis_00.csv,TC23LTO03_HPPC_dis_00.csv,TC23LTO03,LTO,lithium-ion,,,discharge_file,discharge,-2.0,0.42688,42.687999999999995,0.02837,0.01608,0.02868,0.10626,0.03027,1.00615
data_Ri_HPPC/TC23LTO03_HPPC_dis_00.csv,TC23LTO03_HPPC_dis_00.csv,TC23LTO03,LTO,lithium-ion,,,discharge_file,discharge,-3.0,0.42688,42.687999999999995,0.02832,0.01579,0.02875,0.10606,0.03083,1.00621
data_Ri_HPPC/TC23LTO03_HPPC_dis_00.csv,TC23LTO03_HPPC_dis_00.csv,TC23LTO03,LTO,lithium-ion,,,discharge_file,charge,1.0,0.52819,52.819,0.02875,0.01601,0.029,0.10635,0.03091,1.00628
data_Ri_HPPC/TC23LTO03_HPPC_dis_00.csv,TC23LTO03_HPPC_dis_00.csv,TC23LTO03,LTO,lithium-ion,,,discharge_file,charge,2.0,0.52819,52.819,0.02856,0.01604,0.029,0.10587,0.03078,1.00598
data_Ri_HPPC/TC23LTO03_HPPC_dis_00.csv,TC23LTO03_HPPC_dis_00.csv,TC23LTO03,LTO,lithium-ion,,,discharge_file,charge,3.0,0.52819,52.819,0.02858,0.01618,0.02904,0.10564,0.0307,1.00619
data_Ri_HPPC/TC23LTO03_HPPC_dis_00.csv,TC23LTO03_HPPC_dis_00.csv,TC23LTO03,LTO,lithium-ion,,,discharge_file,discharge,-1.0,0.52819,52.819,0.0285,0.01601,0.02887,0.10668,0.03053,1.00655
data_Ri_HPPC/TC23LTO03_HPPC_dis_00.csv,TC23LTO03_HPPC_dis_00.csv,TC23LTO03,LTO,lithium-ion,,,discharge_file,discharge,-2.0,0.52819,52.819,0.02862,0.01608,0.029,0.10621,0.03053,1.0062
data_Ri_HPPC/TC23LTO03_HPPC_dis_00.csv,TC23LTO03_HPPC_dis_00.csv,TC23LTO03,LTO,lithium-ion,,,discharge_file,discharge,-3.0,0.52819,52.819,0.02858,0.01584,0.02904,0.10576,0.03108,1.00602
data_Ri_HPPC/TC23LTO03_HPPC_dis_00.csv,TC23LTO03_HPPC_dis_00.csv,TC23LTO03,LTO,lithium-ion,,,discharge_file,charge,1.0,0.6295,62.949999999999996,0.02913,0.01653,0.02951,0.10659,0.03129,1.00633
data_Ri_HPPC/TC23LTO03_HPPC_dis_00.csv,TC23LTO03_HPPC_dis_00.csv,TC23LTO03,LTO,lithium-ion,,,discharge_file,charge,2.0,0.6295,62.949999999999996,0.029,0.01604,0.02938,0.10608,0.03104,1.00606
data_Ri_HPPC/TC23LTO03_HPPC_dis_00.csv,TC23LTO03_HPPC_dis_00.csv,TC23LTO03,LTO,lithium-ion,,,discharge_file,charge,3.0,0.6295,62.949999999999996,0.02896,0.0159,0.02934,0.10586,0.031,1.00607
data_Ri_HPPC/TC23LTO03_HPPC_dis_00.csv,TC23LTO03_HPPC_dis_00.csv,TC23LTO03,LTO,lithium-ion,,,discharge_file,discharge,-1.0,0.6295,62.949999999999996,0.02901,0.01617,0.02939,0.10579,0.03104,1.00576
data_Ri_HPPC/TC23LTO03_HPPC_dis_00.csv,TC23LTO03_HPPC_dis_00.csv,TC23LTO03,LTO,lithium-ion,,,discharge_file,discharge,-2.0,0.6295,62.949999999999996,0.029,0.01605,0.02939,0.10589,0.03078,1.00585
data_Ri_HPPC/TC23LTO03_HPPC_dis_00.csv,TC23LTO03_HPPC_dis_00.csv,TC23LTO03,LTO,lithium-ion,,,discharge_file,discharge,-3.0,0.6295,62.949999999999996,0.02892,0.01596,0.02938,0.10611,0.03133,1.0062
data_Ri_HPPC/TC23LTO03_HPPC_dis_00.csv,TC23LTO03_HPPC_dis_00.csv,TC23LTO03,LTO,lithium-ion,,,discharge_file,charge,1.0,0.73081,73.08099999999999,0.02926,0.01723,0.02964,0.10756,0.03142,1.0078
data_Ri_HPPC/TC23LTO03_HPPC_dis_00.csv,TC23LTO03_HPPC_dis_00.csv,TC23LTO03,LTO,lithium-ion,,,discharge_file,charge,2.0,0.73081,73.08099999999999,0.02926,0.01596,0.02964,0.10601,0.03136,1.0061
data_Ri_HPPC/TC23LTO03_HPPC_dis_00.csv,TC23LTO03_HPPC_dis_00.csv,TC23LTO03,LTO,lithium-ion,,,discharge_file,charge,3.0,0.73081,73.08099999999999,0.02922,0.01624,0.02968,0.10626,0.03125,1.00578
data_Ri_HPPC/TC23LTO03_HPPC_dis_00.csv,TC23LTO03_HPPC_dis_00.csv,TC23LTO03,LTO,lithium-ion,,,discharge_file,discharge,-1.0,0.73081,73.08099999999999,0.02925,0.01592,0.02964,0.10605,0.03129,1.00618
data_Ri_HPPC/TC23LTO03_HPPC_dis_00.csv,TC23LTO03_HPPC_dis_00.csv,TC23LTO03,LTO,lithium-ion,,,discharge_file,discharge,-2.0,0.73081,73.08099999999999,0.02926,0.01603,0.02958,0.10599,0.03104,1.00642
data_Ri_HPPC/TC23LTO03_HPPC_dis_00.csv,TC23LTO03_HPPC_dis_00.csv,TC23LTO03,LTO,lithium-ion,,,discharge_file,discharge,-3.0,0.73081,73.08099999999999,0.02926,0.01605,0.02968,0.10619,0.03159,1.006
data_Ri_HPPC/TC23LTO03_HPPC_dis_00.csv,TC23LTO03_HPPC_dis_00.csv,TC23LTO03,LTO,lithium-ion,,,discharge_file,charge,1.0,0.83212,83.212,0.02964,0.0224,0.03002,0.11085,0.03167,1.00921
data_Ri_HPPC/TC23LTO03_HPPC_dis_00.csv,TC23LTO03_HPPC_dis_00.csv,TC23LTO03,LTO,lithium-ion,,,discharge_file,charge,2.0,0.83212,83.212,0.02958,0.0227,0.02996,0.11164,0.03155,1.00922
data_Ri_HPPC/TC23LTO03_HPPC_dis_00.csv,TC23LTO03_HPPC_dis_00.csv,TC23LTO03,LTO,lithium-ion,,,discharge_file,charge,3.0,0.83212,83.212,0.02951,0.02324,0.02989,0.10179,0.03146,1.00933
data_Ri_HPPC/TC23LTO03_HPPC_dis_00.csv,TC23LTO03_HPPC_dis_00.csv,TC23LTO03,LTO,lithium-ion,,,discharge_file,discharge,-1.0,0.83212,83.212,0.02951,0.02233,0.02989,0.11132,0.03142,1.00818
data_Ri_HPPC/TC23LTO03_HPPC_dis_00.csv,TC23LTO03_HPPC_dis_00.csv,TC23LTO03,LTO,lithium-ion,,,discharge_file,discharge,-2.0,0.83212,83.212,0.02958,0.02281,0.02989,0.11238,0.03129,1.00462
data_Ri_HPPC/TC23LTO03_HPPC_dis_00.csv,TC23LTO03_HPPC_dis_00.csv,TC23LTO03,LTO,lithium-ion,,,discharge_file,discharge,-3.0,0.83212,83.212,0.02956,0.02339,0.02989,0.10095,0.0318,1.00864
data_Ri_HPPC/TC23LTO03_HPPC_dis_00.csv,TC23LTO03_HPPC_dis_00.csv,TC23LTO03,LTO,lithium-ion,,,discharge_file,charge,1.0,0.93343,93.343,0.02989,0.02301,0.0304,0.10046,0.03218,1.00919
data_Ri_HPPC/TC23LTO03_HPPC_dis_00.csv,TC23LTO03_HPPC_dis_00.csv,TC23LTO03,LTO,lithium-ion,,,discharge_file,charge,2.0,0.93343,93.343,0.02996,0.02307,0.03034,0.10102,0.03206,1.00475
data_Ri_HPPC/TC23LTO03_HPPC_dis_00.csv,TC23LTO03_HPPC_dis_00.csv,TC23LTO03,LTO,lithium-ion,,,discharge_file,charge,3.0,0.93343,93.343,0.02998,0.02279,0.0304,0.11267,0.03201,1.0051
data_Ri_HPPC/TC23LTO03_HPPC_dis_00.csv,TC23LTO03_HPPC_dis_00.csv,TC23LTO03,LTO,lithium-ion,,,discharge_file,discharge,-1.0,0.93343,93.343,0.0299,0.02287,0.03027,0.11195,0.03193,1.00509
data_Ri_HPPC/TC23LTO03_HPPC_dis_00.csv,TC23LTO03_HPPC_dis_00.csv,TC23LTO03,LTO,lithium-ion,,,discharge_file,discharge,-2.0,0.93343,93.343,0.02996,0.02263,0.0304,0.11096,0.03186,1.00873
data_Ri_HPPC/TC23LTO03_HPPC_dis_00.csv,TC23LTO03_HPPC_dis_00.csv,TC23LTO03,LTO,lithium-ion,,,discharge_file,discharge,-3.0,0.93343,93.343,0.02998,0.02295,0.03048,0.11204,0.03244,1.0032
data_Ri_HPPC/TC23NMC01_HPPC_ch_00.csv,TC23NMC01_HPPC_ch_00.csv,TC23NMC01,NMC,lithium-ion,,,charge_file,charge,1.0,0.0,0.0,0.04568,0.02272,0.05728,0.11228,0.0726,1.00608
data_Ri_HPPC/TC23NMC01_HPPC_ch_00.csv,TC23NMC01_HPPC_ch_00.csv,TC23NMC01,NMC,lithium-ion,,,charge_file,charge,2.0,0.0,0.0,0.04553,0.02269,0.05607,0.11123,0.06732,1.00421
data_Ri_HPPC/TC23NMC01_HPPC_ch_00.csv,TC23NMC01_HPPC_ch_00.csv,TC23NMC01,NMC,lithium-ion,,,charge_file,charge,3.0,0.0,0.0,0.04576,0.02276,0.05637,0.1123,0.06586,1.00732
data_Ri_HPPC/TC23NMC01_HPPC_ch_00.csv,TC23NMC01_HPPC_ch_00.csv,TC23NMC01,NMC,lithium-ion,,,charge_file,discharge,-1.0,0.0,0.0,0.04535,0.02316,0.0565,0.10112,0.08582,1.00827
data_Ri_HPPC/TC23NMC01_HPPC_ch_00.csv,TC23NMC01_HPPC_ch_00.csv,TC23NMC01,NMC,lithium-ion,,,charge_file,discharge,-2.0,0.0,0.0,0.04469,0.02235,0.05683,0.11084,0.08671,1.00464
data_Ri_HPPC/TC23NMC01_HPPC_ch_00.csv,TC23NMC01_HPPC_ch_00.csv,TC23NMC01,NMC,lithium-ion,,,charge_file,discharge,-3.0,0.0,0.0,0.04459,0.02257,0.05694,0.11174,0.08781,1.00728
data_Ri_HPPC/TC23NMC01_HPPC_ch_00.csv,TC23NMC01_HPPC_ch_00.csv,TC23NMC01,NMC,lithium-ion,,,charge_file,charge,1.0,0.1043,10.43,0.04233,0.0227,0.0478,0.11118,0.05213,1.006
data_Ri_HPPC/TC23NMC01_HPPC_ch_00.csv,TC23NMC01_HPPC_ch_00.csv,TC23NMC01,NMC,lithium-ion,,,charge_file,charge,2.0,0.1043,10.43,0.0422,0.02254,0.04716,0.11091,0.05105,1.00364
data_Ri_HPPC/TC23NMC01_HPPC_ch_00.csv,TC23NMC01_HPPC_ch_00.csv,TC23NMC01,NMC,lithium-ion,,,charge_file,charge,3.0,0.1043,10.43,0.04206,0.02261,0.0467,0.11051,0.05018,1.00379
data_Ri_HPPC/TC23NMC01_HPPC_ch_00.csv,TC23NMC01_HPPC_ch_00.csv,TC23NMC01,NMC,lithium-ion,,,charge_file,discharge,-1.0,0.1043,10.43,0.04235,0.02235,0.0482,0.11064,0.05328,1.00239
data_Ri_HPPC/TC23NMC01_HPPC_ch_00.csv,TC23NMC01_HPPC_ch_00.csv,TC23NMC01,NMC,lithium-ion,,,charge_file,discharge,-2.0,0.1043,10.43,0.04203,0.02239,0.04781,0.11055,0.05321,1.00412
data_Ri_HPPC/TC23NMC01_HPPC_ch_00.csv,TC23NMC01_HPPC_ch_00.csv,TC23NMC01,NMC,lithium-ion,,,charge_file,discharge,-3.0,0.1043,10.43,0.04175,0.02246,0.04747,0.1107,0.05289,1.00517
data_Ri_HPPC/TC23NMC01_HPPC_ch_00.csv,TC23NMC01_HPPC_ch_00.csv,TC23NMC01,NMC,lithium-ion,,,charge_file,charge,1.0,0.20572,20.572,0.04157,0.02275,0.04463,0.1126,0.04743,1.00278
data_Ri_HPPC/TC23NMC01_HPPC_ch_00.csv,TC23NMC01_HPPC_ch_00.csv,TC23NMC01,NMC,lithium-ion,,,charge_file,charge,2.0,0.20572,20.572,0.04132,0.02203,0.04418,0.11059,0.04698,1.01012
data_Ri_HPPC/TC23NMC01_HPPC_ch_00.csv,TC23NMC01_HPPC_ch_00.csv,TC23NMC01,NMC,lithium-ion,,,charge_file,charge,3.0,0.20572,20.572,0.04132,0.02275,0.04391,0.11137,0.04658,1.00717
data_Ri_HPPC/TC23NMC01_HPPC_ch_00.csv,TC23NMC01_HPPC_ch_00.csv,TC23NMC01,NMC,lithium-ion,,,charge_file,discharge,-1.0,0.20572,20.572,0.04133,0.02227,0.04462,0.11145,0.04768,1.00306
data_Ri_HPPC/TC23NMC01_HPPC_ch_00.csv,TC23NMC01_HPPC_ch_00.csv,TC23NMC01,NMC,lithium-ion,,,charge_file,discharge,-2.0,0.20572,20.572,0.04133,0.0224,0.0445,0.11028,0.04755,1.00191
data_Ri_HPPC/TC23NMC01_HPPC_ch_00.csv,TC23NMC01_HPPC_ch_00.csv,TC23NMC01,NMC,lithium-ion,,,charge_file,discharge,-3.0,0.20572,20.572,0.04107,0.02235,0.04416,0.11029,0.04726,1.00418
data_Ri_HPPC/TC23NMC01_HPPC_ch_00.csv,TC23NMC01_HPPC_ch_00.csv,TC23NMC01,NMC,lithium-ion,,,charge_file,charge,1.0,0.30713,30.713,0.04056,0.02225,0.04195,0.1115,0.04501,1.00798
data_Ri_HPPC/TC23NMC01_HPPC_ch_00.csv,TC23NMC01_HPPC_ch_00.csv,TC23NMC01,NMC,lithium-ion,,,charge_file,charge,2.0,0.30713,30.713,0.04037,0.02227,0.04189,0.11005,0.04469,1.00958
data_Ri_HPPC/TC23NMC01_HPPC_ch_00.csv,TC23NMC01_HPPC_ch_00.csv,TC23NMC01,NMC,lithium-ion,,,charge_file,charge,3.0,0.30713,30.713,0.04035,0.02261,0.04175,0.11197,0.04433,1.00653
data_Ri_HPPC/TC23NMC01_HPPC_ch_00.csv,TC23NMC01_HPPC_ch_00.csv,TC23NMC01,NMC,lithium-ion,,,charge_file,discharge,-1.0,0.30713,30.713,0.04031,0.02287,0.04183,0.11213,0.04501,1.00568
data_Ri_HPPC/TC23NMC01_HPPC_ch_00.csv,TC23NMC01_HPPC_ch_00.csv,TC23NMC01,NMC,lithium-ion,,,charge_file,discharge,-2.0,0.30713,30.713,0.04012,0.02221,0.04164,0.10894,0.04482,1.01033
data_Ri_HPPC/TC23NMC01_HPPC_ch_00.csv,TC23NMC01_HPPC_ch_00.csv,TC23NMC01,NMC,lithium-ion,,,charge_file,discharge,-3.0,0.30713,30.713,0.03988,0.02244,0.04137,0.10948,0.04454,1.01083
data_Ri_HPPC/TC23NMC01_HPPC_ch_00.csv,TC23NMC01_HPPC_ch_00.csv,TC23NMC01,NMC,lithium-ion,,,charge_file,charge,1.0,0.40855,40.855000000000004,0.03941,0.02261,0.04005,0.10996,0.04209,1.00577
data_Ri_HPPC/TC23NMC01_HPPC_ch_00.csv,TC23NMC01_HPPC_ch_00.csv,TC23NMC01,NMC,lithium-ion,,,charge_file,charge,2.0,0.40855,40.855000000000004,0.0391,0.02249,0.0398,0.11092,0.04177,1.00462
data_Ri_HPPC/TC23NMC01_HPPC_ch_00.csv,TC23NMC01_HPPC_ch_00.csv,TC23NMC01,NMC,lithium-ion,,,charge_file,charge,3.0,0.40855,40.855000000000004,0.03908,0.023,0.03984,0.10043,0.04183,1.00923
data_Ri_HPPC/TC23NMC01_HPPC_ch_00.csv,TC23NMC01_HPPC_ch_00.csv,TC23NMC01,NMC,lithium-ion,,,charge_file,discharge,-1.0,0.40855,40.855000000000004,0.03917,0.02301,0.03967,0.11145,0.04183,1.00419
data_Ri_HPPC/TC23NMC01_HPPC_ch_00.csv,TC23NMC01_HPPC_ch_00.csv,TC23NMC01,NMC,lithium-ion,,,charge_file,discharge,-2.0,0.40855,40.855000000000004,0.0389,0.02223,0.03967,0.11116,0.04158,1.00509
data_Ri_HPPC/TC23NMC01_HPPC_ch_00.csv,TC23NMC01_HPPC_ch_00.csv,TC23NMC01,NMC,lithium-ion,,,charge_file,discharge,-3.0,0.40855,40.855000000000004,0.03878,0.02281,0.03946,0.10001,0.04132,1.00351
data_Ri_HPPC/TC23NMC01_HPPC_ch_00.csv,TC23NMC01_HPPC_ch_00.csv,TC23NMC01,NMC,lithium-ion,,,charge_file,charge,1.0,0.50996,50.995999999999995,0.03878,0.02235,0.03954,0.11039,0.04145,1.0042
data_Ri_HPPC/TC23NMC01_HPPC_ch_00.csv,TC23NMC01_HPPC_ch_00.csv,TC23NMC01,NMC,lithium-ion,,,charge_file,charge,2.0,0.50996,50.995999999999995,0.03884,0.023,0.03961,0.11212,0.04145,1.0077
data_Ri_HPPC/TC23NMC01_HPPC_ch_00.csv,TC23NMC01_HPPC_ch_00.csv,TC23NMC01,NMC,lithium-ion,,,charge_file,charge,3.0,0.50996,50.995999999999995,0.03882,0.02326,0.03958,0.11205,0.04166,1.01254
data_Ri_HPPC/TC23NMC01_HPPC_ch_00.csv,TC23NMC01_HPPC_ch_00.csv,TC23NMC01,NMC,lithium-ion,,,charge_file,discharge,-1.0,0.50996,50.995999999999995,0.03891,0.02264,0.03979,0.11179,0.0417,1.00329
data_Ri_HPPC/TC23NMC01_HPPC_ch_00.csv,TC23NMC01_HPPC_ch_00.csv,TC23NMC01,NMC,lithium-ion,,,charge_file,discharge,-2.0,0.50996,50.995999999999995,0.03872,0.02238,0.03948,0.11061,0.04132,1.00334
data_Ri_HPPC/TC23NMC01_HPPC_ch_00.csv,TC23NMC01_HPPC_ch_00.csv,TC23NMC01,NMC,lithium-ion,,,charge_file,discharge,-3.0,0.50996,50.995999999999995,0.03844,0.02348,0.03916,0.10181,0.04103,1.00909
data_Ri_HPPC/TC23NMC01_HPPC_ch_00.csv,TC23NMC01_HPPC_ch_00.csv,TC23NMC01,NMC,lithium-ion,,,charge_file,charge,1.0,0.61138,61.138000000000005,0.03865,0.02198,0.03967,0.10811,0.04183,1.00526
data_Ri_HPPC/TC23NMC01_HPPC_ch_00.csv,TC23NMC01_HPPC_ch_00.csv,TC23NMC01,NMC,lithium-ion,,,charge_file,charge,2.0,0.61138,61.138000000000005,0.0384,0.01776,0.03948,0.10758,0.04164,1.00766
data_Ri_HPPC/TC23NMC01_HPPC_ch_00.csv,TC23NMC01_HPPC_ch_00.csv,TC23NMC01,NMC,lithium-ion,,,charge_file,charge,3.0,0.61138,61.138000000000005,0.0384,0.01766,0.03946,0.10761,0.04187,1.00726
data_Ri_HPPC/TC23NMC01_HPPC_ch_00.csv,TC23NMC01_HPPC_ch_00.csv,TC23NMC01,NMC,lithium-ion,,,charge_file,discharge,-1.0,0.61138,61.138000000000005,0.03866,0.02202,0.03929,0.10723,0.0417,1.00386
data_Ri_HPPC/TC23NMC01_HPPC_ch_00.csv,TC23NMC01_HPPC_ch_00.csv,TC23NMC01,NMC,lithium-ion,,,charge_file,discharge,-2.0,0.61138,61.138000000000005,0.03828,0.01719,0.03923,0.10725,0.04151,1.0077
data_Ri_HPPC/TC23NMC01_HPPC_ch_00.csv,TC23NMC01_HPPC_ch_00.csv,TC23NMC01,NMC,lithium-ion,,,charge_file,discharge,-3.0,0.61138,61.138000000000005,0.03823,0.02126,0.03908,0.10782,0.04128,1.01091
data_Ri_HPPC/TC23NMC01_HPPC_ch_00.csv,TC23NMC01_HPPC_ch_00.csv,TC23NMC01,NMC,lithium-ion,,,charge_file,charge,1.0,0.7128,71.28,0.03827,0.02246,0.03916,0.10933,0.04145,1.0093
data_Ri_HPPC/TC23NMC01_HPPC_ch_00.csv,TC23NMC01_HPPC_ch_00.csv,TC23NMC01,NMC,lithium-ion,,,charge_file,charge,2.0,0.7128,71.28,0.03808,0.02194,0.03897,0.10862,0.0412,1.01045
data_Ri_HPPC/TC23NMC01_HPPC_ch_00.csv,TC23NMC01_HPPC_ch_00.csv,TC23NMC01,NMC,lithium-ion,,,charge_file,charge,3.0,0.7128,71.28,0.03789,0.0178,0.03886,0.10771,0.0412,1.00809
data_Ri_HPPC/TC23NMC01_HPPC_ch_00.csv,TC23NMC01_HPPC_ch_00.csv,TC23NMC01,NMC,lithium-ion,,,charge_file,discharge,-1.0,0.7128,71.28,0.03814,0.02287,0.03903,0.11076,0.0412,1.00474
data_Ri_HPPC/TC23NMC01_HPPC_ch_00.csv,TC23NMC01_HPPC_ch_00.csv,TC23NMC01,NMC,lithium-ion,,,charge_file,discharge,-2.0,0.7128,71.28,0.0377,0.01752,0.03865,0.10736,0.04107,1.00794
data_Ri_HPPC/TC23NMC01_HPPC_ch_00.csv,TC23NMC01_HPPC_ch_00.csv,TC23NMC01,NMC,lithium-ion,,,charge_file,discharge,-3.0,0.7128,71.28,0.03751,0.01752,0.03848,0.1072,0.04081,1.00746
data_Ri_HPPC/TC23NMC01_HPPC_ch_00.csv,TC23NMC01_HPPC_ch_00.csv,TC23NMC01,NMC,lithium-ion,,,charge_file,charge,1.0,0.81421,81.42099999999999,0.03789,0.02212,0.03866,0.11059,0.04056,1.00778
data_Ri_HPPC/TC23NMC01_HPPC_ch_00.csv,TC23NMC01_HPPC_ch_00.csv,TC23NMC01,NMC,lithium-ion,,,charge_file,charge,2.0,0.81421,81.42099999999999,0.03776,0.02258,0.03852,0.11157,0.04043,1.00594
data_Ri_HPPC/TC23NMC01_HPPC_ch_00.csv,TC23NMC01_HPPC_ch_00.csv,TC23NMC01,NMC,lithium-ion,,,charge_file,charge,3.0,0.81421,81.42099999999999,0.03768,0.0223,0.03848,0.11041,0.04031,1.00351
data_Ri_HPPC/TC23NMC01_HPPC_ch_00.csv,TC23NMC01_HPPC_ch_00.csv,TC23NMC01,NMC,lithium-ion,,,charge_file,discharge,-1.0,0.81421,81.42099999999999,0.03776,0.02265,0.03853,0.11077,0.04043,1.0049
data_Ri_HPPC/TC23NMC01_HPPC_ch_00.csv,TC23NMC01_HPPC_ch_00.csv,TC23NMC01,NMC,lithium-ion,,,charge_file,discharge,-2.0,0.81421,81.42099999999999,0.0377,0.0225,0.03833,0.11271,0.04024,1.00622
data_Ri_HPPC/TC23NMC01_HPPC_ch_00.csv,TC23NMC01_HPPC_ch_00.csv,TC23NMC01,NMC,lithium-ion,,,charge_file,discharge,-3.0,0.81421,81.42099999999999,0.03747,0.02249,0.03819,0.11118,0.04001,1.00575
data_Ri_HPPC/TC23NMC01_HPPC_ch_00.csv,TC23NMC01_HPPC_ch_00.csv,TC23NMC01,NMC,lithium-ion,,,charge_file,charge,1.0,0.91563,91.563,0.03764,0.01586,0.03865,0.10615,0.04132,1.00572
data_Ri_HPPC/TC23NMC01_HPPC_ch_00.csv,TC23NMC01_HPPC_ch_00.csv,TC23NMC01,NMC,lithium-ion,,,charge_file,charge,2.0,0.91563,91.563,0.03757,0.01599,0.03878,0.10577,0.04126,1.00582
data_Ri_HPPC/TC23NMC01_HPPC_ch_00.csv,TC23NMC01_HPPC_ch_00.csv,TC23NMC01,NMC,lithium-ion,,,charge_file,charge,3.0,0.91563,91.563,0.03759,0.01598,0.03878,0.10585,0.04141,1.00617
data_Ri_HPPC/TC23NMC01_HPPC_ch_00.csv,TC23NMC01_HPPC_ch_00.csv,TC23NMC01,NMC,lithium-ion,,,charge_file,discharge,-1.0,0.91563,91.563,0.03751,0.01648,0.03865,0.10598,0.0412,1.00556
data_Ri_HPPC/TC23NMC01_HPPC_ch_00.csv,TC23NMC01_HPPC_ch_00.csv,TC23NMC01,NMC,lithium-ion,,,charge_file,discharge,-2.0,0.91563,91.563,0.03745,0.01611,0.03859,0.10601,0.04107,1.00615
data_Ri_HPPC/TC23NMC01_HPPC_ch_00.csv,TC23NMC01_HPPC_ch_00.csv,TC23NMC01,NMC,lithium-ion,,,charge_file,discharge,-3.0,0.91563,91.563,0.03739,0.01628,0.03848,0.10612,0.0409,1.00593
data_Ri_HPPC/TC23NMC01_HPPC_ch_00.csv,TC23NMC01_HPPC_ch_00.csv,TC23NMC01,NMC,lithium-ion,,,charge_file,charge,1.0,0.942,94.19999999999999,0.03789,0.01585,0.03941,0.10597,0.04234,1.00606
data_Ri_HPPC/TC23NMC01_HPPC_ch_00.csv,TC23NMC01_HPPC_ch_00.csv,TC23NMC01,NMC,lithium-ion,,,charge_file,charge,2.0,0.942,94.19999999999999,0.03789,0.01599,0.03923,0.10606,0.04215,1.00622
data_Ri_HPPC/TC23NMC01_HPPC_ch_00.csv,TC23NMC01_HPPC_ch_00.csv,TC23NMC01,NMC,lithium-ion,,,charge_file,charge,3.0,0.942,94.19999999999999,0.03793,0.01651,0.03929,0.10638,,
data_Ri_HPPC/TC23NMC01_HPPC_ch_00.csv,TC23NMC01_HPPC_ch_00.csv,TC23NMC01,NMC,lithium-ion,,,charge_file,discharge,-1.0,0.942,94.19999999999999,0.0379,0.01609,0.03904,0.10595,0.04208,1.00599
data_Ri_HPPC/TC23NMC01_HPPC_ch_00.csv,TC23NMC01_HPPC_ch_00.csv,TC23NMC01,NMC,lithium-ion,,,charge_file,discharge,-2.0,0.942,94.19999999999999,0.03764,0.01619,0.03891,0.10617,0.04189,1.0062
data_Ri_HPPC/TC23NMC01_HPPC_ch_00.csv,TC23NMC01_HPPC_ch_00.csv,TC23NMC01,NMC,lithium-ion,,,charge_file,discharge,-3.0,0.942,94.19999999999999,0.03759,0.0162,0.03886,0.10612,0.04179,1.00607
data_Ri_HPPC/TC23NMC01_HPPC_dis_00.csv,TC23NMC01_HPPC_dis_00.csv,TC23NMC01,NMC,lithium-ion,,,discharge_file,charge,1.0,0.00793,0.7929999999999999,0.03859,0.02252,0.04041,0.11116,0.04476,1.00318
data_Ri_HPPC/TC23NMC01_HPPC_dis_00.csv,TC23NMC01_HPPC_dis_00.csv,TC23NMC01,NMC,lithium-ion,,,discharge_file,charge,2.0,0.00793,0.7929999999999999,0.03861,0.02212,0.04045,0.10862,,
data_Ri_HPPC/TC23NMC01_HPPC_dis_00.csv,TC23NMC01_HPPC_dis_00.csv,TC23NMC01,NMC,lithium-ion,,,discharge_file,charge,3.0,0.00793,0.7929999999999999,0.0386,0.02218,0.04062,0.10753,,
data_Ri_HPPC/TC23NMC01_HPPC_dis_00.csv,TC23NMC01_HPPC_dis_00.csv,TC23NMC01,NMC,lithium-ion,,,discharge_file,discharge,-1.0,0.00793,0.7929999999999999,0.0384,0.0221,0.04014,0.10959,0.0445,1.00517
data_Ri_HPPC/TC23NMC01_HPPC_dis_00.csv,TC23NMC01_HPPC_dis_00.csv,TC23NMC01,NMC,lithium-ion,,,discharge_file,discharge,-2.0,0.00793,0.7929999999999999,0.03844,0.02228,0.0403,0.10969,0.04482,1.00721
data_Ri_HPPC/TC23NMC01_HPPC_dis_00.csv,TC23NMC01_HPPC_dis_00.csv,TC23NMC01,NMC,lithium-ion,,,discharge_file,discharge,-3.0,0.00793,0.7929999999999999,0.03847,0.02328,0.04048,0.11155,0.04513,1.00843
data_Ri_HPPC/TC23NMC01_HPPC_dis_00.csv,TC23NMC01_HPPC_dis_00.csv,TC23NMC01,NMC,lithium-ion,,,discharge_file,charge,1.0,0.12268,12.267999999999999,0.03752,0.01687,0.03857,0.10724,0.04094,1.00714
data_Ri_HPPC/TC23NMC01_HPPC_dis_00.csv,TC23NMC01_HPPC_dis_00.csv,TC23NMC01,NMC,lithium-ion,,,discharge_file,charge,2.0,0.12268,12.267999999999999,0.03752,0.01791,0.03855,0.10771,0.04081,1.00786
data_Ri_HPPC/TC23NMC01_HPPC_dis_00.csv,TC23NMC01_HPPC_dis_00.csv,TC23NMC01,NMC,lithium-ion,,,discharge_file,charge,3.0,0.12268,12.267999999999999,0.03757,0.02203,0.03847,0.10901,0.04061,1.00598
data_Ri_HPPC/TC23NMC01_HPPC_dis_00.csv,TC23NMC01_HPPC_dis_00.csv,TC23NMC01,NMC,lithium-ion,,,discharge_file,discharge,-1.0,0.12268,12.267999999999999,0.0375,0.01738,0.03839,0.10787,0.04094,1.00718
data_Ri_HPPC/TC23NMC01_HPPC_dis_00.csv,TC23NMC01_HPPC_dis_00.csv,TC23NMC01,NMC,lithium-ion,,,discharge_file,discharge,-2.0,0.12268,12.267999999999999,0.03742,0.02217,0.03829,0.10957,0.04056,1.01088
data_Ri_HPPC/TC23NMC01_HPPC_dis_00.csv,TC23NMC01_HPPC_dis_00.csv,TC23NMC01,NMC,lithium-ion,,,discharge_file,discharge,-3.0,0.12268,12.267999999999999,0.0374,0.02223,0.03832,0.10998,0.0406,1.01088
data_Ri_HPPC/TC23NMC01_HPPC_dis_00.csv,TC23NMC01_HPPC_dis_00.csv,TC23NMC01,NMC,lithium-ion,,,discharge_file,charge,1.0,0.2244,22.439999999999998,0.0379,0.02319,0.03878,0.10102,0.04094,1.0071
data_Ri_HPPC/TC23NMC01_HPPC_dis_00.csv,TC23NMC01_HPPC_dis_00.csv,TC23NMC01,NMC,lithium-ion,,,discharge_file,charge,2.0,0.2244,22.439999999999998,0.03776,0.02282,0.03865,0.11269,0.04075,1.00896
data_Ri_HPPC/TC23NMC01_HPPC_dis_00.csv,TC23NMC01_HPPC_dis_00.csv,TC23NMC01,NMC,lithium-ion,,,discharge_file,charge,3.0,0.2244,22.439999999999998,0.03751,0.01663,0.03852,0.10673,0.0406,1.00668
data_Ri_HPPC/TC23NMC01_HPPC_dis_00.csv,TC23NMC01_HPPC_dis_00.csv,TC23NMC01,NMC,lithium-ion,,,discharge_file,discharge,-1.0,0.2244,22.439999999999998,0.0379,0.0229,0.03853,0.10078,0.04081,1.00913
data_Ri_HPPC/TC23NMC01_HPPC_dis_00.csv,TC23NMC01_HPPC_dis_00.csv,TC23NMC01,NMC,lithium-ion,,,discharge_file,discharge,-2.0,0.2244,22.439999999999998,0.03744,0.01692,0.0384,0.1067,0.04069,1.00695
data_Ri_HPPC/TC23NMC01_HPPC_dis_00.csv,TC23NMC01_HPPC_dis_00.csv,TC23NMC01,NMC,lithium-ion,,,discharge_file,discharge,-3.0,0.2244,22.439999999999998,0.03729,0.0166,0.03828,0.10651,0.04069,1.00677
data_Ri_HPPC/TC23NMC01_HPPC_dis_00.csv,TC23NMC01_HPPC_dis_00.csv,TC23NMC01,NMC,lithium-ion,,,discharge_file,charge,1.0,0.32613,32.613,0.03828,0.02268,0.03916,0.11235,0.04158,1.00934
data_Ri_HPPC/TC23NMC01_HPPC_dis_00.csv,TC23NMC01_HPPC_dis_00.csv,TC23NMC01,NMC,lithium-ion,,,discharge_file,charge,2.0,0.32613,32.613,0.03827,0.02302,0.03903,0.1,0.04145,1.00624
data_Ri_HPPC/TC23NMC01_HPPC_dis_00.csv,TC23NMC01_HPPC_dis_00.csv,TC23NMC01,NMC,lithium-ion,,,discharge_file,charge,3.0,0.32613,32.613,0.03802,0.02266,0.03891,0.11154,0.04115,1.00943
data_Ri_HPPC/TC23NMC01_HPPC_dis_00.csv,TC23NMC01_HPPC_dis_00.csv,TC23NMC01,NMC,lithium-ion,,,discharge_file,discharge,-1.0,0.32613,32.613,0.03815,0.02261,0.03903,0.11266,0.04145,1.00733
data_Ri_HPPC/TC23NMC01_HPPC_dis_00.csv,TC23NMC01_HPPC_dis_00.csv,TC23NMC01,NMC,lithium-ion,,,discharge_file,discharge,-2.0,0.32613,32.613,0.03796,0.02288,0.03878,0.11119,0.0412,1.00324
data_Ri_HPPC/TC23NMC01_HPPC_dis_00.csv,TC23NMC01_HPPC_dis_00.csv,TC23NMC01,NMC,lithium-ion,,,discharge_file,discharge,-3.0,0.32613,32.613,0.03776,0.02305,0.03861,0.10003,0.04111,1.00422
data_Ri_HPPC/TC23NMC01_HPPC_dis_00.csv,TC23NMC01_HPPC_dis_00.csv,TC23NMC01,NMC,lithium-ion,,,discharge_file,charge,1.0,0.42785,42.785000000000004,0.0384,0.0163,0.03928,0.10652,0.04119,1.00646
data_Ri_HPPC/TC23NMC01_HPPC_dis_00.csv,TC23NMC01_HPPC_dis_00.csv,TC23NMC01,NMC,lithium-ion,,,discharge_file,charge,2.0,0.42785,42.785000000000004,0.03834,0.01593,0.03922,0.10616,0.04113,1.00596
data_Ri_HPPC/TC23NMC01_HPPC_dis_00.csv,TC23NMC01_HPPC_dis_00.csv,TC23NMC01,NMC,lithium-ion,,,discharge_file,charge,3.0,0.42785,42.785000000000004,0.0381,0.016,0.03899,0.10623,0.0409,1.00617
data_Ri_HPPC/TC23NMC01_HPPC_dis_00.csv,TC23NMC01_HPPC_dis_00.csv,TC23NMC01,NMC,lithium-ion,,,discharge_file,discharge,-1.0,0.42785,42.785000000000004,0.03815,0.01595,0.03904,0.10605,0.04094,1.00634
data_Ri_HPPC/TC23NMC01_HPPC_dis_00.csv,TC23NMC01_HPPC_dis_00.csv,TC23NMC01,NMC,lithium-ion,,,discharge_file,discharge,-2.0,0.42785,42.785000000000004,0.03802,0.01582,0.03891,0.10643,0.04081,1.00644
data_Ri_HPPC/TC23NMC01_HPPC_dis_00.csv,TC23NMC01_HPPC_dis_00.csv,TC23NMC01,NMC,lithium-ion,,,discharge_file,discharge,-3.0,0.42785,42.785000000000004,0.03798,0.01608,0.03882,0.10612,0.04073,1.00629
data_Ri_HPPC/TC23NMC01_HPPC_dis_00.csv,TC23NMC01_HPPC_dis_00.csv,TC23NMC01,NMC,lithium-ion,,,discharge_file,charge,1.0,0.52958,52.958000000000006,0.03866,0.01603,0.03954,0.10637,0.04132,1.00593
data_Ri_HPPC/TC23NMC01_HPPC_dis_00.csv,TC23NMC01_HPPC_dis_00.csv,TC23NMC01,NMC,lithium-ion,,,discharge_file,charge,2.0,0.52958,52.958000000000006,0.03865,0.0163,0.03954,0.1063,0.04132,1.00599
data_Ri_HPPC/TC23NMC01_HPPC_dis_00.csv,TC23NMC01_HPPC_dis_00.csv,TC23NMC01,NMC,lithium-ion,,,discharge_file,charge,3.0,0.52958,52.958000000000006,0.03853,0.01568,0.03941,0.10589,0.04124,1.00603
data_Ri_HPPC/TC23NMC01_HPPC_dis_00.csv,TC23NMC01_HPPC_dis_00.csv,TC23NMC01,NMC,lithium-ion,,,discharge_file,discharge,-1.0,0.52958,52.958000000000006,0.03866,0.01621,0.03954,0.10615,0.04132,1.00579
data_Ri_HPPC/TC23NMC01_HPPC_dis_00.csv,TC23NMC01_HPPC_dis_00.csv,TC23NMC01,NMC,lithium-ion,,,discharge_file,discharge,-2.0,0.52958,52.958000000000006,0.03846,0.01597,0.03935,0.10594,0.04113,1.00598
data_Ri_HPPC/TC23NMC01_HPPC_dis_00.csv,TC23NMC01_HPPC_dis_00.csv,TC23NMC01,NMC,lithium-ion,,,discharge_file,discharge,-3.0,0.52958,52.958000000000006,0.03827,0.01601,0.03912,0.10606,0.04098,1.00622
data_Ri_HPPC/TC23NMC01_HPPC_dis_00.csv,TC23NMC01_HPPC_dis_00.csv,TC23NMC01,NMC,lithium-ion,,,discharge_file,charge,1.0,0.6313,63.129999999999995,0.03942,0.01607,0.04056,0.10635,0.04272,1.00648
data_Ri_HPPC/TC23NMC01_HPPC_dis_00.csv,TC23NMC01_HPPC_dis_00.csv,TC23NMC01,NMC,lithium-ion,,,discharge_file,charge,2.0,0.6313,63.129999999999995,0.03923,0.01603,0.04043,0.10581,0.04259,1.00569
data_Ri_HPPC/TC23NMC01_HPPC_dis_00.csv,TC23NMC01_HPPC_dis_00.csv,TC23NMC01,NMC,lithium-ion,,,discharge_file,charge,3.0,0.6313,63.129999999999995,0.03921,0.01602,0.04035,0.10616,0.04251,1.00617
data_Ri_HPPC/TC23NMC01_HPPC_dis_00.csv,TC23NMC01_HPPC_dis_00.csv,TC23NMC01,NMC,lithium-ion,,,discharge_file,discharge,-1.0,0.6313,63.129999999999995,0.03891,0.01595,0.04018,0.10641,0.04247,1.00581
data_Ri_HPPC/TC23NMC01_HPPC_dis_00.csv,TC23NMC01_HPPC_dis_00.csv,TC23NMC01,NMC,lithium-ion,,,discharge_file,discharge,-2.0,0.6313,63.129999999999995,0.0391,0.0162,0.04018,0.10602,0.0424,1.00566
data_Ri_HPPC/TC23NMC01_HPPC_dis_00.csv,TC23NMC01_HPPC_dis_00.csv,TC23NMC01,NMC,lithium-ion,,,discharge_file,discharge,-3.0,0.6313,63.129999999999995,0.03891,0.01623,0.03997,0.1065,0.0423,1.00641
data_Ri_HPPC/TC23NMC01_HPPC_dis_00.csv,TC23NMC01_HPPC_dis_00.csv,TC23NMC01,NMC,lithium-ion,,,discharge_file,charge,1.0,0.73302,73.302,0.04107,0.023,0.0431,0.11186,0.04615,1.00591
data_Ri_HPPC/TC23NMC01_HPPC_dis_00.csv,TC23NMC01_HPPC_dis_00.csv,TC23NMC01,NMC,lithium-ion,,,discharge_file,charge,2.0,0.73302,73.302,0.04037,0.01596,0.04297,0.10597,0.04596,1.00588
data_Ri_HPPC/TC23NMC01_HPPC_dis_00.csv,TC23NMC01_HPPC_dis_00.csv,TC23NMC01,NMC,lithium-ion,,,discharge_file,charge,3.0,0.73302,73.302,0.04022,0.01602,0.04281,0.10596,0.0456,1.00617
data_Ri_HPPC/TC23NMC01_HPPC_dis_00.csv,TC23NMC01_HPPC_dis_00.csv,TC23NMC01,NMC,lithium-ion,,,discharge_file,discharge,-1.0,0.73302,73.302,0.04082,0.02263,0.04323,0.1098,0.04615,1.01132
data_Ri_HPPC/TC23NMC01_HPPC_dis_00.csv,TC23NMC01_HPPC_dis_00.csv,TC23NMC01,NMC,lithium-ion,,,discharge_file,discharge,-2.0,0.73302,73.302,0.04012,0.01578,0.04285,0.10604,0.04615,1.00593
data_Ri_HPPC/TC23NMC01_HPPC_dis_00.csv,TC23NMC01_HPPC_dis_00.csv,TC23NMC01,NMC,lithium-ion,,,discharge_file,discharge,-3.0,0.73302,73.302,0.04006,0.01606,0.04272,0.10588,0.04598,1.00606
data_Ri_HPPC/TC23NMC01_HPPC_dis_00.csv,TC23NMC01_HPPC_dis_00.csv,TC23NMC01,NMC,lithium-ion,,,discharge_file,charge,1.0,0.83475,83.475,0.04183,0.02277,0.04526,0.11201,0.04832,1.00974
data_Ri_HPPC/TC23NMC01_HPPC_dis_00.csv,TC23NMC01_HPPC_dis_00.csv,TC23NMC01,NMC,lithium-ion,,,discharge_file,charge,2.0,0.83475,83.475,0.04171,0.02246,0.04501,0.11144,0.04793,1.01112
data_Ri_HPPC/TC23NMC01_HPPC_dis_00.csv,TC23NMC01_HPPC_dis_00.csv,TC23NMC01,NMC,lithium-ion,,,discharge_file,charge,3.0,0.83475,83.475,0.04166,0.02242,0.0448,0.1116,0.04759,1.0089
data_Ri_HPPC/TC23NMC01_HPPC_dis_00.csv,TC23NMC01_HPPC_dis_00.csv,TC23NMC01,NMC,lithium-ion,,,discharge_file,discharge,-1.0,0.83475,83.475,0.04183,0.02292,0.04539,0.11228,0.04844,1.00725
data_Ri_HPPC/TC23NMC01_HPPC_dis_00.csv,TC23NMC01_HPPC_dis_00.csv,TC23NMC01,NMC,lithium-ion,,,discharge_file,discharge,-2.0,0.83475,83.475,0.04164,0.0234,0.04501,0.10022,0.04832,1.00837
data_Ri_HPPC/TC23NMC01_HPPC_dis_00.csv,TC23NMC01_HPPC_dis_00.csv,TC23NMC01,NMC,lithium-ion,,,discharge_file,discharge,-3.0,0.83475,83.475,0.04141,0.02256,0.04492,0.11105,0.04827,1.00954
data_Ri_HPPC/TC23NMC01_HPPC_dis_00.csv,TC23NMC01_HPPC_dis_00.csv,TC23NMC01,NMC,lithium-ion,,,discharge_file,charge,1.0,0.93647,93.647,0.04284,0.02282,0.04958,0.11061,0.05544,1.00799
data_Ri_HPPC/TC23NMC01_HPPC_dis_00.csv,TC23NMC01_HPPC_dis_00.csv,TC23NMC01,NMC,lithium-ion,,,discharge_file,charge,2.0,0.93647,93.647,0.04279,0.02258,0.04927,0.11186,0.05442,1.00574
data_Ri_HPPC/TC23NMC01_HPPC_dis_00.csv,TC23NMC01_HPPC_dis_00.csv,TC23NMC01,NMC,lithium-ion,,,discharge_file,charge,3.0,0.93647,93.647,0.0426,0.02273,0.04882,0.11125,0.05336,1.00243
data_Ri_HPPC/TC23NMC01_HPPC_dis_00.csv,TC23NMC01_HPPC_dis_00.csv,TC23NMC01,NMC,lithium-ion,,,discharge_file,discharge,-1.0,0.93647,93.647,0.0426,0.02262,0.04959,0.11111,0.05709,1.00985
data_Ri_HPPC/TC23NMC01_HPPC_dis_00.csv,TC23NMC01_HPPC_dis_00.csv,TC23NMC01,NMC,lithium-ion,,,discharge_file,discharge,-2.0,0.93647,93.647,0.0424,0.02278,0.04965,0.11185,0.05785,1.0049
data_Ri_HPPC/TC23NMC01_HPPC_dis_00.csv,TC23NMC01_HPPC_dis_00.csv,TC23NMC01,NMC,lithium-ion,,,discharge_file,discharge,-3.0,0.93647,93.647,0.0423,0.0229,0.04895,0.10007,0.05857,1.00324
data_Ri_HPPC/TC23NMC02_HPPC_ch_00.csv,TC23NMC02_HPPC_ch_00.csv,TC23NMC02,NMC,lithium-ion,,,charge_file,charge,1.0,0.0,0.0,0.04187,0.02296,0.05209,0.1005,0.0683,1.00616
data_Ri_HPPC/TC23NMC02_HPPC_ch_00.csv,TC23NMC02_HPPC_ch_00.csv,TC23NMC02,NMC,lithium-ion,,,charge_file,charge,2.0,0.0,0.0,0.04163,0.0225,0.0522,0.11049,0.06321,1.00198
data_Ri_HPPC/TC23NMC02_HPPC_ch_00.csv,TC23NMC02_HPPC_ch_00.csv,TC23NMC02,NMC,lithium-ion,,,charge_file,charge,3.0,0.0,0.0,0.04213,0.02284,0.05252,0.11209,0.06181,1.00791
data_Ri_HPPC/TC23NMC02_HPPC_ch_00.csv,TC23NMC02_HPPC_ch_00.csv,TC23NMC02,NMC,lithium-ion,,,charge_file,discharge,-1.0,0.0,0.0,0.04164,0.02272,0.05376,0.11188,0.08228,1.00514
data_Ri_HPPC/TC23NMC02_HPPC_ch_00.csv,TC23NMC02_HPPC_ch_00.csv,TC23NMC02,NMC,lithium-ion,,,charge_file,discharge,-2.0,0.0,0.0,0.04126,0.02241,0.05309,0.11115,0.08343,1.00366
data_Ri_HPPC/TC23NMC02_HPPC_ch_00.csv,TC23NMC02_HPPC_ch_00.csv,TC23NMC02,NMC,lithium-ion,,,charge_file,discharge,-3.0,0.0,0.0,0.04124,0.02266,0.05346,0.11234,0.08461,1.00773
data_Ri_HPPC/TC23NMC02_HPPC_ch_00.csv,TC23NMC02_HPPC_ch_00.csv,TC23NMC02,NMC,lithium-ion,,,charge_file,charge,1.0,0.10399,10.399,0.03916,0.02295,0.04451,0.11251,0.04884,1.00736
data_Ri_HPPC/TC23NMC02_HPPC_ch_00.csv,TC23NMC02_HPPC_ch_00.csv,TC23NMC02,NMC,lithium-ion,,,charge_file,charge,2.0,0.10399,10.399,0.03891,0.02212,0.04394,0.11102,0.04776,1.0055
data_Ri_HPPC/TC23NMC02_HPPC_ch_00.csv,TC23NMC02_HPPC_ch_00.csv,TC23NMC02,NMC,lithium-ion,,,charge_file,charge,3.0,0.10399,10.399,0.03882,0.02213,0.04345,0.10995,0.04693,1.00857
data_Ri_HPPC/TC23NMC02_HPPC_ch_00.csv,TC23NMC02_HPPC_ch_00.csv,TC23NMC02,NMC,lithium-ion,,,charge_file,discharge,-1.0,0.10399,10.399,0.03892,0.02266,0.04477,0.11103,0.04998,1.00305
data_Ri_HPPC/TC23NMC02_HPPC_ch_00.csv,TC23NMC02_HPPC_ch_00.csv,TC23NMC02,NMC,lithium-ion,,,charge_file,discharge,-2.0,0.10399,10.399,0.0388,0.02256,0.04464,0.11097,0.05011,1.00669
data_Ri_HPPC/TC23NMC02_HPPC_ch_00.csv,TC23NMC02_HPPC_ch_00.csv,TC23NMC02,NMC,lithium-ion,,,charge_file,discharge,-3.0,0.10399,10.399,0.03867,0.02227,0.04434,0.11048,0.04994,1.00277
data_Ri_HPPC/TC23NMC02_HPPC_ch_00.csv,TC23NMC02_HPPC_ch_00.csv,TC23NMC02,NMC,lithium-ion,,,charge_file,charge,1.0,0.20541,20.541,0.03853,0.02297,0.04133,0.11053,0.04426,1.0025
data_Ri_HPPC/TC23NMC02_HPPC_ch_00.csv,TC23NMC02_HPPC_ch_00.csv,TC23NMC02,NMC,lithium-ion,,,charge_file,charge,2.0,0.20541,20.541,0.03822,0.02239,0.04101,0.10988,0.04375,1.00096
data_Ri_HPPC/TC23NMC02_HPPC_ch_00.csv,TC23NMC02_HPPC_ch_00.csv,TC23NMC02,NMC,lithium-ion,,,charge_file,charge,3.0,0.20541,20.541,0.03811,0.02228,0.04074,0.10989,0.04333,1.00218
data_Ri_HPPC/TC23NMC02_HPPC_ch_00.csv,TC23NMC02_HPPC_ch_00.csv,TC23NMC02,NMC,lithium-ion,,,charge_file,discharge,-1.0,0.20541,20.541,0.03842,0.02258,0.04171,0.11091,0.04464,1.00535
data_Ri_HPPC/TC23NMC02_HPPC_ch_00.csv,TC23NMC02_HPPC_ch_00.csv,TC23NMC02,NMC,lithium-ion,,,charge_file,discharge,-2.0,0.20541,20.541,0.03815,0.02259,0.0414,0.11099,0.04451,1.0055
data_Ri_HPPC/TC23NMC02_HPPC_ch_00.csv,TC23NMC02_HPPC_ch_00.csv,TC23NMC02,NMC,lithium-ion,,,charge_file,discharge,-3.0,0.20541,20.541,0.03799,0.02264,0.04112,0.1104,0.04421,1.00476
data_Ri_HPPC/TC23NMC02_HPPC_ch_00.csv,TC23NMC02_HPPC_ch_00.csv,TC23NMC02,NMC,lithium-ion,,,charge_file,charge,1.0,0.30682,30.682,0.03752,0.02309,0.03892,0.1122,0.04172,1.00547
data_Ri_HPPC/TC23NMC02_HPPC_ch_00.csv,TC23NMC02_HPPC_ch_00.csv,TC23NMC02,NMC,lithium-ion,,,charge_file,charge,2.0,0.30682,30.682,0.03727,0.02232,0.03872,0.11078,0.04146,1.00348
data_Ri_HPPC/TC23NMC02_HPPC_ch_00.csv,TC23NMC02_HPPC_ch_00.csv,TC23NMC02,NMC,lithium-ion,,,charge_file,charge,3.0,0.30682,30.682,0.03718,0.02245,0.03853,0.11059,0.04116,1.00613
data_Ri_HPPC/TC23NMC02_HPPC_ch_00.csv,TC23NMC02_HPPC_ch_00.csv,TC23NMC02,NMC,lithium-ion,,,charge_file,discharge,-1.0,0.30682,30.682,0.03726,0.02225,0.03879,0.11085,0.04184,1.00543
data_Ri_HPPC/TC23NMC02_HPPC_ch_00.csv,TC23NMC02_HPPC_ch_00.csv,TC23NMC02,NMC,lithium-ion,,,charge_file,discharge,-2.0,0.30682,30.682,0.03707,0.02237,0.0386,0.11103,0.04171,1.00573
data_Ri_HPPC/TC23NMC02_HPPC_ch_00.csv,TC23NMC02_HPPC_ch_00.csv,TC23NMC02,NMC,lithium-ion,,,charge_file,discharge,-3.0,0.30682,30.682,0.03697,0.02243,0.03837,0.11052,0.0415,1.00577
data_Ri_HPPC/TC23NMC02_HPPC_ch_00.csv,TC23NMC02_HPPC_ch_00.csv,TC23NMC02,NMC,lithium-ion,,,charge_file,charge,1.0,0.40824,40.824,0.03638,0.02279,0.03714,0.11217,0.03904,1.00373
data_Ri_HPPC/TC23NMC02_HPPC_ch_00.csv,TC23NMC02_HPPC_ch_00.csv,TC23NMC02,NMC,lithium-ion,,,charge_file,charge,2.0,0.40824,40.824,0.03625,0.02225,0.03688,0.11037,0.03873,1.00567
data_Ri_HPPC/TC23NMC02_HPPC_ch_00.csv,TC23NMC02_HPPC_ch_00.csv,TC23NMC02,NMC,lithium-ion,,,charge_file,charge,3.0,0.40824,40.824,0.03612,0.02287,0.0368,0.11253,0.03875,1.00935
data_Ri_HPPC/TC23NMC02_HPPC_ch_00.csv,TC23NMC02_HPPC_ch_00.csv,TC23NMC02,NMC,lithium-ion,,,charge_file,discharge,-1.0,0.40824,40.824,0.03624,0.0222,0.03701,0.11049,0.03879,1.0063
data_Ri_HPPC/TC23NMC02_HPPC_ch_00.csv,TC23NMC02_HPPC_ch_00.csv,TC23NMC02,NMC,lithium-ion,,,charge_file,discharge,-2.0,0.40824,40.824,0.03606,0.02269,0.03682,0.11088,0.0386,1.00393
data_Ri_HPPC/TC23NMC02_HPPC_ch_00.csv,TC23NMC02_HPPC_ch_00.csv,TC23NMC02,NMC,lithium-ion,,,charge_file,discharge,-3.0,0.40824,40.824,0.03591,0.02228,0.03654,0.11073,0.03836,1.00348
data_Ri_HPPC/TC23NMC02_HPPC_ch_00.csv,TC23NMC02_HPPC_ch_00.csv,TC23NMC02,NMC,lithium-ion,,,charge_file,charge,1.0,0.50965,50.965,0.03624,0.02285,0.03688,0.11223,0.03866,1.00576
data_Ri_HPPC/TC23NMC02_HPPC_ch_00.csv,TC23NMC02_HPPC_ch_00.csv,TC23NMC02,NMC,lithium-ion,,,charge_file,charge,2.0,0.50965,50.965,0.03593,0.02242,0.03663,0.1108,0.03841,1.00353
data_Ri_HPPC/TC23NMC02_HPPC_ch_00.csv,TC23NMC02_HPPC_ch_00.csv,TC23NMC02,NMC,lithium-ion,,,charge_file,charge,3.0,0.50965,50.965,0.03587,0.02314,0.03654,0.10109,0.03858,1.00813
data_Ri_HPPC/TC23NMC02_HPPC_ch_00.csv,TC23NMC02_HPPC_ch_00.csv,TC23NMC02,NMC,lithium-ion,,,charge_file,discharge,-1.0,0.50965,50.965,0.03574,0.02229,0.0365,0.11102,0.03841,1.00699
data_Ri_HPPC/TC23NMC02_HPPC_ch_00.csv,TC23NMC02_HPPC_ch_00.csv,TC23NMC02,NMC,lithium-ion,,,charge_file,discharge,-2.0,0.50965,50.965,0.03567,0.02246,0.0365,0.11093,0.03828,1.00615
data_Ri_HPPC/TC23NMC02_HPPC_ch_00.csv,TC23NMC02_HPPC_ch_00.csv,TC23NMC02,NMC,lithium-ion,,,charge_file,discharge,-3.0,0.50965,50.965,0.03574,0.02329,0.03629,0.10091,0.03811,1.00975
data_Ri_HPPC/TC23NMC02_HPPC_ch_00.csv,TC23NMC02_HPPC_ch_00.csv,TC23NMC02,NMC,lithium-ion,,,charge_file,charge,1.0,0.61107,61.107,0.03561,0.02197,0.03663,0.10871,0.03879,1.01087
data_Ri_HPPC/TC23NMC02_HPPC_ch_00.csv,TC23NMC02_HPPC_ch_00.csv,TC23NMC02,NMC,lithium-ion,,,charge_file,charge,2.0,0.61107,61.107,0.03568,0.02227,0.0365,0.10869,0.0386,1.01038
data_Ri_HPPC/TC23NMC02_HPPC_ch_00.csv,TC23NMC02_HPPC_ch_00.csv,TC23NMC02,NMC,lithium-ion,,,charge_file,charge,3.0,0.61107,61.107,0.03548,0.01755,0.03646,0.10756,0.03883,1.00758
data_Ri_HPPC/TC23NMC02_HPPC_ch_00.csv,TC23NMC02_HPPC_ch_00.csv,TC23NMC02,NMC,lithium-ion,,,charge_file,discharge,-1.0,0.61107,61.107,0.0351,0.02188,0.03586,0.10791,0.03815,1.00873
data_Ri_HPPC/TC23NMC02_HPPC_ch_00.csv,TC23NMC02_HPPC_ch_00.csv,TC23NMC02,NMC,lithium-ion,,,charge_file,discharge,-2.0,0.61107,61.107,0.03548,0.01734,0.03637,0.10753,0.03866,1.00739
data_Ri_HPPC/TC23NMC02_HPPC_ch_00.csv,TC23NMC02_HPPC_ch_00.csv,TC23NMC02,NMC,lithium-ion,,,charge_file,discharge,-3.0,0.61107,61.107,0.03549,0.02234,0.03625,0.109,0.03845,1.0108
data_Ri_HPPC/TC23NMC02_HPPC_ch_00.csv,TC23NMC02_HPPC_ch_00.csv,TC23NMC02,NMC,lithium-ion,,,charge_file,charge,1.0,0.71248,71.248,0.03574,0.02181,0.03638,0.10785,0.03841,1.00746
data_Ri_HPPC/TC23NMC02_HPPC_ch_00.csv,TC23NMC02_HPPC_ch_00.csv,TC23NMC02,NMC,lithium-ion,,,charge_file,charge,2.0,0.71248,71.248,0.03523,0.01748,0.03612,0.10736,0.03815,1.00741
data_Ri_HPPC/TC23NMC02_HPPC_ch_00.csv,TC23NMC02_HPPC_ch_00.csv,TC23NMC02,NMC,lithium-ion,,,charge_file,charge,3.0,0.71248,71.248,0.03527,0.02204,0.03612,0.10743,0.03803,1.00754
data_Ri_HPPC/TC23NMC02_HPPC_ch_00.csv,TC23NMC02_HPPC_ch_00.csv,TC23NMC02,NMC,lithium-ion,,,charge_file,discharge,-1.0,0.71248,71.248,0.03536,0.02248,0.03637,0.11089,0.03828,1.00503
data_Ri_HPPC/TC23NMC02_HPPC_ch_00.csv,TC23NMC02_HPPC_ch_00.csv,TC23NMC02,NMC,lithium-ion,,,charge_file,discharge,-2.0,0.71248,71.248,0.03523,0.02196,0.03599,0.10859,0.03809,1.01163
data_Ri_HPPC/TC23NMC02_HPPC_ch_00.csv,TC23NMC02_HPPC_ch_00.csv,TC23NMC02,NMC,lithium-ion,,,charge_file,discharge,-3.0,0.71248,71.248,0.03515,0.02219,0.03591,0.10855,0.03786,1.00568
data_Ri_HPPC/TC23NMC02_HPPC_ch_00.csv,TC23NMC02_HPPC_ch_00.csv,TC23NMC02,NMC,lithium-ion,,,charge_file,charge,1.0,0.8139,81.39,0.03535,0.02264,0.03612,0.11182,0.03777,1.00304
data_Ri_HPPC/TC23NMC02_HPPC_ch_00.csv,TC23NMC02_HPPC_ch_00.csv,TC23NMC02,NMC,lithium-ion,,,charge_file,charge,2.0,0.8139,81.39,0.03536,0.02275,0.03599,0.11222,0.03784,1.00579
data_Ri_HPPC/TC23NMC02_HPPC_ch_00.csv,TC23NMC02_HPPC_ch_00.csv,TC23NMC02,NMC,lithium-ion,,,charge_file,charge,3.0,0.8139,81.39,0.03527,0.02254,0.03599,0.11104,0.03773,1.00561
data_Ri_HPPC/TC23NMC02_HPPC_ch_00.csv,TC23NMC02_HPPC_ch_00.csv,TC23NMC02,NMC,lithium-ion,,,charge_file,discharge,-1.0,0.8139,81.39,0.03523,0.02247,0.03599,0.10985,0.03777,1.00415
data_Ri_HPPC/TC23NMC02_HPPC_ch_00.csv,TC23NMC02_HPPC_ch_00.csv,TC23NMC02,NMC,lithium-ion,,,charge_file,discharge,-2.0,0.8139,81.39,0.03523,0.02278,0.03593,0.11168,0.03771,1.00388
data_Ri_HPPC/TC23NMC02_HPPC_ch_00.csv,TC23NMC02_HPPC_ch_00.csv,TC23NMC02,NMC,lithium-ion,,,charge_file,discharge,-3.0,0.8139,81.39,0.0351,0.0224,0.03582,0.11015,0.03756,1.0043
data_Ri_HPPC/TC23NMC02_HPPC_ch_00.csv,TC23NMC02_HPPC_ch_00.csv,TC23NMC02,NMC,lithium-ion,,,charge_file,charge,1.0,0.91532,91.532,0.03535,0.0159,0.0365,0.10621,0.03892,1.00612
data_Ri_HPPC/TC23NMC02_HPPC_ch_00.csv,TC23NMC02_HPPC_ch_00.csv,TC23NMC02,NMC,lithium-ion,,,charge_file,charge,2.0,0.91532,91.532,0.03529,0.01601,0.03637,0.10576,0.03879,1.00578
data_Ri_HPPC/TC23NMC02_HPPC_ch_00.csv,TC23NMC02_HPPC_ch_00.csv,TC23NMC02,NMC,lithium-ion,,,charge_file,charge,3.0,0.91532,91.532,0.03523,0.01592,0.03641,0.10641,0.03896,1.00613
data_Ri_HPPC/TC23NMC02_HPPC_ch_00.csv,TC23NMC02_HPPC_ch_00.csv,TC23NMC02,NMC,lithium-ion,,,charge_file,discharge,-1.0,0.91532,91.532,0.0351,0.01615,0.03612,0.10598,0.03866,1.00617
data_Ri_HPPC/TC23NMC02_HPPC_ch_00.csv,TC23NMC02_HPPC_ch_00.csv,TC23NMC02,NMC,lithium-ion,,,charge_file,discharge,-2.0,0.91532,91.532,0.0351,0.01603,0.03612,0.10569,0.0386,1.00588
data_Ri_HPPC/TC23NMC02_HPPC_ch_00.csv,TC23NMC02_HPPC_ch_00.csv,TC23NMC02,NMC,lithium-ion,,,charge_file,discharge,-3.0,0.91532,91.532,0.0351,0.01597,0.03612,0.10604,0.03862,1.00569
data_Ri_HPPC/TC23NMC02_HPPC_ch_00.csv,TC23NMC02_HPPC_ch_00.csv,TC23NMC02,NMC,lithium-ion,,,charge_file,charge,1.0,0.94344,94.344,0.03561,0.0163,0.03701,0.10603,0.03981,1.00613
data_Ri_HPPC/TC23NMC02_HPPC_ch_00.csv,TC23NMC02_HPPC_ch_00.csv,TC23NMC02,NMC,lithium-ion,,,charge_file,charge,2.0,0.94344,94.344,0.03561,0.01617,0.03682,0.10584,0.03981,1.00614
data_Ri_HPPC/TC23NMC02_HPPC_ch_00.csv,TC23NMC02_HPPC_ch_00.csv,TC23NMC02,NMC,lithium-ion,,,charge_file,charge,3.0,0.94344,94.344,0.03553,0.01617,0.03688,0.10617,,
data_Ri_HPPC/TC23NMC02_HPPC_ch_00.csv,TC23NMC02_HPPC_ch_00.csv,TC23NMC02,NMC,lithium-ion,,,charge_file,discharge,-1.0,0.94344,94.344,0.03535,0.01604,0.03663,0.10598,0.03955,1.00619
data_Ri_HPPC/TC23NMC02_HPPC_ch_00.csv,TC23NMC02_HPPC_ch_00.csv,TC23NMC02,NMC,lithium-ion,,,charge_file,discharge,-2.0,0.94344,94.344,0.03536,0.01609,0.03663,0.10557,0.03955,1.00621
data_Ri_HPPC/TC23NMC02_HPPC_ch_00.csv,TC23NMC02_HPPC_ch_00.csv,TC23NMC02,NMC,lithium-ion,,,charge_file,discharge,-3.0,0.94344,94.344,0.0354,0.01609,0.03663,0.10606,0.03955,1.00603
data_Ri_HPPC/TC23NMC02_HPPC_dis_00.csv,TC23NMC02_HPPC_dis_00.csv,TC23NMC02,NMC,lithium-ion,,,discharge_file,charge,1.0,0.00771,0.771,0.03583,0.02212,0.03763,0.10924,0.04222,1.00504
data_Ri_HPPC/TC23NMC02_HPPC_dis_00.csv,TC23NMC02_HPPC_dis_00.csv,TC23NMC02,NMC,lithium-ion,,,discharge_file,charge,2.0,0.00771,0.771,0.03587,0.02204,0.03773,0.10885,,
data_Ri_HPPC/TC23NMC02_HPPC_dis_00.csv,TC23NMC02_HPPC_dis_00.csv,TC23NMC02,NMC,lithium-ion,,,discharge_file,charge,3.0,0.00771,0.771,0.03578,0.02209,0.03792,0.10953,,
data_Ri_HPPC/TC23NMC02_HPPC_dis_00.csv,TC23NMC02_HPPC_dis_00.csv,TC23NMC02,NMC,lithium-ion,,,discharge_file,discharge,-1.0,0.00771,0.771,0.03568,0.0221,0.0375,0.10875,0.04184,1.01077
data_Ri_HPPC/TC23NMC02_HPPC_dis_00.csv,TC23NMC02_HPPC_dis_00.csv,TC23NMC02,NMC,lithium-ion,,,discharge_file,discharge,-2.0,0.00771,0.771,0.0355,0.0175,0.03757,0.10757,0.04216,1.00739
data_Ri_HPPC/TC23NMC02_HPPC_dis_00.csv,TC23NMC02_HPPC_dis_00.csv,TC23NMC02,NMC,lithium-ion,,,discharge_file,discharge,-3.0,0.00771,0.771,0.03575,0.02204,0.03785,0.10928,0.04247,1.00687
data_Ri_HPPC/TC23NMC02_HPPC_dis_00.csv,TC23NMC02_HPPC_dis_00.csv,TC23NMC02,NMC,lithium-ion,,,discharge_file,charge,1.0,0.12215,12.215,0.03497,0.01755,0.0359,0.10752,0.03828,1.00716
data_Ri_HPPC/TC23NMC02_HPPC_dis_00.csv,TC23NMC02_HPPC_dis_00.csv,TC23NMC02,NMC,lithium-ion,,,discharge_file,charge,2.0,0.12215,12.215,0.03471,0.01737,0.03569,0.10765,0.03796,1.00735
data_Ri_HPPC/TC23NMC02_HPPC_dis_00.csv,TC23NMC02_HPPC_dis_00.csv,TC23NMC02,NMC,lithium-ion,,,discharge_file,charge,3.0,0.12215,12.215,0.03486,0.02251,0.03569,0.10979,0.03777,1.01078
data_Ri_HPPC/TC23NMC02_HPPC_dis_00.csv,TC23NMC02_HPPC_dis_00.csv,TC23NMC02,NMC,lithium-ion,,,discharge_file,discharge,-1.0,0.12215,12.215,0.03459,0.01712,0.03548,0.10717,0.0379,1.00704
data_Ri_HPPC/TC23NMC02_HPPC_dis_00.csv,TC23NMC02_HPPC_dis_00.csv,TC23NMC02,NMC,lithium-ion,,,discharge_file,discharge,-2.0,0.12215,12.215,0.03463,0.02229,0.03549,0.10865,0.03771,1.01145
data_Ri_HPPC/TC23NMC02_HPPC_dis_00.csv,TC23NMC02_HPPC_dis_00.csv,TC23NMC02,NMC,lithium-ion,,,discharge_file,discharge,-3.0,0.12215,12.215,0.0347,0.02258,0.03562,0.11032,0.0379,1.01203
data_Ri_HPPC/TC23NMC02_HPPC_dis_00.csv,TC23NMC02_HPPC_dis_00.csv,TC23NMC02,NMC,lithium-ion,,,discharge_file,charge,1.0,0.22393,22.393,0.0351,0.02359,0.03574,0.10078,0.0379,1.00953
data_Ri_HPPC/TC23NMC02_HPPC_dis_00.csv,TC23NMC02_HPPC_dis_00.csv,TC23NMC02,NMC,lithium-ion,,,discharge_file,charge,2.0,0.22393,22.393,0.03504,0.02332,0.03574,0.10182,0.03777,1.01299
data_Ri_HPPC/TC23NMC02_HPPC_dis_00.csv,TC23NMC02_HPPC_dis_00.csv,TC23NMC02,NMC,lithium-ion,,,discharge_file,charge,3.0,0.22393,22.393,0.03473,0.01678,0.03561,0.10685,0.03756,1.00699
data_Ri_HPPC/TC23NMC02_HPPC_dis_00.csv,TC23NMC02_HPPC_dis_00.csv,TC23NMC02,NMC,lithium-ion,,,discharge_file,discharge,-1.0,0.22393,22.393,0.03485,0.02321,0.03561,0.10059,0.03777,1.0068
data_Ri_HPPC/TC23NMC02_HPPC_dis_00.csv,TC23NMC02_HPPC_dis_00.csv,TC23NMC02,NMC,lithium-ion,,,discharge_file,discharge,-2.0,0.22393,22.393,0.03472,0.02302,0.03542,0.10144,0.03758,1.00682
data_Ri_HPPC/TC23NMC02_HPPC_dis_00.csv,TC23NMC02_HPPC_dis_00.csv,TC23NMC02,NMC,lithium-ion,,,discharge_file,discharge,-3.0,0.22393,22.393,0.03459,0.01692,0.03549,0.10626,0.03781,1.00706
data_Ri_HPPC/TC23NMC02_HPPC_dis_00.csv,TC23NMC02_HPPC_dis_00.csv,TC23NMC02,NMC,lithium-ion,,,discharge_file,charge,1.0,0.3257,32.57,0.03535,0.02184,0.03612,0.10777,0.03866,1.00382
data_Ri_HPPC/TC23NMC02_HPPC_dis_00.csv,TC23NMC02_HPPC_dis_00.csv,TC23NMC02,NMC,lithium-ion,,,discharge_file,charge,2.0,0.3257,32.57,0.03529,0.02237,0.03612,0.11126,0.03847,1.00412
data_Ri_HPPC/TC23NMC02_HPPC_dis_00.csv,TC23NMC02_HPPC_dis_00.csv,TC23NMC02,NMC,lithium-ion,,,discharge_file,charge,3.0,0.3257,32.57,0.0351,0.02251,0.03595,0.11171,0.0382,1.00651
data_Ri_HPPC/TC23NMC02_HPPC_dis_00.csv,TC23NMC02_HPPC_dis_00.csv,TC23NMC02,NMC,lithium-ion,,,discharge_file,discharge,-1.0,0.3257,32.57,0.03511,0.02303,0.03586,0.1002,0.03841,1.00194
data_Ri_HPPC/TC23NMC02_HPPC_dis_00.csv,TC23NMC02_HPPC_dis_00.csv,TC23NMC02,NMC,lithium-ion,,,discharge_file,discharge,-2.0,0.3257,32.57,0.0351,0.02319,0.03593,0.11292,0.03834,1.01068
data_Ri_HPPC/TC23NMC02_HPPC_dis_00.csv,TC23NMC02_HPPC_dis_00.csv,TC23NMC02,NMC,lithium-ion,,,discharge_file,discharge,-3.0,0.3257,32.57,0.03498,0.02318,0.03578,0.101,0.03832,1.00658
data_Ri_HPPC/TC23NMC02_HPPC_dis_00.csv,TC23NMC02_HPPC_dis_00.csv,TC23NMC02,NMC,lithium-ion,,,discharge_file,charge,1.0,0.42747,42.747,0.03548,0.01584,0.03637,0.10576,0.03828,1.00596
data_Ri_HPPC/TC23NMC02_HPPC_dis_00.csv,TC23NMC02_HPPC_dis_00.csv,TC23NMC02,NMC,lithium-ion,,,discharge_file,charge,2.0,0.42747,42.747,0.03549,0.01591,0.03631,0.10604,0.03815,1.00588
data_Ri_HPPC/TC23NMC02_HPPC_dis_00.csv,TC23NMC02_HPPC_dis_00.csv,TC23NMC02,NMC,lithium-ion,,,discharge_file,charge,3.0,0.42747,42.747,0.03527,0.01607,0.03608,0.10647,0.0379,1.00603
data_Ri_HPPC/TC23NMC02_HPPC_dis_00.csv,TC23NMC02_HPPC_dis_00.csv,TC23NMC02,NMC,lithium-ion,,,discharge_file,discharge,-1.0,0.42747,42.747,0.03536,0.01627,0.03612,0.1063,0.03803,1.00595
data_Ri_HPPC/TC23NMC02_HPPC_dis_00.csv,TC23NMC02_HPPC_dis_00.csv,TC23NMC02,NMC,lithium-ion,,,discharge_file,discharge,-2.0,0.42747,42.747,0.03523,0.01629,0.03599,0.10606,0.03784,1.00656
data_Ri_HPPC/TC23NMC02_HPPC_dis_00.csv,TC23NMC02_HPPC_dis_00.csv,TC23NMC02,NMC,lithium-ion,,,discharge_file,discharge,-3.0,0.42747,42.747,0.0351,0.01668,0.03591,0.10611,0.03777,1.0063
data_Ri_HPPC/TC23NMC02_HPPC_dis_00.csv,TC23NMC02_HPPC_dis_00.csv,TC23NMC02,NMC,lithium-ion,,,discharge_file,charge,1.0,0.52924,52.92400000000001,0.03574,0.01618,0.03663,0.1058,0.03841,1.00604
data_Ri_HPPC/TC23NMC02_HPPC_dis_00.csv,TC23NMC02_HPPC_dis_00.csv,TC23NMC02,NMC,lithium-ion,,,discharge_file,charge,2.0,0.52924,52.92400000000001,0.03574,0.01607,0.03656,0.1061,0.03828,1.00613
data_Ri_HPPC/TC23NMC02_HPPC_dis_00.csv,TC23NMC02_HPPC_dis_00.csv,TC23NMC02,NMC,lithium-ion,,,discharge_file,charge,3.0,0.52924,52.92400000000001,0.03561,0.01618,0.03642,0.10579,0.03815,1.00577
data_Ri_HPPC/TC23NMC02_HPPC_dis_00.csv,TC23NMC02_HPPC_dis_00.csv,TC23NMC02,NMC,lithium-ion,,,discharge_file,discharge,-1.0,0.52924,52.92400000000001,0.03561,0.01606,0.03637,0.10624,0.03815,1.00594
data_Ri_HPPC/TC23NMC02_HPPC_dis_00.csv,TC23NMC02_HPPC_dis_00.csv,TC23NMC02,NMC,lithium-ion,,,discharge_file,discharge,-2.0,0.52924,52.92400000000001,0.03562,0.01623,0.03624,0.10619,0.03803,1.00614
data_Ri_HPPC/TC23NMC02_HPPC_dis_00.csv,TC23NMC02_HPPC_dis_00.csv,TC23NMC02,NMC,lithium-ion,,,discharge_file,discharge,-3.0,0.52924,52.92400000000001,0.03544,0.0158,0.0362,0.10601,0.03798,1.00608
data_Ri_HPPC/TC23NMC02_HPPC_dis_00.csv,TC23NMC02_HPPC_dis_00.csv,TC23NMC02,NMC,lithium-ion,,,discharge_file,charge,1.0,0.63101,63.101,0.03638,0.01598,0.03764,0.10617,0.03968,1.00619
data_Ri_HPPC/TC23NMC02_HPPC_dis_00.csv,TC23NMC02_HPPC_dis_00.csv,TC23NMC02,NMC,lithium-ion,,,discharge_file,charge,2.0,0.63101,63.101,0.03625,0.01608,0.03739,0.1059,0.03942,1.00551
data_Ri_HPPC/TC23NMC02_HPPC_dis_00.csv,TC23NMC02_HPPC_dis_00.csv,TC23NMC02,NMC,lithium-ion,,,discharge_file,charge,3.0,0.63101,63.101,0.03621,0.01615,0.03726,0.10639,0.03934,1.00627
data_Ri_HPPC/TC23NMC02_HPPC_dis_00.csv,TC23NMC02_HPPC_dis_00.csv,TC23NMC02,NMC,lithium-ion,,,discharge_file,discharge,-1.0,0.63101,63.101,0.03612,0.01604,0.03713,0.10658,0.0393,1.00583
data_Ri_HPPC/TC23NMC02_HPPC_dis_00.csv,TC23NMC02_HPPC_dis_00.csv,TC23NMC02,NMC,lithium-ion,,,discharge_file,discharge,-2.0,0.63101,63.101,0.03599,0.01599,0.03707,0.10597,0.03917,1.00586
data_Ri_HPPC/TC23NMC02_HPPC_dis_00.csv,TC23NMC02_HPPC_dis_00.csv,TC23NMC02,NMC,lithium-ion,,,discharge_file,discharge,-3.0,0.63101,63.101,0.03599,0.01602,0.03701,0.10592,0.03921,1.00595
data_Ri_HPPC/TC23NMC02_HPPC_dis_00.csv,TC23NMC02_HPPC_dis_00.csv,TC23NMC02,NMC,lithium-ion,,,discharge_file,charge,1.0,0.73279,73.27900000000001,0.0379,0.02225,0.03993,0.11036,0.04299,1.00541
data_Ri_HPPC/TC23NMC02_HPPC_dis_00.csv,TC23NMC02_HPPC_dis_00.csv,TC23NMC02,NMC,lithium-ion,,,discharge_file,charge,2.0,0.73279,73.27900000000001,0.0379,0.02266,0.03994,0.11064,0.04273,1.00576
data_Ri_HPPC/TC23NMC02_HPPC_dis_00.csv,TC23NMC02_HPPC_dis_00.csv,TC23NMC02,NMC,lithium-ion,,,discharge_file,charge,3.0,0.73279,73.27900000000001,0.03714,0.01609,0.03959,0.10635,0.04243,1.00618
data_Ri_HPPC/TC23NMC02_HPPC_dis_00.csv,TC23NMC02_HPPC_dis_00.csv,TC23NMC02,NMC,lithium-ion,,,discharge_file,discharge,-1.0,0.73279,73.27900000000001,0.03778,0.02319,0.03981,0.10003,0.04299,1.00552
data_Ri_HPPC/TC23NMC02_HPPC_dis_00.csv,TC23NMC02_HPPC_dis_00.csv,TC23NMC02,NMC,lithium-ion,,,discharge_file,discharge,-2.0,0.73279,73.27900000000001,0.03707,0.01645,0.03974,0.10653,0.04305,1.00642
data_Ri_HPPC/TC23NMC02_HPPC_dis_00.csv,TC23NMC02_HPPC_dis_00.csv,TC23NMC02,NMC,lithium-ion,,,discharge_file,discharge,-3.0,0.73279,73.27900000000001,0.03701,0.01614,0.03972,0.10603,0.04303,1.00606
data_Ri_HPPC/TC23NMC02_HPPC_dis_00.csv,TC23NMC02_HPPC_dis_00.csv,TC23NMC02,NMC,lithium-ion,,,discharge_file,charge,1.0,0.83456,83.456,0.03866,0.02229,0.04222,0.11081,0.04515,1.00826
data_Ri_HPPC/TC23NMC02_HPPC_dis_00.csv,TC23NMC02_HPPC_dis_00.csv,TC23NMC02,NMC,lithium-ion,,,discharge_file,charge,2.0,0.83456,83.456,0.03867,0.02289,0.04197,0.11194,0.04477,1.00645
data_Ri_HPPC/TC23NMC02_HPPC_dis_00.csv,TC23NMC02_HPPC_dis_00.csv,TC23NMC02,NMC,lithium-ion,,,discharge_file,charge,3.0,0.83456,83.456,0.03837,0.02241,0.04159,0.11143,0.0443,1.00448
data_Ri_HPPC/TC23NMC02_HPPC_dis_00.csv,TC23NMC02_HPPC_dis_00.csv,TC23NMC02,NMC,lithium-ion,,,discharge_file,discharge,-1.0,0.83456,83.456,0.03853,0.02303,0.04184,0.1005,0.04527,1.0058
data_Ri_HPPC/TC23NMC02_HPPC_dis_00.csv,TC23NMC02_HPPC_dis_00.csv,TC23NMC02,NMC,lithium-ion,,,discharge_file,discharge,-2.0,0.83456,83.456,0.03841,0.02271,0.04203,0.11206,0.04528,1.00657
data_Ri_HPPC/TC23NMC02_HPPC_dis_00.csv,TC23NMC02_HPPC_dis_00.csv,TC23NMC02,NMC,lithium-ion,,,discharge_file,discharge,-3.0,0.83456,83.456,0.03824,0.02287,0.04193,0.11198,0.04528,1.00572
data_Ri_HPPC/TC23NMC02_HPPC_dis_00.csv,TC23NMC02_HPPC_dis_00.csv,TC23NMC02,NMC,lithium-ion,,,discharge_file,charge,1.0,0.93633,93.633,0.03955,0.0224,0.04642,0.11088,0.05214,1.01064
data_Ri_HPPC/TC23NMC02_HPPC_dis_00.csv,TC23NMC02_HPPC_dis_00.csv,TC23NMC02,NMC,lithium-ion,,,discharge_file,charge,2.0,0.93633,93.633,0.03949,0.02272,0.04591,0.1105,0.051,1.0096
data_Ri_HPPC/TC23NMC02_HPPC_dis_00.csv,TC23NMC02_HPPC_dis_00.csv,TC23NMC02,NMC,lithium-ion,,,discharge_file,charge,3.0,0.93633,93.633,0.03926,0.02269,0.04544,0.11218,0.04994,1.00575
data_Ri_HPPC/TC23NMC02_HPPC_dis_00.csv,TC23NMC02_HPPC_dis_00.csv,TC23NMC02,NMC,lithium-ion,,,discharge_file,discharge,-1.0,0.93633,93.633,0.03917,0.02279,0.04591,0.10017,0.05392,1.00818
data_Ri_HPPC/TC23NMC02_HPPC_dis_00.csv,TC23NMC02_HPPC_dis_00.csv,TC23NMC02,NMC,lithium-ion,,,discharge_file,discharge,-2.0,0.93633,93.633,0.03917,0.02278,0.04648,0.11229,0.05494,1.00677
data_Ri_HPPC/TC23NMC02_HPPC_dis_00.csv,TC23NMC02_HPPC_dis_00.csv,TC23NMC02,NMC,lithium-ion,,,discharge_file,discharge,-3.0,0.93633,93.633,0.03904,0.02269,0.04642,0.11213,0.05575,1.0056
data_Ri_HPPC/TC23NMC03_HPPC_ch_00.csv,TC23NMC03_HPPC_ch_00.csv,TC23NMC03,NMC,lithium-ion,,,charge_file,charge,1.0,0.0,0.0,0.04552,0.02296,0.05709,0.11198,0.07238,1.00529
data_Ri_HPPC/TC23NMC03_HPPC_ch_00.csv,TC23NMC03_HPPC_ch_00.csv,TC23NMC03,NMC,lithium-ion,,,charge_file,charge,2.0,0.0,0.0,0.04514,0.02239,0.05605,0.11162,0.06716,1.00308
data_Ri_HPPC/TC23NMC03_HPPC_ch_00.csv,TC23NMC03_HPPC_ch_00.csv,TC23NMC03,NMC,lithium-ion,,,charge_file,charge,3.0,0.0,0.0,0.04542,0.02277,0.05615,0.11235,0.0656,1.0068
data_Ri_HPPC/TC23NMC03_HPPC_ch_00.csv,TC23NMC03_HPPC_ch_00.csv,TC23NMC03,NMC,lithium-ion,,,charge_file,discharge,-1.0,0.0,0.0,0.04537,0.02331,0.05672,0.10108,0.08624,1.00961
data_Ri_HPPC/TC23NMC03_HPPC_ch_00.csv,TC23NMC03_HPPC_ch_00.csv,TC23NMC03,NMC,lithium-ion,,,charge_file,discharge,-2.0,0.0,0.0,0.04453,0.02295,0.05556,0.10026,0.08688,1.00651
data_Ri_HPPC/TC23NMC03_HPPC_ch_00.csv,TC23NMC03_HPPC_ch_00.csv,TC23NMC03,NMC,lithium-ion,,,charge_file,discharge,-3.0,0.0,0.0,0.0442,0.02247,0.05666,0.11087,0.08781,1.00843
data_Ri_HPPC/TC23NMC03_HPPC_ch_00.csv,TC23NMC03_HPPC_ch_00.csv,TC23NMC03,NMC,lithium-ion,,,charge_file,charge,1.0,0.10433,10.433,0.04222,0.02255,0.04795,0.11114,0.05228,1.00375
data_Ri_HPPC/TC23NMC03_HPPC_ch_00.csv,TC23NMC03_HPPC_ch_00.csv,TC23NMC03,NMC,lithium-ion,,,charge_file,charge,2.0,0.10433,10.433,0.04196,0.02228,0.04725,0.11021,0.0512,1.00955
data_Ri_HPPC/TC23NMC03_HPPC_ch_00.csv,TC23NMC03_HPPC_ch_00.csv,TC23NMC03,NMC,lithium-ion,,,charge_file,charge,3.0,0.10433,10.433,0.04174,0.02245,0.04659,0.11055,0.0502,1.00224
data_Ri_HPPC/TC23NMC03_HPPC_ch_00.csv,TC23NMC03_HPPC_ch_00.csv,TC23NMC03,NMC,lithium-ion,,,charge_file,discharge,-1.0,0.10433,10.433,0.04198,0.023,0.04796,0.11224,0.05342,1.00721
data_Ri_HPPC/TC23NMC03_HPPC_ch_00.csv,TC23NMC03_HPPC_ch_00.csv,TC23NMC03,NMC,lithium-ion,,,charge_file,discharge,-2.0,0.10433,10.433,0.04173,0.02253,0.04776,0.1108,0.05342,1.00237
data_Ri_HPPC/TC23NMC03_HPPC_ch_00.csv,TC23NMC03_HPPC_ch_00.csv,TC23NMC03,NMC,lithium-ion,,,charge_file,discharge,-3.0,0.10433,10.433,0.04139,0.02259,0.04728,0.11091,0.05309,1.00362
data_Ri_HPPC/TC23NMC03_HPPC_ch_00.csv,TC23NMC03_HPPC_ch_00.csv,TC23NMC03,NMC,lithium-ion,,,charge_file,charge,1.0,0.20584,20.584,0.04134,0.02267,0.04452,0.11115,0.0477,1.00619
data_Ri_HPPC/TC23NMC03_HPPC_ch_00.csv,TC23NMC03_HPPC_ch_00.csv,TC23NMC03,NMC,lithium-ion,,,charge_file,charge,2.0,0.20584,20.584,0.04122,0.02284,0.04413,0.11141,0.04706,1.00551
data_Ri_HPPC/TC23NMC03_HPPC_ch_00.csv,TC23NMC03_HPPC_ch_00.csv,TC23NMC03,NMC,lithium-ion,,,charge_file,charge,3.0,0.20584,20.584,0.04088,0.02252,0.04371,0.11157,0.04651,1.00681
data_Ri_HPPC/TC23NMC03_HPPC_ch_00.csv,TC23NMC03_HPPC_ch_00.csv,TC23NMC03,NMC,lithium-ion,,,charge_file,discharge,-1.0,0.20584,20.584,0.04147,0.02262,0.04465,0.11249,0.04795,1.00372
data_Ri_HPPC/TC23NMC03_HPPC_ch_00.csv,TC23NMC03_HPPC_ch_00.csv,TC23NMC03,NMC,lithium-ion,,,charge_file,discharge,-2.0,0.20584,20.584,0.0409,0.02245,0.04433,0.11014,0.04764,1.00409
data_Ri_HPPC/TC23NMC03_HPPC_ch_00.csv,TC23NMC03_HPPC_ch_00.csv,TC23NMC03,NMC,lithium-ion,,,charge_file,discharge,-3.0,0.20584,20.584,0.04062,0.02244,0.04388,0.11015,0.04715,1.00255
data_Ri_HPPC/TC23NMC03_HPPC_ch_00.csv,TC23NMC03_HPPC_ch_00.csv,TC23NMC03,NMC,lithium-ion,,,charge_file,charge,1.0,0.30735,30.735,0.04033,0.02243,0.0421,0.11038,0.04503,1.00775
data_Ri_HPPC/TC23NMC03_HPPC_ch_00.csv,TC23NMC03_HPPC_ch_00.csv,TC23NMC03,NMC,lithium-ion,,,charge_file,charge,2.0,0.30735,30.735,0.04007,0.02226,0.04172,0.11021,0.04452,1.0019
data_Ri_HPPC/TC23NMC03_HPPC_ch_00.csv,TC23NMC03_HPPC_ch_00.csv,TC23NMC03,NMC,lithium-ion,,,charge_file,charge,3.0,0.30735,30.735,0.03986,0.02286,0.04138,0.11232,0.0441,1.00861
data_Ri_HPPC/TC23NMC03_HPPC_ch_00.csv,TC23NMC03_HPPC_ch_00.csv,TC23NMC03,NMC,lithium-ion,,,charge_file,discharge,-1.0,0.30735,30.735,0.04007,0.0226,0.04197,0.11147,0.04503,1.00334
data_Ri_HPPC/TC23NMC03_HPPC_ch_00.csv,TC23NMC03_HPPC_ch_00.csv,TC23NMC03,NMC,lithium-ion,,,charge_file,discharge,-2.0,0.30735,30.735,0.03975,0.02268,0.0414,0.11091,0.04458,1.00299
data_Ri_HPPC/TC23NMC03_HPPC_ch_00.csv,TC23NMC03_HPPC_ch_00.csv,TC23NMC03,NMC,lithium-ion,,,charge_file,discharge,-3.0,0.30735,30.735,0.03935,0.02252,0.041,0.11033,0.04418,1.00332
data_Ri_HPPC/TC23NMC03_HPPC_ch_00.csv,TC23NMC03_HPPC_ch_00.csv,TC23NMC03,NMC,lithium-ion,,,charge_file,charge,1.0,0.40886,40.886,0.03893,0.02197,0.03994,0.10948,0.04198,1.00572
data_Ri_HPPC/TC23NMC03_HPPC_ch_00.csv,TC23NMC03_HPPC_ch_00.csv,TC23NMC03,NMC,lithium-ion,,,charge_file,charge,2.0,0.40886,40.886,0.0388,0.02249,0.03969,0.11056,0.04166,1.00376
data_Ri_HPPC/TC23NMC03_HPPC_ch_00.csv,TC23NMC03_HPPC_ch_00.csv,TC23NMC03,NMC,lithium-ion,,,charge_file,charge,3.0,0.40886,40.886,0.03871,0.02312,0.0396,0.10075,0.04172,1.00913
data_Ri_HPPC/TC23NMC03_HPPC_ch_00.csv,TC23NMC03_HPPC_ch_00.csv,TC23NMC03,NMC,lithium-ion,,,charge_file,discharge,-1.0,0.40886,40.886,0.0388,0.02257,0.03969,0.11177,0.04172,1.00434
data_Ri_HPPC/TC23NMC03_HPPC_ch_00.csv,TC23NMC03_HPPC_ch_00.csv,TC23NMC03,NMC,lithium-ion,,,charge_file,discharge,-2.0,0.40886,40.886,0.03867,0.02277,0.0395,0.11082,0.0414,1.00577
data_Ri_HPPC/TC23NMC03_HPPC_ch_00.csv,TC23NMC03_HPPC_ch_00.csv,TC23NMC03,NMC,lithium-ion,,,charge_file,discharge,-3.0,0.40886,40.886,0.03825,0.02318,0.03914,0.11204,0.04096,1.00231
data_Ri_HPPC/TC23NMC03_HPPC_ch_00.csv,TC23NMC03_HPPC_ch_00.csv,TC23NMC03,NMC,lithium-ion,,,charge_file,charge,1.0,0.51037,51.037,0.03867,0.02284,0.03943,0.1099,0.04147,1.00507
data_Ri_HPPC/TC23NMC03_HPPC_ch_00.csv,TC23NMC03_HPPC_ch_00.csv,TC23NMC03,NMC,lithium-ion,,,charge_file,charge,2.0,0.51037,51.037,0.03842,0.023,0.03931,0.10004,0.04134,1.0059
data_Ri_HPPC/TC23NMC03_HPPC_ch_00.csv,TC23NMC03_HPPC_ch_00.csv,TC23NMC03,NMC,lithium-ion,,,charge_file,charge,3.0,0.51037,51.037,0.03842,0.02302,0.03926,0.10029,0.04147,1.00483
data_Ri_HPPC/TC23NMC03_HPPC_ch_00.csv,TC23NMC03_HPPC_ch_00.csv,TC23NMC03,NMC,lithium-ion,,,charge_file,discharge,-1.0,0.51037,51.037,0.03854,0.02239,0.03956,0.11163,0.04159,1.00381
data_Ri_HPPC/TC23NMC03_HPPC_ch_00.csv,TC23NMC03_HPPC_ch_00.csv,TC23NMC03,NMC,lithium-ion,,,charge_file,discharge,-2.0,0.51037,51.037,0.03822,0.02249,0.03918,0.11108,0.04109,1.00155
data_Ri_HPPC/TC23NMC03_HPPC_ch_00.csv,TC23NMC03_HPPC_ch_00.csv,TC23NMC03,NMC,lithium-ion,,,charge_file,discharge,-3.0,0.51037,51.037,0.03803,0.02295,0.03884,0.10119,0.04075,1.00904
data_Ri_HPPC/TC23NMC03_HPPC_ch_00.csv,TC23NMC03_HPPC_ch_00.csv,TC23NMC03,NMC,lithium-ion,,,charge_file,charge,1.0,0.61188,61.187999999999995,0.03854,0.02224,0.03943,0.10752,0.04172,1.01104
data_Ri_HPPC/TC23NMC03_HPPC_ch_00.csv,TC23NMC03_HPPC_ch_00.csv,TC23NMC03,NMC,lithium-ion,,,charge_file,charge,2.0,0.61188,61.187999999999995,0.03835,0.02214,0.03937,0.10926,0.04159,1.01087
data_Ri_HPPC/TC23NMC03_HPPC_ch_00.csv,TC23NMC03_HPPC_ch_00.csv,TC23NMC03,NMC,lithium-ion,,,charge_file,charge,3.0,0.61188,61.187999999999995,0.03795,0.0176,0.03918,0.10801,0.04172,1.00747
data_Ri_HPPC/TC23NMC03_HPPC_ch_00.csv,TC23NMC03_HPPC_ch_00.csv,TC23NMC03,NMC,lithium-ion,,,charge_file,discharge,-1.0,0.61188,61.187999999999995,0.03816,0.02202,0.03931,0.10781,0.04159,1.00767
data_Ri_HPPC/TC23NMC03_HPPC_ch_00.csv,TC23NMC03_HPPC_ch_00.csv,TC23NMC03,NMC,lithium-ion,,,charge_file,discharge,-2.0,0.61188,61.187999999999995,0.0381,0.02242,0.03899,0.10759,0.04121,1.00105
data_Ri_HPPC/TC23NMC03_HPPC_ch_00.csv,TC23NMC03_HPPC_ch_00.csv,TC23NMC03,NMC,lithium-ion,,,charge_file,discharge,-3.0,0.61188,61.187999999999995,0.03778,0.02197,0.03871,0.1074,0.04096,1.00628
data_Ri_HPPC/TC23NMC03_HPPC_ch_00.csv,TC23NMC03_HPPC_ch_00.csv,TC23NMC03,NMC,lithium-ion,,,charge_file,charge,1.0,0.71339,71.339,0.03804,0.02223,0.03918,0.10891,0.04147,1.00027
data_Ri_HPPC/TC23NMC03_HPPC_ch_00.csv,TC23NMC03_HPPC_ch_00.csv,TC23NMC03,NMC,lithium-ion,,,charge_file,charge,2.0,0.71339,71.339,0.03759,0.01762,0.0388,0.10744,0.04109,1.00771
data_Ri_HPPC/TC23NMC03_HPPC_ch_00.csv,TC23NMC03_HPPC_ch_00.csv,TC23NMC03,NMC,lithium-ion,,,charge_file,charge,3.0,0.71339,71.339,0.03744,0.01733,0.03867,0.10746,0.041,1.00728
data_Ri_HPPC/TC23NMC03_HPPC_ch_00.csv,TC23NMC03_HPPC_ch_00.csv,TC23NMC03,NMC,lithium-ion,,,charge_file,discharge,-1.0,0.71339,71.339,0.03777,0.01767,0.0388,0.10758,0.04134,1.00739
data_Ri_HPPC/TC23NMC03_HPPC_ch_00.csv,TC23NMC03_HPPC_ch_00.csv,TC23NMC03,NMC,lithium-ion,,,charge_file,discharge,-2.0,0.71339,71.339,0.03734,0.01742,0.03848,0.10728,0.0409,1.00719
data_Ri_HPPC/TC23NMC03_HPPC_ch_00.csv,TC23NMC03_HPPC_ch_00.csv,TC23NMC03,NMC,lithium-ion,,,charge_file,discharge,-3.0,0.71339,71.339,0.03706,0.01783,0.03812,0.1077,0.04049,1.00769
data_Ri_HPPC/TC23NMC03_HPPC_ch_00.csv,TC23NMC03_HPPC_ch_00.csv,TC23NMC03,NMC,lithium-ion,,,charge_file,charge,1.0,0.8149,81.49,0.0374,0.02282,0.03841,0.11227,0.04045,1.00445
data_Ri_HPPC/TC23NMC03_HPPC_ch_00.csv,TC23NMC03_HPPC_ch_00.csv,TC23NMC03,NMC,lithium-ion,,,charge_file,charge,2.0,0.8149,81.49,0.03746,0.02235,0.03842,0.11141,0.04026,1.00442
data_Ri_HPPC/TC23NMC03_HPPC_ch_00.csv,TC23NMC03_HPPC_ch_00.csv,TC23NMC03,NMC,lithium-ion,,,charge_file,charge,3.0,0.8149,81.49,0.03723,0.02268,0.0382,0.11048,0.04011,1.01156
data_Ri_HPPC/TC23NMC03_HPPC_ch_00.csv,TC23NMC03_HPPC_ch_00.csv,TC23NMC03,NMC,lithium-ion,,,charge_file,discharge,-1.0,0.8149,81.49,0.0374,0.02286,0.03816,0.11173,0.04007,1.00306
data_Ri_HPPC/TC23NMC03_HPPC_ch_00.csv,TC23NMC03_HPPC_ch_00.csv,TC23NMC03,NMC,lithium-ion,,,charge_file,discharge,-2.0,0.8149,81.49,0.03727,0.02298,0.03803,0.11215,0.04,1.00453
data_Ri_HPPC/TC23NMC03_HPPC_ch_00.csv,TC23NMC03_HPPC_ch_00.csv,TC23NMC03,NMC,lithium-ion,,,charge_file,discharge,-3.0,0.8149,81.49,0.03689,0.02253,0.03774,0.11078,0.03964,1.00434
data_Ri_HPPC/TC23NMC03_HPPC_ch_00.csv,TC23NMC03_HPPC_ch_00.csv,TC23NMC03,NMC,lithium-ion,,,charge_file,charge,1.0,0.91641,91.64099999999999,0.03727,0.01585,0.03867,0.10608,0.04134,1.00583
data_Ri_HPPC/TC23NMC03_HPPC_ch_00.csv,TC23NMC03_HPPC_ch_00.csv,TC23NMC03,NMC,lithium-ion,,,charge_file,charge,2.0,0.91641,91.64099999999999,0.03721,0.01659,0.03854,0.10629,0.04115,1.00633
data_Ri_HPPC/TC23NMC03_HPPC_ch_00.csv,TC23NMC03_HPPC_ch_00.csv,TC23NMC03,NMC,lithium-ion,,,charge_file,charge,3.0,0.91641,91.64099999999999,0.03702,0.01567,0.03846,0.10636,0.04121,1.00659
data_Ri_HPPC/TC23NMC03_HPPC_ch_00.csv,TC23NMC03_HPPC_ch_00.csv,TC23NMC03,NMC,lithium-ion,,,charge_file,discharge,-1.0,0.91641,91.64099999999999,0.03714,0.01625,0.03829,0.10612,0.04096,1.00614
data_Ri_HPPC/TC23NMC03_HPPC_ch_00.csv,TC23NMC03_HPPC_ch_00.csv,TC23NMC03,NMC,lithium-ion,,,charge_file,discharge,-2.0,0.91641,91.64099999999999,0.03689,0.01579,0.03816,0.10582,0.04083,1.00555
data_Ri_HPPC/TC23NMC03_HPPC_ch_00.csv,TC23NMC03_HPPC_ch_00.csv,TC23NMC03,NMC,lithium-ion,,,charge_file,discharge,-3.0,0.91641,91.64099999999999,0.0368,0.01613,0.03803,0.10596,0.04062,1.00588
data_Ri_HPPC/TC23NMC03_HPPC_ch_00.csv,TC23NMC03_HPPC_ch_00.csv,TC23NMC03,NMC,lithium-ion,,,charge_file,charge,1.0,0.94085,94.085,0.03753,0.01637,0.03905,0.10604,0.0421,1.00658
data_Ri_HPPC/TC23NMC03_HPPC_ch_00.csv,TC23NMC03_HPPC_ch_00.csv,TC23NMC03,NMC,lithium-ion,,,charge_file,charge,2.0,0.94085,94.085,0.03746,0.01605,0.03899,0.10589,0.04198,1.00592
data_Ri_HPPC/TC23NMC03_HPPC_ch_00.csv,TC23NMC03_HPPC_ch_00.csv,TC23NMC03,NMC,lithium-ion,,,charge_file,charge,3.0,0.94085,94.085,0.03736,0.01584,0.03897,0.10598,,
data_Ri_HPPC/TC23NMC03_HPPC_ch_00.csv,TC23NMC03_HPPC_ch_00.csv,TC23NMC03,NMC,lithium-ion,,,charge_file,discharge,-1.0,0.94085,94.085,0.03728,0.01612,0.03879,0.10627,0.04185,1.00613
data_Ri_HPPC/TC23NMC03_HPPC_ch_00.csv,TC23NMC03_HPPC_ch_00.csv,TC23NMC03,NMC,lithium-ion,,,charge_file,discharge,-2.0,0.94085,94.085,0.03721,0.01607,0.03867,0.10579,0.04166,1.00598
data_Ri_HPPC/TC23NMC03_HPPC_ch_00.csv,TC23NMC03_HPPC_ch_00.csv,TC23NMC03,NMC,lithium-ion,,,charge_file,discharge,-3.0,0.94085,94.085,0.03715,0.01672,0.03854,0.10672,0.04151,1.00615
data_Ri_HPPC/TC23NMC03_HPPC_dis_00.csv,TC23NMC03_HPPC_dis_00.csv,TC23NMC03,NMC,lithium-ion,,,discharge_file,charge,1.0,0.00802,0.8019999999999999,0.03777,0.02208,0.03981,0.11055,0.04452,1.00524
data_Ri_HPPC/TC23NMC03_HPPC_dis_00.csv,TC23NMC03_HPPC_dis_00.csv,TC23NMC03,NMC,lithium-ion,,,discharge_file,charge,2.0,0.00802,0.8019999999999999,0.03791,0.02225,0.0399,0.10987,,
data_Ri_HPPC/TC23NMC03_HPPC_dis_00.csv,TC23NMC03_HPPC_dis_00.csv,TC23NMC03,NMC,lithium-ion,,,discharge_file,charge,3.0,0.00802,0.8019999999999999,0.03778,0.02214,0.03998,0.10868,,
data_Ri_HPPC/TC23NMC03_HPPC_dis_00.csv,TC23NMC03_HPPC_dis_00.csv,TC23NMC03,NMC,lithium-ion,,,discharge_file,discharge,-1.0,0.00802,0.8019999999999999,0.03751,0.01781,0.03956,0.10745,0.04414,1.00824
data_Ri_HPPC/TC23NMC03_HPPC_dis_00.csv,TC23NMC03_HPPC_dis_00.csv,TC23NMC03,NMC,lithium-ion,,,discharge_file,discharge,-2.0,0.00802,0.8019999999999999,0.03769,0.02232,0.03965,0.1098,0.0442,1.00829
data_Ri_HPPC/TC23NMC03_HPPC_dis_00.csv,TC23NMC03_HPPC_dis_00.csv,TC23NMC03,NMC,lithium-ion,,,discharge_file,discharge,-3.0,0.00802,0.8019999999999999,0.03776,0.02324,0.0398,0.10048,0.0446,1.00678
data_Ri_HPPC/TC23NMC03_HPPC_dis_00.csv,TC23NMC03_HPPC_dis_00.csv,TC23NMC03,NMC,lithium-ion,,,discharge_file,charge,1.0,0.12305,12.305000000000001,0.03692,0.01682,0.0382,0.10744,0.0407,1.00704
data_Ri_HPPC/TC23NMC03_HPPC_dis_00.csv,TC23NMC03_HPPC_dis_00.csv,TC23NMC03,NMC,lithium-ion,,,discharge_file,charge,2.0,0.12305,12.305000000000001,0.03705,0.02222,0.03807,0.11026,0.04039,1.00996
data_Ri_HPPC/TC23NMC03_HPPC_dis_00.csv,TC23NMC03_HPPC_dis_00.csv,TC23NMC03,NMC,lithium-ion,,,discharge_file,charge,3.0,0.12305,12.305000000000001,0.0369,0.02213,0.03793,0.10909,0.04012,1.00471
data_Ri_HPPC/TC23NMC03_HPPC_dis_00.csv,TC23NMC03_HPPC_dis_00.csv,TC23NMC03,NMC,lithium-ion,,,discharge_file,discharge,-1.0,0.12305,12.305000000000001,0.03664,0.01735,0.0379,0.10729,0.04045,1.00706
data_Ri_HPPC/TC23NMC03_HPPC_dis_00.csv,TC23NMC03_HPPC_dis_00.csv,TC23NMC03,NMC,lithium-ion,,,discharge_file,discharge,-2.0,0.12305,12.305000000000001,0.0368,0.02214,0.03779,0.10946,0.04013,1.01083
data_Ri_HPPC/TC23NMC03_HPPC_dis_00.csv,TC23NMC03_HPPC_dis_00.csv,TC23NMC03,NMC,lithium-ion,,,discharge_file,discharge,-3.0,0.12305,12.305000000000001,0.03675,0.02221,0.03774,0.10904,0.04015,1.00551
data_Ri_HPPC/TC23NMC03_HPPC_dis_00.csv,TC23NMC03_HPPC_dis_00.csv,TC23NMC03,NMC,lithium-ion,,,discharge_file,charge,1.0,0.22492,22.492,0.0374,0.0234,0.03854,0.10056,0.04083,1.0081
data_Ri_HPPC/TC23NMC03_HPPC_dis_00.csv,TC23NMC03_HPPC_dis_00.csv,TC23NMC03,NMC,lithium-ion,,,discharge_file,charge,2.0,0.22492,22.492,0.03734,0.02305,0.03829,0.10023,0.04051,1.00853
data_Ri_HPPC/TC23NMC03_HPPC_dis_00.csv,TC23NMC03_HPPC_dis_00.csv,TC23NMC03,NMC,lithium-ion,,,discharge_file,charge,3.0,0.22492,22.492,0.03685,0.0167,0.03808,0.10684,0.0402,1.00693
data_Ri_HPPC/TC23NMC03_HPPC_dis_00.csv,TC23NMC03_HPPC_dis_00.csv,TC23NMC03,NMC,lithium-ion,,,discharge_file,discharge,-1.0,0.22492,22.492,0.03701,0.02362,0.0379,0.10122,0.04032,1.00939
data_Ri_HPPC/TC23NMC03_HPPC_dis_00.csv,TC23NMC03_HPPC_dis_00.csv,TC23NMC03,NMC,lithium-ion,,,discharge_file,discharge,-2.0,0.22492,22.492,0.0367,0.01678,0.03784,0.10697,0.0402,1.00677
data_Ri_HPPC/TC23NMC03_HPPC_dis_00.csv,TC23NMC03_HPPC_dis_00.csv,TC23NMC03,NMC,lithium-ion,,,discharge_file,discharge,-3.0,0.22492,22.492,0.0366,0.01711,0.03779,0.10687,0.04028,1.00699
data_Ri_HPPC/TC23NMC03_HPPC_dis_00.csv,TC23NMC03_HPPC_dis_00.csv,TC23NMC03,NMC,lithium-ion,,,discharge_file,charge,1.0,0.32679,32.679,0.03791,0.02267,0.03918,0.11251,0.04172,1.00962
data_Ri_HPPC/TC23NMC03_HPPC_dis_00.csv,TC23NMC03_HPPC_dis_00.csv,TC23NMC03,NMC,lithium-ion,,,discharge_file,charge,2.0,0.32679,32.679,0.03778,0.02241,0.03886,0.11163,0.04134,1.00303
data_Ri_HPPC/TC23NMC03_HPPC_dis_00.csv,TC23NMC03_HPPC_dis_00.csv,TC23NMC03,NMC,lithium-ion,,,discharge_file,charge,3.0,0.32679,32.679,0.03757,0.02303,0.0385,0.10043,0.04092,1.00572
data_Ri_HPPC/TC23NMC03_HPPC_dis_00.csv,TC23NMC03_HPPC_dis_00.csv,TC23NMC03,NMC,lithium-ion,,,discharge_file,discharge,-1.0,0.32679,32.679,0.0374,0.0226,0.03867,0.11206,0.04121,1.00349
data_Ri_HPPC/TC23NMC03_HPPC_dis_00.csv,TC23NMC03_HPPC_dis_00.csv,TC23NMC03,NMC,lithium-ion,,,discharge_file,discharge,-2.0,0.32679,32.679,0.03746,0.02258,0.03848,0.11169,0.04102,1.00438
data_Ri_HPPC/TC23NMC03_HPPC_dis_00.csv,TC23NMC03_HPPC_dis_00.csv,TC23NMC03,NMC,lithium-ion,,,discharge_file,discharge,-3.0,0.32679,32.679,0.03731,0.02293,0.0382,0.10162,0.04079,1.01008
data_Ri_HPPC/TC23NMC03_HPPC_dis_00.csv,TC23NMC03_HPPC_dis_00.csv,TC23NMC03,NMC,lithium-ion,,,discharge_file,charge,1.0,0.42865,42.864999999999995,0.03791,0.01625,0.03905,0.10656,0.04109,1.00647
data_Ri_HPPC/TC23NMC03_HPPC_dis_00.csv,TC23NMC03_HPPC_dis_00.csv,TC23NMC03,NMC,lithium-ion,,,discharge_file,charge,2.0,0.42865,42.864999999999995,0.03785,0.01625,0.03893,0.10648,0.0409,1.00639
data_Ri_HPPC/TC23NMC03_HPPC_dis_00.csv,TC23NMC03_HPPC_dis_00.csv,TC23NMC03,NMC,lithium-ion,,,discharge_file,charge,3.0,0.42865,42.864999999999995,0.0377,0.01683,0.03875,0.10666,0.04062,1.00698
data_Ri_HPPC/TC23NMC03_HPPC_dis_00.csv,TC23NMC03_HPPC_dis_00.csv,TC23NMC03,NMC,lithium-ion,,,discharge_file,discharge,-1.0,0.42865,42.864999999999995,0.03778,0.01577,0.0388,0.10595,0.04083,1.00597
data_Ri_HPPC/TC23NMC03_HPPC_dis_00.csv,TC23NMC03_HPPC_dis_00.csv,TC23NMC03,NMC,lithium-ion,,,discharge_file,discharge,-2.0,0.42865,42.864999999999995,0.03759,0.01624,0.03861,0.10649,0.04051,1.00577
data_Ri_HPPC/TC23NMC03_HPPC_dis_00.csv,TC23NMC03_HPPC_dis_00.csv,TC23NMC03,NMC,lithium-ion,,,discharge_file,discharge,-3.0,0.42865,42.864999999999995,0.03735,0.01664,0.03833,0.1067,0.04024,1.00676
data_Ri_HPPC/TC23NMC03_HPPC_dis_00.csv,TC23NMC03_HPPC_dis_00.csv,TC23NMC03,NMC,lithium-ion,,,discharge_file,charge,1.0,0.53052,53.052,0.03842,0.01596,0.03956,0.10628,0.04121,1.00602
data_Ri_HPPC/TC23NMC03_HPPC_dis_00.csv,TC23NMC03_HPPC_dis_00.csv,TC23NMC03,NMC,lithium-ion,,,discharge_file,charge,2.0,0.53052,53.052,0.03822,0.01605,0.03931,0.10636,0.04121,1.00658
data_Ri_HPPC/TC23NMC03_HPPC_dis_00.csv,TC23NMC03_HPPC_dis_00.csv,TC23NMC03,NMC,lithium-ion,,,discharge_file,charge,3.0,0.53052,53.052,0.03804,0.01603,0.03913,0.10593,0.04096,1.00596
data_Ri_HPPC/TC23NMC03_HPPC_dis_00.csv,TC23NMC03_HPPC_dis_00.csv,TC23NMC03,NMC,lithium-ion,,,discharge_file,discharge,-1.0,0.53052,53.052,0.03816,0.01609,0.03931,0.10606,0.04121,1.00642
data_Ri_HPPC/TC23NMC03_HPPC_dis_00.csv,TC23NMC03_HPPC_dis_00.csv,TC23NMC03,NMC,lithium-ion,,,discharge_file,discharge,-2.0,0.53052,53.052,0.03797,0.01571,0.03899,0.106,0.04083,1.00587
data_Ri_HPPC/TC23NMC03_HPPC_dis_00.csv,TC23NMC03_HPPC_dis_00.csv,TC23NMC03,NMC,lithium-ion,,,discharge_file,discharge,-3.0,0.53052,53.052,0.03778,0.01689,0.03871,0.10639,0.04058,1.00685
data_Ri_HPPC/TC23NMC03_HPPC_dis_00.csv,TC23NMC03_HPPC_dis_00.csv,TC23NMC03,NMC,lithium-ion,,,discharge_file,charge,1.0,0.63239,63.239000000000004,0.03906,0.01596,0.04045,0.10645,0.04261,1.00608
data_Ri_HPPC/TC23NMC03_HPPC_dis_00.csv,TC23NMC03_HPPC_dis_00.csv,TC23NMC03,NMC,lithium-ion,,,discharge_file,charge,2.0,0.63239,63.239000000000004,0.03893,0.01585,0.04032,0.10599,0.04249,1.00646
data_Ri_HPPC/TC23NMC03_HPPC_dis_00.csv,TC23NMC03_HPPC_dis_00.csv,TC23NMC03,NMC,lithium-ion,,,discharge_file,charge,3.0,0.63239,63.239000000000004,0.03871,0.01625,0.04007,0.10582,0.04227,1.00581
data_Ri_HPPC/TC23NMC03_HPPC_dis_00.csv,TC23NMC03_HPPC_dis_00.csv,TC23NMC03,NMC,lithium-ion,,,discharge_file,discharge,-1.0,0.63239,63.239000000000004,0.03879,0.01612,0.0402,0.10571,0.04248,1.00609
data_Ri_HPPC/TC23NMC03_HPPC_dis_00.csv,TC23NMC03_HPPC_dis_00.csv,TC23NMC03,NMC,lithium-ion,,,discharge_file,discharge,-2.0,0.63239,63.239000000000004,0.03868,0.01625,0.03988,0.10581,0.04217,1.00621
data_Ri_HPPC/TC23NMC03_HPPC_dis_00.csv,TC23NMC03_HPPC_dis_00.csv,TC23NMC03,NMC,lithium-ion,,,discharge_file,discharge,-3.0,0.63239,63.239000000000004,0.03837,0.01613,0.0396,0.10594,0.04193,1.00586
data_Ri_HPPC/TC23NMC03_HPPC_dis_00.csv,TC23NMC03_HPPC_dis_00.csv,TC23NMC03,NMC,lithium-ion,,,discharge_file,charge,1.0,0.73426,73.426,0.04083,0.02253,0.04312,0.11165,0.0463,1.00989
data_Ri_HPPC/TC23NMC03_HPPC_dis_00.csv,TC23NMC03_HPPC_dis_00.csv,TC23NMC03,NMC,lithium-ion,,,discharge_file,charge,2.0,0.73426,73.426,0.03994,0.01607,0.04293,0.10629,0.04592,1.00613
data_Ri_HPPC/TC23NMC03_HPPC_dis_00.csv,TC23NMC03_HPPC_dis_00.csv,TC23NMC03,NMC,lithium-ion,,,discharge_file,charge,3.0,0.73426,73.426,0.03982,0.01645,0.04257,0.10628,0.04558,1.00618
data_Ri_HPPC/TC23NMC03_HPPC_dis_00.csv,TC23NMC03_HPPC_dis_00.csv,TC23NMC03,NMC,lithium-ion,,,discharge_file,discharge,-1.0,0.73426,73.426,0.04058,0.0227,0.04312,0.11223,0.0463,1.00555
data_Ri_HPPC/TC23NMC03_HPPC_dis_00.csv,TC23NMC03_HPPC_dis_00.csv,TC23NMC03,NMC,lithium-ion,,,discharge_file,discharge,-2.0,0.73426,73.426,0.03969,0.0162,0.04274,0.10621,0.04617,1.00563
data_Ri_HPPC/TC23NMC03_HPPC_dis_00.csv,TC23NMC03_HPPC_dis_00.csv,TC23NMC03,NMC,lithium-ion,,,discharge_file,discharge,-3.0,0.73426,73.426,0.03944,0.01609,0.04236,0.10587,0.04583,1.00591
data_Ri_HPPC/TC23NMC03_HPPC_dis_00.csv,TC23NMC03_HPPC_dis_00.csv,TC23NMC03,NMC,lithium-ion,,,discharge_file,charge,1.0,0.83613,83.613,0.04172,0.02306,0.04541,0.10126,0.04859,1.00841
data_Ri_HPPC/TC23NMC03_HPPC_dis_00.csv,TC23NMC03_HPPC_dis_00.csv,TC23NMC03,NMC,lithium-ion,,,discharge_file,charge,2.0,0.83613,83.613,0.04153,0.02288,0.04515,0.11254,0.04821,1.00662
data_Ri_HPPC/TC23NMC03_HPPC_dis_00.csv,TC23NMC03_HPPC_dis_00.csv,TC23NMC03,NMC,lithium-ion,,,discharge_file,charge,3.0,0.83613,83.613,0.04126,0.02269,0.04473,0.1125,0.04762,1.00454
data_Ri_HPPC/TC23NMC03_HPPC_dis_00.csv,TC23NMC03_HPPC_dis_00.csv,TC23NMC03,NMC,lithium-ion,,,discharge_file,discharge,-1.0,0.83613,83.613,0.04159,0.02279,0.04528,0.11181,0.04872,1.00416
data_Ri_HPPC/TC23NMC03_HPPC_dis_00.csv,TC23NMC03_HPPC_dis_00.csv,TC23NMC03,NMC,lithium-ion,,,discharge_file,discharge,-2.0,0.83613,83.613,0.04122,0.02299,0.04509,0.11202,0.04846,1.0023
data_Ri_HPPC/TC23NMC03_HPPC_dis_00.csv,TC23NMC03_HPPC_dis_00.csv,TC23NMC03,NMC,lithium-ion,,,discharge_file,discharge,-3.0,0.83613,83.613,0.041,0.02269,0.04486,0.11188,0.04838,1.00464
data_Ri_HPPC/TC23NMC03_HPPC_dis_00.csv,TC23NMC03_HPPC_dis_00.csv,TC23NMC03,NMC,lithium-ion,,,discharge_file,charge,1.0,0.93799,93.79899999999999,0.04274,0.02285,0.05012,0.11273,0.05609,1.00485
data_Ri_HPPC/TC23NMC03_HPPC_dis_00.csv,TC23NMC03_HPPC_dis_00.csv,TC23NMC03,NMC,lithium-ion,,,discharge_file,charge,2.0,0.93799,93.79899999999999,0.04249,0.02271,0.04942,0.1117,0.05476,1.00669
data_Ri_HPPC/TC23NMC03_HPPC_dis_00.csv,TC23NMC03_HPPC_dis_00.csv,TC23NMC03,NMC,lithium-ion,,,discharge_file,charge,3.0,0.93799,93.79899999999999,0.04227,0.02293,0.04846,0.10013,0.05364,1.00398
data_Ri_HPPC/TC23NMC03_HPPC_dis_00.csv,TC23NMC03_HPPC_dis_00.csv,TC23NMC03,NMC,lithium-ion,,,discharge_file,discharge,-1.0,0.93799,93.79899999999999,0.04236,0.02235,0.04986,0.11141,0.058,1.00925
data_Ri_HPPC/TC23NMC03_HPPC_dis_00.csv,TC23NMC03_HPPC_dis_00.csv,TC23NMC03,NMC,lithium-ion,,,discharge_file,discharge,-2.0,0.93799,93.79899999999999,0.04204,0.02276,0.04974,0.112,0.05858,1.00462
data_Ri_HPPC/TC23NMC03_HPPC_dis_00.csv,TC23NMC03_HPPC_dis_00.csv,TC23NMC03,NMC,lithium-ion,,,discharge_file,discharge,-3.0,0.93799,93.79899999999999,0.04189,0.02284,0.04952,0.1119,0.05923,1.00373
data_Ri_HPPC/TC23SIB01_HPPC_ch_00.csv,TC23SIB01_HPPC_ch_00.csv,TC23SIB01,SIB,sodium-ion,,,charge_file,charge,1.0,0.0,0.0,0.10461,0.02282,0.14445,0.11189,0.16298,1.00942
data_Ri_HPPC/TC23SIB01_HPPC_ch_00.csv,TC23SIB01_HPPC_ch_00.csv,TC23SIB01,SIB,sodium-ion,,,charge_file,charge,2.0,0.0,0.0,0.09978,0.02252,0.12938,0.11071,0.14137,1.00805
data_Ri_HPPC/TC23SIB01_HPPC_ch_00.csv,TC23SIB01_HPPC_ch_00.csv,TC23SIB01,SIB,sodium-ion,,,charge_file,charge,3.0,0.0,0.0,0.09526,0.02233,0.11899,0.11034,0.12775,1.00398
data_Ri_HPPC/TC23SIB01_HPPC_ch_00.csv,TC23SIB01_HPPC_ch_00.csv,TC23SIB01,SIB,sodium-ion,,,charge_file,discharge,-1.0,0.0,0.0,0.10375,0.02236,0.14855,0.11017,0.17773,1.00869
data_Ri_HPPC/TC23SIB01_HPPC_ch_00.csv,TC23SIB01_HPPC_ch_00.csv,TC23SIB01,SIB,sodium-ion,,,charge_file,discharge,-2.0,0.0,0.0,0.10012,0.02293,0.13367,0.10048,0.15815,1.01002
data_Ri_HPPC/TC23SIB01_HPPC_ch_00.csv,TC23SIB01_HPPC_ch_00.csv,TC23SIB01,SIB,sodium-ion,,,charge_file,discharge,-3.0,0.0,0.0,0.09577,0.02304,0.12531,0.11218,0.14391,1.00793
data_Ri_HPPC/TC23SIB01_HPPC_ch_00.csv,TC23SIB01_HPPC_ch_00.csv,TC23SIB01,SIB,sodium-ion,,,charge_file,charge,1.0,0.10352,10.352,0.08832,0.02254,0.105,0.10973,0.11022,1.00942
data_Ri_HPPC/TC23SIB01_HPPC_ch_00.csv,TC23SIB01_HPPC_ch_00.csv,TC23SIB01,SIB,sodium-ion,,,charge_file,charge,2.0,0.10352,10.352,0.08444,0.02168,0.09826,0.10777,0.10247,1.00496
data_Ri_HPPC/TC23SIB01_HPPC_ch_00.csv,TC23SIB01_HPPC_ch_00.csv,TC23SIB01,SIB,sodium-ion,,,charge_file,charge,3.0,0.10352,10.352,0.08113,0.02218,0.0928,0.10794,0.0962,1.00218
data_Ri_HPPC/TC23SIB01_HPPC_ch_00.csv,TC23SIB01_HPPC_ch_00.csv,TC23SIB01,SIB,sodium-ion,,,charge_file,discharge,-1.0,0.10352,10.352,0.08801,0.02206,0.10553,0.1073,0.11162,1.00099
data_Ri_HPPC/TC23SIB01_HPPC_ch_00.csv,TC23SIB01_HPPC_ch_00.csv,TC23SIB01,SIB,sodium-ion,,,charge_file,discharge,-2.0,0.10352,10.352,0.08489,0.02201,0.09979,0.10813,0.10501,1.00856
data_Ri_HPPC/TC23SIB01_HPPC_ch_00.csv,TC23SIB01_HPPC_ch_00.csv,TC23SIB01,SIB,sodium-ion,,,charge_file,discharge,-3.0,0.10352,10.352,0.07859,0.01722,0.09395,0.10774,0.09887,1.00789
data_Ri_HPPC/TC23SIB01_HPPC_ch_00.csv,TC23SIB01_HPPC_ch_00.csv,TC23SIB01,SIB,sodium-ion,,,charge_file,charge,1.0,0.20704,20.704,0.08288,0.02184,0.09548,0.10874,0.0984,1.00825
data_Ri_HPPC/TC23SIB01_HPPC_ch_00.csv,TC23SIB01_HPPC_ch_00.csv,TC23SIB01,SIB,sodium-ion,,,charge_file,charge,2.0,0.20704,20.704,0.07769,0.01752,0.09026,0.10748,0.09287,1.00729
data_Ri_HPPC/TC23SIB01_HPPC_ch_00.csv,TC23SIB01_HPPC_ch_00.csv,TC23SIB01,SIB,sodium-ion,,,charge_file,charge,3.0,0.20704,20.704,0.07734,0.02247,0.08611,0.10774,0.0881,1.00639
data_Ri_HPPC/TC23SIB01_HPPC_ch_00.csv,TC23SIB01_HPPC_ch_00.csv,TC23SIB01,SIB,sodium-ion,,,charge_file,discharge,-1.0,0.20704,20.704,0.08097,0.01757,0.09663,0.10817,0.10018,1.00748
data_Ri_HPPC/TC23SIB01_HPPC_ch_00.csv,TC23SIB01_HPPC_ch_00.csv,TC23SIB01,SIB,sodium-ion,,,charge_file,discharge,-2.0,0.20704,20.704,0.0789,0.01797,0.09198,0.10725,0.09522,1.00681
data_Ri_HPPC/TC23SIB01_HPPC_ch_00.csv,TC23SIB01_HPPC_ch_00.csv,TC23SIB01,SIB,sodium-ion,,,charge_file,discharge,-3.0,0.20704,20.704,0.07811,0.02186,0.08785,0.10895,0.09043,1.01218
data_Ri_HPPC/TC23SIB01_HPPC_ch_00.csv,TC23SIB01_HPPC_ch_00.csv,TC23SIB01,SIB,sodium-ion,,,charge_file,charge,1.0,0.31055,31.055,0.0829,0.02295,0.09267,0.11282,0.09497,1.0052
data_Ri_HPPC/TC23SIB01_HPPC_ch_00.csv,TC23SIB01_HPPC_ch_00.csv,TC23SIB01,SIB,sodium-ion,,,charge_file,charge,2.0,0.31055,31.055,0.08009,0.02267,0.08791,0.11081,0.08982,1.00505
data_Ri_HPPC/TC23SIB01_HPPC_ch_00.csv,TC23SIB01_HPPC_ch_00.csv,TC23SIB01,SIB,sodium-ion,,,charge_file,charge,3.0,0.31055,31.055,0.07692,0.02234,0.08361,0.11076,0.08522,1.00386
data_Ri_HPPC/TC23SIB01_HPPC_ch_00.csv,TC23SIB01_HPPC_ch_00.csv,TC23SIB01,SIB,sodium-ion,,,charge_file,discharge,-1.0,0.31055,31.055,0.08354,0.02258,0.09383,0.11022,0.09649,1.00991
data_Ri_HPPC/TC23SIB01_HPPC_ch_00.csv,TC23SIB01_HPPC_ch_00.csv,TC23SIB01,SIB,sodium-ion,,,charge_file,discharge,-2.0,0.31055,31.055,0.0808,0.02257,0.08944,0.1104,0.0916,1.00228
data_Ri_HPPC/TC23SIB01_HPPC_ch_00.csv,TC23SIB01_HPPC_ch_00.csv,TC23SIB01,SIB,sodium-ion,,,charge_file,discharge,-3.0,0.31055,31.055,0.07789,0.02276,0.08513,0.11206,0.087,1.00707
data_Ri_HPPC/TC23SIB01_HPPC_ch_00.csv,TC23SIB01_HPPC_ch_00.csv,TC23SIB01,SIB,sodium-ion,,,charge_file,charge,1.0,0.41407,41.407,0.07794,0.01606,0.08964,0.10574,0.09167,1.00585
data_Ri_HPPC/TC23SIB01_HPPC_ch_00.csv,TC23SIB01_HPPC_ch_00.csv,TC23SIB01,SIB,sodium-ion,,,charge_file,charge,2.0,0.41407,41.407,0.07571,0.01616,0.08448,0.10596,0.08632,1.00637
data_Ri_HPPC/TC23SIB01_HPPC_ch_00.csv,TC23SIB01_HPPC_ch_00.csv,TC23SIB01,SIB,sodium-ion,,,charge_file,charge,3.0,0.41407,41.407,0.07327,0.01608,0.08039,0.10591,0.08183,1.006
data_Ri_HPPC/TC23SIB01_HPPC_ch_00.csv,TC23SIB01_HPPC_ch_00.csv,TC23SIB01,SIB,sodium-ion,,,charge_file,discharge,-1.0,0.41407,41.407,0.07807,0.01642,0.09002,0.10628,0.09243,1.00624
data_Ri_HPPC/TC23SIB01_HPPC_ch_00.csv,TC23SIB01_HPPC_ch_00.csv,TC23SIB01,SIB,sodium-ion,,,charge_file,discharge,-2.0,0.41407,41.407,0.07597,0.01612,0.08562,0.10549,0.08772,1.00542
data_Ri_HPPC/TC23SIB01_HPPC_ch_00.csv,TC23SIB01_HPPC_ch_00.csv,TC23SIB01,SIB,sodium-ion,,,charge_file,discharge,-3.0,0.41407,41.407,0.07362,0.01592,0.08158,0.10608,0.08344,1.00596
data_Ri_HPPC/TC23SIB01_HPPC_ch_00.csv,TC23SIB01_HPPC_ch_00.csv,TC23SIB01,SIB,sodium-ion,,,charge_file,charge,1.0,0.51759,51.759,0.07629,0.01612,0.08646,0.10622,0.08848,1.00578
data_Ri_HPPC/TC23SIB01_HPPC_ch_00.csv,TC23SIB01_HPPC_ch_00.csv,TC23SIB01,SIB,sodium-ion,,,charge_file,charge,2.0,0.51759,51.759,0.07412,0.01592,0.08181,0.10583,0.08353,1.00613
data_Ri_HPPC/TC23SIB01_HPPC_ch_00.csv,TC23SIB01_HPPC_ch_00.csv,TC23SIB01,SIB,sodium-ion,,,charge_file,charge,3.0,0.51759,51.759,0.07175,0.01577,0.07785,0.10607,0.07861,1.00615
data_Ri_HPPC/TC23SIB01_HPPC_ch_00.csv,TC23SIB01_HPPC_ch_00.csv,TC23SIB01,SIB,sodium-ion,,,charge_file,discharge,-1.0,0.51759,51.759,0.07629,0.01592,0.08709,0.1062,0.0895,1.00603
data_Ri_HPPC/TC23SIB01_HPPC_ch_00.csv,TC23SIB01_HPPC_ch_00.csv,TC23SIB01,SIB,sodium-ion,,,charge_file,discharge,-2.0,0.51759,51.759,0.07464,0.01589,0.08315,0.10597,0.08505,1.00616
data_Ri_HPPC/TC23SIB01_HPPC_ch_00.csv,TC23SIB01_HPPC_ch_00.csv,TC23SIB01,SIB,sodium-ion,,,charge_file,discharge,-3.0,0.51759,51.759,0.07248,0.0162,0.07904,0.106,0.08077,1.00601
data_Ri_HPPC/TC23SIB01_HPPC_ch_00.csv,TC23SIB01_HPPC_ch_00.csv,TC23SIB01,SIB,sodium-ion,,,charge_file,charge,1.0,0.62111,62.111000000000004,0.07553,0.0161,0.08479,0.10569,0.08683,1.00596
data_Ri_HPPC/TC23SIB01_HPPC_ch_00.csv,TC23SIB01_HPPC_ch_00.csv,TC23SIB01,SIB,sodium-ion,,,charge_file,charge,2.0,0.62111,62.111000000000004,0.07336,0.0162,0.08028,0.10634,0.08175,1.00619
data_Ri_HPPC/TC23SIB01_HPPC_ch_00.csv,TC23SIB01_HPPC_ch_00.csv,TC23SIB01,SIB,sodium-ion,,,charge_file,charge,3.0,0.62111,62.111000000000004,0.07082,0.01588,0.07619,0.10597,0.07522,1.00602
data_Ri_HPPC/TC23SIB01_HPPC_ch_00.csv,TC23SIB01_HPPC_ch_00.csv,TC23SIB01,SIB,sodium-ion,,,charge_file,discharge,-1.0,0.62111,62.111000000000004,0.07527,0.01584,0.08531,0.10615,0.0876,1.00608
data_Ri_HPPC/TC23SIB01_HPPC_ch_00.csv,TC23SIB01_HPPC_ch_00.csv,TC23SIB01,SIB,sodium-ion,,,charge_file,discharge,-2.0,0.62111,62.111000000000004,0.07349,0.01594,0.08124,0.10606,0.08308,1.00653
data_Ri_HPPC/TC23SIB01_HPPC_ch_00.csv,TC23SIB01_HPPC_ch_00.csv,TC23SIB01,SIB,sodium-ion,,,charge_file,discharge,-3.0,0.62111,62.111000000000004,0.07125,0.01597,0.0773,0.10611,0.07895,1.00593
data_Ri_HPPC/TC23SIB01_HPPC_ch_00.csv,TC23SIB01_HPPC_ch_00.csv,TC23SIB01,SIB,sodium-ion,,,charge_file,charge,1.0,0.72463,72.463,0.074,0.01609,0.08327,0.10597,0.08531,1.0061
data_Ri_HPPC/TC23SIB01_HPPC_ch_00.csv,TC23SIB01_HPPC_ch_00.csv,TC23SIB01,SIB,sodium-ion,,,charge_file,charge,2.0,0.72463,72.463,0.07234,0.01619,0.07907,0.10579,0.08028,1.00577
data_Ri_HPPC/TC23SIB01_HPPC_ch_00.csv,TC23SIB01_HPPC_ch_00.csv,TC23SIB01,SIB,sodium-ion,,,charge_file,charge,3.0,0.72463,72.463,0.07001,0.01626,0.07501,0.10596,0.07069,1.00589
data_Ri_HPPC/TC23SIB01_HPPC_ch_00.csv,TC23SIB01_HPPC_ch_00.csv,TC23SIB01,SIB,sodium-ion,,,charge_file,discharge,-1.0,0.72463,72.463,0.07438,0.01609,0.08404,0.10646,0.08632,1.00617
data_Ri_HPPC/TC23SIB01_HPPC_ch_00.csv,TC23SIB01_HPPC_ch_00.csv,TC23SIB01,SIB,sodium-ion,,,charge_file,discharge,-2.0,0.72463,72.463,0.07241,0.0158,0.08016,0.10597,0.08213,1.0059
data_Ri_HPPC/TC23SIB01_HPPC_ch_00.csv,TC23SIB01_HPPC_ch_00.csv,TC23SIB01,SIB,sodium-ion,,,charge_file,discharge,-3.0,0.72463,72.463,0.07031,0.01623,0.07624,0.10612,0.0781,1.00625
data_Ri_HPPC/TC23SIB01_HPPC_ch_00.csv,TC23SIB01_HPPC_ch_00.csv,TC23SIB01,SIB,sodium-ion,,,charge_file,charge,1.0,0.82815,82.81500000000001,0.07259,0.01607,0.08213,0.10592,0.08492,1.00632
data_Ri_HPPC/TC23SIB01_HPPC_ch_00.csv,TC23SIB01_HPPC_ch_00.csv,TC23SIB01,SIB,sodium-ion,,,charge_file,charge,2.0,0.82815,82.81500000000001,0.07063,0.01617,0.07806,0.10612,0.07787,1.00608
data_Ri_HPPC/TC23SIB01_HPPC_ch_00.csv,TC23SIB01_HPPC_ch_00.csv,TC23SIB01,SIB,sodium-ion,,,charge_file,charge,3.0,0.82815,82.81500000000001,0.0662,0.01627,0.06937,0.10616,,
data_Ri_HPPC/TC23SIB01_HPPC_ch_00.csv,TC23SIB01_HPPC_ch_00.csv,TC23SIB01,SIB,sodium-ion,,,charge_file,discharge,-1.0,0.82815,82.81500000000001,0.07261,0.01627,0.08238,0.10584,0.08556,1.00592
data_Ri_HPPC/TC23SIB01_HPPC_ch_00.csv,TC23SIB01_HPPC_ch_00.csv,TC23SIB01,SIB,sodium-ion,,,charge_file,discharge,-2.0,0.82815,82.81500000000001,0.06968,0.01628,0.07723,0.1063,0.0799,1.00609
data_Ri_HPPC/TC23SIB01_HPPC_ch_00.csv,TC23SIB01_HPPC_ch_00.csv,TC23SIB01,SIB,sodium-ion,,,charge_file,discharge,-3.0,0.82815,82.81500000000001,0.06675,0.01619,0.07272,0.10549,0.07518,1.00596
data_Ri_HPPC/TC23SIB01_HPPC_ch_00.csv,TC23SIB01_HPPC_ch_00.csv,TC23SIB01,SIB,sodium-ion,,,charge_file,charge,1.0,0.84846,84.846,0.07589,0.02237,0.0834,0.11095,0.0862,1.00647
data_Ri_HPPC/TC23SIB01_HPPC_ch_00.csv,TC23SIB01_HPPC_ch_00.csv,TC23SIB01,SIB,sodium-ion,,,charge_file,charge,2.0,0.84846,84.846,0.07273,0.02258,0.07844,0.11184,,
data_Ri_HPPC/TC23SIB01_HPPC_ch_00.csv,TC23SIB01_HPPC_ch_00.csv,TC23SIB01,SIB,sodium-ion,,,charge_file,charge,3.0,0.84846,84.846,0.06704,0.02193,0.07018,0.10767,,
data_Ri_HPPC/TC23SIB01_HPPC_ch_00.csv,TC23SIB01_HPPC_ch_00.csv,TC23SIB01,SIB,sodium-ion,,,charge_file,discharge,-1.0,0.84846,84.846,0.07604,0.02272,0.08352,0.11008,0.0867,1.00648
data_Ri_HPPC/TC23SIB01_HPPC_ch_00.csv,TC23SIB01_HPPC_ch_00.csv,TC23SIB01,SIB,sodium-ion,,,charge_file,discharge,-2.0,0.84846,84.846,0.07343,0.02257,0.07958,0.11167,0.08225,1.00388
data_Ri_HPPC/TC23SIB01_HPPC_ch_00.csv,TC23SIB01_HPPC_ch_00.csv,TC23SIB01,SIB,sodium-ion,,,charge_file,discharge,-3.0,0.84846,84.846,0.06777,0.02286,0.07225,0.11216,0.07374,1.01056
data_Ri_HPPC/TC23SIB01_HPPC_ch_00.csv,TC23SIB01_HPPC_ch_00.csv,TC23SIB01,SIB,sodium-ion,,,charge_file,charge,1.0,0.85152,85.152,0.07653,0.02228,0.08428,0.11008,0.08734,1.0048
data_Ri_HPPC/TC23SIB01_HPPC_ch_00.csv,TC23SIB01_HPPC_ch_00.csv,TC23SIB01,SIB,sodium-ion,,,charge_file,charge,2.0,0.85152,85.152,0.07362,0.02238,0.07965,0.11051,,
data_Ri_HPPC/TC23SIB01_HPPC_ch_00.csv,TC23SIB01_HPPC_ch_00.csv,TC23SIB01,SIB,sodium-ion,,,charge_file,charge,3.0,0.85152,85.152,0.06887,0.0227,0.0728,0.11052,,
data_Ri_HPPC/TC23SIB01_HPPC_ch_00.csv,TC23SIB01_HPPC_ch_00.csv,TC23SIB01,SIB,sodium-ion,,,charge_file,discharge,-1.0,0.85152,85.152,0.07653,0.02274,0.08429,0.10025,0.08785,1.00741
data_Ri_HPPC/TC23SIB01_HPPC_ch_00.csv,TC23SIB01_HPPC_ch_00.csv,TC23SIB01,SIB,sodium-ion,,,charge_file,discharge,-2.0,0.85152,85.152,0.074,0.02209,0.08079,0.10809,0.08372,1.00059
data_Ri_HPPC/TC23SIB01_HPPC_ch_00.csv,TC23SIB01_HPPC_ch_00.csv,TC23SIB01,SIB,sodium-ion,,,charge_file,discharge,-3.0,0.85152,85.152,0.06933,0.02221,0.07442,0.109,0.0762,1.01035
data_Ri_HPPC/TC23SIB01_HPPC_dis_00.csv,TC23SIB01_HPPC_dis_00.csv,TC23SIB01,SIB,sodium-ion,,,discharge_file,charge,1.0,0.00849,0.849,0.05857,0.01631,0.06753,0.10603,0.07513,1.00627
data_Ri_HPPC/TC23SIB01_HPPC_dis_00.csv,TC23SIB01_HPPC_dis_00.csv,TC23SIB01,SIB,sodium-ion,,,discharge_file,charge,2.0,0.00849,0.849,0.05726,0.01638,0.0656,0.1061,,
data_Ri_HPPC/TC23SIB01_HPPC_dis_00.csv,TC23SIB01_HPPC_dis_00.csv,TC23SIB01,SIB,sodium-ion,,,discharge_file,charge,3.0,0.00849,0.849,0.05569,0.01599,0.06376,0.10597,,
data_Ri_HPPC/TC23SIB01_HPPC_dis_00.csv,TC23SIB01_HPPC_dis_00.csv,TC23SIB01,SIB,sodium-ion,,,discharge_file,discharge,-1.0,0.00849,0.849,0.05845,0.01589,0.06742,0.10579,0.07539,1.00599
data_Ri_HPPC/TC23SIB01_HPPC_dis_00.csv,TC23SIB01_HPPC_dis_00.csv,TC23SIB01,SIB,sodium-ion,,,discharge_file,discharge,-2.0,0.00849,0.849,0.05732,0.01616,0.06589,0.10613,0.0738,1.00614
data_Ri_HPPC/TC23SIB01_HPPC_dis_00.csv,TC23SIB01_HPPC_dis_00.csv,TC23SIB01,SIB,sodium-ion,,,discharge_file,discharge,-3.0,0.00849,0.849,0.05568,0.01613,0.06396,0.10573,0.07187,1.00571
data_Ri_HPPC/TC23SIB01_HPPC_dis_00.csv,TC23SIB01_HPPC_dis_00.csv,TC23SIB01,SIB,sodium-ion,,,discharge_file,charge,1.0,0.13048,13.048000000000002,0.07064,0.01625,0.081,0.10589,0.08454,1.00636
data_Ri_HPPC/TC23SIB01_HPPC_dis_00.csv,TC23SIB01_HPPC_dis_00.csv,TC23SIB01,SIB,sodium-ion,,,discharge_file,charge,2.0,0.13048,13.048000000000002,0.06987,0.01664,0.07829,0.10628,0.08111,1.00609
data_Ri_HPPC/TC23SIB01_HPPC_dis_00.csv,TC23SIB01_HPPC_dis_00.csv,TC23SIB01,SIB,sodium-ion,,,discharge_file,charge,3.0,0.13048,13.048000000000002,0.067,0.01611,0.07426,0.10613,,
data_Ri_HPPC/TC23SIB01_HPPC_dis_00.csv,TC23SIB01_HPPC_dis_00.csv,TC23SIB01,SIB,sodium-ion,,,discharge_file,discharge,-1.0,0.13048,13.048000000000002,0.06939,0.01617,0.07945,0.10587,0.08327,1.00621
data_Ri_HPPC/TC23SIB01_HPPC_dis_00.csv,TC23SIB01_HPPC_dis_00.csv,TC23SIB01,SIB,sodium-ion,,,discharge_file,discharge,-2.0,0.13048,13.048000000000002,0.06969,0.01717,0.07838,0.10713,0.08213,1.00685
data_Ri_HPPC/TC23SIB01_HPPC_dis_00.csv,TC23SIB01_HPPC_dis_00.csv,TC23SIB01,SIB,sodium-ion,,,discharge_file,discharge,-3.0,0.13048,13.048000000000002,0.06616,0.01601,0.074,0.10604,0.07713,1.00628
data_Ri_HPPC/TC23SIB01_HPPC_dis_00.csv,TC23SIB01_HPPC_dis_00.csv,TC23SIB01,SIB,sodium-ion,,,discharge_file,charge,1.0,0.24689,24.689,0.07747,0.02263,0.0846,0.11109,0.08696,1.00443
data_Ri_HPPC/TC23SIB01_HPPC_dis_00.csv,TC23SIB01_HPPC_dis_00.csv,TC23SIB01,SIB,sodium-ion,,,discharge_file,charge,2.0,0.24689,24.689,0.07499,0.02243,0.08039,0.11246,0.08225,1.00574
data_Ri_HPPC/TC23SIB01_HPPC_dis_00.csv,TC23SIB01_HPPC_dis_00.csv,TC23SIB01,SIB,sodium-ion,,,discharge_file,charge,3.0,0.24689,24.689,0.07,0.01584,0.07633,0.10596,0.07759,1.00613
data_Ri_HPPC/TC23SIB01_HPPC_dis_00.csv,TC23SIB01_HPPC_dis_00.csv,TC23SIB01,SIB,sodium-ion,,,discharge_file,discharge,-1.0,0.24689,24.689,0.07777,0.02255,0.08528,0.11057,0.08772,1.00376
data_Ri_HPPC/TC23SIB01_HPPC_dis_00.csv,TC23SIB01_HPPC_dis_00.csv,TC23SIB01,SIB,sodium-ion,,,discharge_file,discharge,-2.0,0.24689,24.689,0.07234,0.01597,0.08098,0.10583,0.08334,1.0061
data_Ri_HPPC/TC23SIB01_HPPC_dis_00.csv,TC23SIB01_HPPC_dis_00.csv,TC23SIB01,SIB,sodium-ion,,,discharge_file,discharge,-3.0,0.24689,24.689,0.07019,0.01594,0.07721,0.10574,0.07937,1.00625
data_Ri_HPPC/TC23SIB01_HPPC_dis_00.csv,TC23SIB01_HPPC_dis_00.csv,TC23SIB01,SIB,sodium-ion,,,discharge_file,charge,1.0,0.35491,35.491,0.07882,0.02269,0.08595,0.11213,0.08797,1.00728
data_Ri_HPPC/TC23SIB01_HPPC_dis_00.csv,TC23SIB01_HPPC_dis_00.csv,TC23SIB01,SIB,sodium-ion,,,discharge_file,charge,2.0,0.35491,35.491,0.07616,0.0228,0.08117,0.11227,0.08289,1.00506
data_Ri_HPPC/TC23SIB01_HPPC_dis_00.csv,TC23SIB01_HPPC_dis_00.csv,TC23SIB01,SIB,sodium-ion,,,discharge_file,charge,3.0,0.35491,35.491,0.0731,0.0226,0.07687,0.11245,0.07831,1.00493
data_Ri_HPPC/TC23SIB01_HPPC_dis_00.csv,TC23SIB01_HPPC_dis_00.csv,TC23SIB01,SIB,sodium-ion,,,discharge_file,discharge,-1.0,0.35491,35.491,0.07896,0.02306,0.08569,0.10139,0.0881,1.00909
data_Ri_HPPC/TC23SIB01_HPPC_dis_00.csv,TC23SIB01_HPPC_dis_00.csv,TC23SIB01,SIB,sodium-ion,,,discharge_file,discharge,-2.0,0.35491,35.491,0.07616,0.02257,0.08168,0.11208,0.08353,1.00567
data_Ri_HPPC/TC23SIB01_HPPC_dis_00.csv,TC23SIB01_HPPC_dis_00.csv,TC23SIB01,SIB,sodium-ion,,,discharge_file,discharge,-3.0,0.35491,35.491,0.07355,0.0229,0.07794,0.11183,0.07967,1.00489
data_Ri_HPPC/TC23SIB01_HPPC_dis_00.csv,TC23SIB01_HPPC_dis_00.csv,TC23SIB01,SIB,sodium-ion,,,discharge_file,charge,1.0,0.46293,46.293,0.07958,0.02229,0.08682,0.11048,0.08899,1.00855
data_Ri_HPPC/TC23SIB01_HPPC_dis_00.csv,TC23SIB01_HPPC_dis_00.csv,TC23SIB01,SIB,sodium-ion,,,discharge_file,charge,2.0,0.46293,46.293,0.07692,0.0227,0.082,0.11032,0.08372,1.00768
data_Ri_HPPC/TC23SIB01_HPPC_dis_00.csv,TC23SIB01_HPPC_dis_00.csv,TC23SIB01,SIB,sodium-ion,,,discharge_file,charge,3.0,0.46293,46.293,0.07391,0.02263,0.07776,0.11196,0.07916,1.00635
data_Ri_HPPC/TC23SIB01_HPPC_dis_00.csv,TC23SIB01_HPPC_dis_00.csv,TC23SIB01,SIB,sodium-ion,,,discharge_file,discharge,-1.0,0.46293,46.293,0.07971,0.02247,0.0876,0.11209,0.08963,1.00226
data_Ri_HPPC/TC23SIB01_HPPC_dis_00.csv,TC23SIB01_HPPC_dis_00.csv,TC23SIB01,SIB,sodium-ion,,,discharge_file,discharge,-2.0,0.46293,46.293,0.07731,0.02273,0.08296,0.11283,0.0848,1.00552
data_Ri_HPPC/TC23SIB01_HPPC_dis_00.csv,TC23SIB01_HPPC_dis_00.csv,TC23SIB01,SIB,sodium-ion,,,discharge_file,discharge,-3.0,0.46293,46.293,0.07446,0.0229,0.07878,0.11092,0.08056,1.00354
data_Ri_HPPC/TC23SIB01_HPPC_dis_00.csv,TC23SIB01_HPPC_dis_00.csv,TC23SIB01,SIB,sodium-ion,,,discharge_file,charge,1.0,0.57096,57.096000000000004,0.08137,0.02253,0.089,0.11192,0.09103,1.00809
data_Ri_HPPC/TC23SIB01_HPPC_dis_00.csv,TC23SIB01_HPPC_dis_00.csv,TC23SIB01,SIB,sodium-ion,,,discharge_file,charge,2.0,0.57096,57.096000000000004,0.07858,0.023,0.08378,0.10001,0.08556,1.00424
data_Ri_HPPC/TC23SIB01_HPPC_dis_00.csv,TC23SIB01_HPPC_dis_00.csv,TC23SIB01,SIB,sodium-ion,,,discharge_file,charge,3.0,0.57096,57.096000000000004,0.07526,0.02285,0.07933,0.112,0.08073,1.00445
data_Ri_HPPC/TC23SIB01_HPPC_dis_00.csv,TC23SIB01_HPPC_dis_00.csv,TC23SIB01,SIB,sodium-ion,,,discharge_file,discharge,-1.0,0.57096,57.096000000000004,0.0815,0.02296,0.08898,0.11177,0.09115,1.01049
data_Ri_HPPC/TC23SIB01_HPPC_dis_00.csv,TC23SIB01_HPPC_dis_00.csv,TC23SIB01,SIB,sodium-ion,,,discharge_file,discharge,-2.0,0.57096,57.096000000000004,0.07839,0.0227,0.08416,0.10044,0.0862,1.00234
data_Ri_HPPC/TC23SIB01_HPPC_dis_00.csv,TC23SIB01_HPPC_dis_00.csv,TC23SIB01,SIB,sodium-ion,,,discharge_file,discharge,-3.0,0.57096,57.096000000000004,0.07565,0.02297,0.08014,0.1001,0.082,1.0062
data_Ri_HPPC/TC23SIB01_HPPC_dis_00.csv,TC23SIB01_HPPC_dis_00.csv,TC23SIB01,SIB,sodium-ion,,,discharge_file,charge,1.0,0.67898,67.898,0.08276,0.0225,0.0914,0.11131,0.0937,1.00156
data_Ri_HPPC/TC23SIB01_HPPC_dis_00.csv,TC23SIB01_HPPC_dis_00.csv,TC23SIB01,SIB,sodium-ion,,,discharge_file,charge,2.0,0.67898,67.898,0.08004,0.02289,0.08645,0.11087,0.08829,1.00467
data_Ri_HPPC/TC23SIB01_HPPC_dis_00.csv,TC23SIB01_HPPC_dis_00.csv,TC23SIB01,SIB,sodium-ion,,,discharge_file,charge,3.0,0.67898,67.898,0.07692,0.02273,0.08183,0.11224,0.08336,1.00347
data_Ri_HPPC/TC23SIB01_HPPC_dis_00.csv,TC23SIB01_HPPC_dis_00.csv,TC23SIB01,SIB,sodium-ion,,,discharge_file,discharge,-1.0,0.67898,67.898,0.0801,0.01767,0.0918,0.10754,0.09446,1.00361
data_Ri_HPPC/TC23SIB01_HPPC_dis_00.csv,TC23SIB01_HPPC_dis_00.csv,TC23SIB01,SIB,sodium-ion,,,discharge_file,discharge,-2.0,0.67898,67.898,0.08023,0.02276,0.08715,0.11204,0.08918,1.00648
data_Ri_HPPC/TC23SIB01_HPPC_dis_00.csv,TC23SIB01_HPPC_dis_00.csv,TC23SIB01,SIB,sodium-ion,,,discharge_file,discharge,-3.0,0.67898,67.898,0.07713,0.02303,0.08263,0.11229,0.08459,1.00523
data_Ri_HPPC/TC23SIB01_HPPC_dis_00.csv,TC23SIB01_HPPC_dis_00.csv,TC23SIB01,SIB,sodium-ion,,,discharge_file,charge,1.0,0.787,78.7,0.08518,0.02214,0.09625,0.11103,0.09904,1.00338
data_Ri_HPPC/TC23SIB01_HPPC_dis_00.csv,TC23SIB01_HPPC_dis_00.csv,TC23SIB01,SIB,sodium-ion,,,discharge_file,charge,2.0,0.787,78.7,0.08232,0.02281,0.0909,0.11242,0.09293,1.00798
data_Ri_HPPC/TC23SIB01_HPPC_dis_00.csv,TC23SIB01_HPPC_dis_00.csv,TC23SIB01,SIB,sodium-ion,,,discharge_file,charge,3.0,0.787,78.7,0.07917,0.02284,0.08615,0.11238,0.08785,1.00753
data_Ri_HPPC/TC23SIB01_HPPC_dis_00.csv,TC23SIB01_HPPC_dis_00.csv,TC23SIB01,SIB,sodium-ion,,,discharge_file,discharge,-1.0,0.787,78.7,0.08585,0.0235,0.0965,0.1012,0.0998,1.00808
data_Ri_HPPC/TC23SIB01_HPPC_dis_00.csv,TC23SIB01_HPPC_dis_00.csv,TC23SIB01,SIB,sodium-ion,,,discharge_file,discharge,-2.0,0.787,78.7,0.08246,0.02273,0.09153,0.11081,0.09408,1.00672
data_Ri_HPPC/TC23SIB01_HPPC_dis_00.csv,TC23SIB01_HPPC_dis_00.csv,TC23SIB01,SIB,sodium-ion,,,discharge_file,discharge,-3.0,0.787,78.7,0.07917,0.02264,0.08687,0.11139,0.08916,1.00766
data_Ri_HPPC/TC23SIB01_HPPC_dis_00.csv,TC23SIB01_HPPC_dis_00.csv,TC23SIB01,SIB,sodium-ion,,,discharge_file,charge,1.0,0.89503,89.503,0.09025,0.02311,0.10655,0.11146,0.11137,1.00713
data_Ri_HPPC/TC23SIB01_HPPC_dis_00.csv,TC23SIB01_HPPC_dis_00.csv,TC23SIB01,SIB,sodium-ion,,,discharge_file,charge,2.0,0.89503,89.503,0.08672,0.02256,0.09999,0.11047,0.10387,1.0062
data_Ri_HPPC/TC23SIB01_HPPC_dis_00.csv,TC23SIB01_HPPC_dis_00.csv,TC23SIB01,SIB,sodium-ion,,,discharge_file,charge,3.0,0.89503,89.503,0.0834,0.02276,0.09434,0.11126,0.09764,1.00509
data_Ri_HPPC/TC23SIB01_HPPC_dis_00.csv,TC23SIB01_HPPC_dis_00.csv,TC23SIB01,SIB,sodium-ion,,,discharge_file,discharge,-1.0,0.89503,89.503,0.089,0.02254,0.10576,0.11103,0.11099,1.006
data_Ri_HPPC/TC23SIB01_HPPC_dis_00.csv,TC23SIB01_HPPC_dis_00.csv,TC23SIB01,SIB,sodium-ion,,,discharge_file,discharge,-2.0,0.89503,89.503,0.08544,0.02188,0.09941,0.11063,0.104,1.00574
data_Ri_HPPC/TC23SIB01_HPPC_dis_00.csv,TC23SIB01_HPPC_dis_00.csv,TC23SIB01,SIB,sodium-ion,,,discharge_file,discharge,-3.0,0.89503,89.503,0.0823,0.02269,0.09378,0.11031,0.09789,1.00627
data_Ri_HPPC/TC23SIB01_HPPC_dis_00.csv,TC23SIB01_HPPC_dis_00.csv,TC23SIB01,SIB,sodium-ion,,,discharge_file,charge,1.0,1.00305,100.305,0.10107,0.02206,0.13936,0.11089,0.15701,1.00591
data_Ri_HPPC/TC23SIB01_HPPC_dis_00.csv,TC23SIB01_HPPC_dis_00.csv,TC23SIB01,SIB,sodium-ion,,,discharge_file,charge,2.0,1.00305,100.305,0.09765,0.02233,0.12675,0.1099,0.13902,1.00353
data_Ri_HPPC/TC23SIB01_HPPC_dis_00.csv,TC23SIB01_HPPC_dis_00.csv,TC23SIB01,SIB,sodium-ion,,,discharge_file,charge,3.0,1.00305,100.305,0.09375,0.02281,0.11747,0.11132,0.12692,1.00484
data_Ri_HPPC/TC23SIB01_HPPC_dis_00.csv,TC23SIB01_HPPC_dis_00.csv,TC23SIB01,SIB,sodium-ion,,,discharge_file,discharge,-1.0,1.00305,100.305,0.10097,0.02255,0.14199,0.10993,0.16896,1.00611
data_Ri_HPPC/TC23SIB01_HPPC_dis_00.csv,TC23SIB01_HPPC_dis_00.csv,TC23SIB01,SIB,sodium-ion,,,discharge_file,discharge,-2.0,1.00305,100.305,0.09714,0.02266,0.1312,0.11008,0.15428,1.00502
data_Ri_HPPC/TC23SIB01_HPPC_dis_00.csv,TC23SIB01_HPPC_dis_00.csv,TC23SIB01,SIB,sodium-ion,,,discharge_file,discharge,-3.0,1.00305,100.305,0.0932,0.02256,0.12294,0.11124,0.14349,1.00844
data_Ri_HPPC/TC23SIB02_HPPC_ch_00.csv,TC23SIB02_HPPC_ch_00.csv,TC23SIB02,SIB,sodium-ion,,,charge_file,charge,1.0,0.0,0.0,0.10395,0.02262,0.1441,0.11202,0.16274,1.00588
data_Ri_HPPC/TC23SIB02_HPPC_ch_00.csv,TC23SIB02_HPPC_ch_00.csv,TC23SIB02,SIB,sodium-ion,,,charge_file,charge,2.0,0.0,0.0,0.09996,0.02304,0.12931,0.11253,0.14119,1.00402
data_Ri_HPPC/TC23SIB02_HPPC_ch_00.csv,TC23SIB02_HPPC_ch_00.csv,TC23SIB02,SIB,sodium-ion,,,charge_file,charge,3.0,0.0,0.0,0.09497,0.02239,0.11875,0.11079,0.12748,1.00187
data_Ri_HPPC/TC23SIB02_HPPC_ch_00.csv,TC23SIB02_HPPC_ch_00.csv,TC23SIB02,SIB,sodium-ion,,,charge_file,discharge,-1.0,0.0,0.0,0.10316,0.02211,0.1479,0.11026,0.17698,1.00277
data_Ri_HPPC/TC23SIB02_HPPC_ch_00.csv,TC23SIB02_HPPC_ch_00.csv,TC23SIB02,SIB,sodium-ion,,,charge_file,discharge,-2.0,0.0,0.0,0.09958,0.0229,0.13487,0.11153,0.1574,1.00204
data_Ri_HPPC/TC23SIB02_HPPC_ch_00.csv,TC23SIB02_HPPC_ch_00.csv,TC23SIB02,SIB,sodium-ion,,,charge_file,discharge,-3.0,0.0,0.0,0.0952,0.02286,0.12481,0.11241,0.1435,1.00426
data_Ri_HPPC/TC23SIB02_HPPC_ch_00.csv,TC23SIB02_HPPC_ch_00.csv,TC23SIB02,SIB,sodium-ion,,,charge_file,charge,1.0,0.1035,10.35,0.08772,0.02232,0.1045,0.10708,0.10972,1.00187
data_Ri_HPPC/TC23SIB02_HPPC_ch_00.csv,TC23SIB02_HPPC_ch_00.csv,TC23SIB02,SIB,sodium-ion,,,charge_file,charge,2.0,0.1035,10.35,0.08428,0.02213,0.09796,0.10787,0.10216,1.00374
data_Ri_HPPC/TC23SIB02_HPPC_ch_00.csv,TC23SIB02_HPPC_ch_00.csv,TC23SIB02,SIB,sodium-ion,,,charge_file,charge,3.0,0.1035,10.35,0.07831,0.01752,0.0923,0.10761,0.09599,1.00727
data_Ri_HPPC/TC23SIB02_HPPC_ch_00.csv,TC23SIB02_HPPC_ch_00.csv,TC23SIB02,SIB,sodium-ion,,,charge_file,discharge,-1.0,0.1035,10.35,0.08786,0.02218,0.1054,0.10769,0.1115,1.00929
data_Ri_HPPC/TC23SIB02_HPPC_ch_00.csv,TC23SIB02_HPPC_ch_00.csv,TC23SIB02,SIB,sodium-ion,,,charge_file,discharge,-2.0,0.1035,10.35,0.0845,0.02178,0.09955,0.10733,0.10483,1.00285
data_Ri_HPPC/TC23SIB02_HPPC_ch_00.csv,TC23SIB02_HPPC_ch_00.csv,TC23SIB02,SIB,sodium-ion,,,charge_file,discharge,-3.0,0.1035,10.35,0.0813,0.02234,0.09413,0.10879,0.0987,1.00793
data_Ri_HPPC/TC23SIB02_HPPC_ch_00.csv,TC23SIB02_HPPC_ch_00.csv,TC23SIB02,SIB,sodium-ion,,,charge_file,charge,1.0,0.207,20.7,0.08265,0.02222,0.09497,0.10919,0.09803,1.00967
data_Ri_HPPC/TC23SIB02_HPPC_ch_00.csv,TC23SIB02_HPPC_ch_00.csv,TC23SIB02,SIB,sodium-ion,,,charge_file,charge,2.0,0.207,20.7,0.0775,0.01758,0.09001,0.108,0.09269,1.00823
data_Ri_HPPC/TC23SIB02_HPPC_ch_00.csv,TC23SIB02_HPPC_ch_00.csv,TC23SIB02,SIB,sodium-ion,,,charge_file,charge,3.0,0.207,20.7,0.07489,0.0176,0.08565,0.10769,0.08785,1.00766
data_Ri_HPPC/TC23SIB02_HPPC_ch_00.csv,TC23SIB02_HPPC_ch_00.csv,TC23SIB02,SIB,sodium-ion,,,charge_file,discharge,-1.0,0.207,20.7,0.08342,0.02244,0.09611,0.1094,0.09968,1.00799
data_Ri_HPPC/TC23SIB02_HPPC_ch_00.csv,TC23SIB02_HPPC_ch_00.csv,TC23SIB02,SIB,sodium-ion,,,charge_file,discharge,-2.0,0.207,20.7,0.08068,0.02231,0.0918,0.10973,0.09478,1.00423
data_Ri_HPPC/TC23SIB02_HPPC_ch_00.csv,TC23SIB02_HPPC_ch_00.csv,TC23SIB02,SIB,sodium-ion,,,charge_file,discharge,-3.0,0.207,20.7,0.07549,0.01753,0.08726,0.10779,0.0901,1.00806
data_Ri_HPPC/TC23SIB02_HPPC_ch_00.csv,TC23SIB02_HPPC_ch_00.csv,TC23SIB02,SIB,sodium-ion,,,charge_file,charge,1.0,0.31051,31.051000000000002,0.08264,0.02303,0.09242,0.11201,0.09485,1.00567
data_Ri_HPPC/TC23SIB02_HPPC_ch_00.csv,TC23SIB02_HPPC_ch_00.csv,TC23SIB02,SIB,sodium-ion,,,charge_file,charge,2.0,0.31051,31.051000000000002,0.07953,0.02236,0.08754,0.11069,0.08951,1.00388
data_Ri_HPPC/TC23SIB02_HPPC_ch_00.csv,TC23SIB02_HPPC_ch_00.csv,TC23SIB02,SIB,sodium-ion,,,charge_file,charge,3.0,0.31051,31.051000000000002,0.07663,0.02275,0.08328,0.11145,0.08489,1.00435
data_Ri_HPPC/TC23SIB02_HPPC_ch_00.csv,TC23SIB02_HPPC_ch_00.csv,TC23SIB02,SIB,sodium-ion,,,charge_file,discharge,-1.0,0.31051,31.051000000000002,0.08292,0.02231,0.09344,0.10964,0.09612,1.00992
data_Ri_HPPC/TC23SIB02_HPPC_ch_00.csv,TC23SIB02_HPPC_ch_00.csv,TC23SIB02,SIB,sodium-ion,,,charge_file,discharge,-2.0,0.31051,31.051000000000002,0.0777,0.01755,0.0888,0.10763,0.09129,1.0079
data_Ri_HPPC/TC23SIB02_HPPC_ch_00.csv,TC23SIB02_HPPC_ch_00.csv,TC23SIB02,SIB,sodium-ion,,,charge_file,discharge,-3.0,0.31051,31.051000000000002,0.0774,0.02286,0.08476,0.11211,0.08667,1.00658
data_Ri_HPPC/TC23SIB02_HPPC_ch_00.csv,TC23SIB02_HPPC_ch_00.csv,TC23SIB02,SIB,sodium-ion,,,charge_file,charge,1.0,0.41401,41.400999999999996,0.07755,0.01661,0.08901,0.10641,0.09116,1.00623
data_Ri_HPPC/TC23SIB02_HPPC_ch_00.csv,TC23SIB02_HPPC_ch_00.csv,TC23SIB02,SIB,sodium-ion,,,charge_file,charge,2.0,0.41401,41.400999999999996,0.07559,0.01663,0.08417,0.10636,0.08601,1.00624
data_Ri_HPPC/TC23SIB02_HPPC_ch_00.csv,TC23SIB02_HPPC_ch_00.csv,TC23SIB02,SIB,sodium-ion,,,charge_file,charge,3.0,0.41401,41.400999999999996,0.07269,0.01569,0.08009,0.10577,0.0815,1.00584
data_Ri_HPPC/TC23SIB02_HPPC_ch_00.csv,TC23SIB02_HPPC_ch_00.csv,TC23SIB02,SIB,sodium-ion,,,charge_file,discharge,-1.0,0.41401,41.400999999999996,0.07757,0.01619,0.08963,0.10599,0.09205,1.00602
data_Ri_HPPC/TC23SIB02_HPPC_ch_00.csv,TC23SIB02_HPPC_ch_00.csv,TC23SIB02,SIB,sodium-ion,,,charge_file,discharge,-2.0,0.41401,41.400999999999996,0.07553,0.01601,0.08537,0.10563,0.08747,1.00621
data_Ri_HPPC/TC23SIB02_HPPC_ch_00.csv,TC23SIB02_HPPC_ch_00.csv,TC23SIB02,SIB,sodium-ion,,,charge_file,discharge,-3.0,0.41401,41.400999999999996,0.07332,0.01617,0.08137,0.10595,0.08315,1.00559
data_Ri_HPPC/TC23SIB02_HPPC_ch_00.csv,TC23SIB02_HPPC_ch_00.csv,TC23SIB02,SIB,sodium-ion,,,charge_file,charge,1.0,0.51751,51.751000000000005,0.07603,0.01628,0.08595,0.10624,0.08811,1.00643
data_Ri_HPPC/TC23SIB02_HPPC_ch_00.csv,TC23SIB02_HPPC_ch_00.csv,TC23SIB02,SIB,sodium-ion,,,charge_file,charge,2.0,0.51751,51.751000000000005,0.07362,0.01571,0.0815,0.10554,0.08321,1.0061
data_Ri_HPPC/TC23SIB02_HPPC_ch_00.csv,TC23SIB02_HPPC_ch_00.csv,TC23SIB02,SIB,sodium-ion,,,charge_file,charge,3.0,0.51751,51.751000000000005,0.0715,0.01612,0.07743,0.10584,0.07819,1.00525
data_Ri_HPPC/TC23SIB02_HPPC_ch_00.csv,TC23SIB02_HPPC_ch_00.csv,TC23SIB02,SIB,sodium-ion,,,charge_file,discharge,-1.0,0.51751,51.751000000000005,0.07604,0.01601,0.08671,0.10614,0.08913,1.00623
data_Ri_HPPC/TC23SIB02_HPPC_ch_00.csv,TC23SIB02_HPPC_ch_00.csv,TC23SIB02,SIB,sodium-ion,,,charge_file,discharge,-2.0,0.51751,51.751000000000005,0.07369,0.01517,0.0827,0.10586,0.08461,1.0058
data_Ri_HPPC/TC23SIB02_HPPC_ch_00.csv,TC23SIB02_HPPC_ch_00.csv,TC23SIB02,SIB,sodium-ion,,,charge_file,discharge,-3.0,0.51751,51.751000000000005,0.07188,0.01593,0.0787,0.1058,0.08048,1.00576
data_Ri_HPPC/TC23SIB02_HPPC_ch_00.csv,TC23SIB02_HPPC_ch_00.csv,TC23SIB02,SIB,sodium-ion,,,charge_file,charge,1.0,0.62101,62.10099999999999,0.07426,0.01542,0.0843,0.10603,0.0862,1.00587
data_Ri_HPPC/TC23SIB02_HPPC_ch_00.csv,TC23SIB02_HPPC_ch_00.csv,TC23SIB02,SIB,sodium-ion,,,charge_file,charge,2.0,0.62101,62.10099999999999,0.07261,0.01588,0.07972,0.10607,0.08131,1.00596
data_Ri_HPPC/TC23SIB02_HPPC_ch_00.csv,TC23SIB02_HPPC_ch_00.csv,TC23SIB02,SIB,sodium-ion,,,charge_file,charge,3.0,0.62101,62.10099999999999,0.07035,0.01576,0.0759,0.10637,0.07484,1.0063
data_Ri_HPPC/TC23SIB02_HPPC_ch_00.csv,TC23SIB02_HPPC_ch_00.csv,TC23SIB02,SIB,sodium-ion,,,charge_file,discharge,-1.0,0.62101,62.10099999999999,0.07476,0.01594,0.08492,0.10591,0.08722,1.00614
data_Ri_HPPC/TC23SIB02_HPPC_ch_00.csv,TC23SIB02_HPPC_ch_00.csv,TC23SIB02,SIB,sodium-ion,,,charge_file,discharge,-2.0,0.62101,62.10099999999999,0.07305,0.01606,0.08092,0.10632,0.0827,1.00604
data_Ri_HPPC/TC23SIB02_HPPC_ch_00.csv,TC23SIB02_HPPC_ch_00.csv,TC23SIB02,SIB,sodium-ion,,,charge_file,discharge,-3.0,0.62101,62.10099999999999,0.07116,0.01679,0.07692,0.10599,0.07857,1.00619
data_Ri_HPPC/TC23SIB02_HPPC_ch_00.csv,TC23SIB02_HPPC_ch_00.csv,TC23SIB02,SIB,sodium-ion,,,charge_file,charge,1.0,0.72451,72.451,0.07425,0.01648,0.08302,0.10656,0.08518,1.00623
data_Ri_HPPC/TC23SIB02_HPPC_ch_00.csv,TC23SIB02_HPPC_ch_00.csv,TC23SIB02,SIB,sodium-ion,,,charge_file,charge,2.0,0.72451,72.451,0.07191,0.01627,0.07876,0.10626,0.07991,1.00592
data_Ri_HPPC/TC23SIB02_HPPC_ch_00.csv,TC23SIB02_HPPC_ch_00.csv,TC23SIB02,SIB,sodium-ion,,,charge_file,charge,3.0,0.72451,72.451,0.06951,0.01581,0.07467,0.10617,0.07027,1.00602
data_Ri_HPPC/TC23SIB02_HPPC_ch_00.csv,TC23SIB02_HPPC_ch_00.csv,TC23SIB02,SIB,sodium-ion,,,charge_file,discharge,-1.0,0.72451,72.451,0.07414,0.01624,0.08378,0.10638,0.0862,1.00587
data_Ri_HPPC/TC23SIB02_HPPC_ch_00.csv,TC23SIB02_HPPC_ch_00.csv,TC23SIB02,SIB,sodium-ion,,,charge_file,discharge,-2.0,0.72451,72.451,0.0721,0.01613,0.07966,0.10575,0.08169,1.00608
data_Ri_HPPC/TC23SIB02_HPPC_ch_00.csv,TC23SIB02_HPPC_ch_00.csv,TC23SIB02,SIB,sodium-ion,,,charge_file,discharge,-3.0,0.72451,72.451,0.06981,0.0161,0.07582,0.10577,0.07773,1.00566
data_Ri_HPPC/TC23SIB02_HPPC_ch_00.csv,TC23SIB02_HPPC_ch_00.csv,TC23SIB02,SIB,sodium-ion,,,charge_file,charge,1.0,0.82802,82.80199999999999,0.07173,0.01599,0.0815,0.10624,0.08429,1.00631
data_Ri_HPPC/TC23SIB02_HPPC_ch_00.csv,TC23SIB02_HPPC_ch_00.csv,TC23SIB02,SIB,sodium-ion,,,charge_file,charge,2.0,0.82802,82.80199999999999,0.07032,0.01659,0.07762,0.10574,0.07737,1.006
data_Ri_HPPC/TC23SIB02_HPPC_ch_00.csv,TC23SIB02_HPPC_ch_00.csv,TC23SIB02,SIB,sodium-ion,,,charge_file,charge,3.0,0.82802,82.80199999999999,0.06544,0.01614,0.06887,0.10583,,
data_Ri_HPPC/TC23SIB02_HPPC_ch_00.csv,TC23SIB02_HPPC_ch_00.csv,TC23SIB02,SIB,sodium-ion,,,charge_file,discharge,-1.0,0.82802,82.80199999999999,0.07159,0.01568,0.08188,0.10636,0.08506,1.00602
data_Ri_HPPC/TC23SIB02_HPPC_ch_00.csv,TC23SIB02_HPPC_ch_00.csv,TC23SIB02,SIB,sodium-ion,,,charge_file,discharge,-2.0,0.82802,82.80199999999999,0.0693,0.01665,0.07674,0.10646,0.07934,1.00649
data_Ri_HPPC/TC23SIB02_HPPC_ch_00.csv,TC23SIB02_HPPC_ch_00.csv,TC23SIB02,SIB,sodium-ion,,,charge_file,discharge,-3.0,0.82802,82.80199999999999,0.06608,0.01618,0.07213,0.10627,0.0745,1.00649
data_Ri_HPPC/TC23SIB02_HPPC_ch_00.csv,TC23SIB02_HPPC_ch_00.csv,TC23SIB02,SIB,sodium-ion,,,charge_file,charge,1.0,0.84871,84.871,0.07541,0.02328,0.08276,0.11232,0.08544,1.00529
data_Ri_HPPC/TC23SIB02_HPPC_ch_00.csv,TC23SIB02_HPPC_ch_00.csv,TC23SIB02,SIB,sodium-ion,,,charge_file,charge,2.0,0.84871,84.871,0.07211,0.02292,0.07781,0.11144,,
data_Ri_HPPC/TC23SIB02_HPPC_ch_00.csv,TC23SIB02_HPPC_ch_00.csv,TC23SIB02,SIB,sodium-ion,,,charge_file,charge,3.0,0.84871,84.871,0.06637,0.02287,0.06955,0.11213,,
data_Ri_HPPC/TC23SIB02_HPPC_ch_00.csv,TC23SIB02_HPPC_ch_00.csv,TC23SIB02,SIB,sodium-ion,,,charge_file,discharge,-1.0,0.84871,84.871,0.07528,0.02225,0.08302,0.11041,0.0862,1.00659
data_Ri_HPPC/TC23SIB02_HPPC_ch_00.csv,TC23SIB02_HPPC_ch_00.csv,TC23SIB02,SIB,sodium-ion,,,charge_file,discharge,-2.0,0.84871,84.871,0.07272,0.0226,0.07902,0.11125,0.08162,1.00873
data_Ri_HPPC/TC23SIB02_HPPC_ch_00.csv,TC23SIB02_HPPC_ch_00.csv,TC23SIB02,SIB,sodium-ion,,,charge_file,discharge,-3.0,0.84871,84.871,0.06701,0.02285,0.07158,0.11248,0.07281,1.00595
data_Ri_HPPC/TC23SIB02_HPPC_ch_00.csv,TC23SIB02_HPPC_ch_00.csv,TC23SIB02,SIB,sodium-ion,,,charge_file,charge,1.0,0.85165,85.165,0.07603,0.02273,0.08379,0.11197,0.08684,1.0062
data_Ri_HPPC/TC23SIB02_HPPC_ch_00.csv,TC23SIB02_HPPC_ch_00.csv,TC23SIB02,SIB,sodium-ion,,,charge_file,charge,2.0,0.85165,85.165,0.07298,0.02244,0.07915,0.11069,,
data_Ri_HPPC/TC23SIB02_HPPC_ch_00.csv,TC23SIB02_HPPC_ch_00.csv,TC23SIB02,SIB,sodium-ion,,,charge_file,charge,3.0,0.85165,85.165,0.06819,0.02275,0.0723,0.10884,,
data_Ri_HPPC/TC23SIB02_HPPC_ch_00.csv,TC23SIB02_HPPC_ch_00.csv,TC23SIB02,SIB,sodium-ion,,,charge_file,discharge,-1.0,0.85165,85.165,0.07603,0.02301,0.08404,0.11198,0.08735,1.00499
data_Ri_HPPC/TC23SIB02_HPPC_ch_00.csv,TC23SIB02_HPPC_ch_00.csv,TC23SIB02,SIB,sodium-ion,,,charge_file,discharge,-2.0,0.85165,85.165,0.07349,0.02212,0.08029,0.11081,0.08328,1.01103
data_Ri_HPPC/TC23SIB02_HPPC_ch_00.csv,TC23SIB02_HPPC_ch_00.csv,TC23SIB02,SIB,sodium-ion,,,charge_file,discharge,-3.0,0.85165,85.165,0.06862,0.02216,0.07387,0.1089,0.07548,1.00899
data_Ri_HPPC/TC23SIB02_HPPC_dis_00.csv,TC23SIB02_HPPC_dis_00.csv,TC23SIB02,SIB,sodium-ion,,,discharge_file,charge,1.0,0.00845,0.845,0.05789,0.01612,0.06714,0.10648,0.07527,1.0066
data_Ri_HPPC/TC23SIB02_HPPC_dis_00.csv,TC23SIB02_HPPC_dis_00.csv,TC23SIB02,SIB,sodium-ion,,,discharge_file,charge,2.0,0.00845,0.845,0.05678,0.01608,0.06531,0.10604,,
data_Ri_HPPC/TC23SIB02_HPPC_dis_00.csv,TC23SIB02_HPPC_dis_00.csv,TC23SIB02,SIB,sodium-ion,,,discharge_file,charge,3.0,0.00845,0.845,0.05531,0.01612,0.06343,0.10611,,
data_Ri_HPPC/TC23SIB02_HPPC_dis_00.csv,TC23SIB02_HPPC_dis_00.csv,TC23SIB02,SIB,sodium-ion,,,discharge_file,discharge,-1.0,0.00845,0.845,0.058,0.01616,0.06718,0.1063,0.07565,1.00635
data_Ri_HPPC/TC23SIB02_HPPC_dis_00.csv,TC23SIB02_HPPC_dis_00.csv,TC23SIB02,SIB,sodium-ion,,,discharge_file,discharge,-2.0,0.00845,0.845,0.05699,0.01626,0.06566,0.10595,0.07406,1.00628
data_Ri_HPPC/TC23SIB02_HPPC_dis_00.csv,TC23SIB02_HPPC_dis_00.csv,TC23SIB02,SIB,sodium-ion,,,discharge_file,discharge,-3.0,0.00845,0.845,0.05546,0.01636,0.06379,0.10598,0.07217,1.00613
data_Ri_HPPC/TC23SIB02_HPPC_dis_00.csv,TC23SIB02_HPPC_dis_00.csv,TC23SIB02,SIB,sodium-ion,,,discharge_file,charge,1.0,0.13029,13.028999999999998,0.0701,0.01635,0.08023,0.10654,0.08404,1.00677
data_Ri_HPPC/TC23SIB02_HPPC_dis_00.csv,TC23SIB02_HPPC_dis_00.csv,TC23SIB02,SIB,sodium-ion,,,discharge_file,charge,2.0,0.13029,13.028999999999998,0.06895,0.01624,0.0776,0.10615,0.08054,1.00617
data_Ri_HPPC/TC23SIB02_HPPC_dis_00.csv,TC23SIB02_HPPC_dis_00.csv,TC23SIB02,SIB,sodium-ion,,,discharge_file,charge,3.0,0.13029,13.028999999999998,0.06639,0.01627,0.07368,0.10594,,
data_Ri_HPPC/TC23SIB02_HPPC_dis_00.csv,TC23SIB02_HPPC_dis_00.csv,TC23SIB02,SIB,sodium-ion,,,discharge_file,discharge,-1.0,0.13029,13.028999999999998,0.06903,0.0169,0.07869,0.10624,0.08264,1.00646
data_Ri_HPPC/TC23SIB02_HPPC_dis_00.csv,TC23SIB02_HPPC_dis_00.csv,TC23SIB02,SIB,sodium-ion,,,discharge_file,discharge,-2.0,0.13029,13.028999999999998,0.06873,0.01658,0.07768,0.10645,0.08156,1.00624
data_Ri_HPPC/TC23SIB02_HPPC_dis_00.csv,TC23SIB02_HPPC_dis_00.csv,TC23SIB02,SIB,sodium-ion,,,discharge_file,discharge,-3.0,0.13029,13.028999999999998,0.06562,0.01631,0.07336,0.10672,0.07654,1.00621
data_Ri_HPPC/TC23SIB02_HPPC_dis_00.csv,TC23SIB02_HPPC_dis_00.csv,TC23SIB02,SIB,sodium-ion,,,discharge_file,charge,1.0,0.24657,24.657,0.07733,0.02299,0.08421,0.11133,0.08684,1.00386
data_Ri_HPPC/TC23SIB02_HPPC_dis_00.csv,TC23SIB02_HPPC_dis_00.csv,TC23SIB02,SIB,sodium-ion,,,discharge_file,charge,2.0,0.24657,24.657,0.07491,0.02261,0.08039,0.11172,0.08226,1.00313
data_Ri_HPPC/TC23SIB02_HPPC_dis_00.csv,TC23SIB02_HPPC_dis_00.csv,TC23SIB02,SIB,sodium-ion,,,discharge_file,charge,3.0,0.24657,24.657,0.06999,0.01621,0.07625,0.10609,0.07751,1.00589
data_Ri_HPPC/TC23SIB02_HPPC_dis_00.csv,TC23SIB02_HPPC_dis_00.csv,TC23SIB02,SIB,sodium-ion,,,discharge_file,discharge,-1.0,0.24657,24.657,0.07714,0.0225,0.0848,0.10972,0.08722,1.00156
data_Ri_HPPC/TC23SIB02_HPPC_dis_00.csv,TC23SIB02_HPPC_dis_00.csv,TC23SIB02,SIB,sodium-ion,,,discharge_file,discharge,-2.0,0.24657,24.657,0.07204,0.01615,0.08067,0.10642,0.08309,1.00637
data_Ri_HPPC/TC23SIB02_HPPC_dis_00.csv,TC23SIB02_HPPC_dis_00.csv,TC23SIB02,SIB,sodium-ion,,,discharge_file,discharge,-3.0,0.24657,24.657,0.06985,0.01582,0.07709,0.10604,0.07934,1.00574
data_Ri_HPPC/TC23SIB02_HPPC_dis_00.csv,TC23SIB02_HPPC_dis_00.csv,TC23SIB02,SIB,sodium-ion,,,discharge_file,charge,1.0,0.35452,35.452,0.07857,0.02267,0.08557,0.11223,0.08773,1.00535
data_Ri_HPPC/TC23SIB02_HPPC_dis_00.csv,TC23SIB02_HPPC_dis_00.csv,TC23SIB02,SIB,sodium-ion,,,discharge_file,charge,2.0,0.35452,35.452,0.07597,0.02275,0.08099,0.11208,0.08271,1.00479
data_Ri_HPPC/TC23SIB02_HPPC_dis_00.csv,TC23SIB02_HPPC_dis_00.csv,TC23SIB02,SIB,sodium-ion,,,discharge_file,charge,3.0,0.35452,35.452,0.0729,0.0229,0.07679,0.11244,0.07815,1.00629
data_Ri_HPPC/TC23SIB02_HPPC_dis_00.csv,TC23SIB02_HPPC_dis_00.csv,TC23SIB02,SIB,sodium-ion,,,discharge_file,discharge,-1.0,0.35452,35.452,0.07883,0.02309,0.08571,0.10066,0.08798,1.00732
data_Ri_HPPC/TC23SIB02_HPPC_dis_00.csv,TC23SIB02_HPPC_dis_00.csv,TC23SIB02,SIB,sodium-ion,,,discharge_file,discharge,-2.0,0.35452,35.452,0.07603,0.0229,0.08175,0.11256,0.08359,1.0052
data_Ri_HPPC/TC23SIB02_HPPC_dis_00.csv,TC23SIB02_HPPC_dis_00.csv,TC23SIB02,SIB,sodium-ion,,,discharge_file,discharge,-3.0,0.35452,35.452,0.07326,0.02274,0.07777,0.11128,0.07955,1.00488
data_Ri_HPPC/TC23SIB02_HPPC_dis_00.csv,TC23SIB02_HPPC_dis_00.csv,TC23SIB02,SIB,sodium-ion,,,discharge_file,charge,1.0,0.46247,46.247,0.07948,0.02264,0.0866,0.11084,0.08887,1.00807
data_Ri_HPPC/TC23SIB02_HPPC_dis_00.csv,TC23SIB02_HPPC_dis_00.csv,TC23SIB02,SIB,sodium-ion,,,discharge_file,charge,2.0,0.46247,46.247,0.07686,0.02268,0.08194,0.11088,0.08366,1.00535
data_Ri_HPPC/TC23SIB02_HPPC_dis_00.csv,TC23SIB02_HPPC_dis_00.csv,TC23SIB02,SIB,sodium-ion,,,discharge_file,charge,3.0,0.46247,46.247,0.07379,0.02321,0.07747,0.10029,0.079,1.01201
data_Ri_HPPC/TC23SIB02_HPPC_dis_00.csv,TC23SIB02_HPPC_dis_00.csv,TC23SIB02,SIB,sodium-ion,,,discharge_file,discharge,-1.0,0.46247,46.247,0.07654,0.01708,0.08683,0.10738,0.08938,1.00808
data_Ri_HPPC/TC23SIB02_HPPC_dis_00.csv,TC23SIB02_HPPC_dis_00.csv,TC23SIB02,SIB,sodium-ion,,,discharge_file,discharge,-2.0,0.46247,46.247,0.07705,0.0227,0.0827,0.11199,0.08461,1.00078
data_Ri_HPPC/TC23SIB02_HPPC_dis_00.csv,TC23SIB02_HPPC_dis_00.csv,TC23SIB02,SIB,sodium-ion,,,discharge_file,discharge,-3.0,0.46247,46.247,0.07426,0.02319,0.07866,0.11197,0.08044,1.00325
data_Ri_HPPC/TC23SIB02_HPPC_dis_00.csv,TC23SIB02_HPPC_dis_00.csv,TC23SIB02,SIB,sodium-ion,,,discharge_file,charge,1.0,0.57043,57.043,0.08125,0.02296,0.08874,0.11159,0.09091,1.00941
data_Ri_HPPC/TC23SIB02_HPPC_dis_00.csv,TC23SIB02_HPPC_dis_00.csv,TC23SIB02,SIB,sodium-ion,,,discharge_file,charge,2.0,0.57043,57.043,0.07813,0.02246,0.08366,0.11209,0.08538,1.00479
data_Ri_HPPC/TC23SIB02_HPPC_dis_00.csv,TC23SIB02_HPPC_dis_00.csv,TC23SIB02,SIB,sodium-ion,,,discharge_file,charge,3.0,0.57043,57.043,0.07493,0.02249,0.07917,0.11206,0.08056,1.00646
data_Ri_HPPC/TC23SIB02_HPPC_dis_00.csv,TC23SIB02_HPPC_dis_00.csv,TC23SIB02,SIB,sodium-ion,,,discharge_file,discharge,-1.0,0.57043,57.043,0.081,0.02284,0.08888,0.11087,0.09103,1.00968
data_Ri_HPPC/TC23SIB02_HPPC_dis_00.csv,TC23SIB02_HPPC_dis_00.csv,TC23SIB02,SIB,sodium-ion,,,discharge_file,discharge,-2.0,0.57043,57.043,0.07826,0.02286,0.08429,0.11194,0.0862,1.00489
data_Ri_HPPC/TC23SIB02_HPPC_dis_00.csv,TC23SIB02_HPPC_dis_00.csv,TC23SIB02,SIB,sodium-ion,,,discharge_file,discharge,-3.0,0.57043,57.043,0.07545,0.02324,0.07993,0.10212,0.08188,1.00865
data_Ri_HPPC/TC23SIB02_HPPC_dis_00.csv,TC23SIB02_HPPC_dis_00.csv,TC23SIB02,SIB,sodium-ion,,,discharge_file,charge,1.0,0.67837,67.837,0.08252,0.02228,0.09129,0.11052,0.0937,1.01141
data_Ri_HPPC/TC23SIB02_HPPC_dis_00.csv,TC23SIB02_HPPC_dis_00.csv,TC23SIB02,SIB,sodium-ion,,,discharge_file,charge,2.0,0.67837,67.837,0.07979,0.02255,0.08639,0.11028,0.08824,1.00774
data_Ri_HPPC/TC23SIB02_HPPC_dis_00.csv,TC23SIB02_HPPC_dis_00.csv,TC23SIB02,SIB,sodium-ion,,,discharge_file,charge,3.0,0.67837,67.837,0.07671,0.02286,0.08167,0.11218,0.08324,1.00764
data_Ri_HPPC/TC23SIB02_HPPC_dis_00.csv,TC23SIB02_HPPC_dis_00.csv,TC23SIB02,SIB,sodium-ion,,,discharge_file,discharge,-1.0,0.67837,67.837,0.08292,0.02259,0.09179,0.1114,0.09434,1.00479
data_Ri_HPPC/TC23SIB02_HPPC_dis_00.csv,TC23SIB02_HPPC_dis_00.csv,TC23SIB02,SIB,sodium-ion,,,discharge_file,discharge,-2.0,0.67837,67.837,0.08004,0.02302,0.08696,0.11241,0.089,1.00716
data_Ri_HPPC/TC23SIB02_HPPC_dis_00.csv,TC23SIB02_HPPC_dis_00.csv,TC23SIB02,SIB,sodium-ion,,,discharge_file,discharge,-3.0,0.67837,67.837,0.07684,0.02274,0.08255,0.1123,0.08451,1.00479
data_Ri_HPPC/TC23SIB02_HPPC_dis_00.csv,TC23SIB02_HPPC_dis_00.csv,TC23SIB02,SIB,sodium-ion,,,discharge_file,charge,1.0,0.78633,78.633,0.08482,0.02235,0.09612,0.11101,0.09879,1.00551
data_Ri_HPPC/TC23SIB02_HPPC_dis_00.csv,TC23SIB02_HPPC_dis_00.csv,TC23SIB02,SIB,sodium-ion,,,discharge_file,charge,2.0,0.78633,78.633,0.08201,0.02252,0.09078,0.11218,0.09288,1.00717
data_Ri_HPPC/TC23SIB02_HPPC_dis_00.csv,TC23SIB02_HPPC_dis_00.csv,TC23SIB02,SIB,sodium-ion,,,discharge_file,charge,3.0,0.78633,78.633,0.07892,0.02265,0.08577,0.10045,0.08777,1.00322
data_Ri_HPPC/TC23SIB02_HPPC_dis_00.csv,TC23SIB02_HPPC_dis_00.csv,TC23SIB02,SIB,sodium-ion,,,discharge_file,discharge,-1.0,0.78633,78.633,0.08545,0.02373,0.09611,0.10211,0.0993,1.00932
data_Ri_HPPC/TC23SIB02_HPPC_dis_00.csv,TC23SIB02_HPPC_dis_00.csv,TC23SIB02,SIB,sodium-ion,,,discharge_file,discharge,-2.0,0.78633,78.633,0.08208,0.02272,0.09128,0.1111,0.09383,1.00523
data_Ri_HPPC/TC23SIB02_HPPC_dis_00.csv,TC23SIB02_HPPC_dis_00.csv,TC23SIB02,SIB,sodium-ion,,,discharge_file,discharge,-3.0,0.78633,78.633,0.07875,0.02221,0.08671,0.11067,0.08896,1.00763
data_Ri_HPPC/TC23SIB02_HPPC_dis_00.csv,TC23SIB02_HPPC_dis_00.csv,TC23SIB02,SIB,sodium-ion,,,discharge_file,charge,1.0,0.89428,89.428,0.08978,0.02342,0.10527,0.10065,0.11074,1.0058
data_Ri_HPPC/TC23SIB02_HPPC_dis_00.csv,TC23SIB02_HPPC_dis_00.csv,TC23SIB02,SIB,sodium-ion,,,discharge_file,charge,2.0,0.89428,89.428,0.08621,0.02257,0.09949,0.11024,0.10343,1.00558
data_Ri_HPPC/TC23SIB02_HPPC_dis_00.csv,TC23SIB02_HPPC_dis_00.csv,TC23SIB02,SIB,sodium-ion,,,discharge_file,charge,3.0,0.89428,89.428,0.08286,0.02248,0.09396,0.11011,0.09731,1.00297
data_Ri_HPPC/TC23SIB02_HPPC_dis_00.csv,TC23SIB02_HPPC_dis_00.csv,TC23SIB02,SIB,sodium-ion,,,discharge_file,discharge,-1.0,0.89428,89.428,0.08876,0.0225,0.10527,0.11057,0.11074,1.00443
data_Ri_HPPC/TC23SIB02_HPPC_dis_00.csv,TC23SIB02_HPPC_dis_00.csv,TC23SIB02,SIB,sodium-ion,,,discharge_file,discharge,-2.0,0.89428,89.428,0.08558,0.02273,0.09904,0.11065,0.10368,1.0048
data_Ri_HPPC/TC23SIB02_HPPC_dis_00.csv,TC23SIB02_HPPC_dis_00.csv,TC23SIB02,SIB,sodium-ion,,,discharge_file,discharge,-3.0,0.89428,89.428,0.08197,0.02247,0.09358,0.11081,0.09769,1.0044
data_Ri_HPPC/TC23SIB02_HPPC_dis_00.csv,TC23SIB02_HPPC_dis_00.csv,TC23SIB02,SIB,sodium-ion,,,discharge_file,charge,1.0,1.00223,100.223,0.10134,0.0226,0.13846,0.11139,0.156,1.00829
data_Ri_HPPC/TC23SIB02_HPPC_dis_00.csv,TC23SIB02_HPPC_dis_00.csv,TC23SIB02,SIB,sodium-ion,,,discharge_file,charge,2.0,1.00223,100.223,0.0976,0.0228,0.12619,0.11115,0.13833,1.00779
data_Ri_HPPC/TC23SIB02_HPPC_dis_00.csv,TC23SIB02_HPPC_dis_00.csv,TC23SIB02,SIB,sodium-ion,,,discharge_file,charge,3.0,1.00223,100.223,0.09316,0.02251,0.11697,0.11157,0.12634,1.00598
data_Ri_HPPC/TC23SIB02_HPPC_dis_00.csv,TC23SIB02_HPPC_dis_00.csv,TC23SIB02,SIB,sodium-ion,,,discharge_file,discharge,-1.0,1.00223,100.223,0.10008,0.02226,0.14086,0.11021,0.16732,1.00193
data_Ri_HPPC/TC23SIB02_HPPC_dis_00.csv,TC23SIB02_HPPC_dis_00.csv,TC23SIB02,SIB,sodium-ion,,,discharge_file,discharge,-2.0,1.00223,100.223,0.09676,0.02273,0.13025,0.11072,0.15276,1.00791
data_Ri_HPPC/TC23SIB02_HPPC_dis_00.csv,TC23SIB02_HPPC_dis_00.csv,TC23SIB02,SIB,sodium-ion,,,discharge_file,discharge,-3.0,1.00223,100.223,0.09257,0.02247,0.1218,0.11013,0.14214,1.00628
data_Ri_HPPC/TC23SIB03_HPPC_ch_00.csv,TC23SIB03_HPPC_ch_00.csv,TC23SIB03,SIB,sodium-ion,,,charge_file,charge,1.0,0.0,0.0,0.09822,0.01619,0.14751,0.10585,0.17015,1.00613
data_Ri_HPPC/TC23SIB03_HPPC_ch_00.csv,TC23SIB03_HPPC_ch_00.csv,TC23SIB03,SIB,sodium-ion,,,charge_file,charge,2.0,0.0,0.0,0.09469,0.01605,0.13127,0.10624,0.14599,1.00545
data_Ri_HPPC/TC23SIB03_HPPC_ch_00.csv,TC23SIB03_HPPC_ch_00.csv,TC23SIB03,SIB,sodium-ion,,,charge_file,charge,3.0,0.0,0.0,0.09157,0.01644,0.12024,0.10613,0.13111,1.00617
data_Ri_HPPC/TC23SIB03_HPPC_ch_00.csv,TC23SIB03_HPPC_ch_00.csv,TC23SIB03,SIB,sodium-ion,,,charge_file,discharge,-1.0,0.0,0.0,0.09735,0.01596,0.15163,0.10606,0.18656,1.00615
data_Ri_HPPC/TC23SIB03_HPPC_ch_00.csv,TC23SIB03_HPPC_ch_00.csv,TC23SIB03,SIB,sodium-ion,,,charge_file,discharge,-2.0,0.0,0.0,0.09376,0.01578,0.13712,0.10596,0.16469,1.00587
data_Ri_HPPC/TC23SIB03_HPPC_ch_00.csv,TC23SIB03_HPPC_ch_00.csv,TC23SIB03,SIB,sodium-ion,,,charge_file,discharge,-3.0,0.0,0.0,0.09027,0.01586,0.12618,0.10619,0.14926,1.00562
data_Ri_HPPC/TC23SIB03_HPPC_ch_00.csv,TC23SIB03_HPPC_ch_00.csv,TC23SIB03,SIB,sodium-ion,,,charge_file,charge,1.0,0.11015,11.015,0.08482,0.01572,0.10757,0.10605,0.11407,1.0062
data_Ri_HPPC/TC23SIB03_HPPC_ch_00.csv,TC23SIB03_HPPC_ch_00.csv,TC23SIB03,SIB,sodium-ion,,,charge_file,charge,2.0,0.11015,11.015,0.08208,0.01592,0.10014,0.10636,0.1053,1.00633
data_Ri_HPPC/TC23SIB03_HPPC_ch_00.csv,TC23SIB03_HPPC_ch_00.csv,TC23SIB03,SIB,sodium-ion,,,charge_file,charge,3.0,0.11015,11.015,0.0788,0.01588,0.09398,0.10575,0.09822,1.00543
data_Ri_HPPC/TC23SIB03_HPPC_ch_00.csv,TC23SIB03_HPPC_ch_00.csv,TC23SIB03,SIB,sodium-ion,,,charge_file,discharge,-1.0,0.11015,11.015,0.08536,0.0161,0.10861,0.10616,0.11585,1.00622
data_Ri_HPPC/TC23SIB03_HPPC_ch_00.csv,TC23SIB03_HPPC_ch_00.csv,TC23SIB03,SIB,sodium-ion,,,charge_file,discharge,-2.0,0.11015,11.015,0.0823,0.01604,0.10155,0.10589,0.1081,1.00629
data_Ri_HPPC/TC23SIB03_HPPC_ch_00.csv,TC23SIB03_HPPC_ch_00.csv,TC23SIB03,SIB,sodium-ion,,,charge_file,discharge,-3.0,0.11015,11.015,0.07921,0.01615,0.09555,0.10563,0.10127,1.00598
data_Ri_HPPC/TC23SIB03_HPPC_ch_00.csv,TC23SIB03_HPPC_ch_00.csv,TC23SIB03,SIB,sodium-ion,,,charge_file,charge,1.0,0.2203,22.03,0.08062,0.01598,0.09805,0.10617,0.10186,1.00598
data_Ri_HPPC/TC23SIB03_HPPC_ch_00.csv,TC23SIB03_HPPC_ch_00.csv,TC23SIB03,SIB,sodium-ion,,,charge_file,charge,2.0,0.2203,22.03,0.07829,0.01603,0.09233,0.10585,0.0955,1.00615
data_Ri_HPPC/TC23SIB03_HPPC_ch_00.csv,TC23SIB03_HPPC_ch_00.csv,TC23SIB03,SIB,sodium-ion,,,charge_file,charge,3.0,0.2203,22.03,0.07525,0.01563,0.08749,0.10608,0.09008,1.00592
data_Ri_HPPC/TC23SIB03_HPPC_ch_00.csv,TC23SIB03_HPPC_ch_00.csv,TC23SIB03,SIB,sodium-ion,,,charge_file,discharge,-1.0,0.2203,22.03,0.08152,0.01626,0.09932,0.1062,0.10377,1.00616
data_Ri_HPPC/TC23SIB03_HPPC_ch_00.csv,TC23SIB03_HPPC_ch_00.csv,TC23SIB03,SIB,sodium-ion,,,charge_file,discharge,-2.0,0.2203,22.03,0.07873,0.01584,0.09416,0.10612,0.09792,1.00611
data_Ri_HPPC/TC23SIB03_HPPC_ch_00.csv,TC23SIB03_HPPC_ch_00.csv,TC23SIB03,SIB,sodium-ion,,,charge_file,discharge,-3.0,0.2203,22.03,0.07648,0.01635,0.0894,0.1058,0.09275,1.00613
data_Ri_HPPC/TC23SIB03_HPPC_ch_00.csv,TC23SIB03_HPPC_ch_00.csv,TC23SIB03,SIB,sodium-ion,,,charge_file,charge,1.0,0.33045,33.045,0.08457,0.02246,0.09513,0.10975,0.09779,1.0107
data_Ri_HPPC/TC23SIB03_HPPC_ch_00.csv,TC23SIB03_HPPC_ch_00.csv,TC23SIB03,SIB,sodium-ion,,,charge_file,charge,2.0,0.33045,33.045,0.07872,0.01741,0.08953,0.10666,0.09182,1.00804
data_Ri_HPPC/TC23SIB03_HPPC_ch_00.csv,TC23SIB03_HPPC_ch_00.csv,TC23SIB03,SIB,sodium-ion,,,charge_file,charge,3.0,0.33045,33.045,0.078,0.02305,0.08495,0.11197,0.0866,1.00514
data_Ri_HPPC/TC23SIB03_HPPC_ch_00.csv,TC23SIB03_HPPC_ch_00.csv,TC23SIB03,SIB,sodium-ion,,,charge_file,discharge,-1.0,0.33045,33.045,0.08483,0.02238,0.09627,0.10995,0.09919,1.00513
data_Ri_HPPC/TC23SIB03_HPPC_ch_00.csv,TC23SIB03_HPPC_ch_00.csv,TC23SIB03,SIB,sodium-ion,,,charge_file,discharge,-2.0,0.33045,33.045,0.08203,0.02253,0.09124,0.10992,0.09366,1.00469
data_Ri_HPPC/TC23SIB03_HPPC_ch_00.csv,TC23SIB03_HPPC_ch_00.csv,TC23SIB03,SIB,sodium-ion,,,charge_file,discharge,-3.0,0.33045,33.045,0.07864,0.02237,0.08652,0.1104,0.08864,1.00443
data_Ri_HPPC/TC23SIB03_HPPC_ch_00.csv,TC23SIB03_HPPC_ch_00.csv,TC23SIB03,SIB,sodium-ion,,,charge_file,charge,1.0,0.4406,44.06,0.08293,0.0223,0.09168,0.11102,0.09398,1.01124
data_Ri_HPPC/TC23SIB03_HPPC_ch_00.csv,TC23SIB03_HPPC_ch_00.csv,TC23SIB03,SIB,sodium-ion,,,charge_file,charge,2.0,0.4406,44.06,0.07974,0.02259,0.08622,0.11138,0.08794,1.00712
data_Ri_HPPC/TC23SIB03_HPPC_ch_00.csv,TC23SIB03_HPPC_ch_00.csv,TC23SIB03,SIB,sodium-ion,,,charge_file,charge,3.0,0.4406,44.06,0.07631,0.02248,0.08152,0.11087,0.08232,1.00514
data_Ri_HPPC/TC23SIB03_HPPC_ch_00.csv,TC23SIB03_HPPC_ch_00.csv,TC23SIB03,SIB,sodium-ion,,,charge_file,discharge,-1.0,0.4406,44.06,0.08305,0.02214,0.09246,0.11088,0.09487,1.00604
data_Ri_HPPC/TC23SIB03_HPPC_ch_00.csv,TC23SIB03_HPPC_ch_00.csv,TC23SIB03,SIB,sodium-ion,,,charge_file,discharge,-2.0,0.4406,44.06,0.0802,0.02206,0.08762,0.10947,0.08959,1.0099
data_Ri_HPPC/TC23SIB03_HPPC_ch_00.csv,TC23SIB03_HPPC_ch_00.csv,TC23SIB03,SIB,sodium-ion,,,charge_file,discharge,-3.0,0.4406,44.06,0.07708,0.02254,0.08305,0.11088,0.08482,1.00854
data_Ri_HPPC/TC23SIB03_HPPC_ch_00.csv,TC23SIB03_HPPC_ch_00.csv,TC23SIB03,SIB,sodium-ion,,,charge_file,charge,1.0,0.55075,55.074999999999996,0.08129,0.02262,0.08863,0.11076,0.0908,1.00585
data_Ri_HPPC/TC23SIB03_HPPC_ch_00.csv,TC23SIB03_HPPC_ch_00.csv,TC23SIB03,SIB,sodium-ion,,,charge_file,charge,2.0,0.55075,55.074999999999996,0.07802,0.02229,0.08355,0.11088,0.08514,1.00444
data_Ri_HPPC/TC23SIB03_HPPC_ch_00.csv,TC23SIB03_HPPC_ch_00.csv,TC23SIB03,SIB,sodium-ion,,,charge_file,charge,3.0,0.55075,55.074999999999996,0.07465,0.02237,0.07902,0.11035,0.07817,1.00404
data_Ri_HPPC/TC23SIB03_HPPC_ch_00.csv,TC23SIB03_HPPC_ch_00.csv,TC23SIB03,SIB,sodium-ion,,,charge_file,discharge,-1.0,0.55075,55.074999999999996,0.08152,0.02296,0.08939,0.11162,0.09156,1.00516
data_Ri_HPPC/TC23SIB03_HPPC_ch_00.csv,TC23SIB03_HPPC_ch_00.csv,TC23SIB03,SIB,sodium-ion,,,charge_file,discharge,-2.0,0.55075,55.074999999999996,0.07854,0.02265,0.08469,0.11116,0.08654,1.0053
data_Ri_HPPC/TC23SIB03_HPPC_ch_00.csv,TC23SIB03_HPPC_ch_00.csv,TC23SIB03,SIB,sodium-ion,,,charge_file,discharge,-3.0,0.55075,55.074999999999996,0.07525,0.02207,0.08029,0.10925,0.08198,1.01121
data_Ri_HPPC/TC23SIB03_HPPC_ch_00.csv,TC23SIB03_HPPC_ch_00.csv,TC23SIB03,SIB,sodium-ion,,,charge_file,charge,1.0,0.6609,66.09,0.07987,0.02263,0.08699,0.11071,0.08877,1.00529
data_Ri_HPPC/TC23SIB03_HPPC_ch_00.csv,TC23SIB03_HPPC_ch_00.csv,TC23SIB03,SIB,sodium-ion,,,charge_file,charge,2.0,0.6609,66.09,0.07484,0.01762,0.08171,0.10784,0.08304,1.0076
data_Ri_HPPC/TC23SIB03_HPPC_ch_00.csv,TC23SIB03_HPPC_ch_00.csv,TC23SIB03,SIB,sodium-ion,,,charge_file,charge,3.0,0.6609,66.09,0.07194,0.0177,0.07711,0.10744,0.07308,1.0077
data_Ri_HPPC/TC23SIB03_HPPC_ch_00.csv,TC23SIB03_HPPC_ch_00.csv,TC23SIB03,SIB,sodium-ion,,,charge_file,discharge,-1.0,0.6609,66.09,0.08039,0.02292,0.08761,0.11182,0.08978,1.00248
data_Ri_HPPC/TC23SIB03_HPPC_ch_00.csv,TC23SIB03_HPPC_ch_00.csv,TC23SIB03,SIB,sodium-ion,,,charge_file,discharge,-2.0,0.6609,66.09,0.07707,0.02241,0.08278,0.10947,0.0847,1.00456
data_Ri_HPPC/TC23SIB03_HPPC_ch_00.csv,TC23SIB03_HPPC_ch_00.csv,TC23SIB03,SIB,sodium-ion,,,charge_file,discharge,-3.0,0.6609,66.09,0.07402,0.0227,0.07846,0.11039,0.08012,1.00336
data_Ri_HPPC/TC23SIB03_HPPC_ch_00.csv,TC23SIB03_HPPC_ch_00.csv,TC23SIB03,SIB,sodium-ion,,,charge_file,charge,1.0,0.77104,77.104,0.07808,0.02238,0.08521,0.11015,0.08737,1.00733
data_Ri_HPPC/TC23SIB03_HPPC_ch_00.csv,TC23SIB03_HPPC_ch_00.csv,TC23SIB03,SIB,sodium-ion,,,charge_file,charge,2.0,0.77104,77.104,0.07529,0.02251,0.08043,0.11088,0.08063,1.00555
data_Ri_HPPC/TC23SIB03_HPPC_ch_00.csv,TC23SIB03_HPPC_ch_00.csv,TC23SIB03,SIB,sodium-ion,,,charge_file,charge,3.0,0.77104,77.104,0.0719,0.02258,0.07503,0.11232,0.06765,1.00628
data_Ri_HPPC/TC23SIB03_HPPC_ch_00.csv,TC23SIB03_HPPC_ch_00.csv,TC23SIB03,SIB,sodium-ion,,,charge_file,discharge,-1.0,0.77104,77.104,0.0781,0.02216,0.08571,0.10842,0.08826,1.00016
data_Ri_HPPC/TC23SIB03_HPPC_ch_00.csv,TC23SIB03_HPPC_ch_00.csv,TC23SIB03,SIB,sodium-ion,,,charge_file,discharge,-2.0,0.77104,77.104,0.07535,0.02238,0.08126,0.11043,0.08336,1.00395
data_Ri_HPPC/TC23SIB03_HPPC_ch_00.csv,TC23SIB03_HPPC_ch_00.csv,TC23SIB03,SIB,sodium-ion,,,charge_file,discharge,-3.0,0.77104,77.104,0.07219,0.02309,0.0766,0.10117,0.07872,1.00663
data_Ri_HPPC/TC23SIB03_HPPC_ch_00.csv,TC23SIB03_HPPC_ch_00.csv,TC23SIB03,SIB,sodium-ion,,,charge_file,charge,1.0,0.88119,88.119,0.07477,0.02233,0.08305,0.11074,0.08635,1.00669
data_Ri_HPPC/TC23SIB03_HPPC_ch_00.csv,TC23SIB03_HPPC_ch_00.csv,TC23SIB03,SIB,sodium-ion,,,charge_file,charge,2.0,0.88119,88.119,0.07128,0.02211,0.07783,0.11027,,
data_Ri_HPPC/TC23SIB03_HPPC_ch_00.csv,TC23SIB03_HPPC_ch_00.csv,TC23SIB03,SIB,sodium-ion,,,charge_file,charge,3.0,0.88119,88.119,0.06439,0.02271,0.06566,0.11155,,
data_Ri_HPPC/TC23SIB03_HPPC_ch_00.csv,TC23SIB03_HPPC_ch_00.csv,TC23SIB03,SIB,sodium-ion,,,charge_file,discharge,-1.0,0.88119,88.119,0.07465,0.02203,0.08317,0.10933,0.08699,1.00981
data_Ri_HPPC/TC23SIB03_HPPC_ch_00.csv,TC23SIB03_HPPC_ch_00.csv,TC23SIB03,SIB,sodium-ion,,,charge_file,discharge,-2.0,0.88119,88.119,0.07211,0.02269,0.0791,0.11147,0.08234,1.00303
data_Ri_HPPC/TC23SIB03_HPPC_ch_00.csv,TC23SIB03_HPPC_ch_00.csv,TC23SIB03,SIB,sodium-ion,,,charge_file,discharge,-3.0,0.88119,88.119,0.06512,0.02225,0.07062,0.10965,0.07393,1.01005
data_Ri_HPPC/TC23SIB03_HPPC_ch_00.csv,TC23SIB03_HPPC_ch_00.csv,TC23SIB03,SIB,sodium-ion,,,charge_file,charge,1.0,0.88584,88.584,0.07605,0.02257,0.08483,0.11151,0.08851,1.00647
data_Ri_HPPC/TC23SIB03_HPPC_ch_00.csv,TC23SIB03_HPPC_ch_00.csv,TC23SIB03,SIB,sodium-ion,,,charge_file,charge,2.0,0.88584,88.584,0.07274,0.02259,0.07967,0.11025,,
data_Ri_HPPC/TC23SIB03_HPPC_ch_00.csv,TC23SIB03_HPPC_ch_00.csv,TC23SIB03,SIB,sodium-ion,,,charge_file,charge,3.0,0.88584,88.584,0.068,0.02278,0.0716,0.11018,,
data_Ri_HPPC/TC23SIB03_HPPC_ch_00.csv,TC23SIB03_HPPC_ch_00.csv,TC23SIB03,SIB,sodium-ion,,,charge_file,discharge,-1.0,0.88584,88.584,0.07312,0.01672,0.08483,0.10701,0.08927,1.00713
data_Ri_HPPC/TC23SIB03_HPPC_ch_00.csv,TC23SIB03_HPPC_ch_00.csv,TC23SIB03,SIB,sodium-ion,,,charge_file,discharge,-2.0,0.88584,88.584,0.07326,0.02205,0.08094,0.10887,0.08489,1.0081
data_Ri_HPPC/TC23SIB03_HPPC_ch_00.csv,TC23SIB03_HPPC_ch_00.csv,TC23SIB03,SIB,sodium-ion,,,charge_file,discharge,-3.0,0.88584,88.584,0.06863,0.02259,0.07482,0.11087,0.07813,1.00705
data_Ri_HPPC/TC23SIB03_HPPC_ch_00.csv,TC23SIB03_HPPC_ch_00.csv,TC23SIB03,SIB,sodium-ion,,,charge_file,charge,1.0,0.88655,88.655,0.07002,0.01195,0.08584,0.10202,0.09016,1.00183
data_Ri_HPPC/TC23SIB03_HPPC_ch_00.csv,TC23SIB03_HPPC_ch_00.csv,TC23SIB03,SIB,sodium-ion,,,charge_file,charge,2.0,0.88655,88.655,0.06764,0.01128,0.08082,0.10133,,
data_Ri_HPPC/TC23SIB03_HPPC_ch_00.csv,TC23SIB03_HPPC_ch_00.csv,TC23SIB03,SIB,sodium-ion,,,charge_file,charge,3.0,0.88655,88.655,0.06592,0.01308,0.0741,0.10276,,
data_Ri_HPPC/TC23SIB03_HPPC_ch_00.csv,TC23SIB03_HPPC_ch_00.csv,TC23SIB03,SIB,sodium-ion,,,charge_file,discharge,-1.0,0.88655,88.655,0.06956,0.01159,0.08622,0.10188,0.09118,1.00198
data_Ri_HPPC/TC23SIB03_HPPC_ch_00.csv,TC23SIB03_HPPC_ch_00.csv,TC23SIB03,SIB,sodium-ion,,,charge_file,discharge,-2.0,0.88655,88.655,0.06854,0.01192,0.08196,0.10139,0.08667,1.00117
data_Ri_HPPC/TC23SIB03_HPPC_ch_00.csv,TC23SIB03_HPPC_ch_00.csv,TC23SIB03,SIB,sodium-ion,,,charge_file,discharge,-3.0,0.88655,88.655,0.06547,0.01191,0.07617,0.10161,0.08024,1.00213
data_Ri_HPPC/TC23SIB03_HPPC_dis_00.csv,TC23SIB03_HPPC_dis_00.csv,TC23SIB03,SIB,sodium-ion,,,discharge_file,charge,1.0,0.00841,0.8410000000000001,0.05697,0.02276,0.06612,0.11233,0.07783,1.00972
data_Ri_HPPC/TC23SIB03_HPPC_dis_00.csv,TC23SIB03_HPPC_dis_00.csv,TC23SIB03,SIB,sodium-ion,,,discharge_file,charge,2.0,0.00841,0.8410000000000001,0.05535,0.02271,0.06422,0.1119,,
data_Ri_HPPC/TC23SIB03_HPPC_dis_00.csv,TC23SIB03_HPPC_dis_00.csv,TC23SIB03,SIB,sodium-ion,,,discharge_file,charge,3.0,0.00841,0.8410000000000001,0.05405,0.02297,0.06262,0.11188,,
data_Ri_HPPC/TC23SIB03_HPPC_dis_00.csv,TC23SIB03_HPPC_dis_00.csv,TC23SIB03,SIB,sodium-ion,,,discharge_file,discharge,-1.0,0.00841,0.8410000000000001,0.05686,0.02266,0.06603,0.11172,0.07834,1.00435
data_Ri_HPPC/TC23SIB03_HPPC_dis_00.csv,TC23SIB03_HPPC_dis_00.csv,TC23SIB03,SIB,sodium-ion,,,discharge_file,discharge,-2.0,0.00841,0.8410000000000001,0.05566,0.02278,0.06466,0.11232,0.077,1.00528
data_Ri_HPPC/TC23SIB03_HPPC_dis_00.csv,TC23SIB03_HPPC_dis_00.csv,TC23SIB03,SIB,sodium-ion,,,discharge_file,discharge,-3.0,0.00841,0.8410000000000001,0.05435,0.02293,0.06231,0.10006,0.07537,1.00355
data_Ri_HPPC/TC23SIB03_HPPC_dis_00.csv,TC23SIB03_HPPC_dis_00.csv,TC23SIB03,SIB,sodium-ion,,,discharge_file,charge,1.0,0.13193,13.193,0.07354,0.02197,0.08268,0.11044,0.08749,1.00535
data_Ri_HPPC/TC23SIB03_HPPC_dis_00.csv,TC23SIB03_HPPC_dis_00.csv,TC23SIB03,SIB,sodium-ion,,,discharge_file,charge,2.0,0.13193,13.193,0.07193,0.02254,0.07965,0.11062,0.08298,1.00639
data_Ri_HPPC/TC23SIB03_HPPC_dis_00.csv,TC23SIB03_HPPC_dis_00.csv,TC23SIB03,SIB,sodium-ion,,,discharge_file,charge,3.0,0.13193,13.193,0.06867,0.02266,0.0755,0.11229,,
data_Ri_HPPC/TC23SIB03_HPPC_dis_00.csv,TC23SIB03_HPPC_dis_00.csv,TC23SIB03,SIB,sodium-ion,,,discharge_file,discharge,-1.0,0.13193,13.193,0.07211,0.02249,0.081,0.11049,0.08609,1.00455
data_Ri_HPPC/TC23SIB03_HPPC_dis_00.csv,TC23SIB03_HPPC_dis_00.csv,TC23SIB03,SIB,sodium-ion,,,discharge_file,discharge,-2.0,0.13193,13.193,0.07148,0.02239,0.07974,0.10907,0.08482,1.00745
data_Ri_HPPC/TC23SIB03_HPPC_dis_00.csv,TC23SIB03_HPPC_dis_00.csv,TC23SIB03,SIB,sodium-ion,,,discharge_file,discharge,-3.0,0.13193,13.193,0.06777,0.02256,0.07512,0.11079,0.07965,1.00417
data_Ri_HPPC/TC23SIB03_HPPC_dis_00.csv,TC23SIB03_HPPC_dis_00.csv,TC23SIB03,SIB,sodium-ion,,,discharge_file,charge,1.0,0.2495,24.95,0.07911,0.02284,0.08741,0.11078,0.09029,1.00659
data_Ri_HPPC/TC23SIB03_HPPC_dis_00.csv,TC23SIB03_HPPC_dis_00.csv,TC23SIB03,SIB,sodium-ion,,,discharge_file,charge,2.0,0.2495,24.95,0.07614,0.02232,0.08256,0.1104,0.08476,1.00635
data_Ri_HPPC/TC23SIB03_HPPC_dis_00.csv,TC23SIB03_HPPC_dis_00.csv,TC23SIB03,SIB,sodium-ion,,,discharge_file,charge,3.0,0.2495,24.95,0.07304,0.02243,0.07825,0.11116,0.07863,1.00468
data_Ri_HPPC/TC23SIB03_HPPC_dis_00.csv,TC23SIB03_HPPC_dis_00.csv,TC23SIB03,SIB,sodium-ion,,,discharge_file,discharge,-1.0,0.2495,24.95,0.07908,0.02252,0.08786,0.10994,0.09093,1.00448
data_Ri_HPPC/TC23SIB03_HPPC_dis_00.csv,TC23SIB03_HPPC_dis_00.csv,TC23SIB03,SIB,sodium-ion,,,discharge_file,discharge,-2.0,0.2495,24.95,0.07607,0.02208,0.0833,0.10904,0.0859,1.00732
data_Ri_HPPC/TC23SIB03_HPPC_dis_00.csv,TC23SIB03_HPPC_dis_00.csv,TC23SIB03,SIB,sodium-ion,,,discharge_file,discharge,-3.0,0.2495,24.95,0.07339,0.02272,0.07922,0.11146,0.08177,1.00674
data_Ri_HPPC/TC23SIB03_HPPC_dis_00.csv,TC23SIB03_HPPC_dis_00.csv,TC23SIB03,SIB,sodium-ion,,,discharge_file,charge,1.0,0.35877,35.876999999999995,0.08088,0.02262,0.08889,0.11124,0.09118,1.00608
data_Ri_HPPC/TC23SIB03_HPPC_dis_00.csv,TC23SIB03_HPPC_dis_00.csv,TC23SIB03,SIB,sodium-ion,,,discharge_file,charge,2.0,0.35877,35.876999999999995,0.07758,0.0225,0.08356,0.11097,0.0854,1.00262
data_Ri_HPPC/TC23SIB03_HPPC_dis_00.csv,TC23SIB03_HPPC_dis_00.csv,TC23SIB03,SIB,sodium-ion,,,discharge_file,charge,3.0,0.35877,35.876999999999995,0.07419,0.02253,0.07876,0.11019,0.08003,1.00442
data_Ri_HPPC/TC23SIB03_HPPC_dis_00.csv,TC23SIB03_HPPC_dis_00.csv,TC23SIB03,SIB,sodium-ion,,,discharge_file,discharge,-1.0,0.35877,35.876999999999995,0.08038,0.02258,0.0889,0.11022,0.09156,1.0045
data_Ri_HPPC/TC23SIB03_HPPC_dis_00.csv,TC23SIB03_HPPC_dis_00.csv,TC23SIB03,SIB,sodium-ion,,,discharge_file,discharge,-2.0,0.35877,35.876999999999995,0.07741,0.02198,0.08419,0.11,0.08635,1.01013
data_Ri_HPPC/TC23SIB03_HPPC_dis_00.csv,TC23SIB03_HPPC_dis_00.csv,TC23SIB03,SIB,sodium-ion,,,discharge_file,discharge,-3.0,0.35877,35.876999999999995,0.07455,0.02242,0.07992,0.11218,0.0819,1.00217
data_Ri_HPPC/TC23SIB03_HPPC_dis_00.csv,TC23SIB03_HPPC_dis_00.csv,TC23SIB03,SIB,sodium-ion,,,discharge_file,charge,1.0,0.46805,46.805,0.08166,0.02251,0.08979,0.1101,0.09207,1.0029
data_Ri_HPPC/TC23SIB03_HPPC_dis_00.csv,TC23SIB03_HPPC_dis_00.csv,TC23SIB03,SIB,sodium-ion,,,discharge_file,charge,2.0,0.46805,46.805,0.07828,0.02212,0.08437,0.11012,0.08616,1.01038
data_Ri_HPPC/TC23SIB03_HPPC_dis_00.csv,TC23SIB03_HPPC_dis_00.csv,TC23SIB03,SIB,sodium-ion,,,discharge_file,charge,3.0,0.46805,46.805,0.07516,0.02267,0.07961,0.11098,0.08097,1.00551
data_Ri_HPPC/TC23SIB03_HPPC_dis_00.csv,TC23SIB03_HPPC_dis_00.csv,TC23SIB03,SIB,sodium-ion,,,discharge_file,discharge,-1.0,0.46805,46.805,0.0819,0.02258,0.09055,0.11043,0.09296,1.00573
data_Ri_HPPC/TC23SIB03_HPPC_dis_00.csv,TC23SIB03_HPPC_dis_00.csv,TC23SIB03,SIB,sodium-ion,,,discharge_file,discharge,-2.0,0.46805,46.805,0.07885,0.02244,0.0854,0.11013,0.0875,1.00919
data_Ri_HPPC/TC23SIB03_HPPC_dis_00.csv,TC23SIB03_HPPC_dis_00.csv,TC23SIB03,SIB,sodium-ion,,,discharge_file,discharge,-3.0,0.46805,46.805,0.07555,0.02253,0.08071,0.11101,0.08266,1.0051
data_Ri_HPPC/TC23SIB03_HPPC_dis_00.csv,TC23SIB03_HPPC_dis_00.csv,TC23SIB03,SIB,sodium-ion,,,discharge_file,charge,1.0,0.57733,57.733000000000004,0.08317,0.02246,0.09181,0.11035,0.09411,1.00496
data_Ri_HPPC/TC23SIB03_HPPC_dis_00.csv,TC23SIB03_HPPC_dis_00.csv,TC23SIB03,SIB,sodium-ion,,,discharge_file,charge,2.0,0.57733,57.733000000000004,0.07994,0.0225,0.08609,0.11085,0.088,1.00339
data_Ri_HPPC/TC23SIB03_HPPC_dis_00.csv,TC23SIB03_HPPC_dis_00.csv,TC23SIB03,SIB,sodium-ion,,,discharge_file,charge,3.0,0.57733,57.733000000000004,0.07639,0.02265,0.08118,0.11153,0.08258,1.01087
data_Ri_HPPC/TC23SIB03_HPPC_dis_00.csv,TC23SIB03_HPPC_dis_00.csv,TC23SIB03,SIB,sodium-ion,,,discharge_file,discharge,-1.0,0.57733,57.733000000000004,0.08279,0.0224,0.09206,0.11098,0.09449,1.00331
data_Ri_HPPC/TC23SIB03_HPPC_dis_00.csv,TC23SIB03_HPPC_dis_00.csv,TC23SIB03,SIB,sodium-ion,,,discharge_file,discharge,-2.0,0.57733,57.733000000000004,0.07999,0.02257,0.08686,0.1116,0.08889,1.00567
data_Ri_HPPC/TC23SIB03_HPPC_dis_00.csv,TC23SIB03_HPPC_dis_00.csv,TC23SIB03,SIB,sodium-ion,,,discharge_file,discharge,-3.0,0.57733,57.733000000000004,0.07669,0.02245,0.08219,0.11081,0.08419,1.00518
data_Ri_HPPC/TC23SIB03_HPPC_dis_00.csv,TC23SIB03_HPPC_dis_00.csv,TC23SIB03,SIB,sodium-ion,,,discharge_file,charge,1.0,0.68661,68.661,0.08495,0.02193,0.09537,0.10849,0.09805,1.00264
data_Ri_HPPC/TC23SIB03_HPPC_dis_00.csv,TC23SIB03_HPPC_dis_00.csv,TC23SIB03,SIB,sodium-ion,,,discharge_file,charge,2.0,0.68661,68.661,0.08037,0.02208,0.08768,0.10732,0.08985,1.00705
data_Ri_HPPC/TC23SIB03_HPPC_dis_00.csv,TC23SIB03_HPPC_dis_00.csv,TC23SIB03,SIB,sodium-ion,,,discharge_file,charge,3.0,0.68661,68.661,0.07618,0.01778,0.08372,0.10766,0.0855,1.00711
data_Ri_HPPC/TC23SIB03_HPPC_dis_00.csv,TC23SIB03_HPPC_dis_00.csv,TC23SIB03,SIB,sodium-ion,,,discharge_file,discharge,-1.0,0.68661,68.661,0.08203,0.01775,0.09551,0.1075,0.09868,1.00793
data_Ri_HPPC/TC23SIB03_HPPC_dis_00.csv,TC23SIB03_HPPC_dis_00.csv,TC23SIB03,SIB,sodium-ion,,,discharge_file,discharge,-2.0,0.68661,68.661,0.08064,0.02169,0.08876,0.106,0.09112,1.00746
data_Ri_HPPC/TC23SIB03_HPPC_dis_00.csv,TC23SIB03_HPPC_dis_00.csv,TC23SIB03,SIB,sodium-ion,,,discharge_file,discharge,-3.0,0.68661,68.661,0.07822,0.02219,0.08483,0.1091,0.08711,1.01224
data_Ri_HPPC/TC23SIB03_HPPC_dis_00.csv,TC23SIB03_HPPC_dis_00.csv,TC23SIB03,SIB,sodium-ion,,,discharge_file,charge,1.0,0.7959,79.59,0.08777,0.02273,0.09996,0.11121,0.10314,1.0047
data_Ri_HPPC/TC23SIB03_HPPC_dis_00.csv,TC23SIB03_HPPC_dis_00.csv,TC23SIB03,SIB,sodium-ion,,,discharge_file,charge,2.0,0.7959,79.59,0.08381,0.0225,0.09353,0.10932,0.09601,1.00794
data_Ri_HPPC/TC23SIB03_HPPC_dis_00.csv,TC23SIB03_HPPC_dis_00.csv,TC23SIB03,SIB,sodium-ion,,,discharge_file,charge,3.0,0.7959,79.59,0.07822,0.01782,0.08804,0.10756,0.09029,1.00779
data_Ri_HPPC/TC23SIB03_HPPC_dis_00.csv,TC23SIB03_HPPC_dis_00.csv,TC23SIB03,SIB,sodium-ion,,,discharge_file,discharge,-1.0,0.7959,79.59,0.08737,0.02233,0.10047,0.11067,0.10415,1.00363
data_Ri_HPPC/TC23SIB03_HPPC_dis_00.csv,TC23SIB03_HPPC_dis_00.csv,TC23SIB03,SIB,sodium-ion,,,discharge_file,discharge,-2.0,0.7959,79.59,0.08419,0.02264,0.09443,0.11084,0.09741,1.00274
data_Ri_HPPC/TC23SIB03_HPPC_dis_00.csv,TC23SIB03_HPPC_dis_00.csv,TC23SIB03,SIB,sodium-ion,,,discharge_file,discharge,-3.0,0.7959,79.59,0.08029,0.02205,0.08915,0.10948,0.09194,1.00855
data_Ri_HPPC/TC23SIB03_HPPC_dis_00.csv,TC23SIB03_HPPC_dis_00.csv,TC23SIB03,SIB,sodium-ion,,,discharge_file,charge,1.0,0.90518,90.518,0.09309,0.0224,0.11177,0.11085,0.11776,1.00496
data_Ri_HPPC/TC23SIB03_HPPC_dis_00.csv,TC23SIB03_HPPC_dis_00.csv,TC23SIB03,SIB,sodium-ion,,,discharge_file,charge,2.0,0.90518,90.518,0.08947,0.02253,0.10409,0.11035,0.10886,1.00498
data_Ri_HPPC/TC23SIB03_HPPC_dis_00.csv,TC23SIB03_HPPC_dis_00.csv,TC23SIB03,SIB,sodium-ion,,,discharge_file,charge,3.0,0.90518,90.518,0.08517,0.02212,0.09746,0.10935,0.10152,1.00948
data_Ri_HPPC/TC23SIB03_HPPC_dis_00.csv,TC23SIB03_HPPC_dis_00.csv,TC23SIB03,SIB,sodium-ion,,,discharge_file,discharge,-1.0,0.90518,90.518,0.09195,0.02224,0.11088,0.1101,0.11763,1.00386
data_Ri_HPPC/TC23SIB03_HPPC_dis_00.csv,TC23SIB03_HPPC_dis_00.csv,TC23SIB03,SIB,sodium-ion,,,discharge_file,discharge,-2.0,0.90518,90.518,0.08877,0.02332,0.10353,0.11212,0.10911,1.00845
data_Ri_HPPC/TC23SIB03_HPPC_dis_00.csv,TC23SIB03_HPPC_dis_00.csv,TC23SIB03,SIB,sodium-ion,,,discharge_file,discharge,-3.0,0.90518,90.518,0.08449,0.02288,0.09716,0.11242,0.1022,1.0082
data_Ri_HPPC/TC23SIB03_HPPC_dis_00.csv,TC23SIB03_HPPC_dis_00.csv,TC23SIB03,SIB,sodium-ion,,,discharge_file,charge,1.0,1.00622,100.62199999999999,0.09691,0.0163,0.14421,0.10584,0.16685,1.00633
data_Ri_HPPC/TC23SIB03_HPPC_dis_00.csv,TC23SIB03_HPPC_dis_00.csv,TC23SIB03,SIB,sodium-ion,,,discharge_file,charge,2.0,1.00622,100.62199999999999,0.09329,0.016,0.13022,0.10592,0.14567,1.00608
data_Ri_HPPC/TC23SIB03_HPPC_dis_00.csv,TC23SIB03_HPPC_dis_00.csv,TC23SIB03,SIB,sodium-ion,,,discharge_file,charge,3.0,1.00622,100.62199999999999,0.08967,0.01594,0.11996,0.10619,0.13209,1.00623
data_Ri_HPPC/TC23SIB03_HPPC_dis_00.csv,TC23SIB03_HPPC_dis_00.csv,TC23SIB03,SIB,sodium-ion,,,discharge_file,discharge,-1.0,1.00622,100.62199999999999,0.09617,0.01644,0.14713,0.10586,0.18211,1.0063
data_Ri_HPPC/TC23SIB03_HPPC_dis_00.csv,TC23SIB03_HPPC_dis_00.csv,TC23SIB03,SIB,sodium-ion,,,discharge_file,discharge,-2.0,1.00622,100.62199999999999,0.09216,0.01586,0.13499,0.10586,0.16475,1.00598
data_Ri_HPPC/TC23SIB03_HPPC_dis_00.csv,TC23SIB03_HPPC_dis_00.csv,TC23SIB03,SIB,sodium-ion,,,discharge_file,discharge,-3.0,1.00622,100.62199999999999,0.08937,0.01604,0.12747,0.10593,0.15769,1.00609
